Basin.Name,Native.Exotic.Status,Equilibrium,Opportunistic,Periodic,Country,Ecoregion,Median.Longitude,Median.Latitude,RBA,MAT,TS,GDP,CSI,NSR,PRD,SRD
Aa,Native,0.144803148,0.184223652,0.6709732,France,Palearctic,2.049219724,50.78136488,1200.364626,10.23535192,489.0897052,23.86764908,99.38421395,22,0.19,0.631578947
Aa,Non-native,0.111212863,0.147876846,0.740910291,France,Palearctic,2.049219724,50.78136488,1200.364626,10.23535192,489.0897052,23.86764908,99.38421395,22,0.19,0.631578947
Abant.lake,Native,0.501130065,0.030881586,0.467988348,Turkey,Palearctic,31.28030722,40.60649392,1.975470083,7.675000032,684.9399821,7.645078301,NA,1,0.5,0.42
Abashiri,Native,0.116067761,0.162430091,0.721502147,Japan,Palearctic,144.0741545,43.70735402,1387.665409,5.264461776,1021.975197,7.461684108,99.84752637,3,0.36,0.722222222
Abhe.Bad,Native,0.144625233,0.367540685,0.487834083,Ethiopia,Afrotropic,40.59740531,10.15982422,103626.8451,23.42516523,230.0987145,0.583349124,97.76842261,11,0.47,0.914893617
Abogain.Gol,Native,0.122725197,0.394819795,0.482455008,China,Palearctic,112.583602,41.98166133,9993.350371,3.838287118,1279.570061,0.534983069,97.98512154,6,0.94,0.021276596
Abu.gawa,Native,0.201601517,0.362773341,0.435625141,Japan,Palearctic,131.5542186,34.36145766,641.2013757,13.451096,799.1237869,25.28127003,92.66682131,8,0.28,0.535714286
Abukuma,Native,0.073062813,0.252249141,0.674688045,Japan,Palearctic,140.4631208,37.61083179,5362.643425,10.68777482,848.2278009,50.16905022,97.17836778,6,0.28,0.5
Abukuma,Non-native,0.19886665,0.395301743,0.405831608,Japan,Palearctic,140.4631208,37.61083179,5362.643425,10.68777482,848.2278009,50.16905022,97.17836778,6,0.28,0.5
Abula,Native,0.202360383,0.188374559,0.609265058,Estonia,Palearctic,22.16684369,58.42591262,17.51000425,6.588541687,724.6812943,0.354752928,99.96665,5,0.36,0.222222222
Acaponeta,Native,0.174788889,0.416537723,0.408673388,Mexico,Neotropic,-105.236757,23.19464233,5511.705653,18.81869992,288.1016507,1.441855758,99.91433385,16,0.46,0.847826087
Aceh,Native,0.08321814,0.33003466,0.5867472,Indonesia,Indo-Malay,95.56732362,5.318811898,1603.968673,25.06691933,49.76832722,2.092018545,99.72502537,14,0.32,0.625
Aceh,Non-native,0.011827248,0.044107084,0.944065669,Indonesia,Indo-Malay,95.56732362,5.318811898,1603.968673,25.06691933,49.76832722,2.092018545,99.72502537,14,0.32,0.625
Acheloos,Native,0.153061053,0.306562216,0.540376731,Greece,Palearctic,21.48447586,38.99904113,5821.728156,12.09962599,658.0536681,6.078314781,87.98760143,20,0.39,0.794871795
Acheloos,Non-native,0.190676933,0.1237415,0.685581568,Greece,Palearctic,21.48447586,38.99904113,5821.728156,12.09962599,658.0536681,6.078314781,87.98760143,20,0.39,0.794871795
Acisu,Native,0.032011463,0.170280511,0.797708026,Turkey,Palearctic,31.06264501,36.96701519,297.3496756,17.79621733,704.7491344,3.345977008,99.40823574,7,0.53,0.641509434
Acisu,Non-native,0.638064753,0.361935247,0,Turkey,Palearctic,31.06264501,36.96701519,297.3496756,17.79621733,704.7491344,3.345977008,99.40823574,7,0.53,0.641509434
Aconcagua,Native,0.089627861,0.402167351,0.508204788,Chile,Neotropic,-70.65645485,-32.77064478,7318.876825,8.534749744,397.0020272,7.234971046,99.50628836,16,0.44,0.477272727
Aconcagua,Non-native,0.289620153,0.210575175,0.499804671,Chile,Neotropic,-70.65645485,-32.77064478,7318.876825,8.534749744,397.0020272,7.234971046,99.50628836,16,0.44,0.477272727
Actopan,Native,0.303687538,0.362082734,0.334229728,Mexico,Neotropic,-96.72393808,19.54750154,1975.467334,20.97591835,216.30531,11.94144034,99.77543087,20,0.33,0.303030303
Adako.un,Native,0.088870984,0.580093613,0.331035403,Japan,Palearctic,136.8981253,34.39478287,11.68668062,15.7569444,729.7255737,62.14790344,NA,8,0.27,0.37037037
Adako.un,Non-native,0,0.128673395,0.871326605,Japan,Palearctic,136.8981253,34.39478287,11.68668062,15.7569444,729.7255737,62.14790344,NA,8,0.27,0.37037037
Adana,Native,0.071470361,0.379062718,0.549466921,Yemen,Afrotropic,46.64939835,15.06272171,36991.59931,26.00981274,455.553174,0.949564219,99.67544358,3,0.88,0.068181818
Adelaide,Native,0.151847685,0.338090427,0.510061888,Australia,Australasia,131.3092195,-13.00415543,7329.225899,27.28433176,197.869342,0.216620315,99.58736274,61,0.6,0.55
Adige,Native,0.130208273,0.287417583,0.582374145,Italy,Palearctic,11.33185941,46.2339395,14631.20888,6.361121801,679.3131537,34.47934532,95.58265694,18,0.33,0.848484848
Adige,Non-native,0.170195302,0.080997606,0.748807092,Italy,Palearctic,11.33185941,46.2339395,14631.20888,6.361121801,679.3131537,34.47934532,95.58265694,18,0.33,0.848484848
Adour,Native,0.095635783,0.16404546,0.740318757,France,Palearctic,-0.506598208,43.42946996,16911.16103,12.05183704,505.1351236,12.87720895,99.29387026,24,0.25,0.56
Adour,Non-native,0.20524403,0.093672773,0.701083197,France,Palearctic,-0.506598208,43.42946996,16911.16103,12.05183704,505.1351236,12.87720895,99.29387026,24,0.25,0.56
Agano,Native,0.161114886,0.295034709,0.543850405,Japan,Palearctic,139.6150537,37.44530404,7805.6875,9.052657637,918.9299151,38.95591831,95.3794178,15,0.28,0.75
Agano,Non-native,0.355210204,0.197650871,0.447138924,Japan,Palearctic,139.6150537,37.44530404,7805.6875,9.052657637,918.9299151,38.95591831,95.3794178,15,0.28,0.75
Aghnashini,Native,0.126242007,0.430905076,0.442852917,India,Indo-Malay,74.68216867,14.46939889,1374.554573,24.71563826,141.8339789,2.910753548,99.89543287,55,0.64,0.734375
Agly,Native,0.062703614,0.191991375,0.745305011,France,Palearctic,2.606691822,42.81292317,1125.200682,12.7286707,566.2799197,13.23371863,92.69265933,17,0.33,0.333333333
Agly,Non-native,0.14619157,0.115410193,0.738398237,France,Palearctic,2.606691822,42.81292317,1125.200682,12.7286707,566.2799197,13.23371863,92.69265933,17,0.33,0.333333333
Agneby,Native,0.176662493,0.409795472,0.413542034,Côte d'Ivoire,Afrotropic,-4.232400568,6.089256457,8451.059484,26.5365312,112.042002,2.314411461,99.94680546,82,0.21,0.523809524
Agri,Native,0.053267796,0.116396567,0.830335638,Italy,Palearctic,16.11443895,40.30474355,1793.905904,12.94598116,624.422633,11.80696368,90.35566437,7,0.37,0.567567568
Agri,Non-native,0.156898536,0.141318422,0.701783041,Italy,Palearctic,16.11443895,40.30474355,1793.905904,12.94598116,624.422633,11.80696368,90.35566437,7,0.37,0.567567568
Agrioun,Native,0.072770886,0.315848694,0.611380419,Algeria,Palearctic,5.318949924,36.46707972,935.093939,14.60076429,689.2137448,9.618891716,88.56642645,2,0.49,0.367346939
Aguan,Native,0.334797229,0.325103291,0.34009948,Honduras,Neotropic,-86.5264528,15.3673542,10729.91663,23.57841736,160.1879452,1.406728059,99.96440083,35,0.39,0.666666667
Aguanaval,Native,0.18535355,0.333841578,0.480804871,Mexico,Nearctic,-102.8729234,24.50174289,32876.21725,18.31110933,383.3844797,2.332078218,97.75463639,6,0.64,0.1875
Aguanaval,Non-native,0.683312848,0.001428299,0.315258853,Mexico,Nearctic,-102.8729234,24.50174289,32876.21725,18.31110933,383.3844797,2.332078218,97.75463639,6,0.64,0.1875
Ahaggar,Native,0.148385021,0.291826396,0.559788583,Niger,Afrotropic,11.6722529,20.70012574,509587.0451,25.55558806,666.2751181,0.00495751,99.81823326,6,0.51,0.058823529
Aire,Native,0.059522415,0.434814749,0.505662836,Australia,Australasia,143.5043358,-38.71244633,274.452692,12.42157883,287.0125851,1.046649024,99.93070148,10,0.31,0.612903226
Aki,Native,0.150209193,0.373599148,0.476191659,Japan,Palearctic,131.6561652,33.50383329,290.0556968,14.97632867,758.7750622,32.8548913,96.82776706,13,0.3,0.6
Akitio,Native,0.027454378,0.369781791,0.602763831,New Zealand,Australasia,176.3076561,-40.45467037,584.3439741,12.41095559,344.2829724,0.408047549,99.85053394,9,0.86,0.069767442
Akitio,Non-native,0,0.088214167,0.911785833,New Zealand,Australasia,176.3076561,-40.45467037,584.3439741,12.41095559,344.2829724,0.408047549,99.85053394,9,0.86,0.069767442
Aksu,Native,0.116750366,0.282784677,0.600464957,Turkey,Palearctic,30.8507144,37.78976701,7738.137846,11.75944628,759.3909966,3.885437667,94.86416568,36,0.34,0.558823529
Aksu,Non-native,0.188223536,0.240392439,0.571384025,Turkey,Palearctic,30.8507144,37.78976701,7738.137846,11.75944628,759.3909966,3.885437667,94.86416568,36,0.34,0.558823529
Aksu.North,Native,0.103983223,0.221172864,0.674843913,Turkey,Palearctic,38.38597013,40.64078625,900.7624843,8.060288264,705.3529467,2.40201658,99.87743341,34,0.39,0.846153846
Aksu.North,Non-native,0.319032376,0.225074707,0.455892916,Turkey,Palearctic,38.38597013,40.64078625,900.7624843,8.060288264,705.3529467,2.40201658,99.87743341,34,0.39,0.846153846
Alabama,Native,0.207602808,0.364399546,0.427997646,United States,Nearctic,-86.9483201,33.21408079,111854.611,16.61429588,743.4736011,12.26869059,96.64959766,221,0.17,0.882352941
Alabama,Non-native,0.193670987,0.145681326,0.660647687,United States,Nearctic,-86.9483201,33.21408079,111854.611,16.61429588,743.4736011,12.26869059,96.64959766,221,0.17,0.882352941
Alafia,Native,0.227406354,0.35271072,0.419882925,United States,Nearctic,-82.10645604,27.86256228,1128.481426,22.40795426,453.4382295,52.89338207,78.55952977,44,0.22,0.727272727
Alafia,Non-native,0.441970515,0.217552773,0.340476712,United States,Nearctic,-82.10645604,27.86256228,1128.481426,22.40795426,453.4382295,52.89338207,78.55952977,44,0.22,0.727272727
Alagnak,Native,0.345764298,0.072096049,0.582139653,United States,Nearctic,-156.7674724,58.8704521,426.2997636,1.55749563,863.3145016,0.088223638,100,17,0.21,0.523809524
Alara,Native,0.09110477,0.190454703,0.718440527,Turkey,Palearctic,32.05901062,36.7908544,1090.129654,10.97956411,727.6379945,4.777015924,99.52458725,7,0.34,0.529411765
Alara,Non-native,0.319032376,0.225074707,0.455892916,Turkey,Palearctic,32.05901062,36.7908544,1090.129654,10.97956411,727.6379945,4.777015924,99.52458725,7,0.34,0.529411765
Alas,Native,0.117794298,0.370657456,0.511548246,Indonesia,Indo-Malay,98.00823653,2.948953807,11892.35204,21.92095294,37.90369409,2.490724474,99.94249714,57,0.34,0.529411765
Alas,Non-native,0.633890166,0.129043328,0.237066506,Indonesia,Indo-Malay,98.00823653,2.948953807,11892.35204,21.92095294,37.90369409,2.490724474,99.94249714,57,0.34,0.529411765
Alaska.un.1,Native,0.300850942,0.096104803,0.603044255,United States,Nearctic,-157.5199218,56.76912542,9.797696323,2.873464936,598.2965024,0.002181877,100,6,0.36,0.694444444
Alaska.un.2,Native,0.321139309,0.192209605,0.486651085,United States,Nearctic,-157.4493221,56.80175437,10.39097561,3.101602573,602.7309195,0.002181876,NA,3,0.31,0.548387097
Alazeja,Native,0.181731608,0.107756745,0.710511647,Russia,Palearctic,153.2708005,69.01177975,90944.38474,-13.70897531,1794.634403,0.009169127,99.99465537,27,0.6,0.65
Albany,Native,0.18109488,0.242592242,0.576312878,Canada,Nearctic,-86.72930203,50.77158734,135345.6265,-0.417980016,1333.696559,0.032603935,99.328922,36,0.39,0.846153846
Albegna,Native,0.050313924,0.172741727,0.776944349,Italy,Palearctic,11.41082717,42.61148416,737.1617341,14.12588188,622.1403031,9.656529903,99.30139872,5,0.38,0.5
Albegna,Non-native,0.102714149,0.149281468,0.748004383,Italy,Palearctic,11.41082717,42.61148416,737.1617341,14.12588188,622.1403031,9.656529903,99.30139872,5,0.38,0.5
Albert.lake,Native,0.280167306,0.226140178,0.493692515,United States,Nearctic,-120.4260678,42.58614378,2323.223207,7.179666621,701.754033,0.170313228,99.43470483,2,0.36,0.25
Albert.lake,Non-native,0.189468891,0.113202637,0.697328471,United States,Nearctic,-120.4260678,42.58614378,2323.223207,7.179666621,701.754033,0.170313228,99.43470483,2,0.36,0.25
Aldoma,Native,0.313024644,0.138659344,0.548316013,Russia,Palearctic,138.2746956,57.17358309,2164.776399,-6.604662844,1431.898405,0.002053567,99.99057869,13,0.62,0.596774194
Alemeda.creek,Native,0.16798311,0.266373207,0.565643683,United States,Nearctic,-121.7645983,37.56856697,1898.537136,14.77946928,530.4127721,124.9055939,85.33552566,19,0.67,0.179104478
Alemeda.creek,Non-native,0.154232614,0.219157717,0.626609669,United States,Nearctic,-121.7645983,37.56856697,1898.537136,14.77946928,530.4127721,124.9055939,85.33552566,19,0.67,0.179104478
Alfios,Native,0.16543246,0.316087025,0.518480514,Greece,Palearctic,21.95637658,37.66021742,3437.187744,13.09894719,634.8301349,5.587246299,95.70972002,9,0.33,0.424242424
Alfios,Non-native,0.178414362,0.099955549,0.721630089,Greece,Palearctic,21.95637658,37.66021742,3437.187744,13.09894719,634.8301349,5.587246299,95.70972002,9,0.33,0.424242424
Alfta,Native,0.288833184,0,0.711166816,Iceland,Palearctic,-22.05544022,64.67438192,158.3057991,3.415583526,452.4284709,1.592236519,99.98019055,3,0.24,0.375
Aliakmon,Native,0.13378639,0.256656421,0.609557189,Greece,Palearctic,21.53765139,40.26802572,6614.686281,11.21595293,716.8269964,8.308555245,93.36134278,38,0.26,0.5
Aliakmon,Non-native,0.183120088,0.176016412,0.640863499,Greece,Palearctic,21.53765139,40.26802572,6614.686281,11.21595293,716.8269964,8.308555245,93.36134278,38,0.26,0.5
Alice,Native,0.031087622,0.396244229,0.572668149,Australia,Australasia,146.5520255,-19.32156723,305.9705214,23.1378417,330.4871288,3.642726481,99.21874268,26,0.65,0.153846154
Allahein.River,Native,0.059154813,0.350856385,0.589988802,Senegal,Afrotropic,-16.63884354,13.16835157,527.8300595,26.44783465,128.6073339,1.219986513,99.89544119,11,0.74,0.445945946
Alligator.creek,Native,0.060874058,0.555492822,0.38363312,Australia,Australasia,146.9700844,-19.38069712,262.3445904,23.27622324,316.4668571,2.832556188,99.47112295,5,0.72,0.138888889
Allika,Native,0.107494773,0.129556385,0.762948842,Estonia,Palearctic,23.03787797,58.46946796,99.59996882,6.512592576,776.32323,0.286673144,99.96995722,6,0.33,0.272727273
Alsea,Native,0.331286204,0.162940027,0.50577377,United States,Nearctic,-123.7375202,44.37530115,1164.405711,10.00229628,427.2678433,16.03758836,99.96382161,15,0.4,0.85
Alsea,Non-native,0.161224705,0.156445782,0.682329513,United States,Nearctic,-123.7375202,44.37530115,1164.405711,10.00229628,427.2678433,16.03758836,99.96382161,15,0.4,0.85
Alsek,Native,0.250859998,0.077918205,0.671221797,Canada,Nearctic,-137.5950445,60.3245637,28645.90831,-3.15992872,918.6458389,0.010745534,99.99825427,26,0.59,0.966101695
Alsek,Non-native,0.138785864,0.016844653,0.844369483,Canada,Nearctic,-137.5950445,60.3245637,28645.90831,-3.15992872,918.6458389,0.010745534,99.99825427,26,0.59,0.966101695
Altaelva,Native,0.259908198,0.118917614,0.621174188,Norway,Palearctic,23.18330526,69.24965182,7378.98011,-2.29559796,926.263501,0.159988791,97.44165968,7,0.45,0.777777778
Altaelva,Non-native,0.599142002,0,0.400857998,Norway,Palearctic,23.18330526,69.24965182,7378.98011,-2.29559796,926.263501,0.159988791,97.44165968,7,0.45,0.777777778
Altamaha,Native,0.221785928,0.325017211,0.453196862,United States,Nearctic,-83.18008768,32.78055863,37484.57995,17.66189894,705.0121641,19.60135007,95.99329488,96,0.21,0.619047619
Altamaha,Non-native,0.126712945,0.220670688,0.652616367,United States,Nearctic,-83.18008768,32.78055863,37484.57995,17.66189894,705.0121641,19.60135007,95.99329488,96,0.21,0.619047619
Altja,Native,0.151347526,0.217885951,0.630766522,Estonia,Palearctic,26.05757574,59.53381239,76.94543221,5.18087234,815.9003414,0.60365326,99.8731,10,0.35,0.285714286
Amahlongwa,Native,0.070052536,0.536870798,0.393076665,South Africa,Afrotropic,30.71384295,-30.22048361,104.647937,20.239781,261.3787113,4.65536809,99.88069411,6,0.69,0.072463768
Amahlongwa,Non-native,0.480781392,0.303207283,0.216011325,South Africa,Afrotropic,30.71384295,-30.22048361,104.647937,20.239781,261.3787113,4.65536809,99.88069411,6,0.69,0.072463768
Amansuri,Native,0.067947967,0.670364793,0.26168724,Ghana,Afrotropic,-2.483588576,5.068442005,872.3676023,26.56000164,107.172432,0.615063444,99.95670323,8,0.29,0.655172414
Amazon,Native,0.216259734,0.446024555,0.337715711,Brazil,Neotropic,-64.57285505,-6.714857006,5888416.916,24.69524502,66.37258702,0.238243382,99.90543136,2136,0.47,0.872340426
Amazon,Non-native,0.429111155,0.386899538,0.183989307,Brazil,Neotropic,-64.57285505,-6.714857006,5888416.916,24.69524502,66.37258702,0.238243382,99.90543136,2136,0.47,0.872340426
Amba,Native,0.115660078,0.365422854,0.518917068,India,Indo-Malay,73.17393307,18.62922476,900.28717,26.70105195,198.9007577,15.07934308,97.97617257,49,0.68,0.514705882
Amba,Non-native,0.225423942,0.159053315,0.615522743,India,Indo-Malay,73.17393307,18.62922476,900.28717,26.70105195,198.9007577,15.07934308,97.97617257,49,0.68,0.514705882
Ambalam.Oya,Native,0.115747641,0.393418037,0.490834322,Sri Lanka,Indo-Malay,81.74688953,7.174820563,159.0406773,27.66822914,125.8374856,3.374859393,99.41182155,28,0.45,0.622222222
Ambalam.Oya,Non-native,0.417017478,0.239760474,0.343222047,Sri Lanka,Indo-Malay,81.74688953,7.174820563,159.0406773,27.66822914,125.8374856,3.374859393,99.41182155,28,0.45,0.622222222
Amboyninghy.Point,Native,0.174513822,0.463630419,0.361855759,Australia,Australasia,141.8904884,-12.50270014,151.9625716,26.20139651,142.1607449,0.065467932,99.90144582,2,0.66,0.409090909
Ameca,Native,0.278259709,0.405373593,0.316366698,Mexico,Neotropic,-104.5008285,20.69148683,12281.46078,19.80078357,238.8376717,8.720870137,97.86230376,38,0.61,0.721311475
Ameca,Non-native,0.339131192,0.431024143,0.229844665,Mexico,Neotropic,-104.5008285,20.69148683,12281.46078,19.80078357,238.8376717,8.720870137,97.86230376,38,0.61,0.721311475
Amguema,Native,0.267263304,0.072595259,0.660141437,Russia,Palearctic,176.1066081,68.92792444,20969.98734,-12.81854109,1330.395793,0.014289873,99.99737263,20,0.74,0.581081081
Amu.Darya,Native,0.112892915,0.216109412,0.670997673,Uzbekistan,Palearctic,65.91790268,39.74440722,624690.054,9.208815267,1067.128879,0.527910873,98.70253948,49,0.43,0.860465116
Amu.Darya,Non-native,0.133379651,0.15575446,0.710865889,Uzbekistan,Palearctic,65.91790268,39.74440722,624690.054,9.208815267,1067.128879,0.527910873,98.70253948,49,0.43,0.860465116
Amur,Native,0.162599861,0.257659845,0.579740294,China,Palearctic,126.1503364,49.49515104,2011733.254,-1.053357109,1562.025663,0.760108694,99.4062136,141,0.52,0.884615385
Amur,Non-native,0.095312139,0.203248657,0.701439204,China,Palearctic,126.1503364,49.49515104,2011733.254,-1.053357109,1562.025663,0.760108694,99.4062136,141,0.52,0.884615385
An.Lao,Native,0.128231827,0.425530451,0.446237722,Vietnam,Indo-Malay,108.8943954,14.45333145,1388.855717,24.90643078,246.2904985,0.948202819,99.75100537,42,0.29,0.75862069
An.Lao,Non-native,0.413734462,0.586265538,0,Vietnam,Indo-Malay,108.8943954,14.45333145,1388.855717,24.90643078,246.2904985,0.948202819,99.75100537,42,0.29,0.75862069
Anabar,Native,0.146105027,0.123836183,0.73005879,Russia,Palearctic,113.5817506,70.64899221,92384.29419,-14.2911391,1829.947489,0.002080813,99.99773804,29,0.7,0.6
Anadyr,Native,0.279590552,0.113876685,0.606532763,Russia,Palearctic,171.4601481,65.50433861,175195.0926,-10.43778229,1544.156567,0.009021572,99.99839938,27,0.72,0.680555556
Anadyr,Non-native,0.138785864,0.016844653,0.844369483,Russia,Palearctic,171.4601481,65.50433861,175195.0926,-10.43778229,1544.156567,0.009021572,99.99839938,27,0.72,0.680555556
Anasco,Native,0.02886952,0.330805259,0.640325221,Puerto Rico,Neotropic,-66.95237622,18.22632014,469.1630528,23.28364997,132.1239028,22.74415016,96.21414197,39,0.45,0.222222222
Anasco,Non-native,0.22815239,0.212324348,0.559523262,Puerto Rico,Neotropic,-66.95237622,18.22632014,469.1630528,23.28364997,132.1239028,22.74415016,96.21414197,39,0.45,0.222222222
Ancharakandi,Native,0.117261212,0.435730487,0.447008301,India,Indo-Malay,75.6038021,11.86406387,369.8943832,26.66954981,139.3016272,8.649629474,99.75409354,28,0.56,0.767857143
Ancharakandi,Non-native,0.758129529,0.009934655,0.231935816,India,Indo-Malay,75.6038021,11.86406387,369.8943832,26.66954981,139.3016272,8.649629474,99.75409354,28,0.56,0.767857143
Andakilsa,Native,0.288833184,0,0.711166816,Iceland,Palearctic,-21.48280947,64.49633481,219.6690083,2.686018996,454.4874757,4.361910522,99.9473352,3,0.24,0.375
Andalien,Native,0.108523214,0.422172788,0.469303998,Chile,Neotropic,-72.81967683,-36.82492457,767.4691481,12.2272175,328.5029839,4.66740042,99.67748291,15,0.39,0.717948718
Andalien,Non-native,0.43443023,0.237050196,0.328519574,Chile,Neotropic,-72.81967683,-36.82492457,767.4691481,12.2272175,328.5029839,4.66740042,99.67748291,15,0.39,0.717948718
Andella.Oya,Native,0.110940937,0.382317076,0.506741987,Sri Lanka,Indo-Malay,81.6082882,7.428638247,537.057988,27.4797196,137.8680101,3.374859512,87.38880252,30,0.52,0.557692308
Andella.Oya,Non-native,0.417017478,0.239760474,0.343222047,Sri Lanka,Indo-Malay,81.6082882,7.428638247,537.057988,27.4797196,137.8680101,3.374859512,87.38880252,30,0.52,0.557692308
Anderson,Native,0.176505304,0.069635241,0.753859455,Canada,Nearctic,-126.6961369,67.94525726,75967.68518,-8.937074493,1534.306217,0.000133251,100,17,0.6,0.65
Andranangoo,Native,0.253711802,0.16887733,0.577410868,Australia,Australasia,130.9453399,-11.51299454,513.1968782,27.1898186,153.1594854,0.039841142,99.99388598,11,0.62,0.483870968
Andreevka,Native,0.452334677,0.095084888,0.452580435,Russia,Palearctic,145.5550924,43.84550409,22.52417306,5.440090076,798.2001442,1.453057975,99.9,2,NA,NA
Angermanalven,Native,0.156237641,0.147276987,0.696485372,Sweden,Palearctic,15.85563933,64.33996651,31493.16449,0.77674945,843.7768566,0.299522631,94.64905711,19,0.28,0.714285714
Angermanalven,Non-native,0.307856244,0,0.692143756,Sweden,Palearctic,15.85563933,64.33996651,31493.16449,0.77674945,843.7768566,0.299522631,94.64905711,19,0.28,0.714285714
Anglesea,Native,0.050528134,0.473851736,0.47562013,Australia,Australasia,144.1169645,-38.37016018,133.5280617,13.62239845,317.6221171,6.661511779,99.90706966,3,0.3,0.266666667
Angurugu.creek,Native,0.060562109,0.403342286,0.536095605,Australia,Australasia,136.5145767,-13.97598473,173.2146766,26.65595531,249.8067506,0.05070917,99.93958302,9,0.62,0.370967742
Aniakchak,Native,0.320590583,0.096480029,0.582929388,United States,Nearctic,-157.5111778,56.82873747,86.2259121,2.419809942,604.8139959,0.002181877,100,15,0.33,0.545454545
Ankobra,Native,0.113728291,0.452914823,0.433356886,Ghana,Afrotropic,-2.10585545,5.584979686,8442.055058,26.32644082,103.7893904,0.938689172,99.97186539,27,0.22,0.772727273
Annan.Aus,Native,0.028710251,0.444804506,0.526485243,Australia,Australasia,145.1839775,-15.64548305,1095.847718,24.77758598,218.8727532,0.047263789,99.95845501,16,0.69,0.275362319
Annan.UK,Native,0.085492587,0.173876326,0.740631087,United Kingdom,Palearctic,-3.407012904,55.2222027,963.2144464,7.818772405,415.7844936,33.11868,99.87387158,17,0.23,0.608695652
Annan.UK,Non-native,0.090514296,0.11074022,0.798745483,United Kingdom,Palearctic,-3.407012904,55.2222027,963.2144464,7.818772405,415.7844936,33.11868,99.87387158,17,0.23,0.608695652
Ansan,Native,0.125992211,0.259633296,0.614374494,South Korea,Palearctic,126.8472034,37.33405118,50.99229823,11.61672217,1028.357083,121.1980896,94.59873779,15,0.4,0.625
Ansan,Non-native,0,0.088214167,0.911785833,South Korea,Palearctic,126.8472034,37.33405118,50.99229823,11.61672217,1028.357083,121.1980896,94.59873779,15,0.4,0.625
Anseongcheon,Native,0.124206139,0.379817121,0.495976739,South Korea,Palearctic,127.1428566,37.08417976,1449.679603,11.37099557,1031.672811,132.7092648,90.95686131,79,0.29,0.862068966
Anseongcheon,Non-native,0.097176565,0.294377594,0.608445842,South Korea,Palearctic,127.1428566,37.08417976,1449.679603,11.37099557,1031.672811,132.7092648,90.95686131,79,0.29,0.862068966
Ansons,Native,0.066790586,0.333094884,0.600114531,Australia,Australasia,148.1705504,-41.10881383,259.6754538,12.51330372,315.2157108,0.100287441,99.9450658,13,0.29,0.344827586
Ansons,Non-native,0.28782068,0,0.71217932,Australia,Australasia,148.1705504,-41.10881383,259.6754538,12.51330372,315.2157108,0.100287441,99.9450658,13,0.29,0.344827586
Antelope.Wash,Native,0.19525682,0,0.80474318,United States,Nearctic,-116.3788289,39.40082088,8018.241536,7.303308119,807.1602011,0.099973505,99.80695105,1,0.52,0.192307692
Antelope.Wash,Non-native,0.257909145,0.209250604,0.532840251,United States,Nearctic,-116.3788289,39.40082088,8018.241536,7.303308119,807.1602011,0.099973505,99.80695105,1,0.52,0.192307692
Anzali,Native,0.123193811,0.232225567,0.644580621,Iran,Palearctic,49.2904526,37.25954584,3934.496682,13.05151522,736.7561989,10.87926126,98.94632365,34,0.29,0.724137931
Anzali,Non-native,0.097586898,0.235688808,0.666724294,Iran,Palearctic,49.2904526,37.25954584,3934.496682,13.05151522,736.7561989,10.87926126,98.94632365,34,0.29,0.724137931
Aojiang,Native,0.118843335,0.33627965,0.544877015,China,Indo-Malay,120.3204611,27.56728568,1290.608328,17.01200736,725.3964077,13.19328511,93.97740593,52,0.27,0.814814815
Aojiang,Non-native,0.175521364,0.143738753,0.680739883,China,Indo-Malay,120.3204611,27.56728568,1290.608328,17.01200736,725.3964077,13.19328511,93.97740593,52,0.27,0.814814815
Aorere,Native,0.040791523,0.36282464,0.596383837,New Zealand,Australasia,172.5191801,-40.85973448,712.6144924,9.863699204,352.0219638,0.15868124,99.95740309,13,0.24,0.583333333
Aorere,Non-native,0.203305687,0.042891132,0.753803182,New Zealand,Australasia,172.5191801,-40.85973448,712.6144924,9.863699204,352.0219638,0.15868124,99.95740309,13,0.24,0.583333333
Apalachicola,Native,0.219720343,0.34315454,0.437125117,United States,Nearctic,-84.66505902,32.19953313,50882.64753,17.73031466,691.512386,24.96456099,95.10971022,124,0.24,0.583333333
Apalachicola,Non-native,0.240273468,0.143062995,0.616663537,United States,Nearctic,-84.66505902,32.19953313,50882.64753,17.73031466,691.512386,24.96456099,95.10971022,124,0.24,0.583333333
Aparima,Native,0.034987808,0.403403712,0.561608481,New Zealand,Australasia,168.0430902,-45.95360319,1549.846218,9.488951655,340.6024829,0.488775603,99.80933116,15,0.18,0.444444444
Aparima,Non-native,0.342960853,0,0.657039147,New Zealand,Australasia,168.0430902,-45.95360319,1549.846218,9.488951655,340.6024829,0.488775603,99.80933116,15,0.18,0.444444444
Apodi,Native,0.19272853,0.504398654,0.302872817,Brazil,Neotropic,-37.71152535,-5.746395104,14260.42156,26.5887476,92.03040019,1.446427137,91.52231434,13,0.88,0.045454545
Apodi,Non-native,0.703714389,0,0.296285611,Brazil,Neotropic,-37.71152535,-5.746395104,14260.42156,26.5887476,92.03040019,1.446427137,91.52231434,13,0.88,0.045454545
Appomattox,Native,0.196808809,0.283182636,0.520008555,United States,Nearctic,-78.05951287,37.30746841,4169.189571,13.88023395,822.1281266,22.00998735,92.88274015,57,0.19,0.631578947
Appomattox,Non-native,0.184817423,0.188132018,0.62705056,United States,Nearctic,-78.05951287,37.30746841,4169.189571,13.88023395,822.1281266,22.00998735,92.88274015,57,0.19,0.631578947
Approuague,Native,0.235080238,0.368921468,0.395998294,French Guiana,Neotropic,-52.66731402,3.804336017,9116.606502,25.42559691,48.78762852,NA,99.99535788,246,0.41,0.731707317
Appuvar,Native,0.162437178,0.480830595,0.356732227,Indonesia,Australasia,138.36404,-2.152572181,2690.629259,26.04092735,20.66101135,0.048201711,99.99918784,7,0.32,0.15625
Apuka,Native,0.263256411,0.127864935,0.608878654,Russia,Palearctic,170.6143462,61.3781581,13302.20816,-5.921270488,1036.805273,0.017109602,99.99706628,17,0.7,0.7
Arachthos,Native,0.175557909,0.296770932,0.527671159,Greece,Palearctic,21.03133661,39.5590803,2473.939349,11.46541957,661.1095766,4.651239395,93.42438097,11,0.36,0.861111111
Arachthos,Non-native,0.19300635,0.21341497,0.59357868,Greece,Palearctic,21.03133661,39.5590803,2473.939349,11.46541957,661.1095766,4.651239395,93.42438097,11,0.36,0.861111111
Arade,Native,0.081076829,0.252995566,0.665927605,Portugal,Palearctic,-8.348600353,37.30897068,970.6277015,16.27125678,443.6330968,5.604627967,92.91539844,11,0.49,0.285714286
Arade,Non-native,0.258497795,0.213135233,0.528366972,Portugal,Palearctic,-8.348600353,37.30897068,970.6277015,16.27125678,443.6330968,5.604627967,92.91539844,11,0.49,0.285714286
Arahura,Native,0.067084605,0.389559579,0.543355816,New Zealand,Australasia,171.2558561,-42.81410752,228.0550716,8.831377321,367.7700368,0.44798483,99.91030051,16,0.21,0.571428571
Arahura,Non-native,0.28782068,0,0.71217932,New Zealand,Australasia,171.2558561,-42.81410752,228.0550716,8.831377321,367.7700368,0.44798483,99.91030051,16,0.21,0.571428571
Arakawa,Native,0.140452123,0.325882861,0.533665017,Japan,Palearctic,139.4122165,35.91972145,3860.935376,13.6161705,807.7678221,638.9611969,94.05585433,14,0.28,0.678571429
Arakawa,Non-native,0.249131971,0.288450933,0.462417095,Japan,Palearctic,139.4122165,35.91972145,3860.935376,13.6161705,807.7678221,638.9611969,94.05585433,14,0.28,0.678571429
Arakawa.Yamagata,Native,0.394338696,0,0.605661304,Japan,Palearctic,139.7124764,38.05048075,1106.589214,9.723640923,931.8870017,17.67845583,94.73330854,1,0.29,0.620689655
Aransas,Native,0.197313106,0.181516239,0.621170655,United States,Nearctic,-97.59187096,28.17330245,2290.912074,21.71521952,603.153246,4.738659441,99.49517345,17,0.29,0.206896552
Aransas,Non-native,0.432856874,0.207138334,0.360004793,United States,Nearctic,-97.59187096,28.17330245,2290.912074,21.71521952,603.153246,4.738659441,99.49517345,17,0.29,0.206896552
Arawhata,Native,0.048208164,0.409085552,0.542706284,New Zealand,Australasia,168.5947824,-44.27603284,916.0032136,7.337968583,393.8574914,0.122389173,99.99180951,11,0.34,0.705882353
Arawhata,Non-native,0.30495853,0,0.69504147,New Zealand,Australasia,168.5947824,-44.27603284,916.0032136,7.337968583,393.8574914,0.122389173,99.99180951,11,0.34,0.705882353
Archer,Native,0.167700828,0.341266295,0.491032877,Australia,Australasia,142.5528185,-13.50317148,15534.23671,25.91434374,183.8463981,0.017307762,99.98042514,40,0.63,0.412698413
Areias,Native,0.148634644,0.394996153,0.456369203,Brazil,Neotropic,-38.24374893,-12.7528405,237.5061,25.01414553,125.0608076,31.12215376,99.60762277,25,0.4,0.2
Argens,Native,0.070923726,0.194995443,0.734080832,France,Palearctic,6.262044897,43.48240768,2762.569029,13.42656509,575.3090427,23.83864546,99.60673523,25,0.4,0.3
Argens,Non-native,0.175472105,0.133499129,0.691028766,France,Palearctic,6.262044897,43.48240768,2762.569029,13.42656509,575.3090427,23.83864546,99.60673523,25,0.4,0.3
Ariro,Native,0.332618015,0.505749597,0.161632388,Brazil,Neotropic,-44.31959709,-22.87394276,151.1612457,19.76603403,229.6680004,10.87411165,99.9452184,5,0.35,0.914285714
Armark,Native,0.232771657,0.05827479,0.708953553,Canada,Nearctic,-100.9181152,66.83162182,3938.495732,-13.01251945,1632.56372,1.13E-07,100,9,0.72,0.458333333
Armeria,Native,0.276197583,0.403273445,0.320528972,Mexico,Neotropic,-104.0338336,19.80608593,9703.71101,20.04876691,206.8060445,8.488815904,91.89733487,29,0.59,0.762711864
Armeria,Non-native,0.270458626,0.188761582,0.540779792,Mexico,Neotropic,-104.0338336,19.80608593,9703.71101,20.04876691,206.8060445,8.488815904,91.89733487,29,0.59,0.762711864
Arnaud,Native,0.249298581,0.138737216,0.611964203,Canada,Nearctic,-72.89554592,60.03373167,43815.09945,-6.455891422,1270.613839,0.000115212,100,6,0.6,0.916666667
Arno,Native,0.068680261,0.22186102,0.709458719,Italy,Palearctic,11.3152601,43.62439776,8895.330841,13.20279936,649.4304443,44.41795731,96.60455608,14,0.23,0.782608696
Arno,Non-native,0.149201893,0.203898996,0.646899111,Italy,Palearctic,11.3152601,43.62439776,8895.330841,13.20279936,649.4304443,44.41795731,96.60455608,14,0.23,0.782608696
Aroa,Native,0.214152325,0.444301893,0.341545782,Venezuela,Neotropic,-68.75186402,10.55250045,2453.034502,24.61729561,56.41936586,10.32386732,99.82933631,35,0.27,0.592592593
Aroa,Non-native,0.186690248,0.280203514,0.533106239,Venezuela,Neotropic,-68.75186402,10.55250045,2453.034502,24.61729561,56.41936586,10.32386732,99.82933631,35,0.27,0.592592593
Aropaoanui,Native,0.023754446,0.375985906,0.600259648,New Zealand,Australasia,176.8622708,-39.20475738,165.669706,12.29646921,367.2084072,2.637976587,99.88185603,11,0.32,0.34375
Aropaoanui,Non-native,0.332892774,0.098121728,0.568985497,New Zealand,Australasia,176.8622708,-39.20475738,165.669706,12.29646921,367.2084072,2.637976587,99.88185603,11,0.32,0.34375
Arques,Native,0.148185063,0.187208657,0.66460628,France,Palearctic,1.346059276,49.76432287,1022.425972,10.03380889,487.09678,29.14813471,99.60439693,15,0.18,0.722222222
Arques,Non-native,0.357843123,0.159423466,0.482733411,France,Palearctic,1.346059276,49.76432287,1022.425972,10.03380889,487.09678,29.14813471,99.60439693,15,0.18,0.722222222
Arroio.Barcelo,Native,0.190163302,0.439731495,0.370105204,Brazil,Neotropic,-51.03503792,-30.223978,69.79517442,19.32958336,349.8104546,17.24800634,99.75372893,20,0.3,0.433333333
Arroio.Bolacha,Native,0.176000423,0.557215412,0.266784165,Brazil,Neotropic,-52.17655522,-32.12426323,332.181138,18.52794688,403.5313627,2.29849267,99.89053706,14,0.27,0.481481481
Arroio.Diluvio,Native,0.237608747,0.379737192,0.382654062,Brazil,Neotropic,-51.16722661,-30.06754843,93.73432669,19.65268813,357.8837608,19.68976259,95.94108203,48,0.22,0.454545455
Arroio.Diluvio,Non-native,0.004632261,0.137770086,0.857597652,Brazil,Neotropic,-51.16722661,-30.06754843,93.73432669,19.65268813,357.8837608,19.68976259,95.94108203,48,0.22,0.454545455
Arroio.Douradinho,Native,0.242116311,0.412645093,0.345238597,Brazil,Neotropic,-51.29030819,-30.31840056,23.78486829,19.66882713,362.589794,19.68976259,99.63336983,26,0.2,0.65
Arroio.Sao.Lourenco,Native,0.22494754,0.455460616,0.319591844,Brazil,Neotropic,-52.11096292,-31.31740027,197.7412915,18.96998765,397.5007295,2.661862493,99.89145303,24,0.25,0.48
Arroio.Teixeira,Native,0.166062074,0.451347622,0.382590304,Brazil,Neotropic,-51.51487919,-30.62363857,131.5682574,19.22773874,372.7160113,19.68976307,99.70230635,26,0.22,0.636363636
Arroio.Velhaco,Native,0.238279644,0.424163085,0.337557272,Brazil,Neotropic,-51.70570576,-30.71253091,1154.173382,18.91382131,379.5872278,19.68976259,97.62844445,31,0.18,0.555555556
Arroio.do.Conde,Native,0.236698811,0.413433742,0.349867447,Brazil,Neotropic,-51.42157133,-30.09563449,164.0214634,19.66803655,362.2170465,19.68976259,99.72286934,46,0.23,0.608695652
Arroio.do.Petim,Native,0.261227203,0.405445061,0.333327736,Brazil,Neotropic,-51.45361069,-30.21172914,179.3592191,19.40281859,365.3520749,19.68976259,94.65633337,11,0.24,0.583333333
Arroio.do.Ribeiro,Native,0.172216259,0.450854369,0.376929372,Brazil,Neotropic,-51.53053524,-30.39025786,779.1095403,19.08570919,368.4333461,19.68976259,99.85373278,44,0.19,0.684210526
Arroio.do.Salso,Native,0.200298865,0.375479349,0.424221787,Brazil,Neotropic,-51.17685585,-30.13978956,159.0905202,19.60621942,356.567337,19.68976259,98.2211476,12,0.24,0.5
Arrowsmith,Native,0.07797731,0.481080003,0.440942687,Australia,Australasia,115.3176439,-29.51251287,1690.393296,19.8730095,505.4774265,0.161313824,99.96104116,1,0.8,0.075
Arroyo.Maldonado,Native,0.270638787,0.30504804,0.424313173,Argentina,Neotropic,-58.49823151,-34.5416541,112.1495196,17.46324496,485.412035,213.7466736,94.85269582,33,0.3,0.466666667
Arroyo.Martin,Native,0.241646395,0.314106205,0.4442474,Argentina,Neotropic,-58.05651586,-34.89336249,409.6516363,16.50500866,486.5085571,167.6836128,97.05624941,37,0.26,0.269230769
Arroyo.Martin,Non-native,0,0,1,Argentina,Neotropic,-58.05651586,-34.89336249,409.6516363,16.50500866,486.5085571,167.6836128,97.05624941,37,0.26,0.269230769
Arroyo.Viloldo,Native,0.08375687,0.534983648,0.381259483,Argentina,Neotropic,-57.33200729,-35.2938491,117.7669282,15.98019578,491.6976487,1.029666498,99.88732497,11,0.29,0.275862069
Arroyo.Walker,Native,0.580344773,0.419655227,0,Argentina,Neotropic,-62.59624879,-40.50734412,969.1560602,14.14068198,525.4096902,0.080874532,99.91136885,1,0.43,0.11627907
Arroyo.Zapata,Native,0.176938322,0.430020151,0.393041527,Argentina,Neotropic,-57.74174835,-35.01513246,46.73778721,16.19695273,490.7781982,1.36482662,99.08360353,12,0.27,0.259259259
Arroyo.de.San.Nicolas,Native,0.060059252,0.601926503,0.338014245,Equatorial Guinea,Afrotropic,8.771697674,3.682062395,91.1451529,21.97201257,84.54205445,1.35694363,99.86671508,6,0.44,0.75
Arthur,Native,0.087373285,0.268996608,0.643630107,Australia,Australasia,145.2481047,-41.23951537,2475.015607,10.50867347,284.2129718,0.623258844,99.97864028,11,0.34,0.735294118
Arthur,Non-native,0.342960853,0,0.657039147,Australia,Australasia,145.2481047,-41.23951537,2475.015607,10.50867347,284.2129718,0.623258844,99.97864028,11,0.34,0.735294118
Aruvi.Aru,Native,0.116540716,0.391888353,0.491570931,Sri Lanka,Indo-Malay,80.4362461,8.481096564,3331.355234,27.3861171,149.1166403,3.207060456,90.01543278,39,0.65,0.353846154
Aruvi.Aru,Non-native,0.417017478,0.239760474,0.343222047,Sri Lanka,Indo-Malay,80.4362461,8.481096564,3331.355234,27.3861171,149.1166403,3.207060456,90.01543278,39,0.65,0.353846154
Asah,Native,0.073923674,0.465893154,0.460183171,Malaysia,Indo-Malay,104.1958333,2.729166667,2.56155903,25.23333359,62.40814336,0.04840648,NA,4,0.47,0.425531915
Ashburton.Aus,Native,0.082984729,0.299069582,0.617945689,Australia,Australasia,117.4688866,-23.34534991,75919.7842,24.83202219,589.650431,0.023115208,99.98289935,16,0.69,0.130434783
Ashburton.NZ,Native,0.034520709,0.413740335,0.551738957,New Zealand,Australasia,171.4058652,-43.61426316,1747.534094,8.576661303,428.0830458,0.634330422,99.79013587,14,0.23,0.652173913
Ashburton.NZ,Non-native,0.243247059,0.03540398,0.721348961,New Zealand,Australasia,171.4058652,-43.61426316,1747.534094,8.576661303,428.0830458,0.634330422,99.79013587,14,0.23,0.652173913
Ashida,Native,0.252742884,0.45383141,0.293425706,Japan,Palearctic,133.2096569,34.56991101,896.1552467,14.27443286,842.1065662,74.7829361,89.21121416,1,0.29,0.517241379
Ashley.NZ,Native,0.031509277,0.399803648,0.568687075,New Zealand,Australasia,172.3077454,-43.14313342,1212.45777,9.453324246,401.2478241,8.489143848,99.85157657,12,0.26,0.461538462
Ashley.NZ,Non-native,0.30495853,0,0.69504147,New Zealand,Australasia,172.3077454,-43.14313342,1212.45777,9.453324246,401.2478241,8.489143848,99.85157657,12,0.26,0.461538462
Ashley.USA,Native,0.24743679,0.288836418,0.463726792,United States,Nearctic,-80.19436949,33.01799337,1035.427682,18.04801822,681.2451428,12.13266253,99.58982455,47,0.24,0.375
Ashley.USA,Non-native,0.193426303,0.1541116,0.652462097,United States,Nearctic,-80.19436949,33.01799337,1035.427682,18.04801822,681.2451428,12.13266253,99.58982455,47,0.24,0.375
Asi,Native,0.077075451,0.2749337,0.647990849,Syria,Palearctic,36.95269035,36.15909322,57202.86453,15.53449405,818.8979062,7.055141687,96.35122875,44,0.48,0.666666667
Asi,Non-native,0.319032376,0.225074707,0.455892916,Syria,Palearctic,36.95269035,36.15909322,57202.86453,15.53449405,818.8979062,7.055141687,96.35122875,44,0.48,0.666666667
Asinaro,Native,0,0.083952808,0.916047192,Italy,Palearctic,15.07723162,36.91620187,163.8305121,16.98554457,555.503509,1.987023771,95.45915288,4,0.55,0.163636364
Asinaro,Non-native,0.270611829,0.224826568,0.504561602,Italy,Palearctic,15.07723162,36.91620187,163.8305121,16.98554457,555.503509,1.987023771,95.45915288,4,0.55,0.163636364
Assif.Tamraght,Native,0,0.210359676,0.789640324,Morocco,Palearctic,-9.466271773,30.61398967,506.8211204,15.63029151,421.5390249,3.349937379,98.98633162,4,0.56,0.125
Athi,Native,0.132433149,0.413661486,0.453905365,Kenya,Afrotropic,37.6816873,-2.386095253,46728.18007,21.36084929,140.2798145,1.710023433,99.37237259,103,0.29,0.75862069
Athi,Non-native,0.394038973,0.160839717,0.44512131,Kenya,Afrotropic,37.6816873,-2.386095253,46728.18007,21.36084929,140.2798145,1.710023433,99.37237259,103,0.29,0.75862069
Atimet,Native,0.224085004,0.364868036,0.41104696,Indonesia,Australasia,137.5567889,-4.574947744,1586.205439,24.09758413,75.31193257,0.054258293,99.99997021,18,0.34,0.382352941
Atrak,Native,0.094508116,0.257277387,0.648214497,Iran,Palearctic,56.38092442,37.78748623,36483.5623,14.23400138,891.2682185,1.737767637,99.08516666,31,0.42,0.595238095
Atrak,Non-native,0.123004429,0.233944156,0.643051416,Iran,Palearctic,56.38092442,37.78748623,36483.5623,14.23400138,891.2682185,1.737767637,99.08516666,31,0.42,0.595238095
Atran,Native,0.156768251,0.134927738,0.70830401,Sweden,Palearctic,13.16641614,57.44029504,3265.170338,6.055452454,662.90924,7.665832162,99.87522664,17,0.21,0.428571429
Atran,Non-native,0.340477413,0,0.659522587,Sweden,Palearctic,13.16641614,57.44029504,3265.170338,6.055452454,662.90924,7.665832162,99.87522664,17,0.21,0.428571429
Atrato,Native,0.205017617,0.396908751,0.398073632,Colombia,Neotropic,-76.76057531,6.620450274,35364.92388,25.00482377,31.41333709,1.181589574,99.97199654,154,0.38,0.710526316
Attack.creek,Native,0.022328679,0.445569994,0.532101327,Australia,Australasia,134.304715,-18.45814249,7753.943617,26.1759591,466.4946935,0.012670008,99.93691616,2,0.83,0.096385542
Attanagalu.Oya,Native,0.131663882,0.402645555,0.465690562,Sri Lanka,Indo-Malay,80.02309368,7.137230797,804.6170071,27.18245248,68.18488862,9.351331234,99.24509806,50,0.36,0.694444444
Attanagalu.Oya,Non-native,0.464779925,0.242774985,0.29244509,Sri Lanka,Indo-Malay,80.02309368,7.137230797,804.6170071,27.18245248,68.18488862,9.351331234,99.24509806,50,0.36,0.694444444
Aucilla,Native,0.234380683,0.353320839,0.412298477,United States,Nearctic,-83.74356726,30.50749892,2503.333471,19.47353084,615.5375115,5.493095279,99.90476459,56,0.19,0.578947368
Aucilla,Non-native,0.260602192,0.109298953,0.630098855,United States,Nearctic,-83.74356726,30.50749892,2503.333471,19.47353084,615.5375115,5.493095279,99.90476459,56,0.19,0.578947368
Aude,Native,0.102577821,0.223047164,0.674375015,France,Palearctic,2.404949218,43.13105414,5283.136409,12.20938417,578.3109497,12.21346927,97.89383942,29,0.22,0.636363636
Aude,Non-native,0.205305009,0.107016624,0.687678367,France,Palearctic,2.404949218,43.13105414,5283.136409,12.20938417,578.3109497,12.21346927,97.89383942,29,0.22,0.636363636
Audru,Native,0.108415642,0.228984897,0.662599461,Estonia,Palearctic,24.28706007,58.47666799,408.1883444,6.065354254,816.5493977,0.897046074,99.92914573,4,0.24,0.375
Aulne,Native,0.148185063,0.18633999,0.665474947,France,Palearctic,-3.741562182,48.29757499,1794.627235,10.87993807,409.539247,8.414038539,98.81093021,15,0.26,0.653846154
Aulne,Non-native,0.25643306,0.0502621,0.69330484,France,Palearctic,-3.741562182,48.29757499,1794.627235,10.87993807,409.539247,8.414038539,98.81093021,15,0.26,0.653846154
Austari.Jokulsa,Native,0.216624888,0,0.783375112,Iceland,Palearctic,-18.94488594,65.2782596,3649.016356,0.012094613,491.9325666,0.290962286,99.98954064,4,0.41,0.682926829
Authie,Native,0.176419396,0.186543456,0.637037148,France,Palearctic,2.132222588,50.23366436,1107.057949,10.0531193,509.1141523,25.07830811,99.79486254,11,0.17,0.823529412
Authie,Non-native,0.240112102,0.101271579,0.65861632,France,Palearctic,2.132222588,50.23366436,1107.057949,10.0531193,509.1141523,25.07830811,99.79486254,11,0.17,0.823529412
Ave,Native,0.119768679,0.206694457,0.673536864,Portugal,Palearctic,-8.355216568,41.45652139,1382.884256,13.6826564,424.329095,44.71483231,96.63719924,6,0.27,0.703703704
Ave,Non-native,0.122253133,0.123751096,0.753995771,Portugal,Palearctic,-8.355216568,41.45652139,1382.884256,13.6826564,424.329095,44.71483231,96.63719924,6,0.27,0.703703704
Avoca,Native,0.16714499,0.461366541,0.371488468,Australia,Australasia,143.4730977,-36.48306792,4336.800882,14.68698947,489.6088628,0.970856398,99.50200817,4,0.75,0.066666667
Avoca,Non-native,0,0.088214167,0.911785833,Australia,Australasia,143.4730977,-36.48306792,4336.800882,14.68698947,489.6088628,0.970856398,99.50200817,4,0.75,0.066666667
Avon.Aus,Native,0.067217717,0.312230885,0.620551399,Australia,Australasia,147.1277772,-37.82783761,2465.352492,13.4360247,398.8233438,0.914963424,99.3561723,11,0.23,0.47826087
Avon.Aus,Non-native,0.099701884,0.075159512,0.825138605,Australia,Australasia,147.1277772,-37.82783761,2465.352492,13.4360247,398.8233438,0.914963424,99.3561723,11,0.23,0.47826087
Avon.Eng,Native,0.121757993,0.168587604,0.709654403,United Kingdom,Palearctic,-2.292963737,51.410833,2248.206198,9.811304686,451.359728,58.53077221,98.36714658,20,0.2,0.65
Avon.Eng,Non-native,0.153695724,0.126557173,0.719747103,United Kingdom,Palearctic,-2.292963737,51.410833,2248.206198,9.811304686,451.359728,58.53077221,98.36714658,20,0.2,0.65
Avon.Moors,Native,0.115959993,0.167076554,0.716963453,United Kingdom,Palearctic,-2.004726552,51.03345258,2986.359363,9.787211642,445.1259067,38.65943623,99.73928845,21,0.2,0.7
Avon.Moors,Non-native,0.182202883,0.07589985,0.741897267,United Kingdom,Palearctic,-2.004726552,51.03345258,2986.359363,9.787211642,445.1259067,38.65943623,99.73928845,21,0.2,0.7
Avon.NZ,Native,0.010485998,0.389405801,0.6001082,New Zealand,Australasia,172.6256552,-43.50358116,118.7615095,12.21297041,394.8140546,9.174983263,95.89910112,12,0.23,0.391304348
Avon.NZ,Non-native,0.120150652,0.067637539,0.812211808,New Zealand,Australasia,172.6256552,-43.50358116,118.7615095,12.21297041,394.8140546,9.174983263,95.89910112,12,0.23,0.391304348
Awakino,Native,0.05302898,0.353470782,0.593500238,New Zealand,Australasia,174.7701783,-38.55456106,371.2975484,12.54202079,338.5545738,0.11698165,99.88099864,10,0.28,0.678571429
Awakino,Non-native,0.342960853,0,0.657039147,New Zealand,Australasia,174.7701783,-38.55456106,371.2975484,12.54202079,338.5545738,0.11698165,99.88099864,10,0.28,0.678571429
Awano,Native,0.150907347,0.411536145,0.437556508,Japan,Palearctic,131.0048395,34.26907626,178.0818017,14.57110001,775.1571626,15.53758097,99.86774964,9,0.31,0.451612903
Awanui,Native,0.023625837,0.402607722,0.573766441,New Zealand,Australasia,173.3155542,-35.12284005,416.4868495,15.22452765,284.3965464,0.807132587,99.74375923,11,0.31,0.64516129
Awanui,Non-native,0.259041445,0.159136252,0.581822303,New Zealand,Australasia,173.3155542,-35.12284005,416.4868495,15.22452765,284.3965464,0.807132587,99.74375923,11,0.31,0.64516129
Awaroa,Native,0.119906046,0.272933344,0.60716061,New Zealand,Australasia,174.9653314,-38.16446927,110.79975,12.6408384,338.3185434,0.327097759,99.88948478,1,0.33,0.636363636
Awaroa,Non-native,0.28782068,0,0.71217932,New Zealand,Australasia,174.9653314,-38.16446927,110.79975,12.6408384,338.3185434,0.327097759,99.88948478,1,0.33,0.636363636
Awarua,Native,0.023565476,0.401839667,0.574594857,New Zealand,Australasia,168.1551412,-44.53172578,1120.420877,7.539745021,382.0578088,0.121260788,99.99177867,6,0.3,0.566666667
Awarua,Non-native,0.28782068,0,0.71217932,New Zealand,Australasia,168.1551412,-44.53172578,1120.420877,7.539745021,382.0578088,0.121260788,99.99177867,6,0.3,0.566666667
Awasa.Hayk,Native,0.184845589,0.327388873,0.487765538,Ethiopia,Afrotropic,38.49159285,7.027173827,1328.623959,17.65302164,79.93085679,1.502856165,99.95600718,6,0.44,0.613636364
Awatere,Native,0.037203028,0.390581458,0.572215514,New Zealand,Australasia,173.626751,-41.89627033,1601.202515,8.77180628,426.6725901,1.975266427,99.92926721,11,0.28,0.285714286
Awatere,Non-native,0.30495853,0,0.69504147,New Zealand,Australasia,173.626751,-41.89627033,1601.202515,8.77180628,426.6725901,1.975266427,99.92926721,11,0.28,0.285714286
Awe,Native,0.163936597,0.107196642,0.728866761,United Kingdom,Palearctic,-5.072518504,56.36213985,913.7379165,7.592718157,392.4808515,1.094499975,97.3787721,9,0.26,0.576923077
Awe,Non-native,0.398101026,0,0.601898974,United Kingdom,Palearctic,-5.072518504,56.36213985,913.7379165,7.592718157,392.4808515,1.094499975,97.3787721,9,0.26,0.576923077
Awhea,Native,0.017674107,0.374897752,0.607428141,New Zealand,Australasia,175.5084384,-41.40027963,155.4101612,12.45923612,339.5927916,1.30302301,99.89945368,8,0.39,0.41025641
Axios,Native,0.144565551,0.249657802,0.605776647,Macedonia,Palearctic,21.81997713,41.59972692,24583.23488,10.27998627,770.2694808,6.46531713,95.74549145,45,0.23,0.695652174
Axios,Non-native,0.22332495,0.240635341,0.536039709,Macedonia,Palearctic,21.81997713,41.59972692,24583.23488,10.27998627,770.2694808,6.46531713,95.74549145,45,0.23,0.695652174
Azuri,Native,0.115504749,0.481668383,0.402826868,Japan,Palearctic,136.7816365,34.26813213,10.81392754,15.78560586,742.8795499,62.14790249,NA,4,NA,NA
Azuri,Non-native,0,0.108443781,0.891556219,Japan,Palearctic,136.7816365,34.26813213,10.81392754,15.78560586,742.8795499,62.14790249,NA,4,NA,NA
Ba,Native,0.134931582,0.418790589,0.446277829,Vietnam,Indo-Malay,108.5803492,13.45982212,13326.83038,23.9870908,191.5446467,1.131172284,99.10089675,51,0.33,0.787878788
Ba,Non-native,0.091161352,0.059384708,0.849453941,Vietnam,Indo-Malay,108.5803492,13.45982212,13326.83038,23.9870908,191.5446467,1.131172284,99.10089675,51,0.33,0.787878788
Babol,Native,0.112452112,0.243215749,0.644332139,Iran,Palearctic,52.59932507,36.3376973,2163.299555,15.79367152,784.102619,9.24761498,97.68160876,46,0.31,0.677419355
Babol,Non-native,0.162145389,0.184590119,0.653264492,Iran,Palearctic,52.59932507,36.3376973,2163.299555,15.79367152,784.102619,9.24761498,97.68160876,46,0.31,0.677419355
Back,Native,0.199092509,0.049779559,0.751127932,Canada,Nearctic,-102.7636805,65.46279826,167917.4025,-11.58059421,1610.512244,2.71E-05,100,13,0.64,0.765625
Baffle.creek,Native,0.037304475,0.514088569,0.448606957,Australia,Australasia,151.6986902,-24.47136349,2527.05689,21.16040184,370.7825629,0.422844879,99.83377124,13,0.68,0.102941176
Baffle.creek,Non-native,0.413734462,0.586265538,0,Australia,Australasia,151.6986902,-24.47136349,2527.05689,21.16040184,370.7825629,0.422844879,99.83377124,13,0.68,0.102941176
Bago.Negros,Native,0.046901409,0.282714774,0.670383817,Philippines,Indo-Malay,123.1250479,10.52660759,928.4956523,25.21729428,80.29303413,7.34274435,99.86808403,25,0.26,0.653846154
Bago.Negros,Non-native,0.442791873,0.243093381,0.314114746,Philippines,Indo-Malay,123.1250479,10.52660759,928.4956523,25.21729428,80.29303413,7.34274435,99.86808403,25,0.26,0.653846154
Bagru,Native,0.165381885,0.510015627,0.324602488,Sierra Leone,Afrotropic,-12.36381341,8.112110762,2841.134386,26.25762214,97.77478918,0.350283556,99.84864995,39,0.57,0.912280702
Bagura.Oya,Native,0.115747641,0.393418037,0.490834322,Sri Lanka,Indo-Malay,81.69951127,6.626029486,140.5145258,27.25121623,108.4914304,2.139389724,99.83400719,28,0.61,0.295081967
Bagura.Oya,Non-native,0.417017478,0.239760474,0.343222047,Sri Lanka,Indo-Malay,81.69951127,6.626029486,140.5145258,27.25121623,108.4914304,2.139389724,99.83400719,28,0.61,0.295081967
Bahar.el.Hammar,Native,0.081987599,0.348573847,0.569438554,Algeria,Palearctic,1.487199451,24.399264,542024.5418,26.32096923,778.5391349,0.029732042,99.96564149,2,0.93,0.032258065
Baharu,Native,0.048831942,0.368183969,0.582984089,Malaysia,Indo-Malay,104.1781667,2.774166667,21.34554173,24.13840576,62.49609358,0.048406481,99.9822279,11,0.38,0.578947368
Bahi.Swamp,Native,0.209493497,0.45621853,0.334287973,Tanzania,Afrotropic,35.35112626,-5.46827865,26108.38038,21.70194966,159.6078627,0.345602654,99.41956412,10,0.55,0.4
Bailebu,Native,0,0.586023955,0.413976045,Papua New Guinea,Australasia,149.3395652,-10.07247167,1096.085132,23.04826498,109.8736951,0.06382661,99.94879125,1,0.23,0.652173913
Bakensrivier,Native,0.129235738,0.265561992,0.605202269,South Africa,Afrotropic,25.52371431,-33.98053179,377.2269036,17.54724395,272.214546,6.505049706,96.34345897,33,0.39,0.153846154
Bakensrivier,Non-native,0.348855558,0.158274846,0.492869596,South Africa,Afrotropic,25.52371431,-33.98053179,377.2269036,17.54724395,272.214546,6.505049706,96.34345897,33,0.39,0.153846154
Bakhura,Native,0.376582872,0.170432179,0.452984949,Russia,Palearctic,142.5845465,47.31259761,1499.310838,1.680540971,1060.545034,2.362779528,99.94528927,6,0.5,0.66
Bakir.Cayi,Native,0.103541419,0.230136685,0.666321896,Turkey,Palearctic,27.42222,39.17260777,3361.979284,14.60582738,718.6631847,13.07578611,94.3517928,30,0.56,0.303571429
Bakir.Cayi,Non-native,0.319032376,0.225074707,0.455892916,Turkey,Palearctic,27.42222,39.17260777,3361.979284,14.60582738,718.6631847,13.07578611,94.3517928,30,0.56,0.303571429
Balcombe.creek,Native,0.03520314,0.486302807,0.478494054,Australia,Australasia,144.9764102,-38.31393563,324.6551815,14.02596153,340.2206807,10.83856416,77.06354036,14,0.23,0.391304348
Balcombe.creek,Non-native,0.413734462,0.586265538,0,Australia,Australasia,144.9764102,-38.31393563,324.6551815,14.02596153,340.2206807,10.83856416,77.06354036,14,0.23,0.391304348
Balikun,Native,0,0.128673395,0.871326605,China,Palearctic,93.10407792,43.6152258,5691.868048,1.625338392,1192.596825,0.064464305,98.83607929,1,0.55,0.654545455
Balkhash,Native,0.108223981,0.213313354,0.678462665,Kazakhstan,Palearctic,77.64982457,45.59217856,414971.545,5.040702279,1271.958815,0.467283852,99.03579305,15,0.55,0.909090909
Balkhash,Non-native,0.156677826,0.158882601,0.684439572,Kazakhstan,Palearctic,77.64982457,45.59217856,414971.545,5.040702279,1271.958815,0.467283852,99.03579305,15,0.55,0.909090909
Balla.Balla,Native,0,0.404759408,0.595240592,Australia,Australasia,117.8303807,-20.79213947,315.6570075,27.33155373,458.7917096,0.134660751,99.94144219,1,0.84,0.035714286
Balsas,Native,0.269292841,0.422809449,0.307897711,Mexico,Neotropic,-100.0526007,18.57071747,111158.4926,21.63051738,165.0065424,14.19829011,96.89881397,56,0.54,0.777777778
Balsas,Non-native,0.367182215,0.230079746,0.402738039,Mexico,Neotropic,-100.0526007,18.57071747,111158.4926,21.63051738,165.0065424,14.19829011,96.89881397,56,0.54,0.777777778
Balyktah,Native,0.182892523,0.000125988,0.816981489,Russia,Palearctic,139.6152562,75.13683092,429.8329492,-15.44607918,1354.497784,0.012370039,100,2,0.73,0.465753425
Bambawe.Oya,Native,0.115747641,0.393418037,0.490834322,Sri Lanka,Indo-Malay,81.37082592,6.294713777,122.3798554,27.35504869,83.29048814,2.139389753,99.62217219,28,0.59,0.288135593
Bambawe.Oya,Non-native,0.417017478,0.239760474,0.343222047,Sri Lanka,Indo-Malay,81.37082592,6.294713777,122.3798554,27.35504869,83.29048814,2.139389753,99.62217219,28,0.59,0.288135593
Banano,Native,0.243719128,0.432915574,0.323365298,Costa Rica,Neotropic,-83.0465433,9.839057551,142.1460848,25.39240626,66.57276409,5.185002208,99.97344749,15,0.3,0.6
Bandama,Native,0.166965738,0.406477212,0.426557051,Côte d'Ivoire,Afrotropic,-5.426876525,7.975142797,98897.32414,26.3516,126.843481,0.940306216,97.28627519,117,0.42,0.714285714
Bandama,Non-native,0.489725682,0.015098304,0.495176014,Côte d'Ivoire,Afrotropic,-5.426876525,7.975142797,98897.32414,26.3516,126.843481,0.940306216,97.28627519,117,0.42,0.714285714
Bangpakong,Native,0.169415126,0.3705777,0.460007174,Thailand,Indo-Malay,101.5072876,13.82263391,21925.68694,27.2524235,139.892276,23.83903432,99.11741267,89,0.55,0.854545455
Bangpakong,Non-native,0,0.128673395,0.871326605,Thailand,Indo-Malay,101.5072876,13.82263391,21925.68694,27.2524235,139.892276,23.83903432,99.11741267,89,0.55,0.854545455
Banka.island,Native,0.159206038,0.367024949,0.473769012,Indonesia,Indo-Malay,105.987266,-2.251721987,11811.91465,26.7329397,36.353497,0.661542699,99.8507619,35,0.33,0.636363636
Bann,Native,0.171577293,0.107375809,0.721046898,United Kingdom,Palearctic,-6.545877911,54.62346553,5747.101892,9.04468462,397.2964062,12.47027421,99.79993473,10,0.26,0.615384615
Bann,Non-native,0.068530642,0.164781078,0.76668828,United Kingdom,Palearctic,-6.545877911,54.62346553,5747.101892,9.04468462,397.2964062,12.47027421,99.79993473,10,0.26,0.615384615
Baram,Native,0.157820447,0.348539098,0.493640455,Malaysia,Indo-Malay,114.7607662,3.542353411,22408.94065,24.80896334,33.63752899,2.015143842,99.99857827,90,0.31,0.387096774
Baram,Non-native,0.730921959,0.004967327,0.264110714,Malaysia,Indo-Malay,114.7607662,3.542353411,22408.94065,24.80896334,33.63752899,2.015143842,99.99857827,90,0.31,0.387096774
Barham,Native,0.044409084,0.429337044,0.526253872,Australia,Australasia,143.6399464,-38.73269277,273.2310976,12.70178267,278.1296608,1.046649039,99.93293168,10,0.33,0.545454545
Barham,Non-native,0.28782068,0,0.71217932,Australia,Australasia,143.6399464,-38.73269277,273.2310976,12.70178267,278.1296608,1.046649039,99.93293168,10,0.33,0.545454545
Baringo,Native,0.158259529,0.3928505,0.448889972,Kenya,Afrotropic,36.22190658,0.858910816,23344.83898,21.00170817,68.42772362,0.830734506,99.68099902,14,0.23,0.652173913
Barito,Native,0.1706426,0.309118923,0.520238477,Indonesia,Indo-Malay,114.534803,-0.963651766,60350.84346,26.55045978,25.10366608,0.492162265,99.91656871,51,0.34,0.411764706
Barm.e.Shor,Native,0.312072806,0.401469917,0.286457277,Iran,Palearctic,54.75563173,26.71821086,1334.141722,26.69651465,597.1585205,0.216193799,99.97346541,3,0.82,0.085365854
Barongarook.creek,Native,0.05050301,0.391291116,0.558205874,Australia,Australasia,143.5887535,-38.35280977,194.8259165,13.41274592,348.262611,1.046649039,99.82092768,6,0.47,0.212765957
Barranca,Native,0.111376413,0.431032577,0.45759101,Costa Rica,Neotropic,-84.59149974,10.08515461,453.5152708,22.49008969,72.16284262,7.345750332,99.81165655,30,0.46,0.847826087
Barraport,Native,0,0.607412177,0.392587823,Australia,Australasia,143.6838775,-35.9800939,106.8070665,15.81397846,523.0417524,0.681258157,99.93828141,1,0.98,0.010204082
Barron,Native,0.068276749,0.386346932,0.54537632,Australia,Australasia,145.5286086,-17.02857952,2183.491521,21.77199925,270.7520836,2.288296908,92.21554123,63,0.51,0.352941176
Barron,Non-native,0.247937193,0.451079164,0.300983643,Australia,Australasia,145.5286086,-17.02857952,2183.491521,21.77199925,270.7520836,2.288296908,92.21554123,63,0.51,0.352941176
Barrow,Native,0.106063629,0.157928592,0.736007779,Ireland,Palearctic,-7.390375475,52.70253012,9077.339609,9.507004812,387.1104422,8.654777288,99.67650255,14,0.25,0.52
Barrow,Non-native,0.06425803,0.214885558,0.720856412,Ireland,Palearctic,-7.390375475,52.70253012,9077.339609,9.507004812,387.1104422,8.654777288,99.67650255,14,0.25,0.52
Bartin,Native,0.118822838,0.21980731,0.661369852,Turkey,Palearctic,32.71110146,41.56951328,2940.760412,10.45554037,700.1872028,4.313924074,99.86456627,37,0.26,0.653846154
Bartin,Non-native,0.212688251,0.174940689,0.612371061,Turkey,Palearctic,32.71110146,41.56951328,2940.760412,10.45554037,700.1872028,4.313924074,99.86456627,37,0.26,0.653846154
Barwon,Native,0.065943481,0.393110622,0.540945897,Australia,Australasia,143.9567372,-38.02701563,5052.182845,13.30426103,377.8977571,9.581586957,94.39211345,19,0.33,0.333333333
Barwon,Non-native,0.172949003,0.133481225,0.693569772,Australia,Australasia,143.9567372,-38.02701563,5052.182845,13.30426103,377.8977571,9.581586957,94.39211345,19,0.33,0.333333333
Basento,Native,0.093695801,0.209521196,0.696783002,Italy,Palearctic,16.14751797,40.53170468,1564.731072,12.88102453,622.4186412,11.92570353,92.024816,5,0.42,0.214285714
Basento,Non-native,0.085710759,0.149536755,0.764752487,Italy,Palearctic,16.14751797,40.53170468,1564.731072,12.88102453,622.4186412,11.92570353,92.024816,5,0.42,0.214285714
Basgoz.Cayi,Native,0.106653665,0.233509396,0.659836939,Turkey,Palearctic,30.27686861,36.58964844,765.8047129,12.30742327,732.2201864,3.430919468,91.07339663,25,0.3,0.766666667
Basgoz.Cayi,Non-native,0.319032376,0.225074707,0.455892916,Turkey,Palearctic,30.27686861,36.58964844,765.8047129,12.30742327,732.2201864,3.430919468,91.07339663,25,0.3,0.766666667
Bat.Gberi,Native,0.278235255,0.523881602,0.197883143,Sierra Leone,Afrotropic,-13.06525843,8.293585108,142.984048,25.83722561,80.80104874,0.474930637,99.87388845,8,0.66,0.818181818
Batang.Hari,Native,0.179384709,0.30979325,0.51082204,Indonesia,Indo-Malay,102.2456677,-1.686595988,42499.21685,24.69671423,32.38215839,1.097616002,99.91765837,174,0.37,0.594594595
Batang.Kerang,Native,0.120224156,0.386179567,0.493596278,Malaysia,Indo-Malay,110.6662051,1.115319927,2981.02429,26.38797499,43.4072082,4.629830897,99.95727301,41,0.32,0.59375
Batang.Kerang,Non-native,0.075905427,0.469586294,0.454508279,Malaysia,Indo-Malay,110.6662051,1.115319927,2981.02429,26.38797499,43.4072082,4.629830897,99.95727301,41,0.32,0.59375
Baudo,Native,0.246339004,0.349230958,0.404430038,Colombia,Neotropic,-77.05401234,5.395638415,4066.711983,25.83095213,25.16122743,0.615586072,99.99998785,69,0.3,0.633333333
Bay.View,Native,0,0.319486947,0.680513053,New Zealand,Australasia,176.8439251,-39.46633294,136.9067817,13.87747464,368.5811004,2.637983263,99.06286026,7,0.39,0.256410256
Bay.View,Non-native,0.212688251,0.192940936,0.594370813,New Zealand,Australasia,176.8439251,-39.46633294,136.9067817,13.87747464,368.5811004,2.637983263,99.06286026,7,0.39,0.256410256
Bayano,Native,0.268352408,0.399928487,0.331719105,Panama,Neotropic,-78.62360052,9.120453707,4893.576084,25.67985128,50.6795693,1.400196001,96.99634334,64,0.48,0.770833333
Beadon.Bay,Native,0.030932486,0.460512364,0.50855515,Australia,Australasia,115.3210791,-21.84474966,762.5635826,26.26370725,475.1420074,0.049684155,99.97105536,2,0.86,0.046511628
Bear.lake,Native,0.285455143,0.171006206,0.543538651,United States,Nearctic,-112.3759959,40.19924748,1864.355229,8.661583538,910.1993717,4.803068757,99.95621689,9,0.56,0.25
Bear.lake,Non-native,0.214997022,0.214777274,0.570225704,United States,Nearctic,-112.3759959,40.19924748,1864.355229,8.661583538,910.1993717,4.803068757,99.95621689,9,0.56,0.25
Bear.river,Native,0.275830433,0.186051671,0.538117896,United States,Nearctic,-112.6051292,40.30232823,122517.791,7.92040139,905.7382918,4.530075252,95.67787673,19,0.35,0.628571429
Bear.river,Non-native,0.226366329,0.192201126,0.581432545,United States,Nearctic,-112.6051292,40.30232823,122517.791,7.92040139,905.7382918,4.530075252,95.67787673,19,0.35,0.628571429
Beauly,Native,0.163936597,0.107196642,0.728866761,United Kingdom,Palearctic,-4.904195739,57.35735093,1015.7814,6.390947355,402.5409853,1.454267323,86.13039619,9,0.3,0.333333333
Beauly,Non-native,0.398101026,0,0.601898974,United Kingdom,Palearctic,-4.904195739,57.35735093,1015.7814,6.390947355,402.5409853,1.454267323,86.13039619,9,0.3,0.333333333
Bebedero,Native,0.307373871,0.397551903,0.295074226,Costa Rica,Neotropic,-85.13705334,10.48368564,2059.488465,25.56587347,75.46417543,2.414796621,99.08635118,29,0.44,0.886363636
Bedjestan,Native,0.061853191,0.352764983,0.585381826,Iran,Palearctic,58.33717419,34.5912855,33455.32812,17.3136096,938.7794143,1.077495947,98.12524344,3,0.64,0.3125
Bedjestan,Non-native,0.413734462,0.586265538,0,Iran,Palearctic,58.33717419,34.5912855,33455.32812,17.3136096,938.7794143,1.077495947,98.12524344,3,0.64,0.3125
Bedti,Native,0.109982672,0.430038913,0.459978415,India,Indo-Malay,74.83052939,14.92981806,3870.254743,24.58509047,169.1346522,4.32301861,96.78898073,42,0.61,0.590163934
Bedti,Non-native,0.758129529,0.009934655,0.231935816,India,Indo-Malay,74.83052939,14.92981806,3870.254743,24.58509047,169.1346522,4.32301861,96.78898073,42,0.61,0.590163934
Bega.1,Native,0.022348646,0.344560824,0.63309053,Australia,Australasia,140.1106443,-36.80199301,863.7986676,15.04011868,366.1558058,0.303747624,99.4959776,14,0.53,0.245283019
Bega.1,Non-native,0,0.128673395,0.871326605,Australia,Australasia,140.1106443,-36.80199301,863.7986676,15.04011868,366.1558058,0.303747624,99.4959776,14,0.53,0.245283019
Bega.2,Native,0.014215263,0.336305956,0.649478781,Australia,Australasia,149.6650366,-36.6322264,1961.150283,13.60372145,394.7255688,1.059564844,96.06681255,23,0.5,0.1
Bega.2,Non-native,0.413734462,0.586265538,0,Australia,Australasia,149.6650366,-36.6322264,1961.150283,13.60372145,394.7255688,1.059564844,96.06681255,23,0.5,0.1
Beilun.He,Native,0.124709188,0.37125552,0.504035292,China,Indo-Malay,107.7665377,21.6887266,842.0695297,21.18228576,502.5230982,1.281978115,99.84222249,51,0.3,0.866666667
Beilun.He,Non-native,0.175521364,0.143738753,0.680739883,China,Indo-Malay,107.7665377,21.6887266,842.0695297,21.18228576,502.5230982,1.281978115,99.84222249,51,0.3,0.866666667
Beimenjiang,Native,0.129228542,0.333600602,0.537170856,China,Indo-Malay,109.470544,19.58956894,674.0384022,24.1792874,392.251378,2.968976885,99.84932389,46,0.43,0.697674419
Beimenjiang,Non-native,0.011827248,0.044107084,0.944065669,China,Indo-Malay,109.470544,19.58956894,674.0384022,24.1792874,392.251378,2.968976885,99.84932389,46,0.43,0.697674419
Bejucal,Native,0.209879483,0.435755124,0.354365393,Trinidad and Tobago,Neotropic,-61.35658482,10.50840774,188.3468849,26.44445689,58.90252834,17.19340992,99.03506179,21,0.35,0.685714286
Bejucal,Non-native,0.340070706,0.546322504,0.11360679,Trinidad and Tobago,Neotropic,-61.35658482,10.50840774,188.3468849,26.44445689,58.90252834,17.19340992,99.03506179,21,0.35,0.685714286
Belait,Native,0.152055906,0.380827814,0.46711628,Brunei,Indo-Malay,114.5593837,4.344502259,2438.859335,26.89038527,40.58596785,14.52497506,99.98044285,62,0.26,0.423076923
Belize,Native,0.337124861,0.406004987,0.256870152,Belize,Neotropic,-88.97978978,17.03935572,8492.919549,24.43368379,169.6943122,0.574815206,99.89922269,41,0.35,0.828571429
Bellinger,Native,0.056767679,0.447334121,0.4958982,Australia,Australasia,152.7307023,-30.45523075,1140.833106,16.98131255,386.8415674,2.195263594,99.95395788,23,0.25,0.48
Bellinger,Non-native,0.413734462,0.586265538,0,Australia,Australasia,152.7307023,-30.45523075,1140.833106,16.98131255,386.8415674,2.195263594,99.95395788,23,0.25,0.48
Bemm,Native,0.034563314,0.444552862,0.520883823,Australia,Australasia,148.9204218,-37.5201538,1108.733599,13.32603333,369.2780208,0.210732035,99.96096091,18,0.47,0.106382979
Ben.Hai,Native,0.129728248,0.391083997,0.479187755,Vietnam,Indo-Malay,106.9263532,16.9730048,897.9265908,24.91998555,339.1805037,0.729009241,94.32637215,53,0.32,0.84375
Ben.Hai,Non-native,0,0.128673395,0.871326605,Vietnam,Indo-Malay,106.9263532,16.9730048,897.9265908,24.91998555,339.1805037,0.729009241,94.32637215,53,0.32,0.84375
Benara.creek,Native,0.050373807,0.634248725,0.315377468,Australia,Australasia,140.4877646,-37.76148498,1067.672427,14.06357417,312.0254898,1.179193765,99.55401931,3,0.46,0.413043478
Benevente,Native,0.235757914,0.383851785,0.380390302,Brazil,Neotropic,-40.7606472,-20.60872706,1121.512895,21.11933654,206.9836129,15.50561762,99.88907071,41,0.35,0.6
Benevente,Non-native,0.465232285,0.238109913,0.296657802,Brazil,Neotropic,-40.7606472,-20.60872706,1121.512895,21.11933654,206.9836129,15.50561762,99.88907071,41,0.35,0.6
Bengkalis.Island,Native,0.182455333,0.375627839,0.441916828,Indonesia,Indo-Malay,102.4129475,1.450143017,131.5165072,26.62675864,36.78700685,2.033674777,99.88351816,15,0.26,0.653846154
Bensbach,Native,0.23849138,0.357391988,0.404116632,Papua New Guinea,Australasia,141.0131325,-8.633760263,3328.828234,26.98072071,98.54384755,0.128627472,99.99500212,52,0.37,0.783783784
Bensbach,Non-native,0.008384005,0.468343403,0.523272592,Papua New Guinea,Australasia,141.0131325,-8.633760263,3328.828234,26.98072071,98.54384755,0.128627472,99.99500212,52,0.37,0.783783784
Bentota.Ganga,Native,0.104445201,0.423574573,0.471980226,Sri Lanka,Indo-Malay,80.15298081,6.396837797,669.7938427,26.67005995,54.36652986,15.489259,99.47656896,48,0.32,0.625
Bentota.Ganga,Non-native,0.407018316,0.203054898,0.389926786,Sri Lanka,Indo-Malay,80.15298081,6.396837797,669.7938427,26.67005995,54.36652986,15.489259,99.47656896,48,0.32,0.625
Benut,Native,0.185863162,0.418463446,0.395673392,Malaysia,Indo-Malay,103.2896358,1.794781703,598.1396225,26.37567548,40.51822423,140.1348228,97.10299922,27,0.29,0.379310345
Berg,Native,0.110736498,0.389383596,0.499879906,South Africa,Afrotropic,18.70869554,-33.19164639,8093.084179,17.54478972,393.7861231,15.14272666,95.57435643,6,0.29,0.724137931
Berg,Non-native,0.188849657,0.087213325,0.723937018,South Africa,Afrotropic,18.70869554,-33.19164639,8093.084179,17.54478972,393.7861231,15.14272666,95.57435643,6,0.29,0.724137931
Berkeley,Native,0.135668206,0.475221362,0.389110432,Australia,Australasia,127.5135869,-14.7726899,4687.069963,27.3833915,289.1519255,0.024869835,99.99972426,4,0.72,0.194444444
Bernam,Native,0.131108635,0.41639859,0.452492775,Malaysia,Indo-Malay,101.3108792,3.799863568,2588.978549,26.07356433,38.65035459,57.75836372,99.94416438,84,0.3,0.433333333
Bernam,Non-native,0.075905427,0.469586294,0.454508279,Malaysia,Indo-Malay,101.3108792,3.799863568,2588.978549,26.07356433,38.65035459,57.75836372,99.94416438,84,0.3,0.433333333
Bero,Native,0.266500852,0.245976001,0.487523147,Angola,Afrotropic,13.12195978,-15.60067916,11104.75385,23.53901182,189.052348,0.197128236,99.96856516,15,0.65,0.261538462
Betka,Native,0.021209581,0.408914405,0.569876014,Australia,Australasia,149.607995,-37.55673604,139.9284152,14.56674797,347.1403989,0.391228251,99.98708836,17,0.32,0.15625
Betsiboka,Native,0.18831336,0.366823351,0.444863288,Madagascar,Afrotropic,47.11688109,-17.6136668,58338.81004,22.58641099,191.5760122,0.569944367,99.58610033,14,0.6,0.566666667
Betsiboka,Non-native,0.221678465,0.160410874,0.617910661,Madagascar,Afrotropic,47.11688109,-17.6136668,58338.81004,22.58641099,191.5760122,0.569944367,99.58610033,14,0.6,0.566666667
Beysehir,Native,0.129974826,0.30077848,0.569246694,Turkey,Palearctic,32.24513629,37.68116545,16030.41944,10.26627094,777.8508187,5.818196654,96.79751845,17,0.47,0.531914894
Beysehir,Non-native,0,0.088214167,0.911785833,Turkey,Palearctic,32.24513629,37.68116545,16030.41944,10.26627094,777.8508187,5.818196654,96.79751845,17,0.47,0.531914894
Bharathapuzha,Native,0.118334217,0.408067618,0.473598165,India,Indo-Malay,76.63071767,10.73738564,6160.768842,26.29502545,147.3066982,15.27151823,95.58029851,92,0.48,0.895833333
Bharathapuzha,Non-native,0.549997299,0.172057771,0.27794493,India,Indo-Malay,76.63071767,10.73738564,6160.768842,26.29502545,147.3066982,15.27151823,95.58029851,92,0.48,0.895833333
Bia,Native,0.191325123,0.391191682,0.417483196,Ghana,Afrotropic,-2.988412175,6.33128118,10113.72814,26.35458357,111.3117111,1.62389487,97.94051218,67,0.24,0.5
Bia,Non-native,0.600386599,0.003048303,0.396565098,Ghana,Afrotropic,-2.988412175,6.33128118,10113.72814,26.35458357,111.3117111,1.62389487,97.94051218,67,0.24,0.5
Biaru,Native,0.208046578,0.259164728,0.532788694,Papua New Guinea,Australasia,146.6092943,-8.355926239,1861.114285,24.2334585,72.31382163,0.066013188,99.98981867,10,0.26,0.269230769
Biferno,Native,0.111757541,0.251934023,0.636308436,Italy,Palearctic,14.67209368,41.67008819,1325.988088,13.058408,642.822905,21.40438747,90.54575165,7,0.36,0.611111111
Biferno,Non-native,0.178385905,0.098319105,0.72329499,Italy,Palearctic,14.67209368,41.67008819,1325.988088,13.058408,642.822905,21.40438747,90.54575165,7,0.36,0.611111111
Big.Sur,Native,0.304308116,0.249145478,0.446546405,United States,Nearctic,-121.7071426,36.25111134,155.3923681,12.17190313,350.7983576,25.1642704,99.24597552,5,0.49,0.265306122
Big.Sur,Non-native,0.432757981,0.18408096,0.383161059,United States,Nearctic,-121.7071426,36.25111134,155.3923681,12.17190313,350.7983576,25.1642704,99.24597552,5,0.49,0.265306122
Biga,Native,0.119952159,0.215154394,0.664893447,Turkey,Palearctic,27.07872692,40.09163237,2130.294099,13.4983593,677.4990111,5.147256017,95.61342935,42,0.53,0.358490566
Biga,Non-native,0.159516188,0.187964541,0.65251927,Turkey,Palearctic,27.07872692,40.09163237,2130.294099,13.4983593,677.4990111,5.147256017,95.61342935,42,0.53,0.358490566
Biliu.He,Native,0.099310155,0.357335236,0.543354609,China,Palearctic,122.5642891,39.97974355,2777.135045,8.615605495,1151.587055,6.97235781,92.50180965,44,0.42,0.738095238
Biliu.He,Non-native,0.045800677,0.029435299,0.924764023,China,Palearctic,122.5642891,39.97974355,2777.135045,8.615605495,1151.587055,6.97235781,92.50180965,44,0.42,0.738095238
Billa.Bilba.creek,Native,0.054275145,0.526172771,0.419552084,Australia,Australasia,150.0781129,-36.20942908,271.5955166,15.45747925,343.7667202,0.171559654,99.96366487,11,0.44,0.090909091
Billeroo.creek,Native,0.008931471,0.466489871,0.524578657,Australia,Australasia,139.9762557,-31.05889796,53499.42571,19.18910945,606.2028431,0.042246227,99.4886621,5,0.86,0.034883721
Billiton.Island,Native,0.197453135,0.413800073,0.388746791,Indonesia,Indo-Malay,107.9063615,-2.887564992,4753.31743,26.61760415,29.44784235,0.211410824,99.86311419,16,0.28,0.821428571
Biobio,Native,0.124332536,0.406058186,0.469609278,Chile,Neotropic,-71.95763332,-37.73809655,24265.07833,9.904676945,420.802964,1.674965352,98.95194793,17,0.32,0.875
Biobio,Non-native,0.274914042,0.168619926,0.556466032,Chile,Neotropic,-71.95763332,-37.73809655,24265.07833,9.904676945,420.802964,1.674965352,98.95194793,17,0.32,0.875
Biwa,Native,0.157339648,0.371665351,0.470995001,Japan,Palearctic,135.9466465,35.02487826,8319.031815,13.62174389,837.8820849,209.4776268,93.44084368,51,0.2,0.6
Biwa,Non-native,0.189572011,0.183007874,0.627420115,Japan,Palearctic,135.9466465,35.02487826,8319.031815,13.62174389,837.8820849,209.4776268,93.44084368,51,0.2,0.6
Black,Native,0.10876934,0.294943741,0.596286919,Australia,Australasia,145.3379566,-40.98352873,336.2745305,11.66135478,278.3510131,0.436375931,99.92411516,7,0.36,0.75
Black,Non-native,0.28782068,0,0.71217932,Australia,Australasia,145.3379566,-40.98352873,336.2745305,11.66135478,278.3510131,0.436375931,99.92411516,7,0.36,0.75
Blackmore,Native,0.060224091,0.484218992,0.455556916,Australia,Australasia,130.9835571,-12.80824576,749.4429408,27.22858469,174.8753249,1.887185544,92.85149386,31,0.61,0.540983607
Blackstone,Native,0.185780768,0.258153882,0.55606535,United States,Nearctic,-71.59846979,42.04064203,1662.036929,9.082974717,925.2714667,134.0997257,96.42292734,20,0.23,0.47826087
Blackstone,Non-native,0.195655524,0.107013687,0.697330789,United States,Nearctic,-71.59846979,42.04064203,1662.036929,9.082974717,925.2714667,134.0997257,96.42292734,20,0.23,0.47826087
Blackwater,Native,0.107825775,0.151236923,0.740937302,Ireland,Palearctic,-8.5015716,52.15976344,3242.792456,9.461205452,368.2887559,7.39533186,99.87056751,17,0.26,0.538461538
Blackwater,Non-native,0.050767489,0.231004744,0.718227767,Ireland,Palearctic,-8.5015716,52.15976344,3242.792456,9.461205452,368.2887559,7.39533186,99.87056751,17,0.26,0.538461538
Blackwater.USA,Native,0.223640181,0.368567337,0.407792482,United States,Nearctic,-86.9034626,30.85915525,2167.443876,18.87451347,649.0702415,8.436119676,99.57427833,70,0.2,0.55
Blackwater.USA,Non-native,0.153065871,0.213376563,0.633557567,United States,Nearctic,-86.9034626,30.85915525,2167.443876,18.87451347,649.0702415,8.436119676,99.57427833,70,0.2,0.55
Blackwood,Native,0.114675166,0.375408391,0.509916444,Australia,Australasia,117.0387181,-33.57262217,22026.53714,15.94543862,437.6409344,0.486858159,99.77306992,15,0.64,0.21875
Blackwood,Non-native,0.308117963,0.193437444,0.498444593,Australia,Australasia,117.0387181,-33.57262217,22026.53714,15.94543862,437.6409344,0.486858159,99.77306992,15,0.64,0.21875
Blanche,Native,0.104516743,0.490672796,0.404810461,Martinique,Neotropic,-61.01218944,14.66477743,133.2533075,25.46515621,92.99115167,NA,99.64768467,11,0.49,0.306122449
Blanche,Non-native,0.582214208,0.340473853,0.077311939,Martinique,Neotropic,-61.01218944,14.66477743,133.2533075,25.46515621,92.99115167,NA,99.64768467,11,0.49,0.306122449
Blanche.Bay,Native,0.133715992,0.313246996,0.553037012,Australia,Australasia,140.712399,-37.9478503,276.2987552,14.03444921,315.126816,0.922144294,99.6345117,5,0.31,0.387096774
Blanche.Bay,Non-native,0.110986855,0.083750484,0.805262661,Australia,Australasia,140.712399,-37.9478503,276.2987552,14.03444921,315.126816,0.922144294,99.6345117,5,0.31,0.387096774
Blanda,Native,0.288833184,0,0.711166816,Iceland,Palearctic,-19.59723401,65.17278215,2797.175695,0.288567336,507.8506728,0.068540137,95.61816104,3,0.27,0.62962963
Blavet,Native,0.100805135,0.170006859,0.729188005,France,Palearctic,-3.075166666,48.08678418,2060.103342,11.14880469,417.8925583,9.009625077,95.23160896,20,0.23,0.652173913
Blavet,Non-native,0.161154135,0.135310396,0.703535468,France,Palearctic,-3.075166666,48.08678418,2060.103342,11.14880469,417.8925583,9.009625077,95.23160896,20,0.23,0.652173913
Bloody.Bay,Native,0.045927019,0.336812147,0.617260834,Trinidad and Tobago,Neotropic,-60.62430556,11.28819444,10.06428995,25.08263874,64.88886674,0.751988113,99.9078,6,0.47,0.468085106
Bloomfield,Native,0.055771011,0.419955402,0.524273587,Australia,Australasia,145.3065476,-16.00510876,416.7496165,23.02854329,238.0974822,1.696938425,99.96073259,7,0.58,0.413793103
Blue.lake.Aus,Native,0.16714499,0.316377753,0.516477256,Australia,Australasia,140.8674108,-37.86989879,160.5153353,13.8108084,317.2067043,1.179193765,99.37940976,4,0.43,0.348837209
Bluewater.creek,Native,0.008931471,0.438941677,0.552126851,Australia,Australasia,146.5800893,-19.21913854,84.10039412,23.98841671,321.93689,3.642726481,99.23467884,5,0.69,0.144927536
Blyth,Native,0.107360728,0.40255667,0.490082602,Australia,Australasia,134.5315045,-12.77944407,7705.981314,26.99363713,227.1426418,0.032788225,99.99338121,33,0.59,0.457627119
Blythe,Native,0.08686651,0.251744179,0.661389311,Australia,Australasia,145.9055474,-41.26586845,273.8418935,10.23676526,304.0517372,0.812918931,99.96983746,6,0.33,0.818181818
Blythe,Non-native,0.28782068,0,0.71217932,Australia,Australasia,145.9055474,-41.26586845,273.8418935,10.23676526,304.0517372,0.812918931,99.96983746,6,0.33,0.818181818
Bo.Langvlei,Native,0.26955437,0.319369434,0.411076195,South Africa,Afrotropic,22.62793061,-33.92548803,168.69583,16.10734466,275.5211027,1.505803943,98.92923092,5,0.44,0.113636364
Bo.Langvlei,Non-native,0.445756975,0.189332384,0.364910641,South Africa,Afrotropic,22.62793061,-33.92548803,168.69583,16.10734466,275.5211027,1.505803943,98.92923092,5,0.44,0.113636364
Bodigoda.Aru,Native,0.115747641,0.393418037,0.490834322,Sri Lanka,Indo-Malay,81.31666755,8.048170605,153.5051063,27.87475225,161.7138686,1.313983679,99.82311612,28,0.62,0.338709677
Bodigoda.Aru,Non-native,0.417017478,0.239760474,0.343222047,Sri Lanka,Indo-Malay,81.31666755,8.048170605,153.5051063,27.87475225,161.7138686,1.313983679,99.82311612,28,0.62,0.338709677
Boesmansrivier,Native,0.093681739,0.296577966,0.609740295,South Africa,Afrotropic,26.12604189,-33.36198918,2741.755713,17.33006257,303.5455304,3.466260731,96.22258501,38,0.82,0.036585366
Boesmansrivier,Non-native,0.348855558,0.158274846,0.492869596,South Africa,Afrotropic,26.12604189,-33.36198918,2741.755713,17.33006257,303.5455304,3.466260731,96.22258501,38,0.82,0.036585366
Bofon,Native,0.171826287,0.428784782,0.399388931,Guinea,Afrotropic,-13.09465247,9.546215511,2161.176092,27.6384465,176.6596494,1.002146691,99.88897492,35,0.68,0.779411765
Boga,Native,0.046942712,0.206868182,0.746189106,Turkey,Palearctic,30.46776305,36.94069535,1035.797623,13.73924277,748.1412366,3.581874847,98.05888858,4,0.35,0.771428571
Boghen,Native,0.026201319,0.340805879,0.632992801,New Caledonia,Australasia,165.5730235,-21.53491928,555.8238417,21.86223099,243.8022442,2.691174746,99.94573338,20,0.5,0.18
Boghen,Non-native,0.666162585,0.253119329,0.080718086,New Caledonia,Australasia,165.5730235,-21.53491928,555.8238417,21.86223099,243.8022442,2.691174746,99.94573338,20,0.5,0.18
Bohle,Native,0.047121881,0.451931347,0.500946772,Australia,Australasia,146.678271,-19.31758712,290.1206112,24.09123959,325.2610908,3.642726421,98.79593498,23,0.62,0.193548387
Bolaman,Native,0.105891751,0.232091181,0.662017068,Turkey,Palearctic,37.46468651,40.73287305,1232.751216,9.354798191,647.3238794,3.399262071,99.81664462,35,0.31,0.64516129
Bolaman,Non-native,0.319032376,0.225074707,0.455892916,Turkey,Palearctic,37.46468651,40.73287305,1232.751216,9.354798191,647.3238794,3.399262071,99.81664462,35,0.31,0.64516129
Bolchaia.Voroskaia,Native,0.350693844,0.116996218,0.532309938,Russia,Palearctic,156.8150502,54.30239805,3872.878401,-2.772863068,1007.497849,0.043524519,99.99747636,13,0.61,0.770491803
Bolgoda.lake,Native,0.115240085,0.417683958,0.467075957,Sri Lanka,Indo-Malay,79.96055251,6.795289541,236.7298963,27.25603188,57.39574949,7.560223818,98.97528976,43,0.36,0.694444444
Bolgoda.lake,Non-native,0.417017478,0.239760474,0.343222047,Sri Lanka,Indo-Malay,79.96055251,6.795289541,236.7298963,27.25603188,57.39574949,7.560223818,98.97528976,43,0.36,0.694444444
Bollin,Native,0.123531789,0.160070215,0.716397996,United Kingdom,Palearctic,-2.289593099,53.46927645,2390.648804,9.100112687,450.3831936,141.1557159,93.38911644,19,0.21,0.571428571
Bollin,Non-native,0.103012048,0.127178261,0.76980969,United Kingdom,Palearctic,-2.289593099,53.46927645,2390.648804,9.100112687,450.3831936,141.1557159,93.38911644,19,0.21,0.571428571
Bolsaia,Native,0.182892523,0.000125988,0.816981489,Russia,Palearctic,147.8588746,75.1738244,2061.148249,-15.90612353,1359.738626,0.001031821,100,2,0.75,0.466666667
Bolshoye,Native,0.382978285,0.182420287,0.434601428,Russia,Palearctic,156.2730364,50.72447318,47.45824621,0.864607273,656.1102674,0.011487897,99.97307477,7,0.61,0.508196721
Bolson.de.Cuatro.Cienegas,Native,0.22215624,0.574204182,0.203639577,Mexico,Nearctic,-102.3928874,26.47619418,3220.872006,20.20487271,521.6936425,1.03426604,99.39882509,6,0.85,0.058823529
Bolson.de.Sandia,Native,0.143416201,0.606398704,0.250185095,Mexico,Nearctic,-100.1937287,24.21366982,3516.863178,17.09584353,307.8346061,2.31415993,99.1981672,6,0.89,0.033707865
Bonaventure,Native,0.167169111,0.281481378,0.55134951,Canada,Nearctic,-65.465353,48.47290313,2387.912093,1.878091526,1054.578559,0.393050253,99.99943543,9,0.48,0.6875
Bonaventure,Non-native,0.398101026,0,0.601898974,Canada,Nearctic,-65.465353,48.47290313,2387.912093,1.878091526,1054.578559,0.393050253,99.99943543,9,0.48,0.6875
Bonito,Native,0.364835085,0.272990933,0.362173982,Honduras,Neotropic,-87.10208655,15.58948825,426.6633545,25.30929424,155.3576804,3.045088649,99.97365511,17,0.34,0.647058824
Boradilla,Native,0.072787077,0.202379704,0.724833219,Australia,Australasia,146.1995165,-30.29370733,548.329687,20.20527933,623.4490644,0.041730533,99.93944364,2,0.97,0.020618557
Boree.creek,Native,0.084965656,0.405382984,0.50965136,Australia,Australasia,146.617195,-35.16877987,1128.803541,16.1808432,602.1137268,0.798077315,99.84469946,3,0.98,0.010204082
Bosten,Native,0.101860089,0.165971728,0.732168183,China,Palearctic,88.91047341,41.24791131,5709.409892,8.372193645,1224.26005,0.086578717,99.99008481,14,0.96,0.020833333
Bosten,Non-native,0.061923178,0.230771983,0.707304839,China,Palearctic,88.91047341,41.24791131,5709.409892,8.372193645,1224.26005,0.086578717,99.99008481,14,0.96,0.020833333
Botchi,Native,0.258376806,0.154374874,0.58724832,Russia,Palearctic,139.158406,48.10934348,2859.868965,-1.158559035,1231.422077,0.114738021,100,16,0.5,0.74
Bou.Regreg,Native,0.18051743,0.141019508,0.678463062,Morocco,Palearctic,-6.330367178,33.3788032,9578.700268,16.40455362,549.7354623,3.62494415,97.98943895,6,0.31,0.548387097
Bou.Regreg,Non-native,0.206867231,0.337239853,0.455892916,Morocco,Palearctic,-6.330367178,33.3788032,9578.700268,16.40455362,549.7354623,3.62494415,97.98943895,6,0.31,0.548387097
Boubo,Native,0.194317045,0.389825018,0.415857937,Côte d'Ivoire,Afrotropic,-5.463824739,5.809040611,4805.198844,25.82926832,100.6031035,1.312781304,99.9372995,48,0.2,0.5
Bow,Native,0.097257962,0.545682029,0.357060009,Australia,Australasia,116.9109343,-34.91109515,298.9108002,15.13499399,295.7328718,0.398841307,99.96106537,4,0.58,0.206896552
Bowes,Native,0.059265544,0.4021026,0.538631856,Australia,Australasia,114.6199562,-28.33260052,711.9818117,20.4282918,489.4302924,0.699373364,99.94775278,2,0.86,0.046511628
Boyne.Aus,Native,0.060874058,0.535998095,0.403127848,Australia,Australasia,151.2473703,-24.33266567,2406.110067,20.6700636,387.4447529,0.413982794,95.23892776,5,0.68,0.117647059
Boyne.Irland,Native,0.106063629,0.157928592,0.736007779,Ireland,Palearctic,-6.903459235,53.60715418,2791.452915,9.256692383,386.4100754,33.6712079,99.7779894,14,0.23,0.565217391
Boyne.Irland,Non-native,0.050767489,0.231004744,0.718227767,Ireland,Palearctic,-6.903459235,53.60715418,2791.452915,9.256692383,386.4100754,33.6712079,99.7779894,14,0.23,0.565217391
Bradano,Native,0.093695801,0.209521196,0.696783002,Italy,Palearctic,16.34265185,40.73994854,3075.245969,14.24126959,622.2590409,11.55577064,90.55634129,5,0.5,0.28
Bradano,Non-native,0.152460108,0.11652479,0.731015102,Italy,Palearctic,16.34265185,40.73994854,3075.245969,14.24126959,622.2590409,11.55577064,90.55634129,5,0.5,0.28
Bradys.creek,Native,0,0.178603865,0.821396135,Australia,Australasia,147.9190199,-42.46590532,234.4631899,11.9798908,311.5902993,3.820287943,91.71062948,2,0.33,0.181818182
Bradys.creek,Non-native,0.14391034,0.023732495,0.832357165,Australia,Australasia,147.9190199,-42.46590532,234.4631899,11.9798908,311.5902993,3.820287943,91.71062948,2,0.33,0.181818182
Brakepole.Marsh,Native,0.07556071,0.657289411,0.267149879,Australia,Australasia,140.8860608,-37.67473952,118.9267393,13.74119049,329.7999362,1.179193735,99.66665863,2,0.64,0.203125
Bramonas,Native,0.104778418,0.396390154,0.498831428,Mexico,Nearctic,-111.3818125,25.14858293,3622.079343,22.14928918,463.1892077,0.567134537,99.92791215,3,0.93,0.032258065
Bramonas,Non-native,0.556146093,0.44209528,0.001758627,Mexico,Nearctic,-111.3818125,25.14858293,3622.079343,22.14928918,463.1892077,0.567134537,99.92791215,3,0.93,0.032258065
Brantas,Native,0.144428847,0.297502219,0.558068934,Indonesia,Indo-Malay,112.2434182,-7.857168837,11011.9218,24.21331148,52.83649667,23.05690718,97.84333484,19,0.37,0.891891892
Brazos,Native,0.182595215,0.325841317,0.491563468,United States,Nearctic,-98.94381554,32.2823967,109420.6689,17.69556854,788.9841885,13.64339519,91.4372378,101,0.19,0.526315789
Brazos,Non-native,0.178662799,0.137134664,0.684202538,United States,Nearctic,-98.94381554,32.2823967,109420.6689,17.69556854,788.9841885,13.64339519,91.4372378,101,0.19,0.526315789
Breede,Native,0.123346859,0.26277799,0.613875151,South Africa,Afrotropic,19.90283614,-33.8753333,12516.13054,16.29874732,402.1145827,1.94218421,89.37416075,25,0.34,0.647058824
Breede,Non-native,0.193436714,0.098014489,0.708548797,South Africa,Afrotropic,19.90283614,-33.8753333,12516.13054,16.29874732,402.1145827,1.94218421,89.37416075,25,0.34,0.647058824
Breiddalsa,Native,0.288833184,0,0.711166816,Iceland,Palearctic,-14.31388556,64.84902281,423.7565987,2.057241458,429.9093207,0.071044004,99.9700516,3,0.3,0.7
Brenta,Native,0.128234044,0.247197295,0.624568661,Italy,Palearctic,11.65344614,45.74108151,4685.578562,10.21450757,728.7162654,61.65602493,97.62178643,26,0.27,0.740740741
Brenta,Non-native,0.267327583,0.135724086,0.596948331,Italy,Palearctic,11.65344614,45.74108151,4685.578562,10.21450757,728.7162654,61.65602493,97.62178643,26,0.27,0.740740741
Bresle,Native,0.142503461,0.178750086,0.678746453,France,Palearctic,1.663835306,49.87543539,757.1988982,9.850100899,500.4991253,25.82632732,99.77708906,15,0.18,0.722222222
Bresle,Non-native,0.398101026,0,0.601898974,France,Palearctic,1.663835306,49.87543539,757.1988982,9.850100899,500.4991253,25.82632732,99.77708906,15,0.18,0.722222222
Brimay,Native,0.191133198,0.440768554,0.368098247,C¶te d'Ivoire,Afrotropic,-6.44976825,5.008500961,1186.824805,25.9100006,97.17856836,0.910239145,99.96619568,16,0.32,0.5625
Brisbane,Native,0.108402071,0.400274096,0.491323834,Australia,Australasia,152.4048961,-27.3087425,13679.12862,18.82987978,422.3780126,11.62812543,92.42348643,47,0.36,0.138888889
Brisbane,Non-native,0.383288416,0.29723509,0.319476495,Australia,Australasia,152.4048961,-27.3087425,13679.12862,18.82987978,422.3780126,11.62812543,92.42348643,47,0.36,0.138888889
Brisbane.Water,Native,0,0.442602056,0.557397944,Australia,Australasia,151.3435134,-33.46528768,312.9907951,17.33257576,374.8733323,72.20037842,98.25160734,3,0.26,0.307692308
Brisbane.Water,Non-native,0.413734462,0.586265538,0,Australia,Australasia,151.3435134,-33.46528768,312.9907951,17.33257576,374.8733323,72.20037842,98.25160734,3,0.26,0.307692308
Broadwater.creek,Native,0.069805529,0.583858579,0.346335892,Australia,Australasia,151.9255775,-24.3729564,292.2620252,21.72616802,354.6758835,0.483147211,99.92916513,5,0.64,0.09375
Broadwater.creek,Non-native,0.413734462,0.586265538,0,Australia,Australasia,151.9255775,-24.3729564,292.2620252,21.72616802,354.6758835,0.483147211,99.92916513,5,0.64,0.09375
Browns,Native,0.024933359,0.387178902,0.587887739,Australia,Australasia,147.2976391,-42.97351855,106.7459445,11.14914059,306.4598568,3.143817067,99.66852152,11,0.37,0.216216216
Browns,Non-native,0.14391034,0.023732495,0.832357165,Australia,Australasia,147.2976391,-42.97351855,106.7459445,11.14914059,306.4598568,3.143817067,99.66852152,11,0.37,0.216216216
Bruna,Native,0.062892406,0.204060911,0.733046684,Italy,Palearctic,11.01666799,42.90969939,739.3245108,14.43421221,609.5183052,13.51781344,99.399085,4,0.42,0.333333333
Bruna,Non-native,0.121118478,0.22143467,0.657446852,Italy,Palearctic,11.01666799,42.90969939,739.3245108,14.43421221,609.5183052,13.51781344,99.399085,4,0.42,0.333333333
Brunswick,Native,0.034425967,0.581515814,0.384058219,Australia,Australasia,153.5025125,-28.56008615,273.0227918,19.37890694,346.9149396,11.29133558,99.91844264,15,0.39,0.128205128
Brunswick,Non-native,0.413734462,0.586265538,0,Australia,Australasia,153.5025125,-28.56008615,273.0227918,19.37890694,346.9149396,11.29133558,99.91844264,15,0.39,0.128205128
Bruthen.creek,Native,0.031063161,0.381941665,0.586995174,Australia,Australasia,146.8065295,-38.43749754,232.8573915,13.33849035,358.4884587,2.840979576,99.85635732,19,0.26,0.230769231
Budzi,Native,0.191373267,0.361823357,0.446803376,Mozambique,Afrotropic,33.32117029,-19.9313244,28996.8655,22.31496598,275.7975642,0.343386814,97.6637232,63,0.36,0.777777778
Budzi,Non-native,0.465582799,0.003113336,0.531303865,Mozambique,Afrotropic,33.32117029,-19.9313244,28996.8655,22.31496598,275.7975642,0.343386814,97.6637232,63,0.36,0.777777778
Bueno,Native,0.094525306,0.439063047,0.466411647,Chile,Neotropic,-72.69476165,-40.53831432,15106.73826,9.935099212,339.4540959,0.978822738,99.91745057,11,0.32,0.8125
Bueno,Non-native,0.228640569,0.029404722,0.741954709,Chile,Neotropic,-72.69476165,-40.53831432,15106.73826,9.935099212,339.4540959,0.978822738,99.91745057,11,0.32,0.8125
Buffalo.River,Native,0.081623676,0.268684518,0.649691806,South Africa,Afrotropic,27.47124441,-32.86492781,1298.028901,17.66844845,264.9026847,3.82988131,85.22199476,62,0.39,0.256410256
Buffalo.River,Non-native,0.223605439,0.147568902,0.62882566,South Africa,Afrotropic,27.47124441,-32.86492781,1298.028901,17.66844845,264.9026847,3.82988131,85.22199476,62,0.39,0.256410256
Buhayrat.Maryut,Native,0.12101362,0.253445867,0.625540514,Egypt,Palearctic,29.85902514,30.93249141,1766.596313,20.98314252,510.1022098,6.92882669,94.64110005,35,0.85,0.152941176
Buller,Native,0.072612679,0.412116172,0.515271149,New Zealand,Australasia,172.2597278,-41.95179805,6458.820464,8.381968928,392.4037737,0.290348582,99.94034,22,0.21,0.571428571
Buller,Non-native,0.342960853,0,0.657039147,New Zealand,Australasia,172.2597278,-41.95179805,6458.820464,8.381968928,392.4037737,0.290348582,99.94034,22,0.21,0.571428571
Bulloo,Native,0.138957006,0.341420245,0.519622749,Australia,Australasia,143.4029632,-28.14169954,72208.20683,21.38867707,633.9649442,0.006589702,99.97174307,13,0.72,0.097222222
Bulloo,Non-native,0.413734462,0.586265538,0,Australia,Australasia,143.4029632,-28.14169954,72208.20683,21.38867707,633.9649442,0.006589702,99.97174307,13,0.72,0.097222222
Bunce.River,Native,0.197701998,0.45565921,0.346638792,Sierra Leone,Afrotropic,-13.17262262,8.363133948,435.9833986,25.699604,79.17542711,0.474954799,95.72012579,15,0.66,0.787878788
Bungala,Native,0.053370424,0.414514524,0.532115052,Australia,Australasia,138.3524814,-35.46773988,68.65546133,15.53319748,365.417108,7.522536516,97.81979772,2,0.49,0.265306122
Buranhem,Native,0.260384783,0.390491395,0.349123821,Brazil,Neotropic,-39.87943743,-16.49139476,2692.104961,23.11722256,162.6393932,0.710044071,99.94449476,15,0.4,0.15
Buranhem,Non-native,0.703714389,0,0.296285611,Brazil,Neotropic,-39.87943743,-16.49139476,2692.104961,23.11722256,162.6393932,0.710044071,99.94449476,15,0.4,0.15
Burdekin,Native,0.124892289,0.329010296,0.546097414,Australia,Australasia,146.4568008,-21.00902854,129506.2481,22.68841981,423.7855501,0.302339669,99.36780743,52,0.53,0.20754717
Burdekin,Non-native,0.141492947,0.261494391,0.597012662,Australia,Australasia,146.4568008,-21.00902854,129506.2481,22.68841981,423.7855501,0.302339669,99.36780743,52,0.53,0.20754717
Burdur,Native,0.134974177,0.400678247,0.464347576,Turkey,Palearctic,30.11849901,37.56518544,3165.491162,11.1359816,757.6584547,4.004101038,97.40235924,13,0.59,0.254237288
Burnett,Native,0.105063805,0.320938965,0.57399723,Australia,Australasia,151.3366013,-25.6922952,33202.37254,19.70649462,450.5834781,0.51029671,95.23456131,49,0.6,0.083333333
Burnett,Non-native,0.302498601,0.407059197,0.290442202,Australia,Australasia,151.3366013,-25.6922952,33202.37254,19.70649462,450.5834781,0.51029671,95.23456131,49,0.6,0.083333333
Burringbar.creek,Native,0.018058788,0.431460212,0.550481,Australia,Australasia,153.4862525,-28.443918,112.9992682,19.44376399,345.249133,11.29133558,99.89927499,10,0.42,0.119047619
Burringbar.creek,Non-native,0.447257927,0.44473641,0.108005663,Australia,Australasia,153.4862525,-28.443918,112.9992682,19.44376399,345.249133,11.29133558,99.89927499,10,0.42,0.119047619
Buta.Palena,Native,0.123293113,0.242435355,0.634271532,Chile,Neotropic,-71.88007623,-43.93525942,13229.83071,6.527736411,420.4394408,0.083684876,99.97378791,2,0.29,0.517241379
Buta.Palena,Non-native,0.340477413,0,0.659522587,Chile,Neotropic,-71.88007623,-43.93525942,13229.83071,6.527736411,420.4394408,0.083684876,99.97378791,2,0.29,0.517241379
Butawa.Oya,Native,0.115747641,0.393418037,0.490834322,Sri Lanka,Indo-Malay,81.46450529,6.347332499,55.80499426,27.29117238,91.01532435,2.139389753,99.657,28,0.65,0.215384615
Butawa.Oya,Non-native,0.417017478,0.239760474,0.343222047,Sri Lanka,Indo-Malay,81.46450529,6.347332499,55.80499426,27.29117238,91.01532435,2.139389753,99.657,28,0.65,0.215384615
Butre,Native,0.036898266,0.538397783,0.424703951,Ghana,Afrotropic,-1.931635122,4.969760125,429.6964263,26.11025576,107.4941563,0.73836717,99.93334092,7,0.32,0.5625
Buyukmenderes,Native,0.099184656,0.280921681,0.619893663,Turkey,Palearctic,29.04117241,37.94107073,27414.82955,13.25289556,738.2210534,5.611871362,96.01027624,38,0.44,0.5
Buyukmenderes,Non-native,0.319032376,0.225074707,0.455892916,Turkey,Palearctic,29.04117241,37.94107073,27414.82955,13.25289556,738.2210534,5.611871362,96.01027624,38,0.44,0.5
Buyuktchekmedje,Native,0.128661187,0.217189431,0.654149382,Turkey,Palearctic,28.46146248,41.16712221,634.6956703,13.5355462,672.0486145,68.31620312,94.61038846,20,0.53,0.245283019
Buyuktchekmedje,Non-native,0.212688251,0.19844863,0.588863119,Turkey,Palearctic,28.46146248,41.16712221,634.6956703,13.5355462,672.0486145,68.31620312,94.61038846,20,0.53,0.245283019
Bzipi,Native,0.15311508,0.186671985,0.660212935,Georgia,Palearctic,40.69777647,43.39232402,1546.893453,5.461105527,705.7726087,1.666352153,99.95779847,23,0.4,0.8
Bzipi,Non-native,0,0.2270361,0.7729639,Georgia,Palearctic,40.69777647,43.39232402,1546.893453,5.461105527,705.7726087,1.666352153,99.95779847,23,0.4,0.8
Caboolture,Native,0.039510362,0.531441405,0.429048232,Australia,Australasia,152.9104239,-27.09485024,460.484353,19.877532,386.2255685,17.3203826,99.45105768,3,0.4,0.15
Cachoeira,Native,0.254794942,0.357971812,0.387233246,Brazil,Neotropic,-39.62506611,-15.0070776,4758.416768,23.27138029,152.291074,1.731780648,99.83999685,26,0.6,0.05
Cachoeira,Non-native,0.531764085,0.217096636,0.251139278,Brazil,Neotropic,-39.62506611,-15.0070776,4758.416768,23.27138029,152.291074,1.731780648,99.83999685,26,0.6,0.05
Cachoeirinha,Native,0.254956031,0.430605847,0.314438122,Brazil,Neotropic,-43.06899022,-22.59511097,228.8151002,21.40439888,223.4117327,106.189003,98.27937216,18,0.33,0.848484848
Cachoeirinha,Non-native,0.493761342,0.506238658,0,Brazil,Neotropic,-43.06899022,-22.59511097,228.8151002,21.40439888,223.4117327,106.189003,98.27937216,18,0.33,0.848484848
Cahy,Native,0.216980801,0.457127701,0.325891498,Brazil,Neotropic,-39.32995767,-17.00864415,425.6303552,24.22547985,156.0753112,0.884147748,99.95378971,22,0.41,0.146341463
Cai,Native,0.16032002,0.409032355,0.430647625,Vietnam,Indo-Malay,108.9010222,12.31040811,1905.942932,23.39498171,172.3866679,1.61268343,99.83469621,63,0.33,0.787878788
Cai,Non-native,0.425592886,0.287972226,0.286434888,Vietnam,Indo-Malay,108.9010222,12.31040811,1905.942932,23.39498171,172.3866679,1.61268343,99.83469621,63,0.33,0.787878788
Cai.Lap,Native,0.108927561,0.508478001,0.382594439,Vietnam,Indo-Malay,103.9902144,10.16897516,22.29781059,27.08883324,79.92229492,0.554323822,100,23,0.5,0.7
Calabar.River,Native,0.138253149,0.444766245,0.416980606,Nigeria,Afrotropic,8.311600231,5.325513235,1629.83871,26.13349644,92.25954411,1.455511361,99.9533386,41,0.48,0.875
Calcasieu,Native,0.172029272,0.343821824,0.484148905,United States,Nearctic,-93.1309027,30.58963521,10165.91158,19.29679808,671.3169466,9.284473062,99.23916436,112,0.19,0.736842105
Calcasieu,Non-native,0.037147054,0.10760264,0.855250307,United States,Nearctic,-93.1309027,30.58963521,10165.91158,19.29679808,671.3169466,9.284473062,99.23916436,112,0.19,0.736842105
Calleguas.creek,Native,0.242628939,0.357238285,0.400132776,United States,Nearctic,-118.8945785,34.25409148,821.3512566,16.76499857,387.8596921,160.769722,95.86835506,5,0.46,0.260869565
Calleguas.creek,Non-native,0.235538054,0.187998543,0.576463403,United States,Nearctic,-118.8945785,34.25409148,821.3512566,16.76499857,387.8596921,160.769722,95.86835506,5,0.46,0.260869565
Calliope,Native,0.02006532,0.453054997,0.526879683,Australia,Australasia,150.9827513,-24.02202413,1852.370794,21.66470496,388.0973073,0.762623772,99.30321522,9,0.73,0.068493151
Caloosahatchee,Native,0.215696113,0.358498322,0.425805564,United States,Nearctic,-81.23028669,27.32137554,17295.25185,22.68741855,417.5629812,29.91185331,92.69916805,55,0.18,0.722222222
Caloosahatchee,Non-native,0.405786534,0.178537295,0.41567617,United States,Nearctic,-81.23028669,27.32137554,17295.25185,22.68741855,417.5629812,29.91185331,92.69916805,55,0.18,0.722222222
Calvert,Native,0.091195536,0.30282789,0.605976573,Australia,Australasia,137.3445699,-17.13087839,8038.102485,26.05525176,367.3164281,0.010119486,99.99153907,26,0.77,0.142857143
Cam,Native,0.082955164,0.299063219,0.617981617,Australia,Australasia,145.7428607,-41.18692472,248.6712918,10.85781248,301.028088,0.786404729,91.33736043,11,0.35,0.771428571
Cam,Non-native,0.28782068,0,0.71217932,Australia,Australasia,145.7428607,-41.18692472,248.6712918,10.85781248,301.028088,0.786404729,91.33736043,11,0.35,0.771428571
Camaqua,Native,0.244520784,0.402885285,0.352593932,Brazil,Neotropic,-52.94686154,-30.96820728,17524.31411,18.60154348,410.322814,2.15060854,99.42811891,68,0.16,0.6875
Camden.Haven,Native,0.045737146,0.326350216,0.627912638,Australia,Australasia,152.6670844,-31.6504261,656.0603591,17.72684295,370.5655197,3.050278723,99.89898699,19,0.42,0.142857143
Camden.Haven,Non-native,0.413734462,0.586265538,0,Australia,Australasia,152.6670844,-31.6504261,656.0603591,17.72684295,370.5655197,3.050278723,99.89898699,19,0.42,0.142857143
Canada.de.la.Totora,Native,0.17860595,0.556637193,0.264756857,Uruguay,Neotropic,-54.25511611,-34.46587873,206.5367728,16.2181314,419.1631935,1.0770358,99.63676618,6,0.2,0.5
Canche,Native,0.157867713,0.176656862,0.665475425,France,Palearctic,2.044630322,50.42999409,1415.084669,10.11348504,502.7063556,22.518435,99.73354859,13,0.18,0.777777778
Canche,Non-native,0.199050513,0.11351805,0.687431437,France,Palearctic,2.044630322,50.42999409,1415.084669,10.11348504,502.7063556,22.518435,99.73354859,13,0.18,0.777777778
Candapui,Native,0.13233611,0.431452705,0.436211185,Brazil,Neotropic,-47.80142819,-24.87780816,87.33861589,21.9244166,291.4648871,0.942429334,99.99696354,23,0.25,0.68
Candelaria,Native,0.216155936,0.35261892,0.431225144,Mexico,Neotropic,-90.54703694,18.11289373,14608.73725,26.15667102,207.238697,1.270270303,99.9711681,33,0.43,0.790697674
Cane,Native,0,0.328574526,0.671425474,Australia,Australasia,115.7460719,-22.06291476,3509.98627,26.30220929,495.016172,0.03975963,99.98069658,2,0.86,0.058139535
Cangandi,Native,0.228961721,0.372084402,0.398953877,Panama,Neotropic,-79.17142396,9.411376469,334.3104886,25.58720763,65.96836647,9.047283769,99.99230595,26,0.49,0.755102041
Cangrejal,Native,0.303626071,0.367190704,0.329183224,Honduras,Neotropic,-86.72205459,15.62664034,496.8166252,22.32044897,162.312202,1.185852155,99.88237438,32,0.35,0.6
Caniapiscau,Native,0.232931897,0.107671245,0.659396859,Canada,Nearctic,-69.53802951,55.66472267,135602.7783,-5.161641567,1338.083547,0.001367955,99.0252032,17,0.55,0.763636364
Cann,Native,0.033173686,0.47115133,0.495674984,Australia,Australasia,149.1395459,-37.44640295,1185.399136,13.40281136,375.8739127,0.387472875,99.95173295,15,0.49,0.102040816
Cap.Chat,Native,0.316763584,0.112790902,0.570445514,Canada,Nearctic,-66.7147246,48.87974952,762.3488476,1.136681493,1100.476483,0.458213665,99.9924057,5,0.51,0.764705882
Cap.Chat,Non-native,0.398101026,0,0.601898974,Canada,Nearctic,-66.7147246,48.87974952,762.3488476,1.136681493,1100.476483,0.458213665,99.9924057,5,0.51,0.764705882
Caparo,Native,0.194431621,0.469515632,0.336052748,Trinidad and Tobago,Neotropic,-61.39954955,10.47759009,62.22779208,26.6021396,58.81578791,17.19340992,99.29472949,14,0.36,0.638888889
Cape.Fear,Native,0.232418694,0.309019179,0.458562127,United States,Nearctic,-78.81096018,35.25343859,22855.78725,15.79243588,761.1236042,22.13431263,94.80239249,94,0.16,0.5625
Cape.Fear,Non-native,0.187010543,0.228360497,0.58462896,United States,Nearctic,-78.81096018,35.25343859,22855.78725,15.79243588,761.1236042,22.13431263,94.80239249,94,0.16,0.5625
Capel,Native,0.120332756,0.471114836,0.408552408,Australia,Australasia,115.7104812,-33.60383799,727.4319225,16.69697536,395.5011301,2.243588746,99.91260434,3,0.45,0.4
Capel,Non-native,0.262360659,0.335008011,0.40263133,Australia,Australasia,115.7104812,-33.60383799,727.4319225,16.69697536,395.5011301,2.243588746,99.91260434,3,0.45,0.4
Capivari,Native,0.218882029,0.418030358,0.363087613,Brazil,Neotropic,-50.42955228,-30.0239999,904.6237371,19.33619469,341.3202833,2.45206821,98.61092886,36,0.23,0.52173913
Capot,Native,0.067670062,0.434942595,0.497387343,Martinique,Neotropic,-61.1125,14.79459459,61.21131411,24.28440313,98.07339148,NA,99.93111685,7,0.52,0.230769231
Capot,Non-native,0.582214208,0.340473853,0.077311939,Martinique,Neotropic,-61.1125,14.79459459,61.21131411,24.28440313,98.07339148,NA,99.93111685,7,0.52,0.230769231
Caraiva,Native,0.265166906,0.355996168,0.378836926,Brazil,Neotropic,-39.40083911,-16.748974,1318.412395,24.13651385,155.5772554,0.951015428,99.95170688,8,0.4,0.2
Carlos.Tejedor,Native,0.251186778,0.389123526,0.359689696,Argentina,Neotropic,-62.63849949,-35.2148318,13083.53527,16.06267112,568.4921197,0.316047885,99.7204662,12,0.44,0.204545455
Carlos.Tejedor,Non-native,0,0.088214167,0.911785833,Argentina,Neotropic,-62.63849949,-35.2148318,13083.53527,16.06267112,568.4921197,0.316047885,99.7204662,12,0.44,0.204545455
Carlton,Native,0.016999153,0.33764052,0.645360328,Australia,Australasia,147.7525616,-42.80551781,169.2773049,11.55347745,311.7087073,4.116295278,99.86327678,7,0.33,0.272727273
Carlton,Non-native,0.28782068,0,0.71217932,Australia,Australasia,147.7525616,-42.80551781,169.2773049,11.55347745,311.7087073,4.116295278,99.86327678,7,0.33,0.272727273
Carmel,Native,0.215883944,0.262096434,0.522019622,United States,Nearctic,-121.6840418,36.42753604,643.6046003,12.59534156,361.850738,25.1642704,96.34142189,9,0.52,0.288461538
Carmel,Non-native,0.162669153,0.174833224,0.662497623,United States,Nearctic,-121.6840418,36.42753604,643.6046003,12.59534156,361.850738,25.1642704,96.34142189,9,0.52,0.288461538
Carolina,Native,0.299161092,0.589355874,0.111483034,Argentina,Neotropic,-58.05034981,-38.14399371,133.7188197,13.89965097,466.0881563,0.384527773,99.61364977,4,0.36,0.222222222
Caroni,Native,0.242093782,0.335138883,0.422767335,Trinidad and Tobago,Neotropic,-61.31336965,10.61442087,732.9607472,25.9179186,60.0525744,17.19340992,99.02325766,42,0.3,0.833333333
Carti.Grande,Native,0.123355504,0.442234918,0.434409578,Panama,Neotropic,-79.0206111,9.353772104,119.2547165,25.62892859,59.89509942,6.148385644,99.97856942,41,0.5,0.78
Carvao,Native,0.187660291,0.390727598,0.421612111,Brazil,Neotropic,-50.14765226,-29.59082357,2459.291191,17.80745835,322.1985671,4.844989538,99.87368656,143,0.17,0.411764706
Carvao,Non-native,0.421780289,0.159336758,0.418882953,Brazil,Neotropic,-50.14765226,-29.59082357,2459.291191,17.80745835,322.1985671,4.844989538,99.87368656,143,0.17,0.411764706
Casamance,Native,0.176161827,0.360706869,0.463131303,Senegal,Afrotropic,-15.6287376,12.85927888,19518.71546,26.63895838,164.1239786,0.679638579,99.83223304,67,0.68,0.485294118
Casas.Grandes,Native,0.228993345,0.339654262,0.431352393,Mexico,Nearctic,-108.0996878,30.65684449,17450.65726,15.18808182,675.6868549,0.4691962,99.14196711,7,0.69,0.188405797
Cascade,Native,0.029841801,0.378114834,0.592043365,New Zealand,Australasia,168.462466,-44.17386595,441.9590137,8.984975637,367.921456,0.122429423,99.99515201,9,0.24,0.458333333
Cascade,Non-native,0.28782068,0,0.71217932,New Zealand,Australasia,168.462466,-44.17386595,441.9590137,8.984975637,367.921456,0.122429423,99.99515201,9,0.24,0.458333333
Cascapedia,Native,0.217026332,0.178167528,0.60480614,Canada,Nearctic,-66.28350249,48.58874966,3135.580821,1.263321236,1086.970011,0.492362984,99.98724526,14,0.48,0.770833333
Cascapedia,Non-native,0.398101026,0,0.601898974,Canada,Nearctic,-66.28350249,48.58874966,3135.580821,1.263321236,1086.970011,0.492362984,99.98724526,14,0.48,0.770833333
Catatumbo,Native,0.258892763,0.350485151,0.390622085,Venezuela,Neotropic,-72.71160998,8.512470203,27438.40275,23.62258289,54.12028134,3.694489837,99.80761389,109,0.36,0.583333333
Catlins,Native,0.038342425,0.349285128,0.612372447,New Zealand,Australasia,169.4524835,-46.42330351,215.1233113,9.081497203,321.4563193,0.299971998,99.84157963,10,0.19,0.473684211
Catlins,Non-native,0.28782068,0,0.71217932,New Zealand,Australasia,169.4524835,-46.42330351,215.1233113,9.081497203,321.4563193,0.299971998,99.84157963,10,0.19,0.473684211
Cauvery,Native,0.113144017,0.350609986,0.536245996,India,Indo-Malay,77.27572772,11.82755695,78064.61739,25.14091313,191.6333491,9.773037195,85.17098713,161,0.4,0.875
Cauvery,Non-native,0.247051739,0.151424123,0.601524138,India,Indo-Malay,77.27572772,11.82755695,78064.61739,25.14091313,191.6333491,9.773037195,85.17098713,161,0.4,0.875
Cavado,Native,0.08722311,0.195553171,0.717223719,Portugal,Palearctic,-8.213382522,41.68247437,1590.692744,12.37250269,461.5001075,32.42986202,80.68034528,16,0.29,0.689655172
Cavado,Non-native,0.188977891,0.087953891,0.723068218,Portugal,Palearctic,-8.213382522,41.68247437,1590.692744,12.37250269,461.5001075,32.42986202,80.68034528,16,0.29,0.689655172
Cavally,Native,0.172292476,0.418609676,0.409097847,Côte d'Ivoire,Afrotropic,-7.740613199,5.969843112,29845.11768,25.43628541,89.6876343,0.683038943,99.95880307,88,0.39,0.897435897
Cavone,Native,0.062145762,0.127885163,0.809969076,Italy,Palearctic,16.38653348,40.42747521,650.1696224,14.70941685,625.4877566,11.4070096,99.41897469,6,0.6,0.183333333
Cavone,Non-native,0.049620462,0.231137401,0.719242137,Italy,Palearctic,16.38653348,40.42747521,650.1696224,14.70941685,625.4877566,11.4070096,99.41897469,6,0.6,0.183333333
Cazones,Native,0.253936837,0.389566851,0.356496312,Mexico,Neotropic,-97.71107,20.4658282,2800.987162,21.82112711,289.0668219,9.573096752,97.85026323,15,0.29,0.517241379
Cazones,Non-native,0.379064764,0.271614222,0.349321013,Mexico,Neotropic,-97.71107,20.4658282,2800.987162,21.82112711,289.0668219,9.573096752,97.85026323,15,0.29,0.517241379
Ceara.Mirim,Native,0.160653755,0.470690846,0.368655399,Brazil,Neotropic,-35.89749341,-5.648712996,2629.21144,25.1163356,115.2136213,3.503412068,91.51312124,12,0.74,0.135135135
Cedar,Native,0.25850092,0.13494501,0.60655407,United States,Nearctic,-122.0531984,47.57646585,1532.190365,9.765247283,528.6048316,97.29450607,92.86415098,23,0.33,0.787878788
Cedar,Non-native,0.213512187,0.11038861,0.676099203,United States,Nearctic,-122.0531984,47.57646585,1532.190365,9.765247283,528.6048316,97.29450607,92.86415098,23,0.33,0.787878788
Cedar.Bayou,Native,0.189648524,0.27788571,0.532465766,United States,Nearctic,-94.97202067,29.97222219,611.5891686,20.1530478,654.7094598,33.22401667,99.80106182,24,0.2,0.55
Cedar.Bayou,Non-native,0.279265099,0.233751831,0.486983069,United States,Nearctic,-94.97202067,29.97222219,611.5891686,20.1530478,654.7094598,33.22401667,99.80106182,24,0.2,0.55
Cesano,Native,0.135152975,0.267590072,0.597256953,Italy,Palearctic,12.87797973,43.53658804,676.2805609,12.86457759,687.9610983,23.99926949,99.63106388,11,0.44,0.363636364
Cesano,Non-native,0.266979099,0.101937092,0.631083809,Italy,Palearctic,12.87797973,43.53658804,676.2805609,12.86457759,687.9610983,23.99926949,99.63106388,11,0.44,0.363636364
Cestos,Native,0.176845587,0.408563321,0.414591091,Liberia,Afrotropic,-8.762487434,6.474388006,12577.58504,25.4142677,76.62106504,0.426189085,99.94014184,73,0.43,0.906976744
Cestos,Non-native,0.703714389,0,0.296285611,Liberia,Afrotropic,-8.762487434,6.474388006,12577.58504,25.4142677,76.62106504,0.426189085,99.94014184,73,0.43,0.906976744
Cetina,Native,0.194596515,0.177133328,0.628270157,Croatia,Palearctic,16.74385922,43.7998169,3833.26942,9.474561082,667.4133257,4.296309233,94.62582894,10,0.24,0.833333333
Cetina,Non-native,0.132700342,0.105083422,0.762216236,Croatia,Palearctic,16.74385922,43.7998169,3833.26942,9.474561082,667.4133257,4.296309233,94.62582894,10,0.24,0.833333333
Ceyhan,Native,0.089412341,0.289898094,0.620689565,Turkey,Palearctic,36.05210146,37.54677652,12054.18731,14.14704095,750.7126975,7.769052148,92.77090795,43,0.38,0.763157895
Ceyhan,Non-native,0.319032376,0.225074707,0.455892916,Turkey,Palearctic,36.05210146,37.54677652,12054.18731,14.14704095,750.7126975,7.769052148,92.77090795,43,0.38,0.763157895
Ch.anggo,Native,0.10531952,0.325691002,0.568989478,South Korea,Palearctic,126.3895161,33.31626344,44.46677291,13.13534941,756.0924309,9.196617603,99.83395,10,0.31,0.612903226
Ch.anggo,Non-native,0,0.088214167,0.911785833,South Korea,Palearctic,126.3895161,33.31626344,44.46677291,13.13534941,756.0924309,9.196617603,99.83395,10,0.31,0.612903226
Chacalapa,Native,0.181772326,0.460230155,0.357997519,Mexico,Neotropic,-95.95091443,15.95511025,150.1440326,25.82435898,76.62156359,0.397233568,99.80467616,11,0.53,0.660377358
Chaetugol.soryuji,Native,0.136470355,0.408805549,0.454724095,South Korea,Palearctic,126.6257522,36.3843746,141.7362792,11.85139563,957.6071822,15.00964975,80.48864886,34,0.42,0.476190476
Chaetugol.soryuji,Non-native,0.142428926,0.301261531,0.556309543,South Korea,Palearctic,126.6257522,36.3843746,141.7362792,11.85139563,957.6071822,15.00964975,80.48864886,34,0.42,0.476190476
Chagres,Native,0.167547098,0.346274413,0.486178489,Panama,Neotropic,-79.73115798,9.165742721,3378.235244,25.79108765,66.98464794,7.528433442,97.05085845,99,0.5,0.82
Chagres,Non-native,0.220336178,0.388563294,0.391100527,Panama,Neotropic,-79.73115798,9.165742721,3378.235244,25.79108765,66.98464794,7.528433442,97.05085845,99,0.5,0.82
Chagundaesan,Native,0.121701623,0.360234541,0.518063836,South Korea,Palearctic,127.2796477,34.648514,17.90392105,13.52973491,879.1738919,12.2022965,99.955,13,0.51,0.392156863
Chagundaesan,Non-native,0,0.088214167,0.911785833,South Korea,Palearctic,127.2796477,34.648514,17.90392105,13.52973491,879.1738919,12.2022965,99.955,13,0.51,0.392156863
Chalakkudy,Native,0.098964935,0.382125309,0.518909756,India,Indo-Malay,76.59299738,10.34364697,1801.4643,24.44624496,122.9288831,17.28607416,91.64677997,82,0.45,0.911111111
Chalakkudy,Non-native,0.472873716,0.244310707,0.282815578,India,Indo-Malay,76.59299738,10.34364697,1801.4643,24.44624496,122.9288831,17.28607416,91.64677997,82,0.45,0.911111111
Chaliyar,Native,0.125423173,0.40370239,0.470874436,India,Indo-Malay,76.19529263,11.33940155,2970.550567,24.55422411,135.2446439,9.29446435,99.83514382,70,0.46,0.891304348
Chaliyar,Non-native,0.625945436,0.258086656,0.115967908,India,Indo-Malay,76.19529263,11.33940155,2970.550567,24.55422411,135.2446439,9.29446435,99.83514382,70,0.46,0.891304348
Chamelecon,Native,0.325850642,0.331699095,0.342450262,Honduras,Neotropic,-88.3529768,15.31136839,4425.06413,24.07702973,152.2403687,2.801784754,99.87868815,47,0.43,0.76744186
Chamelecon,Non-native,0.227451209,0.006226672,0.766322119,Honduras,Neotropic,-88.3529768,15.31136839,4425.06413,24.07702973,152.2403687,2.801784754,99.87868815,47,0.43,0.76744186
Champoton,Native,0.287088944,0.347005801,0.365905256,Mexico,Neotropic,-90.07141931,18.85345956,12769.65416,25.83297337,209.2367943,2.587535977,99.9168084,31,0.51,0.352941176
Chamyong.pokpo,Native,0.136615942,0.309132506,0.554251552,South Korea,Palearctic,129.3322499,36.25578009,78.57320246,12.08317463,867.0431019,9.85035789,99.68251861,15,0.53,0.226415094
Chamyong.pokpo,Non-native,0,0.088214167,0.911785833,South Korea,Palearctic,129.3322499,36.25578009,78.57320246,12.08317463,867.0431019,9.85035789,99.68251861,15,0.53,0.226415094
Chandragiri,Native,0.124615873,0.410033697,0.46535043,India,Indo-Malay,75.36313074,12.50017799,1325.061707,25.65204398,135.9094528,7.370222092,99.83165068,50,0.58,0.793103448
Chandragiri,Non-native,0.758129529,0.009934655,0.231935816,India,Indo-Malay,75.36313074,12.50017799,1325.061707,25.65204398,135.9094528,7.370222092,99.83165068,50,0.58,0.793103448
Changan,Native,0.08187532,0.357523008,0.560601673,South Korea,Palearctic,129.2083224,35.32141615,62.47509355,13.25239462,826.8052158,76.24979019,98.99795,9,0.41,0.414634146
Changdo,Native,0.104059709,0.284973627,0.610966665,South Korea,Palearctic,126.6511351,37.54285721,66.63719859,11.58146698,1039.280273,121.1980972,99.40507743,21,0.46,0.543478261
Changdo,Non-native,0,0.088214167,0.911785833,South Korea,Palearctic,126.6511351,37.54285721,66.63719859,11.58146698,1039.280273,121.1980972,99.40507743,21,0.46,0.543478261
Changhuajiang,Native,0.125081386,0.362607761,0.512310853,China,Indo-Malay,109.2254596,18.9424719,5026.731146,23.00436798,342.0152781,2.072469741,94.09955877,79,0.4,0.825
Changhuajiang,Non-native,0.476953305,0.194878593,0.328168103,China,Indo-Malay,109.2254596,18.9424719,5026.731146,23.00436798,342.0152781,2.072469741,94.09955877,79,0.4,0.825
Changmu,Native,0.117030266,0.423606148,0.459363585,South Korea,Palearctic,127.6186746,34.7453248,41.22005434,13.78081764,860.4775379,12.20229626,100,18,0.46,0.456521739
Changmu,Non-native,0,0.088214167,0.911785833,South Korea,Palearctic,127.6186746,34.7453248,41.22005434,13.78081764,860.4775379,12.20229626,100,18,0.46,0.456521739
Changsa.ri,Native,0.159340328,0.330059494,0.510600178,South Korea,Palearctic,129.3405602,36.32926163,62.13520681,12.36347225,863.2679498,9.850358129,99.82957671,20,0.43,0.302325581
Changsa.ri,Non-native,0,0.088214167,0.911785833,South Korea,Palearctic,129.3405602,36.32926163,62.13520681,12.36347225,863.2679498,9.850358129,99.82957671,20,0.43,0.302325581
Changsu.je,Native,0.137017457,0.341143794,0.521838749,South Korea,Palearctic,127.3170289,34.58916265,79.64513458,13.47743364,865.6986754,12.20229626,99.67210311,14,0.48,0.416666667
Changsu.je,Non-native,0,0.088214167,0.911785833,South Korea,Palearctic,127.3170289,34.58916265,79.64513458,13.47743364,865.6986754,12.20229626,99.67210311,14,0.48,0.416666667
Changuinola,Native,0.32588803,0.437371068,0.236740902,Panama,Neotropic,-82.66061304,9.165147718,3216.269378,19.39588579,60.41676298,1.336319327,99.99627602,13,0.38,0.684210526
Chantaburi,Native,0.159220549,0.393555791,0.44722366,Thailand,Indo-Malay,102.1321041,12.80994449,1376.723018,26.45949493,102.8049373,2.22756952,98.99783596,124,0.52,0.75
Chantaburi,Non-native,0,0.128673395,0.871326605,Thailand,Indo-Malay,102.1321041,12.80994449,1376.723018,26.45949493,102.8049373,2.22756952,98.99783596,124,0.52,0.75
Chao.Phraya,Native,0.154308907,0.371131389,0.474559704,Thailand,Indo-Malay,100.0018486,17.19256063,144194.0656,25.84780695,224.7972571,4.492495835,96.14342136,483,0.57,0.877192982
Chao.Phraya,Non-native,0.278174436,0.153354357,0.568471207,Thailand,Indo-Malay,100.0018486,17.19256063,144194.0656,25.84780695,224.7972571,4.492495835,96.14342136,483,0.57,0.877192982
Chapman,Native,0.029632772,0.385129317,0.585237911,Australia,Australasia,114.8549813,-28.48564338,1804.682165,20.10261026,506.8189558,0.653748602,99.91683493,4,0.82,0.048780488
Chapman,Non-native,0.508031527,0.268479295,0.223489178,Australia,Australasia,114.8549813,-28.48564338,1804.682165,20.10261026,506.8189558,0.653748602,99.91683493,4,0.82,0.048780488
Charente,Native,0.104832718,0.170552379,0.724614904,France,Palearctic,-0.063991302,45.7910681,9561.56072,12.27070828,541.1739829,10.82338834,98.95668924,25,0.19,0.736842105
Charente,Non-native,0.135786929,0.134278711,0.72993436,France,Palearctic,-0.063991302,45.7910681,9561.56072,12.27070828,541.1739829,10.82338834,98.95668924,25,0.19,0.736842105
Charnley,Native,0.135668206,0.414412437,0.449919357,Australia,Australasia,125.4246214,-16.24442854,5902.140753,26.05390606,304.9175573,0.026354588,99.99165732,4,0.61,0.459016393
Chasan.chon,Native,0.143218443,0.308213164,0.548568393,South Korea,Palearctic,128.3981766,38.43709346,59.96121488,10.84854652,882.0182524,1.689056158,99.92579497,26,0.42,0.30952381
Chasan.chon,Non-native,0,0.088214167,0.911785833,South Korea,Palearctic,128.3981766,38.43709346,59.96121488,10.84854652,882.0182524,1.689056158,99.92579497,26,0.42,0.30952381
Chava.Aru,Native,0.115747641,0.393418037,0.490834322,Sri Lanka,Indo-Malay,80.84909573,9.033080262,28.19016927,27.70195317,174.6371336,1.956746489,99.5205779,28,0.68,0.264705882
Chava.Aru,Non-native,0.417017478,0.239760474,0.343222047,Sri Lanka,Indo-Malay,80.84909573,9.033080262,28.19016927,27.70195317,174.6371336,1.956746489,99.5205779,28,0.68,0.264705882
Cheakamus,Native,0.355338787,0.074476723,0.57018449,Canada,Nearctic,-123.3425939,50.10199127,3854.869803,2.660852519,629.2768673,13.07696962,98.98660423,14,0.46,0.760869565
Cheakamus,Non-native,0.138785864,0.016844653,0.844369483,Canada,Nearctic,-123.3425939,50.10199127,3854.869803,2.660852519,629.2768673,13.07696962,98.98660423,14,0.46,0.760869565
Chehalis,Native,0.266336065,0.150716972,0.582946963,United States,Nearctic,-123.2296113,46.8847028,5459.553799,9.678636468,469.5658346,4.421812117,98.36983326,31,0.35,0.885714286
Chehalis,Non-native,0.199491791,0.083584713,0.716923496,United States,Nearctic,-123.2296113,46.8847028,5459.553799,9.678636468,469.5658346,4.421812117,98.36983326,31,0.35,0.885714286
Chengianjiang,Native,0.107937418,0.327185613,0.564876969,China,Indo-Malay,120.8271411,29.6183567,5178.404708,15.55052683,834.7044934,19.83938289,91.77603568,88,0.32,0.625
Chengianjiang,Non-native,0.024103505,0.074027291,0.901869205,China,Indo-Malay,120.8271411,29.6183567,5178.404708,15.55052683,834.7044934,19.83938289,91.77603568,88,0.32,0.625
Chenini,Native,0.218614499,0.423720638,0.357664863,Tunisia,Palearctic,10.04570988,33.76648908,275.8456565,20.26688775,628.9122601,1.304296002,99.70626241,1,0.64,0.0625
Chenini,Non-native,0.413734462,0.586265538,0,Tunisia,Palearctic,10.04570988,33.76648908,275.8456565,20.26688775,628.9122601,1.304296002,99.70626241,1,0.64,0.0625
Chew.Tobacco.creek,Native,0.037896101,0.553981391,0.408122509,Australia,Australasia,148.1586893,-40.09362162,163.2832631,13.64113759,309.3398121,0.03675642,99.93013263,4,0.34,0.382352941
Chico,Native,0.088536445,0.314394734,0.597068822,Argentina,Neotropic,-70.72487405,-49.12974023,18260.76249,7.653927232,488.9910052,0.019959243,99.94003854,4,0.27,0.740740741
Chico,Non-native,0.290304,0,0.709696,Argentina,Neotropic,-70.72487405,-49.12974023,18260.76249,7.653927232,488.9910052,0.019959243,99.94003854,4,0.27,0.740740741
Chienti,Native,0.134801389,0.258833491,0.60636512,Italy,Palearctic,13.29104997,43.13939314,1340.79087,12.19424836,668.1931117,24.0399394,95.0433967,12,0.36,0.472222222
Chienti,Non-native,0.110365797,0.138739314,0.750894889,Italy,Palearctic,13.29104997,43.13939314,1340.79087,12.19424836,668.1931117,24.0399394,95.0433967,12,0.36,0.472222222
Chigusa,Native,0.252742884,0.45383141,0.293425706,Japan,Palearctic,134.3883403,34.98127727,733.2197913,13.04460901,845.1344022,53.41191483,99.72789267,1,0.21,0.666666667
Chikugo,Native,0.123626758,0.331928626,0.544444615,Japan,Palearctic,130.809818,33.27962038,2833.699517,13.83840951,806.8444141,107.3486137,96.39300899,3,0.25,0.68
Chikugo,Non-native,0.284857852,0.514308894,0.200833253,Japan,Palearctic,130.809818,33.27962038,2833.699517,13.83840951,806.8444141,107.3486137,96.39300899,3,0.25,0.68
Chilwa,Native,0.273173668,0.379842678,0.346983654,Malawi,Afrotropic,35.71817034,-15.34238046,9712.065071,22.24095948,249.9317502,1.219245866,99.96202127,45,0.67,0.328358209
Chilwa,Non-native,0.35223059,0.209237691,0.438531719,Malawi,Afrotropic,35.71817034,-15.34238046,9712.065071,22.24095948,249.9317502,1.219245866,99.96202127,45,0.67,0.328358209
Chimjin,Native,0.150604968,0.347310443,0.502084589,South Korea,Palearctic,126.8329984,34.73078748,494.6701796,12.90614285,888.2879464,9.527025938,99.72188495,55,0.3,0.8
Chimjin,Non-native,0.142428926,0.301261531,0.556309543,South Korea,Palearctic,126.8329984,34.73078748,494.6701796,12.90614285,888.2879464,9.527025938,99.72188495,55,0.3,0.8
Chindari,Native,0.101775683,0.274746873,0.623477444,South Korea,Palearctic,127.8930242,35.01315099,88.07653386,12.91311065,885.8811198,21.48364615,99.88615007,19,0.47,0.425531915
Chindari,Non-native,0,0.088214167,0.911785833,South Korea,Palearctic,127.8930242,35.01315099,88.07653386,12.91311065,885.8811198,21.48364615,99.88615007,19,0.47,0.425531915
Chinjuk.chosuji,Native,0.110761821,0.374222549,0.51501563,South Korea,Palearctic,126.5997125,36.44657867,38.16565285,11.88433638,960.7481011,15.00964975,99.90155,23,0.45,0.422222222
Chinjuk.chosuji,Non-native,0,0.088214167,0.911785833,South Korea,Palearctic,126.5997125,36.44657867,38.16565285,11.88433638,960.7481011,15.00964975,99.90155,23,0.45,0.422222222
Chire,Native,0.117885334,0.387037021,0.495077646,South Korea,Palearctic,126.4848721,37.69750154,48.49267499,11.04861113,1021.854531,121.1980972,99.69822907,21,0.49,0.448979592
Chire,Non-native,0,0.088214167,0.911785833,South Korea,Palearctic,126.4848721,37.69750154,48.49267499,11.04861113,1021.854531,121.1980972,99.69822907,21,0.49,0.448979592
Chiriqui.Viejo,Native,0.262166124,0.461620215,0.276213661,Panama,Neotropic,-82.75155081,8.674155681,1585.121871,22.08076065,68.47373336,3.440842509,99.87236387,17,0.44,0.727272727
Chisan,Native,0.141718835,0.342809772,0.515471393,South Korea,Palearctic,126.4227302,34.89657232,47.2031408,13.51906783,888.5151191,9.527025819,99.62771746,36,0.47,0.361702128
Chisan,Non-native,0.142428926,0.301261531,0.556309543,South Korea,Palearctic,126.4227302,34.89657232,47.2031408,13.51906783,888.5151191,9.527025819,99.62771746,36,0.47,0.361702128
Chittari,Native,0.134983772,0.423661635,0.441354593,India,Indo-Malay,75.17304537,12.32216181,197.3889644,26.9427659,133.6822802,7.381847143,99.7714884,24,0.58,0.724137931
Chocancharava,Native,0.255177657,0.321438311,0.423384032,Argentina,Neotropic,-63.88305442,-32.8835901,14088.28215,16.39087094,513.57194,0.879385754,99.6104187,26,0.17,0.235294118
Chocancharava,Non-native,0.199050513,0.044107084,0.756842404,Argentina,Neotropic,-63.88305442,-32.8835901,14088.28215,16.39087094,513.57194,0.879385754,99.6104187,26,0.17,0.235294118
Choctawhatchee,Native,0.195083582,0.36352834,0.441388078,United States,Nearctic,-85.7753572,31.22902993,11879.80766,18.56807022,664.4864689,6.217483163,99.56843574,94,0.2,0.5
Choctawhatchee,Non-native,0.135994883,0.07600654,0.787998577,United States,Nearctic,-85.7753572,31.22902993,11879.80766,18.56807022,664.4864689,6.217483163,99.56843574,94,0.2,0.5
Chogam.je,Native,0.136858913,0.363921621,0.499219466,South Korea,Palearctic,126.6828257,34.81468597,158.2542377,13.28189593,899.0445703,9.527025938,99.73089068,36,0.41,0.512195122
Chogam.je,Non-native,0.142428926,0.301261531,0.556309543,South Korea,Palearctic,126.6828257,34.81468597,158.2542377,13.28189593,899.0445703,9.527025938,99.73089068,36,0.41,0.512195122
Chogok.chon,Native,0.14017816,0.37007628,0.48974556,South Korea,Palearctic,129.2967761,36.12990156,161.2199525,12.42829136,886.3017091,9.85035789,79.69097549,20,0.42,0.333333333
Chogok.chon,Non-native,0,0.088214167,0.911785833,South Korea,Palearctic,129.2967761,36.12990156,161.2199525,12.42829136,886.3017091,9.85035789,79.69097549,20,0.42,0.333333333
Choluteca,Native,0.311303694,0.369721291,0.318975015,Honduras,Neotropic,-87.02716212,13.82413761,8039.477161,22.90366717,126.9734704,2.613031507,99.83016038,29,0.49,0.530612245
Choluteca,Non-native,0.647694139,0.352305861,0,Honduras,Neotropic,-87.02716212,13.82413761,8039.477161,22.90366717,126.9734704,2.613031507,99.83016038,29,0.49,0.530612245
Chomam.josuji,Native,0.11313601,0.36431458,0.522549411,South Korea,Palearctic,127.3566519,34.66527179,39.052161,13.65154316,873.7756969,12.20229602,99.80593416,16,0.49,0.469387755
Chomam.josuji,Non-native,0,0.088214167,0.911785833,South Korea,Palearctic,127.3566519,34.66527179,39.052161,13.65154316,873.7756969,12.20229602,99.80593416,16,0.49,0.469387755
Chondae.josuji,Native,0.133957071,0.345117528,0.520925401,South Korea,Palearctic,126.7354238,36.94583099,67.90058159,11.75270392,1003.429942,15.00965023,99.78283637,32,0.46,0.5
Chondae.josuji,Non-native,0.142428926,0.301261531,0.556309543,South Korea,Palearctic,126.7354238,36.94583099,67.90058159,11.75270392,1003.429942,15.00965023,99.78283637,32,0.46,0.5
Chonggye.josuji,Native,0.153201883,0.257242733,0.589555385,South Korea,Palearctic,129.3252466,36.19221254,89.11373264,12.36101188,873.0180708,9.85035789,99.71277805,12,0.44,0.318181818
Chonggye.josuji,Non-native,0,0.088214167,0.911785833,South Korea,Palearctic,129.3252466,36.19221254,89.11373264,12.36101188,873.0180708,9.85035789,99.71277805,12,0.44,0.318181818
Chongho.josuji,Native,0.121083311,0.384226355,0.494690334,South Korea,Palearctic,126.6695212,35.70960027,109.1359908,12.89182896,935.5892417,34.35796595,99.85009856,44,0.42,0.5
Chongho.josuji,Non-native,0.142428926,0.301261531,0.556309543,South Korea,Palearctic,126.6695212,35.70960027,109.1359908,12.89182896,935.5892417,34.35796595,99.85009856,44,0.42,0.5
Chongup,Native,0.131359799,0.364648954,0.503991246,South Korea,Palearctic,126.9274996,35.65495641,809.193342,12.65361209,951.0242631,32.90818548,91.76713665,55,0.29,0.827586207
Chongup,Non-native,0.142428926,0.301261531,0.556309543,South Korea,Palearctic,126.9274996,35.65495641,809.193342,12.65361209,951.0242631,32.90818548,91.76713665,55,0.29,0.827586207
Chonmi.chon,Native,0.074393596,0.349950833,0.575655571,South Korea,Palearctic,126.7339405,33.41028057,142.572764,13.61813233,769.2949737,9.196617842,99.73995908,10,0.26,0.538461538
Choptank,Native,0.205682255,0.286549165,0.50776858,United States,Nearctic,-75.84261388,38.9540491,1215.486368,12.98455449,866.5744433,57.94758511,99.91081028,41,0.18,0.722222222
Choptank,Non-native,0.156742571,0.148979485,0.694277943,United States,Nearctic,-75.84261388,38.9540491,1215.486368,12.98455449,866.5744433,57.94758511,99.91081028,41,0.18,0.722222222
Choshui,Native,0.163878345,0.368054411,0.468067244,Taiwan,Indo-Malay,120.915449,23.74452952,3269.147947,16.06022863,364.2872424,35.65468216,99.19245887,34,0.29,0.862068966
Chubut,Native,0.145363459,0.337641899,0.516994642,Argentina,Neotropic,-69.48477923,-44.27110909,98971.96132,9.501174757,508.858013,0.113322688,98.66372386,11,0.32,0.59375
Chubut,Non-native,0.336751329,0,0.663248671,Argentina,Neotropic,-69.48477923,-44.27110909,98971.96132,9.501174757,508.858013,0.113322688,98.66372386,11,0.32,0.59375
Chujin,Native,0.115314832,0.374704944,0.509980224,South Korea,Palearctic,126.6441873,35.43183882,225.1199821,12.77226522,925.0895441,34.35796595,98.55029376,32,0.41,0.512195122
Chujin,Non-native,0.142428926,0.301261531,0.556309543,South Korea,Palearctic,126.6441873,35.43183882,225.1199821,12.77226522,925.0895441,34.35796595,98.55029376,32,0.41,0.512195122
Chukotat,Native,0.286218956,0.277474432,0.436306612,Canada,Nearctic,-77.93789788,60.85821507,101.5287425,-6.499149653,1304.361429,0.024568076,100,3,0.6,0.616666667
Chukto.san,Native,0.143484931,0.349586994,0.506928075,South Korea,Palearctic,129.393363,36.46801467,105.2360352,12.54138326,860.7579358,9.85035789,99.85130284,23,0.55,0.2
Chukto.san,Non-native,0,0.088214167,0.911785833,South Korea,Palearctic,129.393363,36.46801467,105.2360352,12.54138326,860.7579358,9.85035789,99.85130284,23,0.55,0.2
Chungdomun,Native,0.147873725,0.368489938,0.483636336,South Korea,Palearctic,128.5356131,38.14942169,139.28174,9.907920764,908.3508002,1.689056039,99.6794089,27,0.43,0.418604651
Chungdomun,Non-native,0,0.088214167,0.911785833,South Korea,Palearctic,128.5356131,38.14942169,139.28174,9.907920764,908.3508002,1.689056039,99.6794089,27,0.43,0.418604651
Chunggwang.je,Native,0.140730629,0.367684631,0.49158474,South Korea,Palearctic,127.313364,34.86896447,117.4076878,12.87113456,890.399032,12.2022965,99.5471501,34,0.42,0.547619048
Chunggwang.je,Non-native,0,0.088214167,0.911785833,South Korea,Palearctic,127.313364,34.86896447,117.4076878,12.87113456,890.399032,12.2022965,99.5471501,34,0.42,0.547619048
Chungmun.chon,Native,0.117021689,0.354931374,0.528046937,South Korea,Palearctic,126.4022222,33.28805556,21.5230113,13.98652773,747.6818746,9.196617603,99.90015,9,0.34,0.5
Chungmun.chon,Non-native,0,0.088214167,0.911785833,South Korea,Palearctic,126.4022222,33.28805556,21.5230113,13.98652773,747.6818746,9.196617603,99.90015,9,0.34,0.5
Chungnyul.li,Native,0.123714587,0.288206219,0.588079194,South Korea,Palearctic,126.7559554,37.33683355,73.03000907,11.83018711,1040.155217,121.1980972,94.21209698,12,0.34,0.647058824
Chungnyul.li,Non-native,0,0.088214167,0.911785833,South Korea,Palearctic,126.7559554,37.33683355,73.03000907,11.83018711,1040.155217,121.1980972,94.21209698,12,0.34,0.647058824
Churchill,Native,0.194173131,0.179856425,0.625970443,Canada,Nearctic,-103.832807,56.25887527,304248.866,-2.078973245,1401.296718,0.057659011,98.9575695,32,0.34,0.558823529
Churchill.Atlantic,Native,0.195381513,0.122008022,0.682610466,Canada,Nearctic,-64.67496675,53.46736299,93048.90905,-4.003004271,1261.933691,0.020775884,98.39355103,20,0.43,0.697674419
Churiyan.Aru,Native,0.115747641,0.393418037,0.490834322,Sri Lanka,Indo-Malay,80.79542651,8.986902598,149.9336317,27.75459034,175.2758837,2.810821354,99.65509862,28,0.67,0.223880597
Churiyan.Aru,Non-native,0.417017478,0.239760474,0.343222047,Sri Lanka,Indo-Malay,80.79542651,8.986902598,149.9336317,27.75459034,175.2758837,2.810821354,99.65509862,28,0.67,0.223880597
Cidurian,Native,0.206256806,0.328260851,0.465482343,Indonesia,Indo-Malay,106.4184107,-6.362477672,842.9616282,25.3673955,40.30716803,110.5948715,99.87010993,7,0.28,0.785714286
Cidurian,Non-native,0.324847578,0.299220036,0.375932386,Indonesia,Indo-Malay,106.4184107,-6.362477672,842.9616282,25.3673955,40.30716803,110.5948715,99.87010993,7,0.28,0.785714286
Cihuatlan,Native,0.23243515,0.442132586,0.325432263,Mexico,Neotropic,-104.2592789,19.36513331,2154.650926,22.99641045,173.7497158,3.565670788,99.89357595,17,0.57,0.736842105
Cihuatlan,Non-native,0.720721189,0.005681477,0.273597335,Mexico,Neotropic,-104.2592789,19.36513331,2154.650926,22.99641045,173.7497158,3.565670788,99.89357595,17,0.57,0.736842105
Ciliwung,Native,0.147250357,0.378683731,0.474065912,Indonesia,Indo-Malay,106.842994,-6.372177414,305.7642114,26.71540749,37.00526902,110.7903042,96.31909697,15,0.31,0.774193548
Ciliwung,Non-native,0.580687692,0.221433219,0.197879089,Indonesia,Indo-Malay,106.842994,-6.372177414,305.7642114,26.71540749,37.00526902,110.7903042,96.31909697,15,0.31,0.774193548
Cimaja,Native,0.05090092,0.405260866,0.543838214,Indonesia,Indo-Malay,106.506321,-6.912420023,253.3656765,22.60425256,34.79955945,109.312088,99.92618718,6,0.29,0.793103448
Cimaja,Non-native,0.433168066,0.226898691,0.339933244,Indonesia,Indo-Malay,106.506321,-6.912420023,253.3656765,22.60425256,34.79955945,109.312088,99.92618718,6,0.29,0.793103448
Cipero,Native,0.346382716,0.348517012,0.305100272,Trinidad and Tobago,Neotropic,-61.42821429,10.26630952,29.45142148,26.63916653,56.53845847,17.19340968,97.83645,5,0.34,0.764705882
Cisadane,Native,0.157649393,0.350989585,0.491361022,Indonesia,Indo-Malay,106.7000873,-6.551862434,1551.008039,22.72335756,37.42244581,110.7705383,99.418667,33,0.32,0.71875
Cisadane,Non-native,0.366620679,0.227440448,0.405938874,Indonesia,Indo-Malay,106.7000873,-6.551862434,1551.008039,22.72335756,37.42244581,110.7705383,99.418667,33,0.32,0.71875
Cisukawayana,Native,0.048614087,0.473201102,0.478184811,Indonesia,Indo-Malay,106.3400311,-6.935321163,141.1106885,23.94347481,36.29449724,110.7777328,99.94404837,13,0.31,0.677419355
Cisukawayana,Non-native,0.493761342,0.506238658,0,Indonesia,Indo-Malay,106.3400311,-6.935321163,141.1106885,23.94347481,36.29449724,110.7777328,99.94404837,13,0.31,0.677419355
Cixerri,Native,0.134912322,0.154131159,0.710956518,Italy,Palearctic,8.92309056,39.45002188,2238.738544,16.12817047,602.3499552,8.761954069,94.27644637,6,0.7,0.142857143
Cixerri,Non-native,0.284110424,0.19195627,0.523933306,Italy,Palearctic,8.92309056,39.45002188,2238.738544,16.12817047,602.3499552,8.761954069,94.27644637,6,0.7,0.142857143
Clarence.Aus,Native,0.072946533,0.426211828,0.50084164,Australia,Australasia,152.4935008,-29.51505099,22123.13544,16.2891176,415.3855094,1.212011129,99.91753279,58,0.29,0.310344828
Clarence.Aus,Non-native,0.206867231,0.357469466,0.435663303,Australia,Australasia,152.4935008,-29.51505099,22123.13544,16.2891176,415.3855094,1.212011129,99.91753279,58,0.29,0.310344828
Clarence.NZ,Native,0.062932377,0.413702315,0.523365308,New Zealand,Australasia,173.2649764,-42.19352352,3280.163302,7.520209182,458.7739049,0.348169707,99.97275471,16,0.34,0.470588235
Clarence.NZ,Non-native,0.30495853,0,0.69504147,New Zealand,Australasia,173.2649764,-42.19352352,3280.163302,7.520209182,458.7739049,0.348169707,99.97275471,16,0.34,0.470588235
Claudie,Native,0.076092572,0.573994327,0.349913101,Australia,Australasia,143.2778463,-12.75495257,364.8597297,25.49732956,177.1676485,0.005435584,99.93492717,4,0.55,0.490909091
Clutha,Native,0.046264747,0.414042221,0.539693032,New Zealand,Australasia,169.1851768,-45.09356225,20815.68583,7.553471191,445.477459,0.231977671,96.54332346,20,0.33,0.636363636
Clutha,Non-native,0.243247059,0.03540398,0.721348961,New Zealand,Australasia,169.1851768,-45.09356225,20815.68583,7.553471191,445.477459,0.231977671,96.54332346,20,0.33,0.636363636
Clyde.Aus,Native,0.030033323,0.400037093,0.569929584,Australia,Australasia,150.1453887,-35.49076838,1732.626402,14.78610944,372.9755996,2.77208674,99.95023922,31,0.64,0.078125
Clyde.Scotland,Native,0.101146316,0.188168829,0.710684855,United Kingdom,Palearctic,-4.009907951,55.71933896,2999.800425,7.793082347,410.3238096,41.55144405,97.86755319,16,0.23,0.608695652
Clyde.Scotland,Non-native,0.102430364,0.135301655,0.762267982,United Kingdom,Palearctic,-4.009907951,55.71933896,2999.800425,7.793082347,410.3238096,41.55144405,97.86755319,16,0.23,0.608695652
Coahuanyana,Native,0.308117697,0.480159149,0.211723154,Mexico,Neotropic,-103.378982,19.30465705,7123.216325,22.14412162,177.2599873,5.213660598,98.5195565,13,0.58,0.844827586
Coahuanyana,Non-native,0,0.53329379,0.46670621,Mexico,Neotropic,-103.378982,19.30465705,7123.216325,22.14412162,177.2599873,5.213660598,98.5195565,13,0.58,0.844827586
Coal,Native,0.010217882,0.378159746,0.611622372,Australia,Australasia,147.4827109,-42.66453896,995.9375512,11.27836933,337.9154248,4.116295278,91.14923317,12,0.66,0.090909091
Coal,Non-native,0.18351717,0.032803869,0.783678961,Australia,Australasia,147.4827109,-42.66453896,995.9375512,11.27836933,337.9154248,4.116295278,91.14923317,12,0.66,0.090909091
Coasters.Island,Native,0.161837458,0.246415314,0.591747228,United States,Nearctic,-71.27911658,41.54026662,119.4839493,10.1882384,859.6959785,52.27376842,98.84005,35,0.28,0.428571429
Coatzacoalcos,Native,0.273617632,0.356025156,0.370357212,Mexico,Neotropic,-94.72471611,17.35341415,21278.65823,24.87804462,209.7434259,2.417339563,99.92810625,76,0.55,0.727272727
Coatzacoalcos,Non-native,0.452502117,0.078630189,0.468867694,Mexico,Neotropic,-94.72471611,17.35341415,21278.65823,24.87804462,209.7434259,2.417339563,99.92810625,76,0.55,0.727272727
Cocheco,Native,0.175348168,0.230037538,0.594614294,United States,Nearctic,-70.9999805,43.21764027,2555.859696,7.916616806,952.9196972,30.20254135,95.01132615,32,0.19,0.631578947
Cocheco,Non-native,0.170555672,0.091306241,0.738138087,United States,Nearctic,-70.9999805,43.21764027,2555.859696,7.916616806,952.9196972,30.20254135,95.01132615,32,0.19,0.631578947
Cocle.del.Norte,Native,0.182968594,0.45610766,0.360923746,Panama,Neotropic,-80.43550479,8.80507773,1738.369462,25.96443823,68.56413424,2.422993958,99.97066425,19,0.45,0.688888889
Coco,Native,0.361840366,0.365855527,0.272304107,Nicaragua,Neotropic,-85.35178693,14.06011295,24510.50855,23.7786249,109.4330447,0.683238715,99.96349848,37,0.44,0.818181818
Coegarivier,Native,0.171336695,0.369579656,0.459083649,South Africa,Afrotropic,25.5229401,-33.68409272,498.7532957,17.90169797,319.740793,10.08742976,99.62815722,6,0.43,0.139534884
Coegarivier,Non-native,0.470259907,0.31032302,0.219417073,South Africa,Afrotropic,25.5229401,-33.68409272,498.7532957,17.90169797,319.740793,10.08742976,99.62815722,6,0.43,0.139534884
Coghinas,Native,0.010676197,0.17021982,0.819103984,Italy,Palearctic,9.008850175,40.67722398,2471.687175,14.36688521,577.2044268,5.939702153,91.69167175,3,0.56,0.232142857
Coghinas,Non-native,0.215267082,0.18425886,0.600474058,Italy,Palearctic,9.008850175,40.67722398,2471.687175,14.36688521,577.2044268,5.939702153,91.69167175,3,0.56,0.232142857
Cogie.creek,Native,0,0.252389645,0.747610355,Australia,Australasia,144.9580506,-32.93981438,282.8607594,18.40745502,611.2311591,0.0323789,99.97696804,1,0.52,0.096153846
Cogie.creek,Non-native,0,0.088214167,0.911785833,Australia,Australasia,144.9580506,-32.93981438,282.8607594,18.40745502,611.2311591,0.0323789,99.97696804,1,0.52,0.096153846
Coila.creek,Native,0.034807088,0.448221332,0.516971579,Australia,Australasia,150.0940968,-36.01629918,76.79536883,15.70106388,350.3175474,0.463725902,99.9779,19,0.42,0.142857143
Collie,Native,0.062834488,0.39106631,0.546099202,Australia,Australasia,116.139996,-33.38535606,4910.657655,15.98280144,415.8403272,1.179029435,95.51455153,9,0.6,0.316666667
Collie,Non-native,0.262360659,0.335008011,0.40263133,Australia,Australasia,116.139996,-33.38535606,4910.657655,15.98280144,415.8403272,1.179029435,95.51455153,9,0.6,0.316666667
Colorado.Argentina,Native,0.181282707,0.415660479,0.403056814,Argentina,Neotropic,-68.25029142,-33.60301215,301308.8506,11.63819692,542.841118,0.553902939,97.20110743,26,0.42,0.571428571
Colorado.Argentina,Non-native,0.171480426,0.05422189,0.774297683,Argentina,Neotropic,-68.25029142,-33.60301215,301308.8506,11.63819692,542.841118,0.553902939,97.20110743,26,0.42,0.571428571
Colorado.Texas,Native,0.168359086,0.318987523,0.512653391,United States,Nearctic,-100.4146381,31.57991591,107280.8283,17.63675283,766.3127805,3.948792934,94.75872772,91,0.36,0.277777778
Colorado.Texas,Non-native,0.192228471,0.255084834,0.552686696,United States,Nearctic,-100.4146381,31.57991591,107280.8283,17.63675283,766.3127805,3.948792934,94.75872772,91,0.36,0.277777778
Colorado.USA,Native,0.176063558,0.289337774,0.534598669,United States,Nearctic,-110.5922337,36.66273077,624983.6256,11.28068916,842.6242574,3.372161329,96.22969225,41,0.36,0.5
Colorado.USA,Non-native,0.255829208,0.205130581,0.539040211,United States,Nearctic,-110.5922337,36.66273077,624983.6256,11.28068916,842.6242574,3.372161329,96.22969225,41,0.36,0.5
Columbia,Native,0.242804472,0.157221753,0.599973775,United States,Nearctic,-117.161118,46.25953952,653076.4291,5.803429714,780.3829351,2.574182272,96.38994783,61,0.38,0.631578947
Columbia,Non-native,0.238785766,0.166640514,0.59457372,United States,Nearctic,-117.161118,46.25953952,653076.4291,5.803429714,780.3829351,2.574182272,96.38994783,61,0.38,0.631578947
Colville,Native,0.228271618,0.058361633,0.71336675,United States,Nearctic,-154.0386863,68.79508375,57396.1762,-9.730706802,1371.382299,0.004500871,99.99983985,20,0.69,0.594202899
Combahee,Native,0.2416091,0.299781213,0.458609687,United States,Nearctic,-80.91892862,32.98446838,4351.47876,18.00553925,687.0286018,12.71736717,99.92823654,64,0.2,0.45
Comoe,Native,0.153215393,0.411219232,0.435565376,Côte d'Ivoire,Afrotropic,-4.016505815,8.693573986,78331.62173,26.77070436,126.4163581,0.55318094,99.05303471,133,0.53,0.603773585
Comoe,Non-native,0.351857194,0.022180978,0.625961828,Côte d'Ivoire,Afrotropic,-4.016505815,8.693573986,78331.62173,26.77070436,126.4163581,0.55318094,99.05303471,133,0.53,0.603773585
Comondu,Native,0.314335254,0.531914827,0.153749919,Mexico,Nearctic,-111.7992806,25.84485024,868.4836779,21.47084073,444.7178464,0.490502357,99.8218675,1,0.94,0.031914894
Comondu,Non-native,0.493761342,0.506238658,0,Mexico,Nearctic,-111.7992806,25.84485024,868.4836779,21.47084073,444.7178464,0.490502357,99.8218675,1,0.94,0.031914894
Comprido,Native,0.126263927,0.351852972,0.521883101,Brazil,Neotropic,-47.15299576,-24.46583143,204.7976789,21.44032862,266.8548807,0.943233371,100,15,0.33,0.424242424
Comte,Native,0.229194571,0.367135743,0.403669685,French Guiana,Neotropic,-52.5249897,4.459729103,3605.025041,25.55856138,42.87947705,NA,99.96651913,210,0.34,0.764705882
Comte,Non-native,0.246880671,0.62337942,0.129739909,French Guiana,Neotropic,-52.5249897,4.459729103,3605.025041,25.55856138,42.87947705,NA,99.96651913,210,0.34,0.764705882
Concepcion,Native,0.18238517,0.303125461,0.514489369,Mexico,Nearctic,-111.6220359,30.7556327,25803.2461,20.04995893,664.9032254,0.922799602,98.7903415,6,0.77,0.077922078
Concepcion,Non-native,0.164575449,0.25884172,0.576582831,Mexico,Nearctic,-111.6220359,30.7556327,25803.2461,20.04995893,664.9032254,0.922799602,98.7903415,6,0.77,0.077922078
Congo,Native,0.185074515,0.412168158,0.402757327,Democratic Republic of the Congo,Afrotropic,22.35736234,-2.32414606,3453181.863,23.69139399,78.4283844,0.117894484,99.92183196,1094,0.23,0.739130435
Congo,Non-native,0.543709677,0.185001526,0.271288797,Democratic Republic of the Congo,Afrotropic,22.35736234,-2.32414606,3453181.863,23.69139399,78.4283844,0.117894484,99.92183196,1094,0.23,0.739130435
Conne,Native,0.177095189,0.133156381,0.689748429,Canada,Nearctic,-55.56666564,48.10895766,688.7447977,3.945798418,859.8218241,0.256603673,99.87814155,7,0.26,0.653846154
Conne,Non-native,0.398101026,0,0.601898974,Canada,Nearctic,-55.56666564,48.10895766,688.7447977,3.945798418,859.8218241,0.256603673,99.87814155,7,0.26,0.653846154
Connecticut,Native,0.168230033,0.243953572,0.587816396,United States,Nearctic,-72.31788905,43.2615388,29052.51347,6.519133613,993.8751437,25.77366352,93.62739819,69,0.26,0.653846154
Connecticut,Non-native,0.200832733,0.161617233,0.637550034,United States,Nearctic,-72.31788905,43.2615388,29052.51347,6.519133613,993.8751437,25.77366352,93.62739819,69,0.26,0.653846154
Conon,Native,0.160923498,0.126754204,0.712322298,United Kingdom,Palearctic,-4.829530261,57.59879707,1206.617203,6.720110159,399.8863958,1.839224905,85.48178477,11,0.32,0.40625
Conon,Non-native,0.398101026,0,0.601898974,United Kingdom,Palearctic,-4.829530261,57.59879707,1206.617203,6.720110159,399.8863958,1.839224905,85.48178477,11,0.32,0.40625
Conway,Native,0.029589809,0.344244615,0.626165576,New Zealand,Australasia,173.3249477,-42.498946,505.2039114,10.35172214,391.0326083,0.152070303,99.93236416,8,0.32,0.25
Conway,Non-native,0.28782068,0,0.71217932,New Zealand,Australasia,173.3249477,-42.498946,505.2039114,10.35172214,391.0326083,0.152070303,99.93236416,8,0.32,0.25
Cook,Native,0.02612989,0.35582712,0.618042989,New Zealand,Australasia,170.0271475,-43.51156281,339.3149317,6.22948245,389.804621,0.086731069,99.96786721,10,0.32,0.75
Cook,Non-native,0.28782068,0,0.71217932,New Zealand,Australasia,170.0271475,-43.51156281,339.3149317,6.22948245,389.804621,0.086731069,99.96786721,10,0.32,0.75
Coolongolook,Native,0.021663396,0.423006923,0.55532968,Australia,Australasia,152.3588693,-32.17806166,1492.042598,17.84191345,383.8537068,1.09437336,99.89949632,20,0.56,0.089285714
Coolongolook,Non-native,0.413734462,0.586265538,0,Australia,Australasia,152.3588693,-32.17806166,1492.042598,17.84191345,383.8537068,1.09437336,99.89949632,20,0.56,0.089285714
Coomera,Native,0.011616832,0.559245228,0.42913794,Australia,Australasia,153.252413,-27.97989933,434.6573276,18.91990095,370.8663358,22.81955338,98.84739892,7,0.39,0.153846154
Coomera,Non-native,0.413734462,0.586265538,0,Australia,Australasia,153.252413,-27.97989933,434.6573276,18.91990095,370.8663358,22.81955338,98.84739892,7,0.39,0.153846154
Cooper,Native,0.22265311,0.276070715,0.501276175,United States,Nearctic,-79.94489606,33.14366842,1861.408751,17.99818764,681.9254887,8.190760136,92.56981758,56,0.24,0.333333333
Cooper.creek,Native,0.100946974,0.368844371,0.530208656,Australia,Australasia,133.1569387,-12.15185011,2257.449828,27.63393868,171.1447786,0.036267544,99.9734931,22,0.62,0.516129032
Coos,Native,0.277124887,0.17872257,0.544152543,United States,Nearctic,-123.8738421,43.36630766,1126.369047,10.92660436,418.114025,2.908405423,99.99453152,18,0.38,0.868421053
Coos,Non-native,0.139701642,0.142801248,0.717497109,United States,Nearctic,-123.8738421,43.36630766,1126.369047,10.92660436,418.114025,2.908405423,99.99453152,18,0.38,0.868421053
Copiapo,Native,0.038075203,0.438759859,0.523164938,Chile,Neotropic,-69.77594696,-27.59060836,18441.52991,8.488944202,260.5216529,0.416000623,99.85949866,5,0.76,0.065789474
Copiapo,Non-native,0.345388593,0.150049805,0.504561602,Chile,Neotropic,-69.77594696,-27.59060836,18441.52991,8.488944202,260.5216529,0.416000623,99.85949866,5,0.76,0.065789474
Coppename,Native,0.210344648,0.383157389,0.406497963,Suriname,Neotropic,-56.2010064,4.721800832,21111.32012,26.42713865,68.814647,0.445255294,99.99353088,156,0.28,0.75
Copper,Native,0.261979156,0.086624829,0.651396015,United States,Nearctic,-144.2142979,61.69749735,67490.52375,-4.357751368,1006.841848,0.022341065,99.99773899,25,0.58,0.931034483
Coppermine,Native,0.180704663,0.062013242,0.757282095,Canada,Nearctic,-113.7444478,66.25787597,43605.9643,-10.52295889,1547.921089,0.002805948,100,15,0.46,0.847826087
Coquille,Native,0.280632426,0.193391905,0.52597567,United States,Nearctic,-124.0055286,43.03676665,2704.925644,11.21986614,410.2218926,2.196602762,99.96006187,20,0.37,0.864864865
Corangamite,Native,0.090958961,0.391912686,0.517128353,Australia,Australasia,143.5034035,-38.00430942,2726.081286,13.37525608,375.7675016,2.307994723,99.91012508,14,0.46,0.239130435
Corangamite,Non-native,0.231088472,0.162037978,0.60687355,Australia,Australasia,143.5034035,-38.00430942,2726.081286,13.37525608,375.7675016,2.307994723,99.91012508,14,0.46,0.239130435
Corantijn,Native,0.219449659,0.380098006,0.400452335,Suriname,Neotropic,-57.2498763,3.194281693,64001.2765,26.01120035,60.53721972,0.05023171,99.99125657,305,0.27,0.814814815
Corantijn,Non-native,0.758129529,0.009934655,0.231935816,Suriname,Neotropic,-57.2498763,3.194281693,64001.2765,26.01120035,60.53721972,0.05023171,99.99125657,305,0.27,0.814814815
Corindi,Native,0.044001116,0.559848742,0.396150142,Australia,Australasia,153.1519096,-30.02187344,156.9525391,18.62623242,361.8625175,0.980869845,99.88460972,8,0.44,0.113636364
Cornella.creek,Native,0.1306007,0.470257181,0.399142119,Australia,Australasia,144.7685227,-36.72520534,294.2432497,14.68763629,497.5268411,3.50768882,88.06793923,6,0.91,0.032967033
Cornella.creek,Non-native,0.110986855,0.083750484,0.805262661,Australia,Australasia,144.7685227,-36.72520534,294.2432497,14.68763629,497.5268411,3.50768882,88.06793923,6,0.91,0.032967033
Corrientes,Native,0.215006025,0.442796746,0.34219723,Brazil,Neotropic,-52.34330963,-31.35793948,865.0393032,18.6429774,399.9898142,2.747170985,99.94817997,61,0.17,0.705882353
Cortaderas,Native,0.266734037,0.53406544,0.199200523,Argentina,Neotropic,-59.60653299,-38.39148846,1290.193561,14.00043476,492.0189611,0.414469697,99.84941935,4,0.71,0.070422535
Coruh,Native,0.133960424,0.203826911,0.662212665,Turkey,Palearctic,41.47868871,40.7376517,22039.0331,5.990994406,859.5022244,2.244298875,99.87993443,55,0.47,0.893617021
Coruh,Non-native,0.212688251,0.225728505,0.561583244,Turkey,Palearctic,41.47868871,40.7376517,22039.0331,5.990994406,859.5022244,2.244298875,99.87993443,55,0.47,0.893617021
Corumbau,Native,0.102590409,0.44881781,0.448591781,Brazil,Neotropic,-39.28421967,-16.90360367,272.4706635,24.30663102,156.4076843,0.951015428,99.96927147,23,0.38,0.210526316
Cosumnes,Native,0.193480738,0.170637003,0.635882258,United States,Nearctic,-120.7610374,38.44137678,5834.240915,13.04910494,637.8581076,29.5964756,90.00358589,21,0.29,0.517241379
Cosumnes,Non-native,0.188719357,0.196783955,0.614496689,United States,Nearctic,-120.7610374,38.44137678,5834.240915,13.04910494,637.8581076,29.5964756,90.00358589,21,0.29,0.517241379
Coto,Native,0.254544308,0.41211935,0.333336343,Costa Rica,Neotropic,-82.98924075,8.594433142,1141.264894,25.28656622,76.18201653,2.104668379,99.86997287,36,0.43,0.697674419
Couesnon,Native,0.13583903,0.182151194,0.682009777,France,Palearctic,-1.381449186,48.40439634,1115.446505,11.1634809,480.672496,21.19570541,99.78798138,18,0.21,0.714285714
Couesnon,Non-native,0.123994199,0.171723342,0.704282459,France,Palearctic,-1.381449186,48.40439634,1115.446505,11.1634809,480.672496,21.19570541,99.78798138,18,0.21,0.714285714
Courant.Contis,Native,0.088906717,0.209828499,0.701264784,France,Palearctic,-1.05655526,44.0586985,643.8580207,12.99128932,486.6729792,13.13784552,99.8320127,5,0.44,0.295454545
Courant.Contis,Non-native,0.398101026,0,0.601898974,France,Palearctic,-1.05655526,44.0586985,643.8580207,12.99128932,486.6729792,13.13784552,99.8320127,5,0.44,0.295454545
Courant.Mimizan,Native,0.052341214,0.149802332,0.797856454,France,Palearctic,-1.084886712,44.24531095,769.3101927,12.95406691,489.067806,9.181116223,99.83738598,13,0.29,0.448275862
Courant.Mimizan,Non-native,0.259864442,0.143820359,0.596315198,France,Palearctic,-1.084886712,44.24531095,769.3101927,12.95406691,489.067806,9.181116223,99.83738598,13,0.29,0.448275862
Courland,Native,0.190829722,0.438300394,0.370869884,Trinidad and Tobago,Neotropic,-60.72820513,11.22307692,21.81076706,26.10929489,61.75350233,0.751988113,99.9648,3,0.41,0.536585366
Couva,Native,0.262370576,0.441056755,0.296572668,Trinidad and Tobago,Neotropic,-61.40323209,10.41654984,89.99524549,26.40373426,58.19074685,17.19340992,99.06979223,8,0.33,0.666666667
Cowal.creek,Native,0.024881129,0.587382423,0.387736448,Australia,Australasia,142.350599,-10.97856244,200.0365899,26.70261738,119.9413365,0.133750929,99.94240337,6,0.67,0.388059701
Cowan.creek,Native,0.032148308,0.443589193,0.524262499,Australia,Australasia,151.2129712,-33.62862176,291.2564781,16.92854758,373.0540831,72.20037746,98.19825287,26,0.21,0.333333333
Coxcoapan,Native,0.14101167,0.34610504,0.51288329,Mexico,Neotropic,-94.99471597,18.4792564,241.8386865,24.64488134,219.747412,3.605624914,99.91723184,83,0.39,0.846153846
Coyle,Native,0.085445357,0.284791366,0.629763277,Argentina,Neotropic,-71.07093937,-51.08209893,17036.85652,6.039960606,452.4707074,0.198430158,99.94877893,1,0.35,0.571428571
Coyle,Non-native,0.28782068,0,0.71217932,Argentina,Neotropic,-71.07093937,-51.08209893,17036.85652,6.039960606,452.4707074,0.198430158,99.94877893,1,0.35,0.571428571
Coyote.creek,Native,0.188362486,0.197788636,0.613848878,United States,Nearctic,-121.7836043,37.27514592,1704.438412,15.12805957,467.6795917,121.7119675,76.58827625,21,0.5,0.24
Crique.Vase,Native,0.208112077,0.352209045,0.439678878,French Guiana,Neotropic,-52.88924396,5.34925526,128.8037012,25.91842258,45.78541203,NA,99.91114627,37,0.36,0.75
Crique.Yiyi,Native,0.1792065,0.435328286,0.385465214,French Guiana,Neotropic,-53.078291,5.371822538,173.5435329,25.96725579,50.60964108,NA,99.93527795,57,0.3,0.7
Cristiano.Muerto,Native,0.201624096,0.327250295,0.471125609,Argentina,Neotropic,-59.81423074,-38.27281109,1002.631157,13.85458786,499.4330186,0.416709147,99.81898697,9,0.7,0.071428571
Crni.Drim,Native,0.14953588,0.246860261,0.603603858,Albania,Palearctic,20.41787405,42.03280372,13070.87429,9.013582534,715.0859497,4.352003157,95.9647257,56,0.31,0.741935484
Crni.Drim,Non-native,0.17277628,0.113250607,0.713973113,Albania,Palearctic,20.41787405,42.03280372,13070.87429,9.013582534,715.0859497,4.352003157,95.9647257,56,0.31,0.741935484
Cross,Native,0.168593981,0.411893651,0.419512368,Nigeria,Afrotropic,8.568096802,6.14584392,52991.70954,26.28276502,109.5870044,2.966083467,99.91904083,226,0.58,0.810344828
Cross,Non-native,0.49705881,0.006096606,0.496844584,Nigeria,Afrotropic,8.568096802,6.14584392,52991.70954,26.28276502,109.5870044,2.966083467,99.91904083,226,0.58,0.810344828
Crystal.creek,Native,0,0.613511797,0.386488203,Australia,Australasia,146.2459588,-18.97094268,133.2894615,21.91528609,313.5140473,0.856720701,99.94213809,2,0.56,0.25
Crystal.creek,Non-native,0.493761342,0.506238658,0,Australia,Australasia,146.2459588,-18.97094268,133.2894615,21.91528609,313.5140473,0.856720701,99.94213809,2,0.56,0.25
Cua.Can,Native,0.158574364,0.455430883,0.385994753,Vietnam,Indo-Malay,103.9921542,10.3240656,112.2874144,26.62874396,79.40722927,0.770332687,99.97505846,33,0.5,0.7
Cubatao,Native,0.244899751,0.408462999,0.346637251,Brazil,Neotropic,-48.95260364,-26.13771243,802.3228583,18.6719968,296.1361392,8.895258665,99.78725665,49,0.25,0.6
Cubatao,Non-native,0.397816525,0.145051251,0.457132224,Brazil,Neotropic,-48.95260364,-26.13771243,802.3228583,18.6719968,296.1361392,8.895258665,99.78725665,49,0.25,0.6
Cubatao.2,Native,0.315592156,0.363467005,0.320940838,Brazil,Neotropic,-48.85474461,-27.72614743,759.6496241,17.58660267,305.4255829,8.322752714,99.69356289,14,0.21,0.523809524
Cudgara.creek,Native,0.032043236,0.505040155,0.462916609,Australia,Australasia,153.5219791,-28.37824039,66.38598973,19.69132767,341.9050889,11.29133582,99.89234442,10,0.51,0.078431373
Cudgara.creek,Non-native,0.413734462,0.586265538,0,Australia,Australasia,153.5219791,-28.37824039,66.38598973,19.69132767,341.9050889,11.29133582,99.89234442,10,0.51,0.078431373
Cudgen.creek,Native,0.032082571,0.410167164,0.557750266,Australia,Australasia,153.5295984,-28.31877798,72.22427269,19.8948925,342.6933472,11.29133582,99.92876704,26,0.35,0.114285714
Cudgen.creek,Non-native,0.413734462,0.586265538,0,Australia,Australasia,153.5295984,-28.31877798,72.22427269,19.8948925,342.6933472,11.29133582,99.92876704,26,0.35,0.114285714
Cuero.Salado,Native,0.374505481,0.29324778,0.332246739,Honduras,Neotropic,-87.2139954,15.59703837,429.6975423,25.16689017,154.8243741,3.057674229,99.96510768,19,0.34,0.647058824
Cuesa,Native,0.188262689,0.29023272,0.521504591,Trinidad and Tobago,Neotropic,-61.60285088,10.71030702,15.96558776,25.92939822,59.36629041,17.19341016,99.64076529,9,0.52,0.403846154
Cuitzeo,Native,0.277815277,0.458699662,0.263485062,Mexico,Neotropic,-101.1386981,19.79271082,3947.519358,16.56293346,218.0791227,8.938733816,94.66671099,20,0.47,0.744680851
Cuitzeo,Non-native,0.346534453,0.207253631,0.446211916,Mexico,Neotropic,-101.1386981,19.79271082,3947.519358,16.56293346,218.0791227,8.938733816,94.66671099,20,0.47,0.744680851
Cuitzmala,Native,0.233531714,0.449520946,0.31694734,Mexico,Neotropic,-104.800017,19.63013585,1073.429619,24.19106469,191.4006803,3.518882155,99.88608805,12,0.57,0.684210526
Culiacan,Native,0.227444367,0.366184186,0.406371446,Mexico,Neotropic,-106.870387,25.30746397,16418.2352,18.88731821,359.3301605,1.550942838,94.81006464,15,0.4,0.675
Curaguate.1,Native,0.068890529,0.467327076,0.463782395,Trinidad and Tobago,Neotropic,-61.29736842,10.75548246,31.92652566,25.33629392,62.2042415,17.19340992,99.91679949,4,0.39,0.564102564
Curaguate.2,Native,0.132599399,0.402056907,0.465343694,Trinidad and Tobago,Neotropic,-61.39057018,10.75548246,15.96326344,25.29846503,61.97216335,17.19340992,100,8,0.4,0.525
Curdies,Native,0.104676222,0.380410176,0.514913602,Australia,Australasia,143.0634384,-38.44301655,1032.197681,13.48735896,320.0022888,1.117999896,99.88631647,10,0.49,0.204081633
Curries,Native,0,0.342418868,0.657581132,Australia,Australasia,147.0001943,-41.04811085,169.0790428,12.81147078,317.1875212,1.77478531,86.54524567,2,0.45,0.377777778
Curries,Non-native,0.28782068,0,0.71217932,Australia,Australasia,147.0001943,-41.04811085,169.0790428,12.81147078,317.1875212,1.77478531,86.54524567,2,0.45,0.377777778
Cusewijne,Native,0.205509008,0.384900989,0.409590003,Suriname,Neotropic,-54.67605434,5.451868707,5070.135979,26.47882343,61.14652782,1.880555749,99.97184679,115,0.27,0.851851852
Cusewijne,Non-native,0.758129529,0.009934655,0.231935816,Suriname,Neotropic,-54.67605434,5.451868707,5070.135979,26.47882343,61.14652782,1.880555749,99.97184679,115,0.27,0.851851852
Dafeng,Native,0.104214687,0.371217348,0.524567965,China,Indo-Malay,108.9024765,22.01098061,1357.96921,21.5931723,599.3153224,4.33323434,98.46582968,14,0.39,0.717948718
Dafeng,Non-native,0,0.088214167,0.911785833,China,Indo-Malay,108.9024765,22.01098061,1357.96921,21.5931723,599.3153224,4.33323434,98.46582968,14,0.39,0.717948718
Dagua,Native,0.212302058,0.392886319,0.394811623,Colombia,Neotropic,-76.6979922,3.735485184,1452.980088,21.18602065,25.35624996,21.76556492,99.81850136,35,0.3,0.533333333
Dai.Giang,Native,0.159027669,0.300191112,0.540781219,Vietnam,Indo-Malay,106.5930855,17.18056148,2467.827773,24.19167634,326.5336343,0.900234409,97.77042722,12,0.3,0.833333333
Daintree,Native,0.078460792,0.43434632,0.487192888,Australia,Australasia,145.2147491,-16.18724773,1299.29448,22.59240242,245.701157,2.790523291,99.98420073,57,0.62,0.338709677
Daisho.Sen,Native,0.128467622,0.222738537,0.648793841,South Korea,Palearctic,129.4129731,35.80020721,117.895917,12.6300898,849.2790246,76.24978924,99.70246685,16,0.44,0.272727273
Daisho.Sen,Non-native,0,0.088214167,0.911785833,South Korea,Palearctic,129.4129731,35.80020721,117.895917,12.6300898,849.2790246,76.24978924,99.70246685,16,0.44,0.272727273
Dalai.Nur,Native,0.086460606,0.202954534,0.710584861,China,Palearctic,116.8457965,43.3066583,4675.121851,1.220212287,1395.337037,0.214888023,99.26710641,16,0.52,0.384615385
Dalai.Nur,Non-native,0,0.051463831,0.948536169,China,Palearctic,116.8457965,43.3066583,4675.121851,1.220212287,1395.337037,0.214888023,99.26710641,16,0.52,0.384615385
Dalalven,Native,0.133952133,0.134849278,0.731198589,Sweden,Palearctic,14.34781203,61.07344847,28871.62106,2.727102711,820.3557199,1.360109299,98.28699845,24,0.34,0.352941176
Dalalven,Non-native,0.369289219,0,0.630710781,Sweden,Palearctic,14.34781203,61.07344847,28871.62106,2.727102711,820.3557199,1.360109299,98.28699845,24,0.34,0.352941176
Dalaman.Cayi,Native,0.107907988,0.250628955,0.641463056,Turkey,Palearctic,29.35871864,37.15663083,5425.124995,11.95929378,732.6550083,4.435935557,93.56910992,32,0.44,0.386363636
Dalaman.Cayi,Non-native,0.319032376,0.225074707,0.455892916,Turkey,Palearctic,29.35871864,37.15663083,5425.124995,11.95929378,732.6550083,4.435935557,93.56910992,32,0.44,0.386363636
Daliao.He,Native,0.155071727,0.315631986,0.529296287,China,Palearctic,123.6620931,41.41598266,27963.99942,7.281649639,1262.447024,18.44202495,89.65005948,52,0.42,0.833333333
Daliao.He,Non-native,0.212262335,0.10498468,0.682752985,China,Palearctic,123.6620931,41.41598266,27963.99942,7.281649639,1262.447024,18.44202495,89.65005948,52,0.42,0.833333333
Daling.He,Native,0.105806944,0.345549296,0.54864376,China,Palearctic,120.4825807,41.6177214,23250.13442,7.893287272,1233.333208,4.583086193,94.4808372,32,0.49,0.530612245
Daling.He,Non-native,0.051337223,0.036794124,0.911868653,China,Palearctic,120.4825807,41.6177214,23250.13442,7.893287272,1233.333208,4.583086193,94.4808372,32,0.49,0.530612245
Daliyya,Native,0.196487216,0.234611482,0.568901302,Israel,Palearctic,34.9921994,32.67738744,325.5791993,18.84415906,550.9389653,35.49512482,97.66424776,12,0.66,0.318181818
Daly,Native,0.128403086,0.382557719,0.489039195,Australia,Australasia,131.7849532,-14.46506458,53836.81896,26.94867656,282.4637317,0.090409108,99.97666739,61,0.56,0.571428571
Dam,Native,0.106492766,0.476858494,0.41664874,Vietnam,Indo-Malay,104.0250312,10.06387088,15.75745762,27.09027761,81.59114532,1.388965234,100,20,0.49,0.734693878
Dam,Non-native,0.703714389,0,0.296285611,Vietnam,Indo-Malay,104.0250312,10.06387088,15.75745762,27.09027761,81.59114532,1.388965234,100,20,0.49,0.734693878
Danakil.Depression,Native,0.488539078,0.37023867,0.141222252,Ethiopia,Afrotropic,40.23563441,13.41092242,48433.5188,25.50005617,208.5011243,0.318713382,99.9364564,2,0.32,0.4375
Dane,Native,0.123531789,0.160070215,0.716397996,United Kingdom,Palearctic,-2.433720794,53.12691476,1564.133644,9.159632477,451.8154802,128.3269196,99.52936086,19,0.24,0.5
Dane,Non-native,0.124921168,0.111769647,0.763309185,United Kingdom,Palearctic,-2.433720794,53.12691476,1564.133644,9.159632477,451.8154802,128.3269196,99.52936086,19,0.24,0.5
Danto,Native,0.35621585,0.270316329,0.373467821,Honduras,Neotropic,-86.98725153,15.64662137,265.716903,24.02502578,158.6384827,1.923848182,99.96527567,16,0.35,0.657142857
Danube,Native,0.12115838,0.228194347,0.650647273,Hungary,Palearctic,20.25978717,46.34845026,802142.8624,8.707190214,770.9921615,13.64224434,96.55851837,90,0.28,0.571428571
Danube,Non-native,0.271337808,0.181532686,0.547129505,Hungary,Palearctic,20.25978717,46.34845026,802142.8624,8.707190214,770.9921615,13.64224434,96.55851837,90,0.28,0.571428571
Darbilla.creek,Native,0.068343222,0.401331551,0.530325227,Australia,Australasia,134.8414817,-12.27903341,818.1382921,27.0722022,192.6995407,0.034557576,99.99222711,26,0.62,0.451612903
Darby,Native,0.050373807,0.471482197,0.478143996,Australia,Australasia,146.3139733,-38.97431288,92.1335355,13.1380366,309.4842673,2.296919793,99.85510498,3,0.45,0.333333333
Dartmouth,Native,0.227208057,0.194051369,0.578740574,Canada,Nearctic,-64.38886647,48.91217917,403.9640255,2.510597693,1015.086582,0.511884928,99.94188926,6,0.57,0.526315789
Dartmouth,Non-native,0.398101026,0,0.601898974,Canada,Nearctic,-64.38886647,48.91217917,403.9640255,2.510597693,1015.086582,0.511884928,99.94188926,6,0.57,0.526315789
Das.Almas,Native,0.266178661,0.32545096,0.408370379,Brazil,Neotropic,-39.56627753,-13.65929511,2991.339642,22.07646522,142.5848327,1.462695479,99.88114217,16,0.31,0.129032258
Das.Almas,Non-native,0.598737865,0.253119329,0.148142806,Brazil,Neotropic,-39.56627753,-13.65929511,2991.339642,22.07646522,142.5848327,1.462695479,99.88114217,16,0.31,0.129032258
Dasht.e.Kavir,Native,0.092625789,0.299895033,0.607479178,Iran,Palearctic,56.90648769,35.82535663,93383.14348,16.28768635,931.0515003,1.263040662,99.48747327,17,0.58,0.482758621
Dasht.e.Kavir,Non-native,0.127434294,0.195029196,0.67753651,Iran,Palearctic,56.90648769,35.82535663,93383.14348,16.28768635,931.0515003,1.263040662,99.48747327,17,0.58,0.482758621
Dasht.e.Lut,Native,0.101484328,0.428245006,0.470270666,Iran,Palearctic,58.92310567,27.75678669,69708.87825,22.71852436,723.8469689,0.515876412,99.18171469,10,0.6,0.266666667
Dasht.e.Lut,Non-native,0.10250369,0.209655824,0.687840485,Iran,Palearctic,58.92310567,27.75678669,69708.87825,22.71852436,723.8469689,0.515876412,99.18171469,10,0.6,0.266666667
Daui,Native,0.076392346,0.42536704,0.498240614,Ethiopia,Afrotropic,40.93254667,9.737499162,11903.32299,24.46034244,220.1415655,0.377348766,99.93537004,1,0.6,0.116666667
Davey,Native,0.058477022,0.328650425,0.612872553,Australia,Australasia,146.0151521,-43.05906905,834.5291011,9.976238057,293.5770109,0.132502543,99.94662087,7,0.31,0.612903226
Daxioujiang,Native,0.103717657,0.346149405,0.550132938,China,Indo-Malay,119.8158318,28.24475588,17180.98608,15.48084038,756.0960462,11.47403699,96.91815852,114,0.34,0.647058824
Daxioujiang,Non-native,0.111864187,0.087544006,0.800591807,China,Indo-Malay,119.8158318,28.24475588,17180.98608,15.48084038,756.0960462,11.47403699,96.91815852,114,0.34,0.647058824
Dayang.He,Native,0.09058725,0.354604349,0.554808401,China,Palearctic,123.4872931,40.34699393,6122.792448,8.228382634,1166.578999,3.531750292,96.43042469,50,0.4,0.8
Dayang.He,Non-native,0.020934599,0.035416107,0.943649294,China,Palearctic,123.4872931,40.34699393,6122.792448,8.228382634,1166.578999,3.531750292,96.43042469,50,0.4,0.8
De.Grey,Native,0.074664793,0.253957095,0.671378112,Australia,Australasia,120.2590023,-21.4563212,59452.20086,26.40314498,526.4223865,0.034756756,99.97620778,18,0.73,0.109589041
Dead.Sea,Native,0.227361244,0.316260168,0.456378588,Jordan,Palearctic,35.67669513,31.58369331,43238.24347,18.63903187,655.9793521,9.441997528,97.04039087,30,0.56,0.446428571
Dead.Sea,Non-native,0.308712798,0.157050968,0.534236234,Jordan,Palearctic,35.67669513,31.58369331,43238.24347,18.63903187,655.9793521,9.441997528,97.04039087,30,0.56,0.446428571
Dean,Native,0.233776243,0.108897807,0.65732595,Canada,Nearctic,-125.8174257,52.71857655,7799.029715,1.531072873,747.2989216,0.027735393,99.99602849,26,0.45,0.822222222
Dean,Non-native,0.138785864,0.016844653,0.844369483,Canada,Nearctic,-125.8174257,52.71857655,7799.029715,1.531072873,747.2989216,0.027735393,99.99602849,26,0.45,0.822222222
Death.Valley,Native,0.16155443,0.559055822,0.279389748,United States,Nearctic,-116.6080862,36.34850642,21178.77651,17.0720512,843.3444316,0.572666757,99.80873034,9,0.7,0.1
Death.Valley,Non-native,0.239479028,0.177869225,0.582651747,United States,Nearctic,-116.6080862,36.34850642,21178.77651,17.0720512,843.3444316,0.572666757,99.80873034,9,0.7,0.1
Deception,Native,0.286218956,0.277474432,0.436306612,Canada,Nearctic,-74.05850557,61.8309339,4337.020742,-8.220923777,1253.110996,2.21E-07,100,3,0.7,0.514285714
Deception.Bay,Native,0.093599483,0.464330085,0.442070432,South Korea,Palearctic,128.5255188,34.85954473,67.3264665,13.61617643,819.9614782,8.284548283,99.74774298,17,0.45,0.377777778
Deception.Bay,Non-native,0,0.088214167,0.911785833,South Korea,Palearctic,128.5255188,34.85954473,67.3264665,13.61617643,819.9614782,8.284548283,99.74774298,17,0.45,0.377777778
Decoris,Native,0.153421545,0.431559768,0.415018686,Liberia,Afrotropic,-7.770599942,4.568894925,541.7669402,24.96096981,115.4951181,0.279812202,99.86423597,17,0.34,0.470588235
Deduru.Oya,Native,0.117415596,0.397429188,0.485155216,Sri Lanka,Indo-Malay,80.27668603,7.628684162,2834.340892,27.03415023,97.15803962,12.23427248,94.25968592,44,0.4,0.475
Deduru.Oya,Non-native,0.407018316,0.203054898,0.389926786,Sri Lanka,Indo-Malay,80.27668603,7.628684162,2834.340892,27.03415023,97.15803962,12.23427248,94.25968592,44,0.4,0.475
Dee.Scotland,Native,0.147983981,0.136836303,0.715179715,United Kingdom,Palearctic,-2.96588226,57.03886377,2141.501012,6.257886223,443.3174301,10.9744525,99.82815852,10,0.26,0.384615385
Dee.Scotland,Non-native,0.398101026,0,0.601898974,United Kingdom,Palearctic,-2.96588226,57.03886377,2141.501012,6.257886223,443.3174301,10.9744525,99.82815852,10,0.26,0.384615385
Dee.Wales,Native,0.108845912,0.165199259,0.725954829,United Kingdom,Palearctic,-3.204879761,53.01775013,2001.729195,8.446023071,426.7061806,44.4373703,95.064216,19,0.24,0.666666667
Dee.Wales,Non-native,0.129979,0.131148763,0.738872237,United Kingdom,Palearctic,-3.204879761,53.01775013,2001.729195,8.446023071,426.7061806,44.4373703,95.064216,19,0.24,0.666666667
Deep.Aus,Native,0.120775913,0.579232934,0.299991153,Australia,Australasia,116.5824206,-34.69893297,1033.891998,14.76432258,306.835577,0.412169389,99.96254385,8,0.6,0.3
Deep.Bel,Native,0.377340834,0.361369132,0.261290034,Belize,Neotropic,-88.7910967,16.4652085,821.8080545,24.42159542,150.5461908,0.257866826,99.89051139,17,0.36,0.777777778
Deep.creek,Native,0.09750476,0.280583797,0.621911444,Australia,Australasia,145.1984094,-40.87599506,104.4484115,12.52034764,277.2958954,0.170464955,81.06523525,3,0.43,0.581395349
Deep.creek,Non-native,0.28782068,0,0.71217932,Australia,Australasia,145.1984094,-40.87599506,104.4484115,12.52034764,277.2958954,0.170464955,81.06523525,3,0.43,0.581395349
Del.Carmen,Native,0.250657145,0.364369628,0.384973227,Mexico,Nearctic,-107.1061264,31.04841754,33314.71206,15.72883466,720.7564524,4.088868976,98.32353441,8,0.8,0.125
Del.Carmen,Non-native,0.226692433,0.21828905,0.555018517,Mexico,Nearctic,-107.1061264,31.04841754,33314.71206,15.72883466,720.7564524,4.088868976,98.32353441,8,0.8,0.125
Delaford.Bay,Native,0.061219853,0.35211961,0.586660537,Trinidad and Tobago,Neotropic,-60.56712963,11.28009259,15.09684973,25.44387268,64.1022846,0.751988113,99.91405,6,0.45,0.488888889
Delaware,Native,0.193581866,0.288191793,0.518226341,United States,Nearctic,-75.24222488,40.90351843,28618.74225,9.396184488,919.6388647,93.57865715,94.13571323,81,0.25,0.4
Delaware,Non-native,0.167350734,0.126072119,0.706577147,United States,Nearctic,-75.24222488,40.90351843,28618.74225,9.396184488,919.6388647,93.57865715,94.13571323,81,0.25,0.4
Demerara,Native,0.212300334,0.382109199,0.405590467,Guyana,Neotropic,-58.39336236,5.596718761,7415.020908,26.41327344,57.27697744,0.252443977,99.97839282,168,0.32,0.71875
Denmark,Native,0.050710402,0.378811464,0.570478135,Australia,Australasia,117.2663902,-34.7862405,783.1293719,14.82399139,311.1598445,0.394683249,98.39806879,34,0.78,0.076923077
Denmark,Non-native,0.638064753,0.361935247,0,Australia,Australasia,117.2663902,-34.7862405,783.1293719,14.82399139,311.1598445,0.394683249,98.39806879,34,0.78,0.076923077
Densu,Native,0.169971418,0.469162906,0.360865676,Ghana,Afrotropic,-0.384430163,5.901526139,2703.982176,26.09032595,104.914279,3.363444507,95.53154059,18,0.34,0.735294118
Derwent.Tas,Native,0.100773773,0.432516036,0.466710191,Australia,Australasia,146.7497916,-42.35391734,9561.770197,8.672842312,348.6243548,1.393868387,92.26030304,30,0.33,0.696969697
Derwent.Tas,Non-native,0.220466764,0.038678115,0.74085512,Australia,Australasia,146.7497916,-42.35391734,9561.770197,8.672842312,348.6243548,1.393868387,92.26030304,30,0.33,0.696969697
Derwent.UK,Native,0.115959993,0.161260266,0.722779741,United Kingdom,Palearctic,-1.440882395,53.96305183,10858.65064,8.622749589,449.9251659,65.75918484,96.08311221,21,0.22,0.590909091
Derwent.UK,Non-native,0.137413284,0.115479347,0.747107369,United Kingdom,Palearctic,-1.440882395,53.96305183,10858.65064,8.622749589,449.9251659,65.75918484,96.08311221,21,0.22,0.590909091
Deschutes,Native,0.306091367,0.127761414,0.566147218,United States,Nearctic,-122.6331563,46.85586399,448.2468409,9.618266735,503.9042462,15.60052228,99.54542541,21,0.39,0.820512821
Deseado,Native,0.204544231,0.316353894,0.479101876,Argentina,Neotropic,-69.3388161,-46.98746641,24679.57045,9.864276874,481.5272905,0.070003398,99.93980979,12,0.4,0.4
Deseado,Non-native,0.342960853,0,0.657039147,Argentina,Neotropic,-69.3388161,-46.98746641,24679.57045,9.864276874,481.5272905,0.070003398,99.93980979,12,0.4,0.4
Deshgan,Native,0.312072806,0.401469917,0.286457277,Iran,Palearctic,54.02413435,27.19568906,8106.173646,24.28896884,669.9002029,0.764028564,99.62276986,3,0.74,0.135135135
Detention,Native,0.094655989,0.262644899,0.642699113,Australia,Australasia,145.4561255,-40.95503473,124.3440888,11.92929686,281.3072961,0.234283362,99.93078183,7,0.38,0.684210526
Detention,Non-native,0.28782068,0,0.71217932,Australia,Australasia,145.4561255,-40.95503473,124.3440888,11.92929686,281.3072961,0.234283362,99.93078183,7,0.38,0.684210526
Devils.lake,Native,0.370894523,0.007867246,0.621238231,United States,Nearctic,-98.92558282,48.34302927,9474.937113,3.496092284,1295.326249,0.51752612,98.69624408,3,0.5,0.24
Devils.lake,Non-native,0.132422306,0.129357767,0.738219928,United States,Nearctic,-98.92558282,48.34302927,9474.937113,3.496092284,1295.326249,0.51752612,98.69624408,3,0.5,0.24
Devrekani.Cayi,Native,0.1157786,0.215453359,0.668768041,Turkey,Palearctic,32.97653854,41.79348814,247.3976702,10.37856684,708.8902222,3.565177917,99.71369947,36,0.27,0.62962963
Devrekani.Cayi,Non-native,0.212688251,0.174940689,0.612371061,Turkey,Palearctic,32.97653854,41.79348814,247.3976702,10.37856684,708.8902222,3.565177917,99.71369947,36,0.27,0.62962963
Diahot,Native,0.013436269,0.296147365,0.690416366,New Caledonia,Australasia,164.4664708,-20.42493355,624.4874006,22.4469191,223.1049235,2.11431098,99.96465499,11,0.47,0.255319149
Diahot,Non-native,0.469410199,0.325274984,0.205314817,New Caledonia,Australasia,164.4664708,-20.42493355,624.4874006,22.4469191,223.1049235,2.11431098,99.96465499,11,0.47,0.255319149
Dibamba,Native,0.155127522,0.542575272,0.302297207,Cameroon,Afrotropic,10.0825465,4.11342484,3485.329312,25.81611089,105.8274747,1.253929406,99.53942148,37,0.47,0.872340426
Diego.martin,Native,0.075641122,0.404753593,0.519605285,Trinidad and Tobago,Neotropic,-61.555,10.71166667,25.20871223,25.81000004,59.56454137,17.19340992,96.16725,17,0.51,0.470588235
Diego.martin,Non-native,0.562560816,0.437439184,0,Trinidad and Tobago,Neotropic,-61.555,10.71166667,25.20871223,25.81000004,59.56454137,17.19340992,96.16725,17,0.51,0.470588235
Dieprivier,Native,0.125282997,0.357152669,0.517564334,South Africa,Afrotropic,18.70310178,-33.63178945,1487.666865,17.45073305,390.9773939,28.42369795,98.00430838,3,0.62,0.274193548
Digul,Native,0.286357726,0.312602301,0.401039973,Indonesia,Australasia,140.3867821,-5.982087574,25660.09259,25.49973734,76.79380168,0.086125687,99.98837679,46,0.33,0.303030303
Dim,Native,0.073579738,0.169251022,0.75716924,Turkey,Palearctic,32.23186672,36.57635065,241.1795723,13.03814288,688.5984154,6.096475482,99.60620333,4,0.47,0.468085106
Dives,Native,0.116758504,0.202930938,0.680310558,France,Palearctic,-0.021716578,49.00875688,1763.110768,10.84627327,474.0286087,12.25341249,99.72593387,17,0.19,0.684210526
Dives,Non-native,0.199050513,0.044107084,0.756842404,France,Palearctic,-0.021716578,49.00875688,1763.110768,10.84627327,474.0286087,12.25341249,99.72593387,17,0.19,0.684210526
Dnepr,Native,0.112114883,0.237869,0.650016116,Ukraine,Palearctic,31.41189173,51.3062635,512313.2376,6.786967806,916.3947692,2.855005383,98.69992022,71,0.35,0.571428571
Dnepr,Non-native,0.163276092,0.140410509,0.6963134,Ukraine,Palearctic,31.41189173,51.3062635,512313.2376,6.786967806,916.3947692,2.855005383,98.69992022,71,0.35,0.571428571
Dnestr,Native,0.117997136,0.208335861,0.673667003,Ukraine,Palearctic,26.61020421,48.52841125,72571.80239,7.720939991,828.8608645,3.082314551,96.21978825,70,0.31,0.483870968
Dnestr,Non-native,0.101933527,0.070089049,0.827977424,Ukraine,Palearctic,26.61020421,48.52841125,72571.80239,7.720939991,828.8608645,3.082314551,96.21978825,70,0.31,0.483870968
Doce,Native,0.250401466,0.385125835,0.364472699,Brazil,Neotropic,-42.23908717,-19.44472085,82688.22301,21.20896291,210.7605927,4.122503996,98.48523861,96,0.42,0.595238095
Doce,Non-native,0.249892041,0.182108433,0.567999526,Brazil,Neotropic,-42.23908717,-19.44472085,82688.22301,21.20896291,210.7605927,4.122503996,98.48523861,96,0.42,0.595238095
Doctors,Native,0.05247416,0.361332705,0.586193136,Trinidad and Tobago,Neotropic,-60.5344697,11.31325758,9.22481358,26.09280326,62.70123568,0.751988113,NA,7,NA,NA
Doctors.creek,Native,0.270571456,0.226852671,0.502575873,Australia,Australasia,123.7517784,-17.33461454,291.1582561,27.9296949,317.9069987,0.036965985,99.97302069,6,0.74,0.162162162
Dodo,Native,0.13448538,0.455953682,0.409560938,Côte d'Ivoire,Afrotropic,-7.131156166,4.779723494,754.9218278,25.7034777,87.91869226,0.279812202,99.97823617,26,0.33,0.545454545
Dodowa,Native,0.186763541,0.505522778,0.30771368,Ghana,Afrotropic,3.76E-05,5.854496485,709.7133299,27.00759978,118.1942674,2.248823822,88.87366104,8,0.63,0.238095238
Dogankent.Cayi,Native,0.114394101,0.214853639,0.670752259,Turkey,Palearctic,39.30766746,40.52944222,3326.301441,7.341665031,795.9653611,3.851022601,95.47003471,35,0.46,0.826086957
Dogankent.Cayi,Non-native,0.319032376,0.225074707,0.455892916,Turkey,Palearctic,39.30766746,40.52944222,3326.301441,7.341665031,795.9653611,3.851022601,95.47003471,35,0.46,0.826086957
Doggerup,Native,0.138029615,0.577393516,0.284576869,Australia,Australasia,116.0354376,-34.74411441,105.0219273,15.45580461,306.9465947,0.381531663,99.98359443,7,0.54,0.425925926
Don,Native,0.037028999,0.336717977,0.626253024,Australia,Australasia,148.1012825,-20.23712249,1889.272121,23.29026047,343.7493783,0.61696098,99.91686068,22,0.65,0.138461538
Don.Russia,Native,0.109854157,0.234588299,0.655557544,Russia,Palearctic,41.06773235,49.95977075,429385.9621,7.06034414,1078.486862,2.341298133,98.38877035,61,0.33,0.454545455
Don.Russia,Non-native,0.070347409,0.138820778,0.790831812,Russia,Palearctic,41.06773235,49.95977075,429385.9621,7.06034414,1078.486862,2.341298133,98.38877035,61,0.33,0.454545455
Don.Scotland,Native,0.154001457,0.120596222,0.725402321,United Kingdom,Palearctic,-2.679096106,57.24601703,1316.376757,7.126114465,428.2388818,11.79041123,99.77849686,8,0.25,0.32
Don.Scotland,Non-native,0.242318738,0.156758297,0.600922965,United Kingdom,Palearctic,-2.679096106,57.24601703,1316.376757,7.126114465,428.2388818,11.79041123,99.77849686,8,0.25,0.32
Don.Tasman,Native,0.08857036,0.2978132,0.61361644,Australia,Australasia,146.3078228,-41.29534379,131.754965,11.83698432,324.2263185,1.880470008,99.69875881,7,0.33,0.727272727
Don.Tasman,Non-native,0.28782068,0,0.71217932,Australia,Australasia,146.3078228,-41.29534379,131.754965,11.83698432,324.2263185,1.880470008,99.69875881,7,0.33,0.727272727
Dong.Cheon,Native,0.122356417,0.361294095,0.516349488,South Korea,Palearctic,127.5904165,35.02891371,178.0325353,12.25146001,894.441263,22.97278786,99.5232272,33,0.41,0.585365854
Dong.Cheon,Non-native,0,0.088214167,0.911785833,South Korea,Palearctic,127.5904165,35.02891371,178.0325353,12.25146001,894.441263,22.97278786,99.5232272,33,0.41,0.585365854
Dong.Nai,Native,0.127935439,0.361832098,0.510232464,Vietnam,Indo-Malay,107.2770296,11.52654991,29848.14278,24.27625985,115.8544051,4.108489692,95.46818506,218,0.46,0.869565217
Dong.Nai,Non-native,0.501234079,0.265507916,0.233258005,Vietnam,Indo-Malay,107.2770296,11.52654991,29848.14278,24.27625985,115.8544051,4.108489692,95.46818506,218,0.46,0.869565217
Donnelly,Native,0.176264707,0.538911786,0.284823507,Australia,Australasia,115.8947957,-34.24642397,1538.102358,15.24117489,340.1359229,0.252805922,98.46685605,10,0.57,0.350877193
Donnelly,Non-native,0.242128605,0.16953715,0.588334246,Australia,Australasia,115.8947957,-34.24642397,1538.102358,15.24117489,340.1359229,0.252805922,98.46685605,10,0.57,0.350877193
Doonan.creek,Native,0,0.636972983,0.363027017,Australia,Australasia,153.0484938,-26.49259364,93.71921401,20.60822653,361.4288554,4.097175896,99.73215711,4,0.48,0.104166667
Dordogne,Native,0.095475456,0.177729903,0.72679464,France,Palearctic,1.269558794,45.16412894,24113.64285,11.32698898,554.6866978,9.183343172,96.44303723,28,0.2,0.7
Dordogne,Non-native,0.172815088,0.131371908,0.695813004,France,Palearctic,1.269558794,45.16412894,24113.64285,11.32698898,554.6866978,9.183343172,96.44303723,28,0.2,0.7
Dorodong.creek,Native,0.07556071,0.657289411,0.267149879,Australia,Australasia,140.7814697,-37.31941134,901.0222759,14.16427439,361.1621615,1.169816017,99.63175057,2,0.6,0.216666667
Dorodong.creek,Non-native,0.413734462,0.586265538,0,Australia,Australasia,140.7814697,-37.31941134,901.0222759,14.16427439,361.1621615,1.169816017,99.63175057,2,0.6,0.216666667
Douglas,Native,0.00062342,0.244427567,0.754949013,Australia,Australasia,148.2196677,-41.73990953,116.5790358,10.83586649,305.1561493,0.100650849,99.93470126,6,0.3,0.2
Douglas,Non-native,0.28782068,0,0.71217932,Australia,Australasia,148.2196677,-41.73990953,116.5790358,10.83586649,305.1561493,0.100650849,99.93470126,6,0.3,0.2
Douro,Native,0.07790816,0.203638083,0.718453757,Spain,Palearctic,-5.362426978,41.62120112,97240.26142,11.32799839,599.0717417,6.571804404,94.43415662,21,0.31,0.580645161
Douro,Non-native,0.199036764,0.145127846,0.65583539,Spain,Palearctic,-5.362426978,41.62120112,97240.26142,11.32799839,599.0717417,6.571804404,94.43415662,21,0.31,0.580645161
Doyle,Native,0.071917313,0.37795713,0.550125558,Falkland Islands,Neotropic,-60.17740221,-51.90281299,194.8491024,6.615371909,267.71888,NA,99.97527135,2,0.39,0.564102564
Doyle,Non-native,0.28782068,0,0.71217932,Falkland Islands,Neotropic,-60.17740221,-51.90281299,194.8491024,6.615371909,267.71888,NA,99.97527135,2,0.39,0.564102564
Draa,Native,0.154164551,0.206106258,0.639729191,Morocco,Palearctic,-7.592759236,29.64869382,95985.54152,20.10451955,683.8352092,0.431654476,98.25961701,5,0.67,0.089552239
Draa,Non-native,0.683312848,0.001428299,0.315258853,Morocco,Palearctic,-7.592759236,29.64869382,95985.54152,20.10451955,683.8352092,0.431654476,98.25961701,5,0.67,0.089552239
Dry.creek,Native,0.091666198,0.521271193,0.387062609,Australia,Australasia,138.6776519,-34.81995315,65.84717458,16.09340282,424.3176184,21.08714485,94.40429044,4,0.22,0.5
Dry.creek,Non-native,0.413734462,0.586265538,0,Australia,Australasia,138.6776519,-34.81995315,65.84717458,16.09340282,424.3176184,21.08714485,94.40429044,4,0.22,0.5
Drysdale,Native,0.056424886,0.429145317,0.514429797,Australia,Australasia,126.6097661,-15.45360005,15803.89489,26.14516727,320.0003179,0.027364497,99.99127208,19,0.62,0.419354839
Ducie,Native,0.122425878,0.526060928,0.351513195,Australia,Australasia,142.3792679,-12.02167422,3089.806764,26.24410972,148.6925414,0.018226983,99.97842926,8,0.63,0.428571429
Duck,Native,0.096354508,0.364366463,0.539279029,Australia,Australasia,145.0878948,-40.964418,387.4265252,12.19820439,273.4494748,0.359216936,99.92078024,11,0.42,0.714285714
Duck,Non-native,0.28782068,0,0.71217932,Australia,Australasia,145.0878948,-40.964418,387.4265252,12.19820439,273.4494748,0.359216936,99.92078024,11,0.42,0.714285714
Duck.creek,Native,0.030022252,0.35436073,0.615617018,Australia,Australasia,148.2237756,-20.14913105,137.9328465,23.9348928,330.7828167,0.761648685,99.97170141,10,0.83,0.072289157
Duiwenhoks,Native,0.154683838,0.40108733,0.444228832,South Africa,Afrotropic,21.03608137,-34.13527803,1206.639149,17.31661015,375.5295717,0.298447251,93.22969299,3,0.73,0.068493151
Duiwenhoks,Non-native,0.267186507,0.186819768,0.545993725,South Africa,Afrotropic,21.03608137,-34.13527803,1206.639149,17.31661015,375.5295717,0.298447251,93.22969299,3,0.73,0.068493151
Dukes.Island,Native,0.171318662,0.262570219,0.566111119,United States,Nearctic,-70.62762662,41.38797757,290.4780826,10.21292111,811.0453311,20.96737003,99.90661287,35,0.34,0.558823529
Duong.Dong,Native,0.130762685,0.384330974,0.484906341,Vietnam,Indo-Malay,103.9963538,10.24525258,117.877173,26.87006739,79.44936315,0.770386152,99.99392907,54,0.5,0.7
Duong.Dong,Non-native,0.703714389,0,0.296285611,Vietnam,Indo-Malay,103.9963538,10.24525258,117.877173,26.87006739,79.44936315,0.770386152,99.99392907,54,0.5,0.7
Dvina,Native,0.112609216,0.169978635,0.717412148,Russia,Palearctic,46.61303492,61.79801616,378675.0623,0.921179655,1086.40553,0.358576819,99.98311817,33,0.5,0.88
Dvina,Non-native,0.299571001,0.064336697,0.636092302,Russia,Palearctic,46.61303492,61.79801616,378675.0623,0.921179655,1086.40553,0.358576819,99.98311817,33,0.5,0.88
Earn,Native,0.092178216,0.151007939,0.756813845,United Kingdom,Palearctic,-3.845894075,56.3556151,961.1749024,7.336750743,422.2986649,11.12710619,94.36936681,17,0.28,0.535714286
Earn,Non-native,0.162995012,0.07589985,0.761105138,United Kingdom,Palearctic,-3.845894075,56.3556151,961.1749024,7.336750743,422.2986649,11.12710619,94.36936681,17,0.28,0.535714286
Earthquake.Springs.Drain,Native,0.037780355,0.493127629,0.469092016,Australia,Australasia,140.2639002,-37.26331863,2315.910616,14.51132251,338.158363,0.955065042,99.47193619,4,0.54,0.259259259
Earthquake.Springs.Drain,Non-native,0.361843196,0.297732142,0.340424662,Australia,Australasia,140.2639002,-37.26331863,2315.910616,14.51132251,338.158363,0.955065042,99.47193619,4,0.54,0.259259259
East.Alligator,Native,0.143810798,0.363561046,0.492628156,Australia,Australasia,133.1418127,-12.66277476,7691.79602,27.21633194,198.1392991,0.044089815,99.99098487,64,0.62,0.516129032
East.Gippsland,Native,0.055305175,0.411939773,0.532755051,Australia,Australasia,149.5419641,-37.31201184,1973.028179,13.53277514,371.0124848,0.391228244,99.96478338,34,0.68,0.058823529
Eastmain,Native,0.188702583,0.117988504,0.693308913,Canada,Nearctic,-74.21889278,52.37049743,46468.3081,-2.081712396,1325.832768,0.001792852,99.01775007,18,0.5,0.84
Ebe,Native,0.17380534,0.487095282,0.339099377,Nigeria,Afrotropic,8.686102492,5.169137855,2433.60121,25.84853259,87.92905614,1.559537768,99.98721156,34,0.49,0.857142857
Ebinur.Hu,Native,0.130209373,0.338754397,0.53103623,China,Palearctic,83.20285342,44.76019318,51814.1863,4.387850164,1326.571202,0.434602052,96.83731183,14,0.58,0.965517241
Ebinur.Hu,Non-native,0.175778465,0,0.824221535,China,Palearctic,83.20285342,44.76019318,51814.1863,4.387850164,1326.571202,0.434602052,96.83731183,14,0.58,0.965517241
Ebranche,Native,0.238762252,0.4168646,0.344373148,Trinidad and Tobago,Neotropic,-61.08090278,10.515625,40.35913886,26.32721617,56.77399948,17.19341016,99.95285,11,0.38,0.526315789
Ebro,Native,0.13701385,0.234757803,0.628228347,Spain,Palearctic,-0.881320941,41.93273805,85718.27412,11.72658947,623.1176645,9.877691031,93.75484922,30,0.21,0.666666667
Ebro,Non-native,0.15061278,0.140464364,0.708922856,Spain,Palearctic,-0.881320941,41.93273805,85718.27412,11.72658947,623.1176645,9.877691031,93.75484922,30,0.21,0.666666667
Eden,Native,0.110228609,0.146386185,0.743385206,United Kingdom,Palearctic,-2.694773775,54.7097559,2342.899418,7.8598831,429.1782832,8.771029234,97.89613769,18,0.26,0.576923077
Eden,Non-native,0.136652162,0.113683912,0.749663925,United Kingdom,Palearctic,-2.694773775,54.7097559,2342.899418,7.8598831,429.1782832,8.771029234,97.89613769,18,0.26,0.576923077
Edisto,Native,0.235516678,0.314854779,0.449628543,United States,Nearctic,-80.97468935,33.43595223,7471.565985,17.46512218,711.441373,12.3125658,99.90611517,67,0.22,0.454545455
Edward,Native,0.397045348,0.309561333,0.293393318,Uganda,Afrotropic,29.73147627,-0.15296838,23780.3722,20.74051454,31.67411146,0.845069915,99.97275305,77,0.28,0.678571429
Eel,Native,0.296763416,0.16457081,0.538665773,United States,Nearctic,-123.4438239,39.95938856,9429.554184,11.26760959,503.4948374,1.888446063,98.86655219,15,0.32,0.8125
Eel,Non-native,0.176133703,0.183520781,0.640345516,United States,Nearctic,-123.4438239,39.95938856,9429.554184,11.26760959,503.4948374,1.888446063,98.86655219,15,0.32,0.8125
Eersterivier,Native,0.135465906,0.384205215,0.480328879,South Africa,Afrotropic,18.7922238,-33.94578275,628.6189348,16.69591384,362.9068452,26.16674376,98.41800381,5,0.46,0.434782609
Eersterivier,Non-native,0.703714389,0,0.296285611,South Africa,Afrotropic,18.7922238,-33.94578275,628.6189348,16.69591384,362.9068452,26.16674376,98.41800381,5,0.46,0.434782609
Egegik,Native,0.305299398,0.082380931,0.612319672,United States,Nearctic,-156.2585913,57.91926827,3998.418635,2.326442159,669.5064539,0.019218879,100,10,0.32,0.34375
El.Abid,Native,0.044392591,0.273722964,0.681884445,Tunisia,Palearctic,10.7727933,36.8813561,351.8572345,18.17754536,543.9930948,11.58826125,94.6350397,4,0.53,0.226415094
El.Abid,Non-native,0.413734462,0.586265538,0,Tunisia,Palearctic,10.7727933,36.8813561,351.8572345,18.17754536,543.9930948,11.58826125,94.6350397,4,0.53,0.226415094
El.Fuerte,Native,0.216000748,0.318481693,0.465517558,Mexico,Neotropic,-107.8283673,26.90969869,34784.23145,18.76613436,452.4689884,0.975479096,96.67253806,35,0.33,0.606060606
El.Fuerte,Non-native,0,0.088214167,0.911785833,Mexico,Neotropic,-107.8283673,26.90969869,34784.23145,18.76613436,452.4689884,0.975479096,96.67253806,35,0.33,0.606060606
El.Harrach,Native,0.150796762,0.395622053,0.453581185,Algeria,Palearctic,3.085156603,36.53171706,1098.339899,16.08328356,592.5574417,20.05768299,98.13088098,6,0.37,0.351351351
El.Kebir.Annaba,Native,0.286189884,0.304331714,0.409478402,Algeria,Palearctic,7.316139082,36.79084879,2196.724366,16.75563702,550.6180906,8.285634756,99.58160492,4,0.54,0.296296296
El.Kebir.Annaba,Non-native,0.057414695,0.262480929,0.680104376,Algeria,Palearctic,7.316139082,36.79084879,2196.724366,16.75563702,550.6180906,8.285634756,99.58160492,4,0.54,0.296296296
El.Kebir.Tabarka,Native,0.046685221,0.26980642,0.683508359,Algeria,Palearctic,8.18484528,36.66320392,2763.328782,16.73143307,592.3213739,6.151849627,89.92325927,4,0.47,0.382978723
El.Madene,Native,0.046685221,0.26980642,0.683508359,Tunisia,Palearctic,9.055893548,36.92944083,912.8600933,16.95127626,593.3953381,4.627127528,94.83805419,4,0.54,0.314814815
El.Pescado,Native,0.215535922,0.360043935,0.424420143,Argentina,Neotropic,-57.8702834,-35.00510784,520.252235,16.2031588,492.4676459,2.018773228,99.23905557,57,0.24,0.25
El.Pescado,Non-native,0.062803796,0.018034155,0.919162049,Argentina,Neotropic,-57.8702834,-35.00510784,520.252235,16.2031588,492.4676459,2.018773228,99.23905557,57,0.24,0.25
Elbe,Native,0.100594642,0.155652148,0.743753211,Germany,Palearctic,12.95781843,51.2992934,143864.5137,8.316226287,682.6816151,28.42241001,95.80910898,46,0.2,0.6
Elbe,Non-native,0.138046726,0.118578161,0.743375112,Germany,Palearctic,12.95781843,51.2992934,143864.5137,8.316226287,682.6816151,28.42241001,95.80910898,46,0.2,0.6
Eleanor,Native,0.051984789,0.345531692,0.602483519,Australia,Australasia,137.2140606,-35.87200786,259.0981638,15.19249779,341.3843891,0.115909949,99.89349641,5,0.44,0.25
Elimbah.creek,Native,0.067617601,0.492833038,0.439549362,Australia,Australasia,152.9622587,-27.00048847,178.040724,20.06204704,383.5599803,13.82059741,99.76679783,8,0.43,0.139534884
Elizabeth,Native,0.029226195,0.686207727,0.284566078,Australia,Australasia,131.0598548,-12.60533621,257.8092107,27.24780777,172.3364389,0.709855363,99.92383767,8,0.62,0.467741935
Elizabeth,Non-native,0.493761342,0.506238658,0,Australia,Australasia,131.0598548,-12.60533621,257.8092107,27.24780777,172.3364389,0.709855363,99.92383767,8,0.62,0.467741935
Ellen.Brook,Native,0.094340319,0.331597385,0.574062296,Australia,Australasia,115.0223014,-33.89042036,71.41023892,16.65916676,339.0949762,1.612208575,99.90381922,3,0.56,0.392857143
Ellen.Brook,Non-native,0.413734462,0.586265538,0,Australia,Australasia,115.0223014,-33.89042036,71.41023892,16.65916676,339.0949762,1.612208575,99.90381922,3,0.56,0.392857143
Ellesmere.un,Native,0.243417724,0,0.756582276,Canada,Nearctic,-68.24989777,82.29823099,909.4341925,-19.13842291,1315.989369,1.14E-05,100,1,0.83,0.313253012
Ellice,Native,0.232771657,0.05827479,0.708953553,Canada,Nearctic,-104.3044519,67.20544827,5826.25628,-12.56441632,1633.442685,2.67E-07,100,9,0.72,0.527777778
Elliot,Native,0.028672868,0.329440115,0.641887017,Australia,Australasia,147.8533126,-20.06578141,329.3421424,23.57992697,336.6253413,0.316775043,99.93437482,13,0.77,0.090909091
Elliot,Non-native,0.413734462,0.586265538,0,Australia,Australasia,147.8533126,-20.06578141,329.3421424,23.57992697,336.6253413,0.316775043,99.93437482,13,0.77,0.090909091
Elliott,Native,0.102905662,0.329780291,0.567314047,Australia,Australasia,152.3317848,-24.97989229,339.1579665,21.47465438,369.9275563,1.585736662,99.68717451,28,0.5,0.12
Elliott,Non-native,0.413734462,0.586265538,0,Australia,Australasia,152.3317848,-24.97989229,339.1579665,21.47465438,369.9275563,1.585736662,99.68717451,28,0.5,0.12
Elota,Native,0.308439472,0.454904274,0.236656255,Mexico,Neotropic,-106.5943971,24.25522261,2325.390639,22.79268873,294.6136035,1.02696234,89.75684084,11,0.43,0.627906977
Elqui,Native,0.04872107,0.369127271,0.582151659,Chile,Neotropic,-70.50953394,-29.97571352,9453.094234,6.308225004,305.174578,0.644824393,99.74291617,5,0.35,0.4
Elqui,Non-native,0.398101026,0,0.601898974,Chile,Neotropic,-70.50953394,-29.97571352,9453.094234,6.308225004,305.174578,0.644824393,99.74291617,5,0.35,0.4
Eman,Native,0.129390221,0.106734203,0.763875576,Sweden,Palearctic,15.38996838,57.41878571,4258.665803,5.863834169,695.1047632,2.729655385,99.85990476,23,0.27,0.259259259
Eman,Non-native,0.369289219,0,0.630710781,Sweden,Palearctic,15.38996838,57.41878571,4258.665803,5.863834169,695.1047632,2.729655385,99.85990476,23,0.27,0.259259259
Embilikala.Oya,Native,0.115747641,0.393418037,0.490834322,Sri Lanka,Indo-Malay,81.21751801,6.21650131,116.3446233,27.38457035,67.62450773,2.139389753,99.36813133,28,0.52,0.365384615
Embilikala.Oya,Non-native,0.417017478,0.239760474,0.343222047,Sri Lanka,Indo-Malay,81.21751801,6.21650131,116.3446233,27.38457035,67.62450773,2.139389753,99.36813133,28,0.52,0.365384615
Embley,Native,0.10845399,0.405963328,0.485582682,Australia,Australasia,142.0229123,-12.82731417,2083.429805,26.14727656,159.60525,0.040050865,99.98349385,58,0.64,0.390625
Ems,Native,0.091272802,0.154494744,0.754232454,Germany,Palearctic,7.80371449,52.54352694,12369.78947,9.270086835,583.4589118,42.28041935,99.12850525,19,0.21,0.523809524
Ems,Non-native,0,0.081443409,0.918556591,Germany,Palearctic,7.80371449,52.54352694,12369.78947,9.270086835,583.4589118,42.28041935,99.12850525,19,0.21,0.523809524
Emu,Native,0.104239812,0.232465929,0.663294258,Australia,Australasia,145.8117339,-41.24829993,245.0999063,10.14539125,304.3773902,0.786404729,87.61365935,5,0.34,0.852941176
Emu,Non-native,0.28782068,0,0.71217932,Australia,Australasia,145.8117339,-41.24829993,245.0999063,10.14539125,304.3773902,0.786404729,87.61365935,5,0.34,0.852941176
En.Namous,Native,0.054514,0.226811819,0.718674182,Algeria,Palearctic,0.443913104,30.63700152,153706.8712,21.80160613,889.4484087,0.101030735,99.93609836,1,0.97,0.010309278
Endau,Native,0.158722422,0.381050155,0.460227423,Malaysia,Indo-Malay,103.4497497,2.31145335,4448.025704,25.99443053,51.84465841,8.822138906,99.97062346,115,0.42,0.380952381
Endeavour,Native,0.095761456,0.426841516,0.477397028,Australia,Australasia,145.1028674,-15.3552737,955.2479905,25.13310909,213.9817313,0.045303167,99.94245489,11,0.65,0.292307692
Enguri,Native,0.133326944,0.192078523,0.674594533,Georgia,Palearctic,42.44562977,43.0049667,3277.436804,2.174797629,698.7836191,2.380561352,98.30455626,30,0.52,0.884615385
Enguri,Non-native,0,0.2270361,0.7729639,Georgia,Palearctic,42.44562977,43.0049667,3277.436804,2.174797629,698.7836191,2.380561352,98.30455626,30,0.52,0.884615385
Enneri.Tomou,Native,0.176115295,0.189250057,0.634634648,Libya,Palearctic,21.57155756,24.03877331,717903.769,22.84755755,668.3964087,0.017751358,99.93531825,2,0.8,0.0125
Eocheon.jeosuji,Native,0.120593349,0.281687134,0.597719516,South Korea,Palearctic,126.8990818,37.27169473,114.8866313,11.4745984,1026.368507,121.1980972,97.47313045,20,0.38,0.657894737
Eocheon.jeosuji,Non-native,0.142428926,0.301261531,0.556309543,South Korea,Palearctic,126.8990818,37.27169473,114.8866313,11.4745984,1026.368507,121.1980972,97.47313045,20,0.38,0.657894737
Eojeon.ji,Native,0.115054344,0.365624691,0.519320966,South Korea,Palearctic,126.9010396,37.04101789,270.4749102,11.57727073,1028.067221,32.40320754,98.59727772,32,0.27,0.851851852
Eojeon.ji,Non-native,0.142428926,0.301261531,0.556309543,South Korea,Palearctic,126.9010396,37.04101789,270.4749102,11.57727073,1028.067221,32.40320754,98.59727772,32,0.27,0.851851852
Erin,Native,0.151620472,0.512226636,0.336152891,Trinidad and Tobago,Neotropic,-61.57984694,10.10620748,41.25215854,26.42627545,57.84472703,17.19340992,99.59495,7,0.37,0.432432432
Erne,Native,0.236840638,0.067191468,0.695967894,United Kingdom,Palearctic,-7.4970539,54.1954187,4355.112452,9.200372125,388.9177131,6.207774043,98.56358531,6,0.27,0.592592593
Erne,Non-native,0.076145157,0.173288513,0.75056633,United Kingdom,Palearctic,-7.4970539,54.1954187,4355.112452,9.200372125,388.9177131,6.207774043,98.56358531,6,0.27,0.592592593
Escambia,Native,0.19953569,0.360266966,0.440197344,United States,Nearctic,-86.74602276,31.46121697,10975.23318,18.23143603,673.3689472,4.115059078,97.62060349,106,0.21,0.476190476
Escambia,Non-native,0.186579702,0.198270833,0.615149465,United States,Nearctic,-86.74602276,31.46121697,10975.23318,18.23143603,673.3689472,4.115059078,97.62060349,106,0.21,0.476190476
Escatawpa,Native,0.217027549,0.334691673,0.448280777,United States,Nearctic,-88.39553972,30.88857604,2798.508871,18.87735712,657.3178317,10.49172902,96.22649554,70,0.15,0.666666667
Escatawpa,Non-native,0.222853826,0.233984001,0.543162173,United States,Nearctic,-88.39553972,30.88857604,2798.508871,18.87735712,657.3178317,10.49172902,96.22649554,70,0.15,0.666666667
Esclavos,Native,0.344608705,0.320769731,0.334621564,Guatemala,Neotropic,-90.24833598,14.25631141,2047.996465,22.04890011,82.03325757,13.45064497,99.86712359,19,0.5,0.92
Escuro,Native,0.288601239,0.622742161,0.0886566,Brazil,Neotropic,-45.14972969,-23.49165605,133.0378884,21.05315993,245.8014157,16.29816484,99.85648504,3,0.3,0.566666667
Esfahan,Native,0.088731188,0.346946136,0.564322677,Iran,Palearctic,51.77968064,32.46189264,41635.95197,13.75831892,904.3692562,5.543994546,97.38274305,11,0.59,0.457627119
Esfahan,Non-native,0.15444708,0.189021365,0.656531555,Iran,Palearctic,51.77968064,32.46189264,41635.95197,13.75831892,904.3692562,5.543994546,97.38274305,11,0.59,0.457627119
Esino,Native,0.139154173,0.242719241,0.618126586,Italy,Palearctic,13.11133498,43.44325511,994.4562867,12.93900848,677.3817451,23.99927044,99.15670763,11,0.34,0.441176471
Esino,Non-native,0.21349633,0.172268952,0.614234718,Italy,Palearctic,13.11133498,43.44325511,994.4562867,12.93900848,677.3817451,23.99927044,99.15670763,11,0.34,0.441176471
Esk.NZ,Native,0.021774909,0.390109912,0.588115179,New Zealand,Australasia,176.7691228,-39.2824514,280.0148068,12.24218376,365.343073,2.637983263,99.84250907,12,0.31,0.35483871
Esk.NZ,Non-native,0.2365254,0,0.7634746,New Zealand,Australasia,176.7691228,-39.2824514,280.0148068,12.24218376,365.343073,2.637983263,99.84250907,12,0.31,0.35483871
Esk.UK,Native,0.077276381,0.144469128,0.778254492,United Kingdom,Palearctic,-2.938137627,55.16524287,1238.661626,7.679966548,424.8702897,15.42876959,99.88406725,16,0.26,0.538461538
Esk.UK,Non-native,0.132700342,0.082393515,0.784906144,United Kingdom,Palearctic,-2.938137627,55.16524287,1238.661626,7.679966548,424.8702897,15.42876959,99.88406725,16,0.26,0.538461538
Esmeraldas,Native,0.220175086,0.402770952,0.377053962,Ecuador,Neotropic,-78.9915228,0.013439195,21529.33676,18.54213419,40.11014935,5.987609863,99.74923621,42,0.34,0.852941176
Esperance,Native,0.113597271,0.317162769,0.56923996,Australia,Australasia,146.8918727,-43.30577566,253.0006541,9.510556962,293.1688009,0.248048078,99.93807596,8,0.3,0.633333333
Esperance,Non-native,0.28782068,0,0.71217932,Australia,Australasia,146.8918727,-43.30577566,253.0006541,9.510556962,293.1688009,0.248048078,99.93807596,8,0.3,0.633333333
Esquinas,Native,0.23962782,0.482506978,0.277865203,Costa Rica,Neotropic,-83.32349383,8.729230605,14.62412025,26.03932273,75.8832078,0.558464766,99.96517849,26,0.45,0.733333333
Essequibo,Native,0.201365645,0.404371974,0.394262381,Guyana,Neotropic,-59.93877262,5.168702372,153963.9676,25.58539593,56.8448644,0.112682575,99.95879656,573,0.34,0.823529412
Essequibo,Non-native,0.134158405,0.364573586,0.501268009,Guyana,Neotropic,-59.93877262,5.168702372,153963.9676,25.58539593,56.8448644,0.112682575,99.95879656,573,0.34,0.823529412
Estero.Real,Native,0.309775423,0.298091727,0.39213285,Nicaragua,Neotropic,-86.81533327,12.84499809,3694.361143,26.76849799,93.67978285,2.306491286,99.87842246,13,0.44,0.909090909
Estrela,Native,0.131198982,0.597751271,0.271049747,Brazil,Neotropic,-43.23846138,-22.59711388,457.6743502,21.47612397,225.8772126,106.1890049,97.20683026,14,0.34,0.794117647
Estrella,Native,0.199597288,0.491402467,0.309000246,Costa Rica,Neotropic,-83.08062024,9.714193798,727.1849337,23.62662877,68.13325029,4.321151018,99.94413445,9,0.3,0.6
Etosha.Pan,Native,0.313330396,0.313302164,0.37336744,Namibia,Afrotropic,16.39540252,-17.96590346,171827.2088,22.28544002,338.2524649,0.167972788,99.79234339,36,0.69,0.275362319
Eumeralla,Native,0.047384957,0.532332671,0.420282372,Australia,Australasia,142.0569687,-38.12265987,904.6407477,13.55600774,331.1549568,0.985567957,99.81734535,10,0.42,0.357142857
Eumeralla,Non-native,0.413734462,0.586265538,0,Australia,Australasia,142.0569687,-38.12265987,904.6407477,13.55600774,331.1549568,0.985567957,99.81734535,10,0.42,0.357142857
Evans,Native,0.028275976,0.573445008,0.398279015,Australia,Australasia,153.3979232,-29.12899995,96.18242564,19.32855196,356.3557276,0.844904661,99.95497049,9,0.42,0.095238095
Evinos,Native,0.177946372,0.268472738,0.55358089,Greece,Palearctic,21.79673078,38.59959175,1105.990108,11.95791288,653.5012793,7.540137053,86.9327825,10,0.34,0.823529412
Evinos,Non-native,0.405917744,0.293132769,0.300949487,Greece,Palearctic,21.79673078,38.59959175,1105.990108,11.95791288,653.5012793,7.540137053,86.9327825,10,0.34,0.823529412
Evros,Native,0.10462657,0.229940194,0.665433236,Bulgaria,Palearctic,25.84853041,41.87536406,53005.94877,11.56844958,753.4212774,5.807246327,93.03713542,57,0.27,0.518518519
Evros,Non-native,0.162993902,0.141725239,0.695280859,Bulgaria,Palearctic,25.84853041,41.87536406,53005.94877,11.56844958,753.4212774,5.807246327,93.03713542,57,0.27,0.518518519
Evrotas,Native,0.076440185,0.394373412,0.529186404,Greece,Palearctic,22.44600772,37.13918794,1902.879277,13.7691279,635.2231327,6.107220054,98.94718271,6,0.59,0.203389831
Evrotas,Non-native,0.405917744,0.293132769,0.300949487,Greece,Palearctic,22.44600772,37.13918794,1902.879277,13.7691279,635.2231327,6.107220054,98.94718271,6,0.59,0.203389831
Exploits,Native,0.170488381,0.190219412,0.639292207,Canada,Nearctic,-56.60908076,48.66633935,11288.62596,2.989374369,904.7624106,0.200390548,96.20647018,9,0.4,0.475
Eye,Native,0.1401281,0.148954003,0.710917898,United Kingdom,Palearctic,-2.223523897,55.86248616,115.700409,7.595762707,438.9251814,4.903739929,99.84253568,8,0.21,0.523809524
Eye,Non-native,0.171166106,0.162447913,0.666385981,United Kingdom,Palearctic,-2.223523897,55.86248616,115.700409,7.595762707,438.9251814,4.903739929,99.84253568,8,0.21,0.523809524
Eyjafjardara,Native,0.288833184,0,0.711166816,Iceland,Palearctic,-18.18464342,65.38255178,1354.775724,-0.390001111,475.296394,0.498511218,99.98426699,3,0.48,0.583333333
Eyl,Native,0.113989258,0.531833995,0.354176746,Somalia,Afrotropic,47.41812598,9.11010212,64543.79768,24.35197872,194.0574575,0.037088308,99.90980263,2,0.72,0.083333333
Fagnano,Native,0.095395984,0.353845594,0.550758422,Argentina,Neotropic,-67.98347103,-54.54548545,3468.766046,4.245525248,321.4832541,0.542912774,99.98983463,4,0.24,0.375
Fagnano,Non-native,0.314149046,0,0.685850954,Argentina,Neotropic,-67.98347103,-54.54548545,3468.766046,4.245525248,321.4832541,0.542912774,99.98983463,4,0.24,0.375
Fangcheng,Native,0.145379723,0.361277012,0.493343265,China,Indo-Malay,108.1325695,21.81515638,768.2321307,21.30989147,539.6597916,0.966107041,99.90971493,25,0.32,0.8125
Fangcheng,Non-native,0.49455374,0.280599293,0.224846966,China,Indo-Malay,108.1325695,21.81515638,768.2321307,21.30989147,539.6597916,0.966107041,99.90971493,25,0.32,0.8125
Farihy.Tsimanampetsotsa,Native,0,0.571088822,0.428911178,Madagascar,Afrotropic,44.0322558,-24.0313387,4326.97507,24.59416862,317.0203555,0.111565862,99.71720641,1,0.9,0.055555556
Farmington,Native,0.182731386,0.440903023,0.376365591,Liberia,Afrotropic,-10.2148867,6.474236462,5064.186665,26.03310468,84.47036781,0.247325003,99.88921353,43,0.45,0.911111111
Fatala,Native,0.241202759,0.355942202,0.402855039,Guinea,Afrotropic,-13.62537024,10.61398613,6216.820783,27.57148056,178.8301095,0.364771672,99.81432658,49,0.64,0.875
Fatala,Non-native,0,0.044361956,0.955638044,Guinea,Afrotropic,-13.62537024,10.61398613,6216.820783,27.57148056,178.8301095,0.364771672,99.81432658,49,0.64,0.875
Fenny,Native,0.1125713,0.323687269,0.56374143,India,Indo-Malay,91.49081189,23.38559096,3787.449584,24.99314525,357.5819813,7.855948329,97.82715741,39,0.44,0.863636364
Filiouri,Native,0.121037198,0.311683177,0.567279625,Greece,Palearctic,25.60225989,41.12344246,1833.024156,12.74170336,732.5653617,3.77218169,99.42223725,18,0.47,0.276595745
Filiouri,Non-native,0.108310023,0.214869764,0.676820212,Greece,Palearctic,25.60225989,41.12344246,1833.024156,12.74170336,732.5653617,3.77218169,99.42223725,18,0.47,0.276595745
Finniss,Native,0.108971224,0.383638647,0.507390129,Australia,Australasia,130.684456,-13.00503419,2614.539773,27.13750398,184.7808713,1.468203634,99.96153352,31,0.57,0.614035088
Firtina,Native,0.121998076,0.209044142,0.668957782,Turkey,Palearctic,41.07305372,40.95464661,1155.362883,5.297178552,774.2627358,2.441732824,99.93278953,37,0.5,0.88
Firtina,Non-native,0.319032376,0.225074707,0.455892916,Turkey,Palearctic,41.07305372,40.95464661,1155.362883,5.297178552,774.2627358,2.441732824,99.93278953,37,0.5,0.88
Fitzmaurice,Native,0.024071161,0.415432776,0.560496062,Australia,Australasia,130.434039,-14.77442143,8049.125481,27.04461609,272.6441892,0.027414866,99.99763182,16,0.61,0.459016393
Fitzroy,Native,0.039642352,0.482251104,0.478106544,Australia,Australasia,141.7713779,-38.03214565,1422.942987,13.51744643,329.0279883,0.475409567,99.88964203,10,0.6,0.25
Fitzroy.Kimberley,Native,0.100649464,0.340222609,0.559127928,Australia,Australasia,125.7066124,-18.1383364,90812.32744,27.39345594,389.6164147,0.02150776,99.98245853,40,0.58,0.413793103
Fitzroy.Queensland,Native,0.104326437,0.35280972,0.542863843,Australia,Australasia,148.9628038,-23.99241953,141059.2686,21.40460349,464.4790126,0.27064877,97.93398926,42,0.5,0.16
Fitzroy.Queensland,Non-native,0.413734462,0.586265538,0,Australia,Australasia,148.9628038,-23.99241953,141059.2686,21.40460349,464.4790126,0.27064877,97.93398926,42,0.5,0.16
Fjadarhornsa,Native,0.288833184,0,0.711166816,Iceland,Palearctic,-22.62266734,65.62851001,686.0971175,1.619453037,437.3170456,0.06444906,99.98893411,3,0.42,0.380952381
Flaxbourne,Native,0,0.376661893,0.623338107,New Zealand,Australasia,174.0668649,-41.80749961,154.2843993,11.97114068,366.57547,6.238244534,99.88524497,8,0.32,0.3125
Flinders.Norman,Native,0.148164672,0.358216041,0.493619287,Australia,Australasia,142.3423085,-19.20734614,230998.7953,25.48403353,398.6478192,0.021614289,99.82238032,65,0.61,0.31147541
Flinders.Norman,Non-native,0.413734462,0.586265538,0,Australia,Australasia,142.3423085,-19.20734614,230998.7953,25.48403353,398.6478192,0.021614289,99.82238032,65,0.61,0.31147541
Fljotaa,Native,0.288833184,0,0.711166816,Iceland,Palearctic,-18.97884576,65.97988395,188.1429983,0.606179509,476.0842886,0.260584161,99.97005207,3,0.49,0.530612245
Flumendosa,Native,0.117491011,0.218475889,0.6640331,Italy,Palearctic,9.353150539,39.72579576,1857.303479,13.97243328,593.4647568,11.21160984,83.29224428,9,0.62,0.177419355
Flumendosa,Non-native,0.285798825,0.198802781,0.515398394,Italy,Palearctic,9.353150539,39.72579576,1857.303479,13.97243328,593.4647568,11.21160984,83.29224428,9,0.62,0.177419355
Fly,Native,0.17480421,0.371554214,0.453641576,Papua New Guinea,Australasia,141.8706844,-6.398469364,63758.43515,24.30866771,70.7935115,0.098743504,99.99316607,123,0.33,0.333333333
Fly,Non-native,0.252509253,0.222535581,0.524955166,Papua New Guinea,Australasia,141.8706844,-6.398469364,63758.43515,24.30866771,70.7935115,0.098743504,99.99316607,123,0.33,0.333333333
Foglia,Native,0.098632408,0.27657608,0.624791512,Italy,Palearctic,12.56725898,43.78580354,701.5366291,12.95455014,684.8987401,NA,99.37693528,10,0.27,0.62962963
Foglia,Non-native,0.171580362,0.303795153,0.524624486,Italy,Palearctic,12.56725898,43.78580354,701.5366291,12.95455014,684.8987401,NA,99.37693528,10,0.27,0.62962963
Fortescue,Native,0.11582455,0.259708844,0.624466606,Australia,Australasia,118.9694824,-22.58591395,48473.06136,24.83234181,583.3116908,0.038740234,99.97526876,18,0.86,0.046511628
Forth,Native,0.103431043,0.17582312,0.720745837,United Kingdom,Palearctic,-4.165539409,56.21181826,1653.854363,7.379068699,410.1813635,6.547516823,95.58630525,18,0.26,0.576923077
Forth,Non-native,0.247953929,0.076503345,0.675542726,United Kingdom,Palearctic,-4.165539409,56.21181826,1653.854363,7.379068699,410.1813635,6.547516823,95.58630525,18,0.26,0.576923077
Fortore,Native,0.09068025,0.258615209,0.650704541,Italy,Palearctic,14.98009731,41.57740349,1620.612617,13.72485913,633.6128424,17.40295792,86.81545957,4,0.42,0.380952381
Fortore,Non-native,0.07581707,0.074371411,0.849811519,Italy,Palearctic,14.98009731,41.57740349,1620.612617,13.72485913,633.6128424,17.40295792,86.81545957,4,0.42,0.380952381
Fortuna,Native,0.330188644,0.328257435,0.341553921,Mexico,Neotropic,-92.84314544,15.42533169,585.0025415,25.83979583,88.17670454,3.469074905,99.90037091,14,0.67,0.626865672
Four.Mile.Swamp,Native,0.122506596,0.76670224,0.110791164,Australia,Australasia,134.9868446,-29.842195,1067.67041,20.17948577,591.3588673,0.0354944,99.96749422,1,0.93,0.021505376
Foyle,Native,0.150751254,0.091997093,0.757251653,United Kingdom,Palearctic,-7.467099118,54.72657755,2929.747208,8.919545018,377.1444931,5.438989878,99.86584211,7,0.24,0.541666667
Foyle,Non-native,0.085663302,0.189016453,0.725320245,United Kingdom,Palearctic,-7.467099118,54.72657755,2929.747208,8.919545018,377.1444931,5.438989878,99.86584211,7,0.24,0.541666667
Frades,Native,0.226988559,0.394548732,0.378462709,Brazil,Neotropic,-39.60329061,-16.59848138,1452.343734,23.83450029,157.4025226,0.951015428,99.9152106,16,0.4,0.125
Frades,Non-native,0,0.169262423,0.830737577,Brazil,Neotropic,-39.60329061,-16.59848138,1452.343734,23.83450029,157.4025226,0.951015428,99.9152106,16,0.4,0.125
Frankland,Native,0.090394866,0.532197064,0.37740807,Australia,Australasia,117.177475,-34.28597792,4783.734546,15.26819989,387.5956353,0.391638882,99.74554589,12,0.76,0.065789474
Frankland,Non-native,0.525899607,0.474100393,0,Australia,Australasia,117.177475,-34.28597792,4783.734546,15.26819989,387.5956353,0.391638882,99.74554589,12,0.76,0.065789474
Franklin,Native,0.094655989,0.337327655,0.568016357,Australia,Australasia,146.2760892,-38.61252224,136.3963638,13.03099593,344.3993268,2.840979517,99.74279483,7,0.29,0.448275862
Fraser,Native,0.246037373,0.116442413,0.637520213,Canada,Nearctic,-122.3929094,52.37318447,231574.4602,2.575187922,811.0776948,1.168473706,99.03687454,36,0.47,0.914893617
Fraser,Non-native,0.196395723,0.090109118,0.713495159,Canada,Nearctic,-122.3929094,52.37318447,231574.4602,2.575187922,811.0776948,1.168473706,99.03687454,36,0.47,0.914893617
Freshwater,Native,0.052481711,0.40691437,0.540603918,New Zealand,Australasia,167.8594138,-46.83212319,317.6079759,9.581887757,257.3667381,0.076256201,99.999217,10,0.2,0.6
Fuego,Native,0.16114087,0.200079344,0.638779787,Argentina,Neotropic,-66.92904588,-54.48075837,452.5451965,4.69708657,321.2499493,0.549555175,99.99447408,1,0.24,0.5
Fuji,Native,0.394338696,0,0.605661304,Japan,Palearctic,138.4877465,35.61379423,3549.438741,10.09588087,819.4277741,74.34729004,96.42099181,1,0.27,0.666666667
Fukang,Native,0.090005774,0.271924168,0.638070058,China,Palearctic,88.21335215,44.49566546,20344.08823,5.87191339,1483.974433,0.747522794,93.72201422,5,0.57,0.964912281
Fukushima,Native,0.092501688,0.414922391,0.492575921,Japan,Palearctic,131.2281137,31.55073463,158.9805095,16.04217059,732.6439149,14.03920031,99.81379523,9,0.23,0.695652174
Fukushima,Non-native,0.19886665,0.395301743,0.405831608,Japan,Palearctic,131.2281137,31.55073463,158.9805095,16.04217059,732.6439149,14.03920031,99.81379523,9,0.23,0.695652174
Fumm.Buhayrat.al.Manzalah,Native,0.076613816,0.252296773,0.671089411,Egypt,Palearctic,32.03747652,31.28420553,1172.135608,20.72446117,492.6283909,10.00710785,96.28751443,24,0.95,0.021052632
Futana,Native,0.308369535,0.330856933,0.360773533,Mozambique,Afrotropic,32.63193543,-26.82542981,2216.718317,22.18118455,264.0766414,0.618152007,99.90709602,9,0.52,0.269230769
Fuzhou.He,Native,0.145308908,0.35990012,0.494790972,China,Palearctic,121.8920743,39.71307745,1827.198027,9.386310385,1137.986115,5.819607258,85.0979446,17,0.43,0.674418605
Fuzhou.He,Non-native,0.031401898,0.053124161,0.915473941,China,Palearctic,121.8920743,39.71307745,1827.198027,9.386310385,1137.986115,5.819607258,85.0979446,17,0.43,0.674418605
Gabreek,Native,0.07278069,0.486516732,0.440702579,Iran,Palearctic,58.46136183,26.24663468,4638.496076,24.88550751,534.4813464,0.449973896,99.97155089,9,0.8,0.1
Gabreek,Non-native,0.413734462,0.586265538,0,Iran,Palearctic,58.46136183,26.24663468,4638.496076,24.88550751,534.4813464,0.449973896,99.97155089,9,0.8,0.1
Gairdner,Native,0,0.55226576,0.44773424,Australia,Australasia,135.9585137,-31.91925503,12939.97175,18.2700316,512.002565,0.007696959,99.95654294,1,0.64,0.09375
Gairdner,Non-native,0.206867231,0.357469466,0.435663303,Australia,Australasia,135.9585137,-31.91925503,12939.97175,18.2700316,512.002565,0.007696959,99.95654294,1,0.64,0.09375
Gal.Oya,Native,0.106883873,0.384088614,0.509027514,Sri Lanka,Indo-Malay,81.50745561,7.196068841,1957.525733,26.76575911,121.686128,3.349455297,86.00281574,35,0.39,0.58974359
Gal.Oya,Non-native,0.417017478,0.239760474,0.343222047,Sri Lanka,Indo-Malay,81.50745561,7.196068841,1957.525733,26.76575911,121.686128,3.349455297,86.00281574,35,0.39,0.58974359
Gallegos,Native,0.10389431,0.338755277,0.557350413,Argentina,Neotropic,-71.25302958,-51.91579642,10318.91926,5.751065506,399.5149663,0.257590216,99.96572933,6,0.38,0.578947368
Gallegos,Non-native,0.342960853,0,0.657039147,Argentina,Neotropic,-71.25302958,-51.91579642,10318.91926,5.751065506,399.5149663,0.257590216,99.96572933,6,0.38,0.578947368
Gallikos,Native,0.120390335,0.347255175,0.53235449,Greece,Palearctic,22.93058442,40.92464534,1154.721471,13.5232015,787.3981085,14.9052763,99.49231867,8,0.43,0.139534884
Gallikos,Non-native,0.158901108,0.249431599,0.591667293,Greece,Palearctic,22.93058442,40.92464534,1154.721471,13.5232015,787.3981085,14.9052763,99.49231867,8,0.43,0.139534884
Gambia,Native,0.16095511,0.360384162,0.478660728,Senegal,Afrotropic,-13.55283844,13.3290789,78198.4283,27.43843442,230.659903,0.35801366,99.87860788,125,0.6,0.733333333
Gamtoos,Native,0.216011828,0.322024978,0.461963195,South Africa,Afrotropic,23.64064059,-32.73645249,34699.75421,16.06250927,458.6772629,0.228293683,92.77170086,11,0.79,0.050632911
Gamtoos,Non-native,0.241236368,0.138422236,0.620341396,South Africa,Afrotropic,23.64064059,-32.73645249,34699.75421,16.06250927,458.6772629,0.228293683,92.77170086,11,0.79,0.050632911
Ganges,Native,0.154388551,0.357805444,0.487806005,Nepal,Indo-Malay,85.2387796,27.05822308,1575674.527,17.1645817,562.814871,4.085940599,98.29439997,367,0.6,0.95
Ganges,Non-native,0.261645939,0.073358934,0.664995127,Nepal,Indo-Malay,85.2387796,27.05822308,1575674.527,17.1645817,562.814871,4.085940599,98.29439997,367,0.6,0.95
Gardner,Native,0.120526488,0.597282336,0.282191177,Australia,Australasia,116.2013885,-34.69252318,519.1162221,15.28707426,308.9219357,0.427061155,99.97709805,9,0.48,0.458333333
Gardner,Non-native,0.413734462,0.586265538,0,Australia,Australasia,116.2013885,-34.69252318,519.1162221,15.28707426,308.9219357,0.427061155,99.97709805,9,0.48,0.458333333
Gardner.lake,Native,0.077599421,0.549827701,0.372572878,Australia,Australasia,118.129187,-34.93633951,290.3562923,15.22592353,282.2252988,0.319445375,99.95369917,3,0.37,0.432432432
Garonne,Native,0.110907412,0.181804837,0.707287751,France,Palearctic,1.57034062,43.95187393,55217.94818,11.14627717,574.0121055,12.66552734,94.60844389,26,0.23,0.608695652
Garonne,Non-native,0.160931204,0.13675035,0.702318446,France,Palearctic,1.57034062,43.95187393,55217.94818,11.14627717,574.0121055,12.66552734,94.60844389,26,0.23,0.608695652
Gascoyne,Native,0.002701769,0.424723235,0.572574996,Australia,Australasia,116.9651952,-24.82739595,74388.18433,23.7477739,623.5324824,0.010725256,99.97870865,6,0.74,0.094594595
Gascoyne,Non-native,0.758129529,0.009934655,0.231935816,Australia,Australasia,116.9651952,-24.82739595,74388.18433,23.7477739,623.5324824,0.010725256,99.97870865,6,0.74,0.094594595
Gawler,Native,0.061110799,0.46549899,0.473390211,Australia,Australasia,138.8765796,-34.5951438,1296.72131,15.28385471,449.9988105,16.5942297,91.74737275,6,0.52,0.173076923
Gawler,Non-native,0.413734462,0.586265538,0,Australia,Australasia,138.8765796,-34.5951438,1296.72131,15.28385471,449.9988105,16.5942297,91.74737275,6,0.52,0.173076923
Gayabos,Native,0.09675755,0.410236432,0.493006019,Mexico,Neotropic,-104.9994955,19.5724209,185.2670845,24.98168859,196.2015677,1.898358077,99.95348114,17,0.55,0.545454545
Gayabos,Non-native,0.683312848,0.001428299,0.315258853,Mexico,Neotropic,-104.9994955,19.5724209,185.2670845,24.98168859,196.2015677,1.898358077,99.95348114,17,0.55,0.545454545
Gaz,Native,0.061650333,0.465064767,0.473284899,Iran,Palearctic,57.41745165,26.5323043,1245.50212,25.33252871,543.1063115,0.9537175,99.84268785,3,0.77,0.103896104
Geba,Native,0.199778367,0.371657087,0.428564545,Guinea-Bissau,Afrotropic,-14.32486599,12.47689582,12914.32931,26.64959871,215.8862537,0.335243031,99.84830442,96,0.62,0.693548387
Geba,Non-native,0.16568627,0.073240329,0.761073401,Guinea-Bissau,Afrotropic,-14.32486599,12.47689582,12914.32931,26.64959871,215.8862537,0.335243031,99.84830442,96,0.62,0.693548387
Gediz,Native,0.10452068,0.255049038,0.640430282,Turkey,Palearctic,28.34613882,38.68700045,16791.23636,13.89095098,727.560203,14.37109065,95.0888666,37,0.34,0.529411765
Gediz,Non-native,0.319032376,0.225074707,0.455892916,Turkey,Palearctic,28.34613882,38.68700045,16791.23636,13.89095098,727.560203,14.37109065,95.0888666,37,0.34,0.529411765
Geirlandsa,Native,0.288833184,0,0.711166816,Iceland,Palearctic,-18.15752604,63.83319791,431.5106224,3.422992053,447.8147097,0.016168628,99.98624454,3,0.2,0.45
Gellibrand,Native,0.092045419,0.354221834,0.553732747,Australia,Australasia,143.4132927,-38.56791225,1088.409925,12.96210746,303.1364207,1.046649054,99.90113703,10,0.65,0.169230769
Genale.Wenz,Native,0.08791226,0.44083807,0.47124967,Ethiopia,Afrotropic,41.90895117,4.544766094,666501.9603,25.37201192,105.7376254,0.147237513,99.70048264,30,0.41,0.902439024
Genale.Wenz,Non-native,0.703714389,0,0.296285611,Ethiopia,Afrotropic,41.90895117,4.544766094,666501.9603,25.37201192,105.7376254,0.147237513,99.70048264,30,0.41,0.902439024
Genting,Native,0.218711846,0.433096447,0.348191707,Malaysia,Indo-Malay,104.1375,2.745833333,4.269207559,25.17395782,66.03672218,0.048406479,100,4,0.51,0.392156863
George.Canada,Native,0.232931897,0.107671245,0.659396859,Canada,Nearctic,-64.73169471,56.46680357,40937.65158,-5.751342435,1244.332155,0.000963386,99.99204576,17,0.6,0.916666667
George.Tasma,Native,0.059908809,0.340351309,0.599739881,Australia,Australasia,148.0648712,-41.28940897,533.7031887,11.40981313,318.1544401,0.741981551,99.92905416,10,0.62,0.096774194
George.Tasma,Non-native,0.342960853,0,0.657039147,Australia,Australasia,148.0648712,-41.28940897,533.7031887,11.40981313,318.1544401,0.741981551,99.92905416,10,0.62,0.096774194
George.lake,Native,0.418883353,0.346785536,0.234331111,Uganda,Afrotropic,31.00656962,0.117469564,24630.07184,20.99207129,46.1558006,1.129902422,99.96391869,66,0.24,0.75
Georges,Native,0.048234153,0.422165337,0.529600509,Australia,Australasia,150.917222,-34.0356176,933.8976712,16.75511145,400.0768103,26.57431507,86.3841513,35,0.31,0.258064516
Georges,Non-native,0.219931234,0.16063062,0.619438147,Australia,Australasia,150.917222,-34.0356176,933.8976712,16.75511145,400.0768103,26.57431507,86.3841513,35,0.31,0.258064516
Ghaggar,Native,0.120627273,0.387042468,0.49233026,India,Indo-Malay,72.09080706,27.01277675,318749.6073,26.29803928,650.5673652,4.08149749,98.15277042,19,0.59,0.322033898
Gharasu,Native,0.090682337,0.196311017,0.713006646,Iran,Palearctic,54.36912366,36.79410635,1535.541646,15.49807232,829.5560766,4.707841814,99.75085955,14,0.31,0.935483871
Gharasu,Non-native,0.132140963,0.356242551,0.511616486,Iran,Palearctic,54.36912366,36.79410635,1535.541646,15.49807232,829.5560766,4.707841814,99.75085955,14,0.31,0.935483871
Giang,Native,0.132979377,0.401763013,0.46525761,Vietnam,Indo-Malay,105.9964238,17.83870247,3038.880534,23.55493388,352.4674007,0.642395005,99.06529704,53,0.32,0.75
Giang,Non-native,0,0.128673395,0.871326605,Vietnam,Indo-Malay,105.9964238,17.83870247,3038.880534,23.55493388,352.4674007,0.642395005,99.06529704,53,0.32,0.75
Giddy,Native,0.015478386,0.496682198,0.487839416,Australia,Australasia,136.6525281,-12.34738824,268.9977021,26.68175952,180.2327151,0.16352075,99.96351865,3,0.58,0.396551724
Gifford,Native,0.269073413,0.214763232,0.516163356,Canada,Nearctic,-83.89839163,70.41123217,3436.257784,-13.83305592,1439.132177,3.42E-05,100,2,0.74,0.445945946
Gin.Ganga,Native,0.133174129,0.416026388,0.450799483,Sri Lanka,Indo-Malay,80.3400969,6.254218454,923.6243984,25.83618642,53.97496305,15.50076199,99.48161195,57,0.3,0.6
Gin.Ganga,Non-native,0.45688238,0.312544294,0.230573326,Sri Lanka,Indo-Malay,80.3400969,6.254218454,923.6243984,25.83618642,53.97496305,15.50076199,99.48161195,57,0.3,0.6
Giraul,Native,0.136033971,0.250400325,0.613565704,Angola,Afrotropic,12.92756457,-15.06587295,4863.410183,23.86154276,193.072565,0.160987159,99.95792448,11,0.52,0.423076923
Girikula.Ara,Native,0.115747641,0.393418037,0.490834322,Sri Lanka,Indo-Malay,81.75261447,6.646582155,25.66398524,27.36413676,107.277614,2.139389753,99.8262,28,0.63,0.317460317
Girikula.Ara,Non-native,0.417017478,0.239760474,0.343222047,Sri Lanka,Indo-Malay,81.75261447,6.646582155,25.66398524,27.36413676,107.277614,2.139389753,99.8262,28,0.63,0.317460317
Glen,Native,0.11933585,0.184818597,0.695845553,United Kingdom,Palearctic,-0.494712885,52.69236392,1733.08004,9.447546814,472.753711,49.54762936,91.48535681,21,0.18,0.611111111
Glen,Non-native,0.07808695,0.11967746,0.80223559,United Kingdom,Palearctic,-0.494712885,52.69236392,1733.08004,9.447546814,472.753711,49.54762936,91.48535681,21,0.18,0.611111111
Glenelg,Native,0.06440438,0.408580172,0.527015448,Australia,Australasia,141.7322671,-37.53659591,12160.47299,13.37057319,377.3827387,0.542177714,95.90302427,19,0.46,0.347826087
Glenelg,Non-native,0.172949003,0.133481225,0.693569772,Australia,Australasia,141.7322671,-37.53659591,12160.47299,13.37057319,377.3827387,0.542177714,95.90302427,19,0.46,0.347826087
Glomma,Native,0.119305292,0.134172872,0.746521836,Norway,Palearctic,10.49653233,61.38185624,41930.43322,1.150324178,760.0505686,3.289571822,97.80264161,17,0.48,0.8125
Glomma,Non-native,0.060303831,0.161016362,0.778679807,Norway,Palearctic,10.49653233,61.38185624,41930.43322,1.150324178,760.0505686,3.289571822,97.80264161,17,0.48,0.8125
Glush,Native,0.366029598,0,0.633970402,Russia,Palearctic,148.7124746,45.41304826,144.4150238,2.30696749,747.2740088,0.02500166,99.96729265,2,0.53,0.641509434
Glyde,Native,0.140338181,0.358489589,0.50117223,Australia,Australasia,135.0755012,-13.0360546,10376.77651,26.9983997,236.3806924,0.045892512,99.99212198,37,0.61,0.459016393
Go,Native,0.23627475,0.510241645,0.253483605,C¶te d'Ivoire,Afrotropic,-5.136493634,5.709263893,2229.47276,26.29219408,101.6471444,1.263887912,99.95486806,6,0.21,0.380952381
Goascoran,Native,0.32414129,0.32822627,0.34763244,El Salvador,Neotropic,-87.79797628,13.78048286,2748.826492,24.60852757,96.70077395,3.24749577,99.7912721,21,0.45,0.911111111
Goascoran,Non-native,0.647694139,0.352305861,0,El Salvador,Neotropic,-87.79797628,13.78048286,2748.826492,24.60852757,96.70077395,3.24749577,99.7912721,21,0.45,0.911111111
Gobi.lakes,Native,0.103531653,0.376151448,0.520316899,Mongolia,Palearctic,92.55169723,45.71049171,30949.63644,0.788242416,1355.907241,0.022958642,99.92115245,1,0.61,0.459016393
Godavari,Native,0.107810761,0.323425707,0.568763532,India,Indo-Malay,78.85741523,19.53480738,309469.4578,26.28859536,401.3635905,5.035475731,90.80604251,93,0.45,0.844444444
Godavari,Non-native,0.316934231,0.081590933,0.601474836,India,Indo-Malay,78.85741523,19.53480738,309469.4578,26.28859536,401.3635905,5.035475731,90.80604251,93,0.45,0.844444444
Godbaza,Native,0.390842789,0.063389925,0.545767286,Russia,Palearctic,147.0582392,44.62681567,41.94990309,3.615232253,754.2057995,0.022523654,100,3,0.51,0.549019608
Gogol,Native,0.080732528,0.492340209,0.426927263,Papua New Guinea,Australasia,145.4977676,-5.196834752,2076.618259,24.8314192,35.97997364,0.225606889,99.95004974,31,0.4,0.675
Gogol,Non-native,0.698097141,0.185934951,0.115967908,Papua New Guinea,Australasia,145.4977676,-5.196834752,2076.618259,24.8314192,35.97997364,0.225606889,99.95004974,31,0.4,0.675
Gokase,Native,0.098526442,0.382135417,0.51933814,Japan,Palearctic,131.4782989,32.71482884,1823.785211,13.1812929,774.9064908,13.8770802,98.39762554,5,0.24,0.666666667
Gokase,Non-native,0.19886665,0.395301743,0.405831608,Japan,Palearctic,131.4782989,32.71482884,1823.785211,13.1812929,774.9064908,13.8770802,98.39762554,5,0.24,0.666666667
Goksu,Native,0.099851079,0.239825867,0.660323055,Turkey,Palearctic,33.05668539,36.73948147,11213.953,10.917629,772.9441847,7.244439721,97.88994241,28,0.46,0.5
Goksu,Non-native,0.319032376,0.225074707,0.455892916,Turkey,Palearctic,33.05668539,36.73948147,11213.953,10.917629,772.9441847,7.244439721,97.88994241,28,0.46,0.5
Golden.Stream,Native,0.300787353,0.343375713,0.355836935,Belize,Neotropic,-88.82923442,16.35140774,277.7522435,24.90572758,144.513396,0.241447851,99.91836105,15,0.38,0.763157895
Goldsborough,Native,0.345573296,0.16931595,0.485110754,United States,Nearctic,-123.1068285,47.24506094,498.2148138,10.12633053,487.6122301,29.04179478,99.93161226,13,0.36,0.861111111
Golo,Native,0.075438034,0.187134388,0.737427577,France,Palearctic,9.154964276,42.4381161,1076.597057,11.85251186,576.7714024,1.861816794,94.8296032,10,0.28,0.714285714
Golo,Non-native,0.495398091,0.120645082,0.383956827,France,Palearctic,9.154964276,42.4381161,1076.597057,11.85251186,576.7714024,1.861816794,94.8296032,10,0.28,0.714285714
Golok,Native,0.145206283,0.351346536,0.503447182,Malaysia,Indo-Malay,101.9778896,5.928094404,1482.566178,26.64808591,78.90668623,2.935163736,97.65489019,16,0.32,0.71875
Golygina,Native,0.350684845,0.145088381,0.504226774,Russia,Palearctic,157.1008292,51.81032767,1814.176293,-0.151453316,737.4713382,0.05805641,99.99783623,14,0.61,0.754098361
Gombak,Native,0.184246074,0.376193891,0.439560035,Malaysia,Indo-Malay,101.6437556,3.126857506,1245.946352,26.73282424,36.85176712,58.46467543,93.77828227,58,0.23,0.52173913
Gombak,Non-native,0.193406544,0.174757604,0.631835851,Malaysia,Indo-Malay,101.6437556,3.126857506,1245.946352,26.73282424,36.85176712,58.46467543,93.77828227,58,0.23,0.52173913
Gonen,Native,0.116534811,0.212106907,0.671358282,Turkey,Palearctic,27.4228494,39.9760521,2063.996691,12.99212342,674.8939797,8.233800173,92.13970228,44,0.58,0.310344828
Gonen,Non-native,0.159516188,0.187964541,0.65251927,Turkey,Palearctic,27.4228494,39.9760521,2063.996691,12.99212342,674.8939797,8.233800173,92.13970228,44,0.58,0.310344828
Gonokawa,Native,0.189475156,0.395272741,0.415252104,Japan,Palearctic,132.7282532,34.85878393,3905.190135,13.16598817,833.1030793,57.88556671,93.54062977,18,0.22,0.590909091
Gonokawa,Non-native,0,0.088214167,0.911785833,Japan,Palearctic,132.7282532,34.85878393,3905.190135,13.16598817,833.1030793,57.88556671,93.54062977,18,0.22,0.590909091
Goomadeer,Native,0.105720749,0.334527707,0.559751545,Australia,Australasia,133.6243652,-12.27578043,2458.81504,27.18731329,185.5864329,0.024626848,99.99186957,22,0.6,0.483333333
Gordon,Native,0.060942182,0.369935616,0.569122201,Australia,Australasia,145.9924606,-42.5316951,5058.551569,9.277865372,308.2671548,0.103439916,96.7871762,11,0.31,0.677419355
Gordon,Non-native,0.228640569,0.042891132,0.7284683,Australia,Australasia,145.9924606,-42.5316951,5058.551569,9.277865372,308.2671548,0.103439916,96.7871762,11,0.31,0.677419355
Gorgan,Native,0.119334138,0.237869706,0.642796156,Iran,Palearctic,55.32631843,37.19252957,11593.83472,14.71776083,817.1096346,2.742482662,97.54791191,41,0.33,0.848484848
Gorgan,Non-native,0.148181468,0.205100133,0.646718399,Iran,Palearctic,55.32631843,37.19252957,11593.83472,14.71776083,817.1096346,2.742482662,97.54791191,41,0.33,0.848484848
Goryeo.ji,Native,0.133771903,0.351515541,0.514712556,South Korea,Palearctic,126.396204,37.75490101,97.79260469,10.69242702,1020.026144,121.1980972,99.73661805,19,0.53,0.396226415
Goryeo.ji,Non-native,0,0.088214167,0.911785833,South Korea,Palearctic,126.396204,37.75490101,97.79260469,10.69242702,1020.026144,121.1980972,99.73661805,19,0.53,0.396226415
Gosse,Native,0.26376388,0.247194208,0.489041912,Australia,Australasia,134.7153354,-19.75492479,4187.34076,25.51971874,504.6794416,0.077591418,99.94714526,2,0.82,0.085365854
Gota.alv,Native,0.134144193,0.131668515,0.734187292,Sweden,Palearctic,12.97756326,59.62345026,51083.87941,4.64077446,753.0995723,3.386806011,97.45287989,34,0.27,0.296296296
Gota.alv,Non-native,0.369289219,0,0.630710781,Sweden,Palearctic,12.97756326,59.62345026,51083.87941,4.64077446,753.0995723,3.386806011,97.45287989,34,0.27,0.296296296
Goukou,Native,0.068838185,0.299768344,0.631393471,South Africa,Afrotropic,21.35448925,-34.15942279,1383.747728,17.00209184,345.3083545,0.22744856,93.46970326,19,0.54,0.092592593
Goukou,Non-native,0.178648802,0.130319566,0.691031632,South Africa,Afrotropic,21.35448925,-34.15942279,1383.747728,17.00209184,345.3083545,0.22744856,93.46970326,19,0.54,0.092592593
Gourits,Native,0.074837364,0.379438948,0.545723687,South Africa,Afrotropic,21.7448697,-33.18793455,45622.11047,16.24894154,446.7371113,0.506258227,95.27000551,11,0.42,0.142857143
Gourits,Non-native,0.237923515,0.085981031,0.676095455,South Africa,Afrotropic,21.7448697,-33.18793455,45622.11047,16.24894154,446.7371113,0.506258227,95.27000551,11,0.42,0.142857143
Grand.Pabos,Native,0.181062419,0.230079154,0.588858427,Canada,Nearctic,-65.00251426,48.46936195,625.7961735,2.107658476,1038.372102,0.466266513,99.99964468,10,0.49,0.632653061
Grand.Pabos,Non-native,0.398101026,0,0.601898974,Canada,Nearctic,-65.00251426,48.46936195,625.7961735,2.107658476,1038.372102,0.466266513,99.99964468,10,0.49,0.632653061
Grande.Argentina,Native,0.123293113,0.242435355,0.634271532,Chile,Neotropic,-68.71158263,-54.0062178,8489.871656,5.165082673,342.3001508,0.288592108,99.9799887,2,0.24,0.458333333
Grande.Argentina,Non-native,0.28782068,0,0.71217932,Chile,Neotropic,-68.71158263,-54.0062178,8489.871656,5.165082673,342.3001508,0.288592108,99.9799887,2,0.24,0.458333333
Grande.Argentina.2,Native,0.175557754,0.376489937,0.447952309,Argentina,Neotropic,-57.79263185,-37.50954834,8215.813296,14.19662334,475.3189183,1.595524609,99.86278561,21,0.25,0.32
Grande.Belize,Native,0.387887289,0.380163456,0.231949255,Belize,Neotropic,-88.96987884,16.30600621,783.0194097,24.10115986,146.0213474,0.388321362,99.82023528,18,0.35,0.771428571
Grande.Mexico.Pacifico,Native,0.314547462,0.465640625,0.219811914,Mexico,Neotropic,-98.29865579,16.80973604,6979.284989,24.50832745,124.5147017,1.864731759,99.9309101,9,0.61,0.770491803
Grande.Mexico.Pacifico,Non-native,0.647694139,0.352305861,0,Mexico,Neotropic,-98.29865579,16.80973604,6979.284989,24.50832745,124.5147017,1.864731759,99.9309101,9,0.61,0.770491803
Grande.Panama,Native,0.180268075,0.424365083,0.395366842,Panama,Neotropic,-79.59455179,9.009999841,205.7674245,26.52741584,67.08126393,6.013841331,98.89529431,38,0.55,0.836363636
Grande.Panama,Non-native,0.256088742,0.357331299,0.386579959,Panama,Neotropic,-79.59455179,9.009999841,205.7674245,26.52741584,67.08126393,6.013841331,98.89529431,38,0.55,0.836363636
Grande.Panama.2,Native,0.144884997,0.432676845,0.422438157,Panama,Neotropic,-80.52888477,8.491785006,2194.633147,25.80094018,66.38518716,2.553490609,99.89427128,19,0.46,0.760869565
Grande.Trinidad,Native,0.015745565,0.31306821,0.671186226,Trinidad and Tobago,Neotropic,-61.08496377,10.79438406,19.32151858,25.00706532,62.73347755,17.19340968,99.96885,5,0.43,0.441860465
Grande.USA,Native,0.203056711,0.371568529,0.42537476,United States,Nearctic,-103.6864733,30.50111728,480465.5835,16.42535572,683.9409809,3.454229176,95.80392445,141,0.28,0.464285714
Grande.USA,Non-native,0.257574048,0.156420213,0.586005739,United States,Nearctic,-103.6864733,30.50111728,480465.5835,16.42535572,683.9409809,3.454229176,95.80392445,141,0.28,0.464285714
Grande.Ubatuba,Native,0.110920789,0.487957157,0.401122054,Brazil,Neotropic,-45.07085591,-23.39463897,230.0251584,20.41870535,243.3821866,14.46134233,99.33985601,34,0.29,0.551724138
Grande.de.San.Miguel,Native,0.227498188,0.336529664,0.435972148,El Salvador,Neotropic,-88.18869858,13.47807973,2327.163623,25.33274912,87.58126252,7.540675044,99.54380055,14,0.48,0.9375
Gravatai,Native,0.214640215,0.467113823,0.318245962,Brazil,Neotropic,-50.84551089,-29.95219943,2017.636752,19.46032701,348.7975137,8.858125448,98.87403502,56,0.24,0.5
Great.Fish.River,Native,0.095005475,0.289716905,0.61527762,South Africa,Afrotropic,25.84793436,-32.2573945,30410.58622,15.64071846,414.6148958,0.616404235,92.11884553,72,0.44,0.227272727
Great.Fish.River,Non-native,0.260905374,0.209889365,0.529205261,South Africa,Afrotropic,25.84793436,-32.2573945,30410.58622,15.64071846,414.6148958,0.616404235,92.11884553,72,0.44,0.227272727
Great.Forester,Native,0.087373285,0.384970947,0.527655769,Australia,Australasia,147.5848756,-41.12410597,540.4165879,11.9277761,328.729363,1.930512965,99.90325207,11,0.52,0.269230769
Great.Forester,Non-native,0.28782068,0,0.71217932,Australia,Australasia,147.5848756,-41.12410597,540.4165879,11.9277761,328.729363,1.930512965,99.90325207,11,0.52,0.269230769
Great.Kei,Native,0.079611231,0.350006922,0.570381847,South Africa,Afrotropic,27.2575321,-32.00312048,20508.8031,15.71763147,361.7986192,1.619652063,90.4400682,34,0.4,0.35
Great.Kei,Non-native,0,0.088214167,0.911785833,South Africa,Afrotropic,27.2575321,-32.00312048,20508.8031,15.71763147,361.7986192,1.619652063,90.4400682,34,0.4,0.35
Great.Kwa.River,Native,0.159357945,0.472062044,0.368580011,Nigeria,Afrotropic,8.457940752,5.12948899,1852.408669,26.09885524,87.78700806,1.629498005,99.98429786,73,0.47,0.872340426
Great.Lakes.Mongolia,Native,0.120891699,0.189529079,0.689579222,Mongolia,Palearctic,93.6541758,48.8444166,257777.898,-3.524502376,1478.408719,0.027075958,99.93219102,7,0.62,0.709677419
Great.Musselroe,Native,0.022123134,0.347572685,0.63030418,Australia,Australasia,148.0986726,-41.00331663,392.1420764,12.58031562,318.3103299,0.072862534,97.18482801,7,0.26,0.384615385
Great.Musselroe,Non-native,0.28782068,0,0.71217932,Australia,Australasia,148.0986726,-41.00331663,392.1420764,12.58031562,318.3103299,0.072862534,97.18482801,7,0.26,0.384615385
Great.Spectacle.lake,Native,0,0.603547871,0.396452129,Australia,Australasia,143.7648087,-35.79556686,111.2455014,16.10091716,527.4565902,0.751405686,100,3,0.92,0.02173913
Great.Spectacle.lake,Non-native,0.262360659,0.335008011,0.40263133,Australia,Australasia,143.7648087,-35.79556686,111.2455014,16.10091716,527.4565902,0.751405686,100,3,0.92,0.02173913
Green,Native,0.2730748,0.127173149,0.599752051,United States,Nearctic,-121.8514183,47.30172427,1187.87651,8.490841141,563.7954578,57.07107735,88.80042397,23,0.32,0.8125
Greenough,Native,0.022456951,0.318602199,0.65894085,Australia,Australasia,115.6690971,-28.30935575,12291.72551,20.56298899,569.0231888,0.122113274,99.95710297,6,0.88,0.034090909
Greenough,Non-native,0.413734462,0.586265538,0,Australia,Australasia,115.6690971,-28.30935575,12291.72551,20.56298899,569.0231888,0.122113274,99.95710297,6,0.88,0.034090909
Greens.Bayou,Native,0.188407677,0.279002779,0.532589544,United States,Nearctic,-95.48908612,29.80147667,2676.117965,20.57246336,650.8231624,161.5514584,96.98649797,40,0.16,0.4375
Greens.Bayou,Non-native,0.248204455,0.10021318,0.651582365,United States,Nearctic,-95.48908612,29.80147667,2676.117965,20.57246336,650.8231624,161.5514584,96.98649797,40,0.16,0.4375
Gregory,Native,0.091149026,0.398006521,0.510844453,Australia,Australasia,152.2669703,-25.22334743,939.0952727,20.97543879,385.6553704,1.43836081,90.60088838,17,0.65,0.107692308
Gregory,Non-native,0.413734462,0.586265538,0,Australia,Australasia,152.2669703,-25.22334743,939.0952727,20.97543879,385.6553704,1.43836081,90.60088838,17,0.65,0.107692308
Grey,Native,0.065796696,0.374174866,0.560028438,New Zealand,Australasia,171.7083766,-42.43040308,3937.847676,9.473185077,369.362745,0.409888282,99.90975009,18,0.21,0.428571429
Grey,Non-native,0.252004521,0.032168349,0.71582713,New Zealand,Australasia,171.7083766,-42.43040308,3937.847676,9.473185077,369.362745,0.409888282,99.90975009,18,0.21,0.428571429
Griffiths.Rivulet,Native,0.00124684,0.255909513,0.742843647,Australia,Australasia,147.877189,-42.69990727,248.5812545,11.63408266,295.8802258,4.116295278,99.88329275,3,0.36,0.166666667
Griffiths.Rivulet,Non-native,0.28782068,0,0.71217932,Australia,Australasia,147.877189,-42.69990727,248.5812545,11.63408266,295.8802258,4.116295278,99.88329275,3,0.36,0.166666667
Grimsa,Native,0.288833184,0,0.711166816,Iceland,Palearctic,-20.90159297,64.74614755,3676.826459,1.322458414,464.8714105,2.090954959,99.97540757,3,0.33,0.696969697
Groot.Brakrivier,Native,0.23561856,0.339649913,0.424731528,South Africa,Afrotropic,22.21070462,-33.95844122,164.4866405,16.38368204,272.8764499,1.340981156,99.72355779,3,0.49,0.081632653
Guacimal,Native,0.147707161,0.396827873,0.455464966,Costa Rica,Neotropic,-84.89401845,10.18188406,184.8959154,25.11481691,80.32743521,7.06351161,99.85962949,20,0.53,0.716981132
Guadalete,Native,0.085157785,0.283531258,0.631310957,Spain,Palearctic,-5.65839426,36.75598087,3387.727514,16.6249924,525.2623462,13.14463568,81.20008812,9,0.29,0.551724138
Guadalete,Non-native,0.23690294,0.133422002,0.629675058,Spain,Palearctic,-5.65839426,36.75598087,3387.727514,16.6249924,525.2623462,13.14463568,81.20008812,9,0.29,0.551724138
Guadalmesi,Native,0.008651764,0.204799687,0.786548549,Spain,Palearctic,-5.524551649,36.07433027,26.19839899,16.2226852,460.3364538,NA,99.325,4,0.66,0.196969697
Guadalquivir,Native,0.101044186,0.254768949,0.644186866,Spain,Palearctic,-4.442566512,37.74063131,57074.78662,15.62355321,656.9855518,11.17887139,88.17969804,25,0.55,0.381818182
Guadalquivir,Non-native,0.171657734,0.202718625,0.625623641,Spain,Palearctic,-4.442566512,37.74063131,57074.78662,15.62355321,656.9855518,11.17887139,88.17969804,25,0.55,0.381818182
Guadalupe,Native,0.198450199,0.311991232,0.489558569,United States,Nearctic,-97.95450122,29.58178576,15777.64583,19.79221084,675.7414496,13.52341628,94.24143218,76,0.16,0.625
Guadalupe,Non-native,0.23260589,0.118678926,0.648715183,United States,Nearctic,-97.95450122,29.58178576,15777.64583,19.79221084,675.7414496,13.52341628,94.24143218,76,0.16,0.625
Guadiana,Native,0.116242066,0.234925115,0.648832819,Spain,Palearctic,-5.316779821,38.79671184,67075.76846,15.28656624,647.5595197,4.500950992,91.93265619,25,0.5,0.28
Guadiana,Non-native,0.195566112,0.193694918,0.610738969,Spain,Palearctic,-5.316779821,38.79671184,67075.76846,15.28656624,647.5595197,4.500950992,91.93265619,25,0.5,0.28
Guaiba,Native,0.233586189,0.422828521,0.34358529,Brazil,Neotropic,-52.47998286,-29.42389513,71536.80242,18.39011967,373.5559545,5.982726336,97.08736008,125,0.22,0.5
Guaiba,Non-native,0.172976173,0.08177873,0.745245097,Brazil,Neotropic,-52.47998286,-29.42389513,71536.80242,18.39011967,373.5559545,5.982726336,97.08736008,125,0.22,0.5
Gualala,Native,0.247608568,0.201558097,0.550833335,United States,Nearctic,-123.3111889,38.69981546,908.5149345,12.68714393,352.5977102,1.100898266,99.94678121,14,0.43,0.511627907
Gualala,Non-native,0.164575449,0.25884172,0.576582831,United States,Nearctic,-123.3111889,38.69981546,908.5149345,12.68714393,352.5977102,1.100898266,99.94678121,14,0.43,0.511627907
Guanipa,Native,0.23049919,0.372630307,0.396870504,Venezuela,Neotropic,-63.64429146,9.556604333,10278.33308,25.57585369,57.33140925,4.483899832,99.44612358,70,0.32,0.875
Guapo,Native,0.213501155,0.399551202,0.386947643,Venezuela,Neotropic,-66.0050238,10.10288217,832.810471,25.36244112,75.96384352,20.73387527,88.06680877,20,0.33,0.848484848
Guapo.Trinidad,Native,0.171255092,0.413969164,0.414775744,Trinidad and Tobago,Neotropic,-61.63782895,10.15131579,63.97417485,26.51167752,56.6637653,17.19340992,99.8110809,10,0.36,0.5
Guaracara,Native,0.182777294,0.394021367,0.423201339,Trinidad and Tobago,Neotropic,-61.37738821,10.32235772,137.9770491,26.40719006,58.70757047,17.19341063,99.2612249,3,0.36,0.666666667
Guarapari,Native,0.180194502,0.498856662,0.320948836,Brazil,Neotropic,-40.54254804,-20.66608923,280.6690272,23.0032238,201.5761979,15.50561714,99.50437176,10,0.43,0.348837209
Guariquen,Native,0.18150407,0.43161898,0.38687695,Venezuela,Neotropic,-63.02585676,10.41735416,1139.144923,26.33124228,67.92000667,2.888897836,94.38609276,32,0.24,0.791666667
Guayaguayare,Native,0.212522254,0.430727819,0.356749927,Trinidad and Tobago,Neotropic,-61.03259804,10.21004902,14.30744749,26.35392144,55.19871835,17.19340992,99.9388,8,0.34,0.764705882
Guayas,Native,0.188833295,0.356312871,0.454853834,Ecuador,Neotropic,-79.54535873,-1.398511685,32538.75946,21.84189616,72.94451307,5.020372987,98.39700561,69,0.31,0.64516129
Gudenaa,Native,0.094989528,0.157093091,0.747917381,Denmark,Palearctic,9.703557539,56.21154024,2741.657252,7.516974285,612.5217822,14.4245019,95.46257256,26,0.18,0.5
Gudenaa,Non-native,0.127038822,0.064987153,0.807974025,Denmark,Palearctic,9.703557539,56.21154024,2741.657252,7.516974285,612.5217822,14.4245019,95.46257256,26,0.18,0.5
Guir,Native,0.103703053,0.446232708,0.450064239,Algeria,Palearctic,-2.228997428,29.66576548,201087.4594,22.89679651,870.9006357,0.088313514,99.50041592,2,0.84,0.047619048
Guir,Non-native,0.493761342,0.506238658,0,Algeria,Palearctic,-2.228997428,29.66576548,201087.4594,22.89679651,870.9006357,0.088313514,99.50041592,2,0.84,0.047619048
Gumista,Native,0.173234358,0.186558397,0.640207245,Georgia,Palearctic,41.00518243,43.19812512,583.6273303,7.791908085,674.1392592,1.395887196,99.92750658,20,0.25,0.76
Gumista,Non-native,0,0.2270361,0.7729639,Georgia,Palearctic,41.00518243,43.19812512,583.6273303,7.791908085,674.1392592,1.395887196,99.92750658,20,0.25,0.76
Gunyulgup.Brook,Native,0.039510362,0.298885892,0.661603746,Australia,Australasia,115.0532887,-33.81321863,110.532499,16.82551742,354.7558153,2.157241583,99.8245608,3,0.49,0.448979592
Gurrbirri.creek,Native,0.083904312,0.415024493,0.501071195,Australia,Australasia,125.7367732,-14.68722418,234.9217785,26.95780325,250.1752187,0.011368197,100,7,0.6,0.5
Haademeeste,Native,0.154568338,0.239642671,0.605788991,Estonia,Palearctic,24.56520676,58.03948007,126.4311581,5.437781716,827.4460827,1.320631504,99.95287848,7,0.27,0.296296296
Haast,Native,0.040791523,0.386921494,0.572286983,New Zealand,Australasia,169.4555894,-43.93328926,1421.253431,6.77972198,420.1330567,0.050986616,99.96765313,13,0.27,0.62962963
Haast,Non-native,0.28782068,0,0.71217932,New Zealand,Australasia,169.4555894,-43.93328926,1421.253431,6.77972198,420.1330567,0.050986616,99.96765313,13,0.27,0.62962963
Hacking,Native,0.018074572,0.444870336,0.537055091,Australia,Australasia,151.0442273,-34.11369365,130.5154334,16.53852337,365.820998,6.358555794,99.06886104,24,0.41,0.146341463
Hacking,Non-native,0.413734462,0.586265538,0,Australia,Australasia,151.0442273,-34.11369365,130.5154334,16.53852337,365.820998,6.358555794,99.06886104,24,0.41,0.146341463
Hadachon,Native,0.142501757,0.357815873,0.499682371,South Korea,Palearctic,129.4164018,36.79016728,97.44448245,12.19408704,866.5173784,9.85035789,99.9444923,21,0.46,0.195652174
Hadachon,Non-native,0,0.088214167,0.911785833,South Korea,Palearctic,129.4164018,36.79016728,97.44448245,12.19408704,866.5173784,9.85035789,99.9444923,21,0.46,0.195652174
Haemyong.ni,Native,0.094299481,0.40618685,0.499513669,South Korea,Palearctic,128.6449016,34.930779,252.3053958,13.63004917,823.9527317,19.75603557,79.34321045,27,0.43,0.418604651
Haemyong.ni,Non-native,0,0.088214167,0.911785833,South Korea,Palearctic,128.6449016,34.930779,252.3053958,13.63004917,823.9527317,19.75603557,79.34321045,27,0.43,0.418604651
Hai.He,Native,0.104597711,0.317683529,0.577718761,China,Palearctic,114.6788873,38.64303641,211476.8226,9.663222083,1103.224139,12.03174591,92.0078887,110,0.51,0.568627451
Hai.He,Non-native,0.156559519,0.187329699,0.656110781,China,Palearctic,114.6788873,38.64303641,211476.8226,9.663222083,1103.224139,12.03174591,92.0078887,110,0.51,0.568627451
Hairjuzova,Native,0.330683857,0.12376144,0.545554703,Russia,Palearctic,157.0365031,56.37619901,3988.61149,-2.076034672,1033.918991,0.023185035,99.99392899,16,0.58,0.706896552
Haksan.chon,Native,0.134875406,0.366130182,0.498994412,South Korea,Palearctic,126.6055414,34.7532171,115.2246912,13.33431815,886.4368741,9.527025938,99.85971396,35,0.42,0.357142857
Haksan.chon,Non-native,0.142428926,0.301261531,0.556309543,South Korea,Palearctic,126.6055414,34.7532171,115.2246912,13.33431815,886.4368741,9.527025938,99.85971396,35,0.42,0.357142857
Hamana.ko,Native,0.052752522,0.394659443,0.552588034,Japan,Palearctic,137.6765605,34.80197592,413.2466913,15.34624757,766.1984289,83.58161545,91.83622286,6,0.26,0.692307692
Hamasat,Native,0.166045702,0.611935467,0.222018831,Eritrea,Afrotropic,39.39643649,15.5345706,288.3407571,22.60129979,205.1921007,0.316407464,99.726791,1,0.64,0.3125
Hamersley,Native,0.047081573,0.472443957,0.480474471,Australia,Australasia,119.6782226,-33.81667524,873.4422323,16.04956157,355.4026402,0.051531539,99.77382391,6,0.87,0.034482759
Hami,Native,0.13725536,0.376478113,0.486266526,China,Palearctic,92.97507822,42.90050493,18967.87296,8.392690657,1287.224193,0.075922413,99.21557511,8,0.64,0.421875
Hami,Non-native,0.459383765,0,0.540616235,China,Palearctic,92.97507822,42.90050493,18967.87296,8.392690657,1287.224193,0.075922413,99.21557511,8,0.64,0.421875
Han,Native,0.137846932,0.348219714,0.513933354,South Korea,Palearctic,127.9272149,37.64027433,25315.5564,9.286793015,1013.545902,81.03466797,95.46065336,85,0.31,0.903225806
Han,Non-native,0.142428926,0.301261531,0.556309543,South Korea,Palearctic,127.9272149,37.64027433,25315.5564,9.286793015,1013.545902,81.03466797,95.46065336,85,0.31,0.903225806
Han.Korea,Native,0.118641698,0.37499886,0.506359442,North Korea,Palearctic,127.0737539,38.35555343,8066.094829,8.974089387,1043.621506,146.8088388,97.18319311,105,0.33,0.939393939
Han.Korea,Non-native,0.128077265,0.234956859,0.636965876,North Korea,Palearctic,127.0737539,38.35555343,8066.094829,8.974089387,1043.621506,146.8088388,97.18319311,105,0.33,0.939393939
Hanami,Native,0.076981277,0.316378417,0.606640306,Japan,Palearctic,140.0736696,35.66336169,33.74593047,15.21675346,773.0825844,99.08469582,95.07305,8,0.34,0.411764706
Hanjiang,Native,0.120611119,0.342567208,0.536821673,China,Indo-Malay,116.2372566,24.56927019,29501.0677,19.44975852,602.8725388,6.579674542,95.32200355,92,0.27,0.888888889
Hanjiang,Non-native,0.116464644,0.086715554,0.796819803,China,Indo-Malay,116.2372566,24.56927019,29501.0677,19.44975852,602.8725388,6.579674542,95.32200355,92,0.27,0.888888889
Hanlon.creek,Native,0.520524541,0.266353469,0.213121989,Australia,Australasia,135.9241949,-20.1099241,3932.77448,25.34029598,527.2457882,0.004455869,99.99305941,1,0.82,0.097560976
Haparapara,Native,0.03540005,0.363532033,0.601067917,New Zealand,Australasia,177.7667392,-37.83913962,171.4789229,11.60828374,350.1603928,0.23000598,99.99408461,8,0.26,0.576923077
Hapuku,Native,0.078906157,0.528475905,0.392617938,New Zealand,Australasia,173.6987195,-42.25365631,134.5623883,8.66064164,398.739719,0.152070303,99.91376161,3,0.29,0.551724138
Haraz,Native,0.110921816,0.183991981,0.705086203,Iran,Palearctic,52.06052242,36.057487,4033.625226,7.634609924,962.066796,14.26619792,93.20279391,32,0.44,0.795454545
Haraz,Non-native,0.162145389,0.184590119,0.653264492,Iran,Palearctic,52.06052242,36.057487,4033.625226,7.634609924,962.066796,14.26619792,93.20279391,32,0.44,0.795454545
Harding,Native,0.096466736,0.281520533,0.622012731,Australia,Australasia,117.1265191,-21.03756109,1964.12296,27.01414426,472.1647609,0.135283746,91.6517743,15,0.79,0.075949367
Hartenbosrivier,Non-native,0.348855558,0.158274846,0.492869596,South Africa,Afrotropic,21.98966173,-34.08662252,172.646764,17.40812754,278.3246589,0.456839815,68.85247333,0,0.48,0.083333333
Haso,Native,0.130173085,0.309289123,0.560537792,South Korea,Palearctic,129.4216518,35.70650098,82.07122876,12.99173915,824.0780809,76.24979115,99.71728113,15,0.46,0.239130435
Haso,Non-native,0,0.088214167,0.911785833,South Korea,Palearctic,129.4216518,35.70650098,82.07122876,12.99173915,824.0780809,76.24979115,99.71728113,15,0.46,0.239130435
Hassan.Langi,Native,0.129139607,0.343407705,0.527452688,Iran,Palearctic,56.80697854,27.64968879,3303.600236,23.60679416,651.458728,1.570081264,99.87468047,10,0.71,0.169014085
Hassan.Langi,Non-native,0.145796319,0.195421846,0.658781835,Iran,Palearctic,56.80697854,27.64968879,3303.600236,23.60679416,651.458728,1.570081264,99.87468047,10,0.71,0.169014085
Hastings,Native,0.044389471,0.400335221,0.555275308,Australia,Australasia,152.4931245,-31.357804,3638.713168,16.61148327,392.8394921,3.039841592,99.92146929,35,0.27,0.333333333
Hastings,Non-native,0.413734462,0.586265538,0,Australia,Australasia,152.4931245,-31.357804,3638.713168,16.61148327,392.8394921,3.039841592,99.92146929,35,0.27,0.333333333
Hatea,Native,0.029033212,0.345486179,0.62548061,New Zealand,Australasia,174.3171683,-35.71111893,112.2721614,14.71147155,303.9400364,1.25861378,90.26907974,9,0.28,0.392857143
Hatea,Non-native,0.293489526,0.12048491,0.586025564,New Zealand,Australasia,174.3171683,-35.71111893,112.2721614,14.71147155,303.9400364,1.25861378,90.26907974,9,0.28,0.392857143
Hato,Native,0.230173946,0.430338945,0.339487109,Panama,Neotropic,-80.15103609,8.439983665,397.28562,26.69828639,65.86272042,2.553490549,99.8893697,11,0.53,0.735849057
Hatyrka,Native,0.270668577,0.115096561,0.614234862,Russia,Palearctic,174.2007599,62.60854851,13000.4737,-7.119478241,1171.792748,0.018750203,100,19,0.67,0.671641791
Haughton,Native,0.095480001,0.304582833,0.599937166,Australia,Australasia,146.8600964,-19.69294294,2166.033488,23.29310051,347.7087503,2.834431469,99.85763466,25,0.6,0.166666667
Haukadalsa,Native,0.288833184,0,0.711166816,Iceland,Palearctic,-21.50342366,65.016806,471.9004149,1.900522051,465.6580097,1.634367108,99.97412218,3,0.32,0.40625
Haunted.Gully,Native,0.092476484,0.480632325,0.426891191,Australia,Australasia,143.3173506,-37.89476289,702.2859331,13.36266474,386.3442471,3.260822475,99.94424591,3,0.51,0.196078431
Haunted.Gully,Non-native,0.413734462,0.586265538,0,Australia,Australasia,143.3173506,-37.89476289,702.2859331,13.36266474,386.3442471,3.260822475,99.94424591,3,0.51,0.196078431
Hawkesbury,Native,0.063619025,0.369397139,0.566983836,Australia,Australasia,150.4002503,-33.78241471,21256.4605,14.43894753,443.5277777,24.91559982,94.09206477,56,0.39,0.153846154
Hawkesbury,Non-native,0.186885064,0.190707741,0.622407195,Australia,Australasia,150.4002503,-33.78241471,21256.4605,14.43894753,443.5277777,24.91559982,94.09206477,56,0.39,0.153846154
Hay.1,Native,0.084593823,0.586085753,0.329320424,Australia,Australasia,117.5233614,-34.75312659,1424.376807,15.103567,330.2104729,0.394092984,99.9804819,6,0.86,0.046511628
Hay.1,Non-native,0.413734462,0.586265538,0,Australia,Australasia,117.5233614,-34.75312659,1424.376807,15.103567,330.2104729,0.394092984,99.9804819,6,0.86,0.046511628
Hay.2,Native,0,0.509823537,0.490176463,Australia,Australasia,136.5421232,-23.51457284,35651.61672,22.90401856,633.7865616,0.00692582,99.99088795,2,0.78,0.08974359
Haya,Native,0.104821401,0.271079899,0.624098699,Japan,Palearctic,139.0425366,35.23339577,113.5120136,12.5422917,737.6833138,821.9064636,98.97542983,2,0.29,0.482758621
Haya,Non-native,0.234467905,0.122435645,0.64309645,Japan,Palearctic,139.0425366,35.23339577,113.5120136,12.5422917,737.6833138,821.9064636,98.97542983,2,0.29,0.482758621
Hazako,Native,0.050532429,0.48481438,0.464653191,Japan,Palearctic,136.7766807,34.31990136,8.246693355,15.53333325,754.7360501,62.14790249,99.8505266,8,0.3,0.333333333
Hazako,Non-native,0,0.088214167,0.911785833,Japan,Palearctic,136.7766807,34.31990136,8.246693355,15.53333325,754.7360501,62.14790249,99.8505266,8,0.3,0.333333333
Heaphy,Native,0.05302898,0.33468684,0.612284179,New Zealand,Australasia,172.2325462,-40.95194867,298.7826976,9.684397744,339.7376309,0.170627311,99.99943147,10,0.25,0.48
Heaphy,Non-native,0.28782068,0,0.71217932,New Zealand,Australasia,172.2325462,-40.95194867,298.7826976,9.684397744,339.7376309,0.170627311,99.99943147,10,0.25,0.48
Heathcote,Native,0.000538721,0.399994207,0.599467072,New Zealand,Australasia,172.6075712,-43.55769616,114.32375,11.9120112,385.2481848,9.174983263,96.01182318,11,0.27,0.333333333
Heathcote,Non-native,0.14391034,0.064336697,0.791752963,New Zealand,Australasia,172.6075712,-43.55769616,114.32375,11.9120112,385.2481848,9.174983263,96.01182318,11,0.27,0.333333333
Heda.Oya,Native,0.116886926,0.370966007,0.512147067,Sri Lanka,Indo-Malay,81.56008678,6.901127584,625.5611332,26.97904208,112.5172962,2.220288664,94.51518118,31,0.37,0.567567568
Heda.Oya,Non-native,0.417017478,0.239760474,0.343222047,Sri Lanka,Indo-Malay,81.56008678,6.901127584,625.5611332,26.97904208,112.5172962,2.220288664,94.51518118,31,0.37,0.567567568
Hei,Native,0.291842546,0.071053231,0.637104223,Japan,Palearctic,141.6546631,39.61716783,952.2035458,7.343100957,874.7133519,22.43732214,99.87007303,2,0.36,0.444444444
Heichan.Wan,Native,0.121622104,0.353321863,0.525056033,South Korea,Palearctic,127.3901333,34.61603044,23.36502004,13.665404,862.7515444,12.2022965,99.91,17,0.52,0.384615385
Heichan.Wan,Non-native,0,0.088214167,0.911785833,South Korea,Palearctic,127.3901333,34.61603044,23.36502004,13.665404,862.7515444,12.2022965,99.91,17,0.52,0.384615385
Hekirichi,Native,0.455184575,0.100501386,0.444314039,Japan,Palearctic,140.5636405,41.93000985,110.7023093,7.203779068,903.9674342,11.42650175,99.51647277,2,0.41,0.634146341
Hekirichi,Non-native,0.342960853,0,0.657039147,Japan,Palearctic,140.5636405,41.93000985,110.7023093,7.203779068,903.9674342,11.42650175,99.51647277,2,0.41,0.634146341
Helawe.Ara,Native,0.115747641,0.393418037,0.490834322,Sri Lanka,Indo-Malay,81.74814713,6.700101341,63.29415029,27.36770831,113.313429,2.139389724,99.79696463,28,0.65,0.307692308
Helawe.Ara,Non-native,0.417017478,0.239760474,0.343222047,Sri Lanka,Indo-Malay,81.74814713,6.700101341,63.29415029,27.36770831,113.313429,2.139389724,99.79696463,28,0.65,0.307692308
Heleh,Native,0.082495588,0.31291829,0.604586121,Iran,Palearctic,51.62713475,29.43012091,11061.07209,21.0712115,860.4479026,3.633885086,99.49175312,15,0.61,0.393442623
Heleh,Non-native,0.206867231,0.357469466,0.435663303,Iran,Palearctic,51.62713475,29.43012091,11061.07209,21.0712115,860.4479026,3.633885086,99.49175312,15,0.61,0.393442623
Helge.a,Native,0.129523209,0.161289501,0.70918729,Sweden,Palearctic,14.00309662,56.35139104,4600.739772,6.695025587,653.965694,5.570461631,99.81309278,22,0.27,0.333333333
Helge.a,Non-native,0.398101026,0,0.601898974,Sweden,Palearctic,14.00309662,56.35139104,4600.739772,6.695025587,653.965694,5.570461631,99.81309278,22,0.27,0.333333333
Helmand,Native,0.131900332,0.353114531,0.514985137,Afghanistan,Palearctic,65.43962195,32.20142384,212142.3591,13.70907914,987.869903,0.543763049,98.78133722,27,0.4,0.675
Helmand,Non-native,0.139962184,0.208476564,0.651561252,Afghanistan,Palearctic,65.43962195,32.20142384,212142.3591,13.70907914,987.869903,0.543763049,98.78133722,27,0.4,0.675
Hengjiang,Native,0.125875917,0.434240542,0.439883541,China,Indo-Malay,108.0569707,21.69232719,320.1816355,21.75538363,520.2365304,0.96893578,94.4669718,13,0.33,0.757575758
Henty,Native,0.048754361,0.319862526,0.631383113,Australia,Australasia,145.4476166,-42.00638772,518.7867472,10.35033868,285.6395534,0.401465021,95.65503805,6,0.33,0.727272727
Henty,Non-native,0.314149046,0,0.685850954,Australia,Australasia,145.4476166,-42.00638772,518.7867472,10.35033868,285.6395534,0.401465021,95.65503805,6,0.33,0.727272727
Herault,Native,0.101946315,0.198022235,0.700031449,France,Palearctic,3.481485706,43.73051091,2796.574674,12.83177257,589.4374897,17.8655405,97.47697112,26,0.29,0.482758621
Herault,Non-native,0.155573025,0.101467576,0.742959399,France,Palearctic,3.481485706,43.73051091,2796.574674,12.83177257,589.4374897,17.8655405,97.47697112,26,0.29,0.482758621
Heraz,Native,0.117808293,0.270762903,0.611428804,Turkmenistan,Palearctic,61.27186247,36.77680964,290431.5057,14.15072335,1002.32287,3.234526455,97.91446321,49,0.46,0.760869565
Heraz,Non-native,0.183035687,0.250216297,0.566748017,Turkmenistan,Palearctic,61.27186247,36.77680964,290431.5057,14.15072335,1002.32287,3.234526455,97.91446321,49,0.46,0.760869565
Herbert,Native,0.042983349,0.385358024,0.571658628,Australia,Australasia,145.462047,-18.09140881,8894.327425,21.44489084,324.2698563,0.819070667,99.85873738,24,0.42,0.476190476
Herbert.creek,Native,0.043628456,0.513407479,0.442964066,Australia,Australasia,150.1885499,-22.7831034,1128.95576,22.63171311,377.6385007,0.316075124,99.93047671,8,0.75,0.08
Heuningnesrivier,Native,0.074869099,0.415740906,0.509389995,South Africa,Afrotropic,19.91459294,-34.56440599,1840.750611,16.83942467,302.8392596,0.833705753,98.14183507,7,0.59,0.152542373
Heuningnesrivier,Non-native,0.098101104,0.103963068,0.797935828,South Africa,Afrotropic,19.91459294,-34.56440599,1840.750611,16.83942467,302.8392596,0.833705753,98.14183507,7,0.59,0.152542373
Heyan,Native,0.073442579,0.487929513,0.438627908,Iran,Palearctic,59.55325682,26.18139961,8502.577543,25.74660991,557.5415269,0.335950725,99.95837716,8,0.79,0.088607595
Heyan,Non-native,0.413734462,0.586265538,0,Iran,Palearctic,59.55325682,26.18139961,8502.577543,25.74660991,557.5415269,0.335950725,99.95837716,8,0.79,0.088607595
Hidaka,Native,0.146341557,0.454360239,0.399298204,Japan,Palearctic,135.4293022,33.9513454,609.5113455,13.33893459,786.9420268,78.31044388,99.74815723,10,0.19,0.736842105
Hiki,Native,0.1749499,0.294745711,0.53030439,Japan,Palearctic,135.5822487,33.70948666,400.9328607,14.10124633,762.7480719,7.404889345,99.8239207,3,0.26,0.538461538
Hill,Native,0.098254199,0.611378777,0.290367025,Australia,Australasia,115.5048686,-30.09395681,3485.986641,19.08731899,504.7827658,0.140427792,99.94391913,2,0.84,0.071428571
Hillsborough,Native,0.215035956,0.364278259,0.420685784,United States,Nearctic,-82.25258862,28.16711581,1811.494086,22.14606161,467.7829975,41.17022753,99.43735665,61,0.23,0.652173913
Hillsborough,Non-native,0.562574535,0.108346089,0.329079376,United States,Nearctic,-82.25258862,28.16711581,1811.494086,22.14606161,467.7829975,41.17022753,99.43735665,61,0.23,0.652173913
Hillsborough.Tobago,Native,0.050800373,0.405866052,0.543333574,Trinidad and Tobago,Neotropic,-60.6921875,11.21770833,13.42225332,25.77968764,62.00136614,0.751988113,100,7,0.42,0.523809524
Himmiste,Native,0.143414563,0.105411965,0.751173472,Estonia,Palearctic,21.96975857,58.26704213,11.81000162,6.907870381,736.5078351,0.005606521,99.99425,5,0.39,0.230769231
Hindmarsh,Native,0.082711236,0.47791228,0.439376484,Australia,Australasia,138.589732,-35.4572625,117.4369558,14.97275639,359.9787545,7.522536516,98.63042372,3,0.52,0.230769231
Hindmarsh,Non-native,0.419711885,0.580288115,0,Australia,Australasia,138.589732,-35.4572625,117.4369558,14.97275639,359.9787545,7.522536516,98.63042372,3,0.52,0.230769231
Hinds,Native,0.034912478,0.42463789,0.540449631,New Zealand,Australasia,171.4665129,-43.85538689,419.5932845,10.64056048,400.7231363,0.686041147,99.70348035,11,0.24,0.375
Hinds,Non-native,0.190078895,0.054921952,0.754999153,New Zealand,Australasia,171.4665129,-43.85538689,419.5932845,10.64056048,400.7231363,0.686041147,99.70348035,11,0.24,0.375
Hirotogawa,Native,0.083362,0.487057903,0.429580097,Japan,Palearctic,131.3094289,31.6779964,331.9858099,15.40383154,733.455814,14.03920031,94.51959972,12,0.23,0.652173913
Hirotogawa,Non-native,0.19886665,0.395301743,0.405831608,Japan,Palearctic,131.3094289,31.6779964,331.9858099,15.40383154,733.455814,14.03920031,94.51959972,12,0.23,0.652173913
Hitara,Native,0.288833184,0,0.711166816,Iceland,Palearctic,-21.99866928,64.82900142,232.7153454,2.172630335,460.304779,2.475906968,99.97910641,3,0.3,0.466666667
Hiva.Oa1,Native,0.028064241,0.493608603,0.478327156,French Polynesia,Australasia,-139.0038462,-9.733653846,21.91315858,24.62916656,58.79057098,0.05071038,NA,7,0.61,0.098360656
Hiva.Oa2,Native,0.092666883,0.478969832,0.428363285,French Polynesia,Australasia,-139.0440152,-9.782348485,46.34815973,24.22909088,62.08872965,0.056841791,NA,8,0.61,0.098360656
Hiva.Oa3,Native,0.093820883,0.487966089,0.418213028,French Polynesia,Australasia,-138.9822917,-9.791145833,13.48275339,24.96197927,62.01107264,0.039128829,NA,10,0.6,0.1
Hiyamaji,Native,0.066631986,0.47625354,0.457114474,Japan,Palearctic,136.7561647,34.31855779,10.21569316,15.53525646,751.5836416,62.14790344,99.8271,10,0.31,0.322580645
Hoarusib,Native,0.196740663,0.400051453,0.403207884,Namibia,Afrotropic,13.27225967,-18.33087547,15104.56715,20.57257816,220.2364198,0.028637176,99.97718285,16,0.86,0.081395349
Hoeya,Native,0.132664664,0.379292526,0.488042811,South Korea,Palearctic,129.2221445,35.42603497,222.7653989,13.03123043,837.748787,76.24979115,80.84609989,23,0.36,0.472222222
Hofsa,Native,0.296752398,0.100724208,0.602523393,Iceland,Palearctic,-15.31366453,65.46190176,1200.633011,1.412252134,448.5300253,0.045024401,99.9797234,4,0.4,0.55
Hogans.Lagoon,Native,0.03031688,0.444486371,0.525196749,Australia,Australasia,148.0193999,-39.88996135,126.9655623,13.72369931,306.5545104,0.003443802,99.92430101,5,0.35,0.371428571
Hoje.a,Native,0.105781275,0.189765976,0.704452749,Sweden,Palearctic,13.27459861,55.66030908,362.4560778,7.947766284,641.96671,13.43990016,99.59077439,16,0.25,0.36
Hoje.a,Non-native,0.199050513,0.044107084,0.756842404,Sweden,Palearctic,13.27459861,55.66030908,362.4560778,7.947766284,641.96671,13.43990016,99.59077439,16,0.25,0.36
Hokitika,Native,0.063138451,0.407000182,0.529861366,New Zealand,Australasia,171.0769622,-42.94227727,1124.385934,8.584061617,370.7111353,0.39661485,99.9373866,17,0.22,0.545454545
Hokitika,Non-native,0.279751235,0.020937621,0.699311144,New Zealand,Australasia,171.0769622,-42.94227727,1124.385934,8.584061617,370.7111353,0.39661485,99.9373866,17,0.22,0.545454545
Holroyd,Native,0.154619352,0.296525088,0.54885556,Australia,Australasia,142.4311133,-14.19868219,10053.06899,26.10054311,203.7076989,0.017429516,99.99344791,44,0.67,0.373134328
Homathako,Native,0.250882114,0.098543223,0.650574662,Canada,Nearctic,-124.7912235,51.40403313,5768.358234,0.287383948,673.0621016,0.031048521,99.99967081,22,0.47,0.808510638
Homathako,Non-native,0.138785864,0.016844653,0.844369483,Canada,Nearctic,-124.7912235,51.40403313,5768.358234,0.287383948,673.0621016,0.031048521,99.99967081,22,0.47,0.808510638
Hondo,Native,0.32885295,0.324234236,0.346912814,Mexico,Neotropic,-88.68233158,19.19713744,7364.197634,25.59597228,171.2624037,1.259164006,99.90611782,43,0.56,0.267857143
Hondo,Non-native,0.730921959,0.004967327,0.264110714,Mexico,Neotropic,-88.68233158,19.19713744,7364.197634,25.59597228,171.2624037,1.259164006,99.90611782,43,0.56,0.267857143
Honmyo,Native,0.191707317,0.358596799,0.449695884,Japan,Palearctic,130.0680708,32.88113,129.7999902,15.61860954,781.2980038,46.36701679,95.36118175,11,0.29,0.655172414
Hopkins,Native,0.112422322,0.463306081,0.424271597,Australia,Australasia,142.9819841,-37.76838285,8757.957868,13.02501553,388.0617432,1.955114454,98.88797188,22,0.39,0.282051282
Hopkins,Non-native,0.211704424,0.179370253,0.608925323,Australia,Australasia,142.9819841,-37.76838285,8757.957868,13.02501553,388.0617432,1.955114454,98.88797188,22,0.39,0.282051282
Hordudalsa,Native,0.288833184,0,0.711166816,Iceland,Palearctic,-22.2510017,64.97592869,680.6798786,2.605031321,448.9988777,1.354691237,99.97965429,3,0.29,0.379310345
Horton,Native,0.183852371,0.062668711,0.753478918,Canada,Nearctic,-124.8895458,68.82134055,14902.74353,-9.953166006,1459.2116,0.000233736,100,14,0.64,0.625
Hoteo,Native,0.011990605,0.314015602,0.673993794,New Zealand,Australasia,174.5732533,-36.33346418,403.6112566,14.48658921,302.1416163,21.71200514,99.75332853,10,0.33,0.484848485
Hoteo,Non-native,0.462942716,0.180967624,0.35608966,New Zealand,Australasia,174.5732533,-36.33346418,403.6112566,14.48658921,302.1416163,21.71200514,99.75332853,10,0.33,0.484848485
Houailou,Native,0.019939481,0.286308086,0.693752434,New Caledonia,Australasia,165.4734214,-21.3158658,448.8512331,21.568217,238.5678999,2.691174984,99.95730965,5,0.26,0.461538462
Houailou,Non-native,0.487271367,0.40472297,0.108005663,New Caledonia,Australasia,165.4734214,-21.3158658,448.8512331,21.568217,238.5678999,2.691174984,99.95730965,5,0.26,0.461538462
Houlong,Native,0.160300446,0.331935378,0.507764175,Taiwan,Indo-Malay,120.8897395,24.48981429,533.9391245,19.5728892,452.7213037,33.74491501,96.00980649,28,0.37,0.756756757
Housatonic,Native,0.176890249,0.249258884,0.573850867,United States,Nearctic,-73.29699387,41.8372448,5005.834124,8.415906957,942.7295739,103.3103199,95.7237607,38,0.24,0.416666667
Housatonic,Non-native,0.206242828,0.127206188,0.666550985,United States,Nearctic,-73.29699387,41.8372448,5005.834124,8.415906957,942.7295739,103.3103199,95.7237607,38,0.24,0.416666667
House.creek,Native,0.071917313,0.37795713,0.550125558,Falkland Islands,Neotropic,-59.51846747,-51.59443666,38.75397343,6.677115382,273.009614,NA,99.91045,2,0.39,0.307692308
House.creek,Non-native,0.28782068,0,0.71217932,Falkland Islands,Neotropic,-59.51846747,-51.59443666,38.75397343,6.677115382,273.009614,NA,99.91045,2,0.39,0.307692308
Hovell.creek,Native,0.023798814,0.543169313,0.433031873,Australia,Australasia,144.3579079,-37.96459899,244.8058746,14.58834938,386.9016297,26.55629492,99.64485019,5,0.32,0.1875
Howard,Native,0.099173021,0.432818888,0.468008091,Australia,Australasia,131.105963,-12.46530426,375.9734654,27.20820368,175.6560788,0.41254887,99.95761484,18,0.6,0.516666667
Hrolleifsdalsa,Native,0.288833184,0,0.711166816,Iceland,Palearctic,-19.26624272,65.99746116,292.4562661,1.581388512,466.5979155,0.045803545,99.98504019,3,0.45,0.444444444
Hroma,Native,0.195153095,0.104321541,0.700525364,Russia,Palearctic,143.4932642,70.76192664,39670.24997,-13.95478572,1732.566649,0.006660661,99.99789488,24,0.65,0.584615385
Hrutafjardara.Sika,Native,0.288833184,0,0.711166816,Iceland,Palearctic,-21.0464527,65.03496246,375.6787615,1.948738717,477.0103229,0.41176068,99.98270543,3,0.28,0.357142857
Hsiukuluan,Native,0.111560816,0.359125379,0.529313806,Taiwan,Indo-Malay,121.243817,23.38691467,1785.781468,17.1330487,346.6615243,5.038245201,99.80102976,14,0.26,0.5
Hu,Native,0.143008635,0.324595324,0.532396042,South Korea,Palearctic,128.5655096,37.98397478,477.3689522,9.314523629,933.5491618,9.910462737,99.85132778,29,0.38,0.5
Huanghe,Native,0.124559656,0.309505968,0.565934376,China,Palearctic,106.9050706,36.59862276,776393.4,6.017772557,987.3651622,2.771143079,96.31195617,137,0.47,0.829787234
Huanghe,Non-native,0.119205792,0.221740527,0.659053681,China,Palearctic,106.9050706,36.59862276,776393.4,6.017772557,987.3651622,2.771143079,96.31195617,137,0.47,0.829787234
Huasco,Native,0.059484806,0.409944969,0.530570225,Chile,Neotropic,-70.32151406,-28.9716178,9776.491572,6.160060423,276.1546141,0.55029837,99.8828316,7,0.6,0.133333333
Huasco,Non-native,0.398101026,0,0.601898974,Chile,Neotropic,-70.32151406,-28.9716178,9776.491572,6.160060423,276.1546141,0.55029837,99.8828316,7,0.6,0.133333333
Huatokitoki,Native,0.011990605,0.377482846,0.61052655,New Zealand,Australasia,176.5284976,-40.24315178,836.6618361,12.80737405,352.2126793,0.408047549,99.83326855,10,0.79,0.088607595
Huatokitoki,Non-native,0,0.128673395,0.871326605,New Zealand,Australasia,176.5284976,-40.24315178,836.6618361,12.80737405,352.2126793,0.408047549,99.83326855,10,0.79,0.088607595
Hudson,Native,0.182832158,0.257642795,0.559525047,United States,Nearctic,-74.10358259,42.68353262,34795.07612,7.339153661,979.8231944,31.10841608,94.65725465,93,0.24,0.583333333
Hudson,Non-native,0.197855409,0.188227144,0.613917447,United States,Nearctic,-74.10358259,42.68353262,34795.07612,7.339153661,979.8231944,31.10841608,94.65725465,93,0.24,0.583333333
Huixtla,Native,0.310494188,0.363146718,0.326359093,Mexico,Neotropic,-92.69175139,15.29927835,1201.56583,25.51503208,86.52220752,3.469074965,99.90072469,10,0.6,0.883333333
Humber,Native,0.170488381,0.190219412,0.639292207,Canada,Nearctic,-57.29604714,49.14409353,7641.770386,2.539581951,889.5785579,0.297528997,97.77227032,9,0.39,0.717948718
Humber,Non-native,0.398101026,0,0.601898974,Canada,Nearctic,-57.29604714,49.14409353,7641.770386,2.539581951,889.5785579,0.297528997,97.77227032,9,0.39,0.717948718
Humboldt,Native,0.223373747,0.142422475,0.634203778,United States,Nearctic,-117.1388055,40.44692104,53695.01542,8.661330947,833.179166,1.335944757,95.4327878,11,0.32,0.40625
Humboldt,Non-native,0.203248896,0.10942038,0.687330724,United States,Nearctic,-117.1388055,40.44692104,53695.01542,8.661330947,833.179166,1.335944757,95.4327878,11,0.32,0.40625
Hungnim.josuji,Native,0.127185872,0.355697924,0.517116204,South Korea,Palearctic,126.662854,36.13336535,86.31707077,12.24941459,944.8676899,15.00964975,74.92160779,35,0.5,0.46
Hungnim.josuji,Non-native,0,0.088214167,0.911785833,South Korea,Palearctic,126.662854,36.13336535,86.31707077,12.24941459,944.8676899,15.00964975,74.92160779,35,0.5,0.46
Hunter,Native,0.042628914,0.419434159,0.537936927,Australia,Australasia,150.8643384,-32.34262963,21500.97852,16.31235928,477.2922922,5.534377456,94.9457856,41,0.39,0.179487179
Hunter,Non-native,0.237586662,0.315316258,0.44709708,Australia,Australasia,150.8643384,-32.34262963,21500.97852,16.31235928,477.2922922,5.534377456,94.9457856,41,0.39,0.179487179
Huon,Native,0.098820834,0.369110296,0.53206887,Australia,Australasia,146.6892269,-43.0796123,2995.17152,9.018493316,311.5638033,0.449064739,99.93996638,13,0.29,0.655172414
Huon,Non-native,0.314149046,0,0.685850954,Australia,Australasia,146.6892269,-43.0796123,2995.17152,9.018493316,311.5638033,0.449064739,99.93996638,13,0.29,0.655172414
Huong,Native,0.133013543,0.386880692,0.480105765,Vietnam,Indo-Malay,107.596727,16.23436005,1703.145533,24.38587034,305.4447078,2.224583238,97.25640958,84,0.27,0.777777778
Huong,Non-native,0.447259714,0.163536214,0.389204072,Vietnam,Indo-Malay,107.596727,16.23436005,1703.145533,24.38587034,305.4447078,2.224583238,97.25640958,84,0.27,0.777777778
Huongsan,Native,0.138446929,0.331516799,0.530036272,South Korea,Palearctic,129.2098962,35.90629101,1146.030685,12.40076794,891.5985509,59.47259712,94.42533813,35,0.27,0.740740741
Huongsan,Non-native,0.142428926,0.301261531,0.556309543,South Korea,Palearctic,129.2098962,35.90629101,1146.030685,12.40076794,891.5985509,59.47259712,94.42533813,35,0.27,0.740740741
Hurst.creek,Native,0.117101896,0.306961112,0.575936992,Australia,Australasia,147.4403158,-41.12372441,255.984752,12.27127021,332.3357926,2.038211495,99.92149984,7,0.38,0.526315789
Hurst.creek,Non-native,0.28782068,0,0.71217932,Australia,Australasia,147.4403158,-41.12372441,255.984752,12.27127021,332.3357926,2.038211495,99.92149984,7,0.38,0.526315789
Hurunui,Native,0.043791867,0.412945312,0.543262822,New Zealand,Australasia,172.5540857,-42.80375902,2690.809365,9.240561081,410.5092585,0.156693686,99.89749247,13,0.27,0.555555556
Hurunui,Non-native,0.240301305,0.027916828,0.731781867,New Zealand,Australasia,172.5540857,-42.80375902,2690.809365,9.240561081,410.5092585,0.156693686,99.89749247,13,0.27,0.555555556
Hutt,Native,0.029632772,0.370052322,0.600314906,Australia,Australasia,114.5001589,-28.11933782,1324.351407,20.42042236,483.1559183,0.616249904,99.9425426,4,0.85,0.047058824
Hutt,Non-native,0.413734462,0.586265538,0,Australia,Australasia,114.5001589,-28.11933782,1324.351407,20.42042236,483.1559183,0.616249904,99.9425426,4,0.85,0.047058824
Hvita,Native,0.296752398,0.100724208,0.602523393,Iceland,Palearctic,-20.24156625,64.40253885,5753.231407,1.342560276,461.8313552,0.451340571,99.55455219,4,0.34,0.676470588
Hwabuk.chon,Native,0.066248649,0.247391837,0.686359513,South Korea,Palearctic,126.5687985,33.44486434,61.59026876,12.80528106,770.4450215,9.196617603,99.54344539,8,0.29,0.482758621
Hwalien,Native,0.104123428,0.357325175,0.538551397,Taiwan,Indo-Malay,121.4076631,23.82446141,1703.799242,17.39418559,365.9863251,10.56153297,99.70113747,15,0.27,0.444444444
Hwasang.chon,Native,0.153766901,0.332726854,0.513506245,South Korea,Palearctic,128.7449836,37.92914951,65.88622339,11.40212856,865.4886136,10.50388801,99.86971024,25,0.42,0.30952381
Hwasang.chon,Non-native,0,0.088214167,0.911785833,South Korea,Palearctic,128.7449836,37.92914951,65.88622339,11.40212856,865.4886136,10.50388801,99.86971024,25,0.42,0.30952381
Hwasun.hang,Native,0.089148313,0.367054979,0.543796707,South Korea,Palearctic,126.332398,33.28954082,35.15366391,14.55208335,749.3185654,9.196617603,99.79323348,10,0.29,0.620689655
Hyams.creek,Native,0,0.391308286,0.608691714,Australia,Australasia,150.7807844,-34.64365407,121.8717393,16.21554314,353.1326657,16.54578018,99.81829253,6,0.35,0.142857143
Hyams.creek,Non-native,0.413734462,0.586265538,0,Australia,Australasia,150.7807844,-34.64365407,121.8717393,16.21554314,353.1326657,16.54578018,99.81829253,6,0.35,0.142857143
Hyoja.je,Native,0.100090851,0.326124023,0.573785126,South Korea,Palearctic,126.2428419,36.74948004,40.45629846,11.92212112,957.7378318,15.00964975,99.9049,22,0.48,0.354166667
Hyoja.je,Non-native,0,0.088214167,0.911785833,South Korea,Palearctic,126.2428419,36.74948004,40.45629846,11.92212112,957.7378318,15.00964975,99.9049,22,0.48,0.354166667
Iama,Native,0.316369222,0.130336491,0.553294287,Russia,Palearctic,152.9543649,60.19170524,9899.612924,-6.513778169,1251.978289,0.044357243,99.99980208,16,0.67,0.656716418
Ibi,Native,0.112265611,0.407914106,0.479820282,Japan,Palearctic,133.030294,35.31840446,2043.532551,13.52448622,826.3923658,13.10058761,96.74128203,18,0.22,0.545454545
Ibi,Non-native,0.061935301,0.085354391,0.852710308,Japan,Palearctic,133.030294,35.31840446,2043.532551,13.52448622,826.3923658,13.10058761,96.74128203,18,0.22,0.545454545
Ibo,Native,0.151312837,0.424980518,0.423706646,Japan,Palearctic,134.5634667,35.07060242,803.6375711,12.36893973,848.9142565,38.19961834,95.94288396,15,0.21,0.714285714
Icajao,Native,0.435897995,0.342479486,0.22162252,Mexico,Neotropic,-90.59287614,19.42936305,209.0129591,26.30168265,211.444452,4.513475478,99.90052921,9,0.65,0.2
Ichi,Native,0.162583042,0.416247407,0.421169552,Japan,Palearctic,134.7707553,35.05087463,514.6558654,12.80889006,847.545067,37.45402908,90.13344406,13,0.27,0.555555556
Ichkeul,Native,0.045039487,0.211496785,0.743463728,Tunisia,Palearctic,9.576079019,37.05548975,2775.687961,17.36051542,600.6308966,3.14928931,84.72581374,9,0.59,0.203389831
Ichkeul,Non-native,0.413734462,0.586265538,0,Tunisia,Palearctic,9.576079019,37.05548975,2775.687961,17.36051542,600.6308966,3.14928931,84.72581374,9,0.59,0.203389831
Ihunui,Native,0,0.371687979,0.628312021,New Zealand,Australasia,178.208261,-38.24479009,550.3038095,13.36155139,341.2603173,0.568382867,99.87282106,7,0.36,0.333333333
Ijser,Native,0.103764453,0.223463991,0.672771556,Belgium,Palearctic,2.749054219,50.92762847,1332.984705,10.07592631,509.2546847,29.1994319,99.47446694,19,0.18,0.611111111
Ijser,Non-native,0.022965878,0.207328364,0.769705758,Belgium,Palearctic,2.749054219,50.92762847,1332.984705,10.07592631,509.2546847,29.1994319,99.47446694,19,0.18,0.611111111
Illogwa.creek,Native,0.044657357,0.486380581,0.468962062,Australia,Australasia,136.1115772,-24.59832766,14028.66317,22.51384024,654.5360989,0.008491343,99.99300441,1,0.8,0.0875
Ilyushina,Native,0.390842789,0.063389925,0.545767286,Russia,Palearctic,145.9136452,44.18060739,53.32968852,3.980622475,809.1060269,0.242607407,100,3,0.45,0.6
Imagawa.Fukuoka,Native,0.200351533,0.405845637,0.393802829,Japan,Palearctic,130.9221614,33.6534961,219.0573917,14.45202887,797.3230615,140.3981934,82.74920697,16,0.34,0.5
Imaichi,Native,0.111955368,0.142106461,0.74593817,Japan,Palearctic,130.8442608,31.1754502,130.3810773,15.60984196,715.9105354,30.67394972,99.84550969,1,0.24,0.708333333
Imandra,Native,0.124580178,0.133092616,0.742327206,Russia,Palearctic,32.25442324,67.69819533,12305.03368,-1.081494291,954.8957642,1.107335731,98.35373836,21,0.48,0.666666667
Imari,Native,0.133301884,0.428501219,0.438196897,Japan,Palearctic,129.8520703,33.27962215,236.6581633,15.6366453,766.7198809,14.36372972,99.46374172,14,0.37,0.486486486
Imari.wan,Native,0.100142709,0.468007099,0.431850193,Japan,Palearctic,129.7474687,33.31559228,74.75246413,15.14781748,757.0745001,14.36372972,99.72501513,10,0.34,0.5
Imchon.josuji,Native,0.169325435,0.346836083,0.483838482,South Korea,Palearctic,126.7377122,34.62169091,57.04610545,13.4068723,876.0876909,9.52702558,99.78977023,33,0.49,0.367346939
Imchon.josuji,Non-native,0.142428926,0.301261531,0.556309543,South Korea,Palearctic,126.7377122,34.62169091,57.04610545,13.4068723,876.0876909,9.52702558,99.78977023,33,0.49,0.367346939
Imo,Native,0.170674585,0.448803641,0.380521775,Nigeria,Afrotropic,7.296633908,5.235186139,7944.641619,26.37694391,95.99626691,7.562083125,99.91018687,87,0.5,0.82
Imperial,Native,0.085667209,0.415129929,0.499202862,Chile,Neotropic,-72.49582623,-38.49465127,12062.03934,10.72085587,361.1673876,1.409414947,99.78522698,13,0.32,0.9375
Imperial,Non-native,0.274914042,0.168619926,0.556466032,Chile,Neotropic,-72.49582623,-38.49465127,12062.03934,10.72085587,361.1673876,1.409414947,99.78522698,13,0.32,0.9375
Incomati,Native,0.151984927,0.360957539,0.487057534,South Africa,Afrotropic,31.56154103,-25.27816194,46288.39321,20.4564831,310.9147504,1.590506494,92.94460798,96,0.49,0.448979592
Incomati,Non-native,0.287437718,0.128431821,0.584130461,South Africa,Afrotropic,31.56154103,-25.27816194,46288.39321,20.4564831,310.9147504,1.590506494,92.94460798,96,0.49,0.448979592
Indaial,Native,0.201736767,0.491055816,0.307207417,Brazil,Neotropic,-48.54195239,-25.69823236,554.4373165,20.41317916,302.801871,3.880555034,99.76608985,13,0.27,0.62962963
Indalsalven,Native,0.154827519,0.14513136,0.700041121,Sweden,Palearctic,14.16872805,63.47236235,25902.00527,1.517674069,766.3259086,0.592524484,96.395543,24,0.3,0.566666667
Indalsalven,Non-native,0.340477413,0,0.659522587,Sweden,Palearctic,14.16872805,63.47236235,25902.00527,1.517674069,766.3259086,0.592524484,96.395543,24,0.3,0.566666667
Indigirka,Native,0.173380711,0.113158914,0.713460375,Russia,Palearctic,143.9448741,66.87121888,345582.1515,-14.73154998,1991.379062,0.015811463,99.9959002,31,0.74,0.689189189
Indio,Native,0.274540622,0.518776334,0.206683044,Mexico,Neotropic,-87.76683742,18.82451267,951.1125577,26.44701921,152.4428448,0.577793643,99.98684224,4,0.35,0.771428571
Indragiri,Native,0.147973365,0.309373851,0.542652784,Indonesia,Indo-Malay,101.5952039,-0.559497892,17362.05605,24.808169,33.38086621,2.89473331,99.92452839,49,0.27,0.592592593
Indus,Native,0.154173256,0.349302828,0.496523916,Pakistan,Indo-Malay,73.25024183,32.3088572,858196.1174,12.27548474,831.7980516,3.508588254,97.98176986,238,0.44,0.840909091
Indus,Non-native,0.318343518,0.093536215,0.588120268,Pakistan,Indo-Malay,73.25024183,32.3088572,858196.1174,12.27548474,831.7980516,3.508588254,97.98176986,238,0.44,0.840909091
Inglis,Native,0.090877817,0.349432892,0.559689291,Australia,Australasia,145.6082231,-41.07908538,466.5109013,11.446545,289.9843401,0.689596921,99.91929724,10,0.37,0.756756757
Inglis,Non-native,0.14391034,0.064336697,0.791752963,Australia,Australasia,145.6082231,-41.07908538,466.5109013,11.446545,289.9843401,0.689596921,99.91929724,10,0.37,0.756756757
Inner.Harbor,Non-native,0,0.169262423,0.830737577,Libya,Palearctic,20.51810176,32.12718486,1956.503018,18.6244821,529.5853025,2.216712832,97.27696003,0,0.97,0.020618557
Innuksuac,Native,0.246508257,0.1291116,0.624380143,Canada,Nearctic,-75.69620844,58.36552714,10459.52984,-5.240920965,1300.663792,0.000146429,100,8,0.57,0.719298246
Inya,Native,0.290538651,0.115771327,0.593690021,Russia,Palearctic,145.2034514,60.81955304,19619.27451,-10.09504779,1641.196473,0.010783647,99.99787854,20,0.68,0.632352941
Ione.Wash,Native,0.337518081,0.172148832,0.490333087,United States,Nearctic,-117.5084024,38.41703881,5294.119504,9.75262483,830.4868157,0.062354345,98.14514643,2,0.78,0.08974359
Iracoubo,Native,0.229961005,0.387065966,0.382973029,French Guiana,Neotropic,-53.21214579,5.211847263,1067.418526,25.7145271,50.44190766,NA,99.98372773,108,0.29,0.655172414
Irharhar,Native,0.418475742,0.29166453,0.289859728,Tunisia,Palearctic,8.691565096,33.52532645,26137.44329,21.77959739,779.1166405,0.821369171,99.90064288,4,0.89,0.033707865
Irharhar,Non-native,0.449854989,0.324740373,0.225404638,Tunisia,Palearctic,8.691565096,33.52532645,26137.44329,21.77959739,779.1166405,0.821369171,99.90064288,4,0.89,0.033707865
Irminio,Native,0.176220116,0.122227756,0.701552128,Italy,Palearctic,14.73579998,36.94131934,256.8479284,15.55201649,570.4963901,8.678490162,62.28622377,4,0.5,0.18
Irminio,Non-native,0.199050513,0.044107084,0.756842404,Italy,Palearctic,14.73579998,36.94131934,256.8479284,15.55201649,570.4963901,8.678490162,62.28622377,4,0.5,0.18
Irrawaddy,Native,0.153997993,0.373054749,0.472947258,Myanmar,Indo-Malay,96.08179965,23.60063155,375475.3104,21.75893759,382.1776905,1.552682556,99.09439861,195,0.53,0.905660377
Irrawaddy,Non-native,0.195256311,0.100748026,0.703995663,Myanmar,Indo-Malay,96.08179965,23.60063155,375475.3104,21.75893759,382.1776905,1.552682556,99.09439861,195,0.53,0.905660377
Irwell,Native,0.022058582,0.397264766,0.580676652,New Zealand,Australasia,172.2095607,-43.59922801,2512.48947,11.17880568,396.7952261,6.907251835,99.58646543,11,0.27,0.333333333
Irwell,Non-native,0.210084912,0.047714108,0.74220098,New Zealand,Australasia,172.2095607,-43.59922801,2512.48947,11.17880568,396.7952261,6.907251835,99.58646543,11,0.27,0.333333333
Irwin,Native,0.039510362,0.298885892,0.661603746,Australia,Australasia,115.5164516,-29.00059413,6138.295947,19.99173991,547.6855103,0.140071422,99.95281262,3,0.77,0.064935065
Irwin,Non-native,0.480781392,0.303207283,0.216011325,Australia,Australasia,115.5164516,-29.00059413,6138.295947,19.99173991,547.6855103,0.140071422,99.95281262,3,0.77,0.064935065
Isa,Native,0.139421697,0.326200117,0.534378186,South Korea,Palearctic,127.4335891,34.98251725,364.7457752,12.59911349,898.0818553,18.27298713,86.59747888,33,0.39,0.564102564
Isa,Non-native,0,0.088214167,0.911785833,South Korea,Palearctic,127.4335891,34.98251725,364.7457752,12.59911349,898.0818553,18.27298713,86.59747888,33,0.39,0.564102564
Isdell,Native,0.08322001,0.449251012,0.467528978,Australia,Australasia,125.3766759,-16.79314289,5507.367601,26.27978351,329.8209817,0.025963497,99.9924589,11,0.59,0.423728814
Ishikari,Native,0.2003643,0.230388655,0.569247045,Japan,Palearctic,142.0884966,43.43522594,14436.65346,5.107823229,1006.586757,24.98506737,94.15173483,10,0.42,0.833333333
Isis,Native,0.091099571,0.399445249,0.509455179,Australia,Australasia,152.3983428,-25.3778432,1382.687149,20.86715359,381.8175185,1.43836078,95.37531794,25,0.72,0.083333333
Isis,Non-native,0.413734462,0.586265538,0,Australia,Australasia,152.3983428,-25.3778432,1382.687149,20.86715359,381.8175185,1.43836078,95.37531794,25,0.72,0.083333333
Issyk.Kul,Native,0.130103655,0.274231664,0.595664681,Kyrgyzstan,Palearctic,77.53561233,42.42372476,21952.63538,2.768815115,864.0471367,0.235930607,99.52182423,11,0.46,0.913043478
Issyk.Kul,Non-native,0.140131568,0.177652626,0.682215805,Kyrgyzstan,Palearctic,77.53561233,42.42372476,21952.63538,2.768815115,864.0471367,0.235930607,99.52182423,11,0.46,0.913043478
Itanhaem,Native,0.175245886,0.412650727,0.412103387,Brazil,Neotropic,-46.80212008,-24.06247566,926.7069517,20.50251887,246.6744328,73.98639679,99.91175296,48,0.31,0.774193548
Itanhaem,Non-native,0.253829063,0.351330678,0.394840259,Brazil,Neotropic,-46.80212008,-24.06247566,926.7069517,20.50251887,246.6744328,73.98639679,99.91175296,48,0.31,0.774193548
Itanhem,Native,0.244594077,0.343516971,0.411888952,Brazil,Neotropic,-40.15634053,-17.24492373,6460.780141,23.75413345,173.9398546,0.66825144,99.2851527,28,0.46,0.130434783
Itanhem,Non-native,0.351857194,0.084631212,0.563511594,Brazil,Neotropic,-40.15634053,-17.24492373,6460.780141,23.75413345,173.9398546,0.66825144,99.2851527,28,0.46,0.130434783
Itapecuru,Native,0.233036012,0.346020729,0.420943259,Brazil,Neotropic,-44.19727379,-5.396603602,52761.38387,26.2406985,100.8371652,0.308423337,99.93094195,71,0.33,0.787878788
Itapecuru,Non-native,0.351857194,0.134882266,0.51326054,Brazil,Neotropic,-44.19727379,-5.396603602,52761.38387,26.2406985,100.8371652,0.308423337,99.93094195,71,0.33,0.787878788
Itapitangui,Native,0.139430123,0.562399005,0.298170872,Brazil,Neotropic,-47.99947818,-24.90888443,137.0237248,21.84342216,294.8114902,1.000734389,99.93289723,13,0.31,0.612903226
Itata,Native,0.115416377,0.405310217,0.479273406,Chile,Neotropic,-71.95227463,-36.72168635,11430.79025,11.31890852,424.2515971,3.038374811,99.6873809,14,0.32,0.90625
Itata,Non-native,0.374147324,0.151430956,0.47442172,Chile,Neotropic,-71.95227463,-36.72168635,11430.79025,11.31890852,424.2515971,3.038374811,99.6873809,14,0.32,0.90625
Itaunas,Native,0.22562598,0.394819804,0.379554217,Brazil,Neotropic,-40.19036692,-18.23134077,4687.578129,23.92845983,180.7700635,1.165841833,99.06515762,45,0.31,0.419354839
Itaunas,Non-native,0.397816525,0.145051251,0.457132224,Brazil,Neotropic,-40.19036692,-18.23134077,4687.578129,23.92845983,180.7700635,1.165841833,99.06515762,45,0.31,0.419354839
Ithikkara,Native,0.138147572,0.385014009,0.476838419,India,Indo-Malay,76.8298086,8.890031592,625.7000139,27.26368238,92.66928955,6.203623712,99.45108714,19,0.39,0.820512821
Ivoloina,Native,0.055546124,0.551579757,0.392874119,Madagascar,Afrotropic,49.19629886,-17.97792268,717.3889084,22.54734634,231.0305094,0.261015404,99.94383318,2,0.29,0.724137931
Ivoloina,Non-native,0.587338468,0.410023591,0.002637941,Madagascar,Afrotropic,49.19629886,-17.97792268,717.3889084,22.54734634,231.0305094,0.261015404,99.94383318,2,0.29,0.724137931
Ivondro,Native,0.079289336,0.392879828,0.527830837,Madagascar,Afrotropic,48.85929043,-18.13698012,3626.718906,20.72676433,247.2479654,0.235536274,99.95569265,46,0.35,0.771428571
Ivondro,Non-native,0.536612184,0.458111934,0.005275882,Madagascar,Afrotropic,48.85929043,-18.13698012,3626.718906,20.72676433,247.2479654,0.235536274,99.95569265,46,0.35,0.771428571
Iwaki,Native,0.128458046,0.301536366,0.570005588,Japan,Palearctic,140.4815026,40.68735683,2558.296463,9.033389346,922.0190352,22.25173855,94.45172356,11,0.34,0.617647059
Iwaki,Non-native,0,0.108443781,0.891556219,Japan,Palearctic,140.4815026,40.68735683,2558.296463,9.033389346,922.0190352,22.25173855,94.45172356,11,0.34,0.617647059
Iznik,Native,0.111072683,0.250712716,0.638214601,Turkey,Palearctic,29.54080178,40.45238116,1306.667859,13.02310893,669.2925478,43.55935144,99.66199386,15,0.36,0.583333333
Iznik,Non-native,0.111440763,0.320717663,0.567841574,Turkey,Palearctic,29.54080178,40.45238116,1306.667859,13.02310893,669.2925478,43.55935144,99.66199386,15,0.36,0.583333333
Jaagarahu.Sadam,Native,0.174081879,0.226580521,0.5993376,Estonia,Palearctic,22.08187652,58.38384391,38.15001548,6.636458351,728.4768539,0.347025733,99.85875609,6,0.39,0.230769231
Jaboatao,Native,0.29386245,0.305185406,0.400952144,Brazil,Neotropic,-35.10905858,-8.200044151,930.0308331,24.25119756,109.4088759,8.711876154,99.31748214,6,0.54,0.166666667
Jaboatao,Non-native,0.493761342,0.506238658,0,Brazil,Neotropic,-35.10905858,-8.200044151,930.0308331,24.25119756,109.4088759,8.711876154,99.31748214,6,0.54,0.166666667
Jacarei,Native,0.269588247,0.42480882,0.305602933,Brazil,Neotropic,-48.65628515,-25.55854968,170.6079787,20.27810531,303.4361906,3.880554914,99.9503059,6,0.33,0.545454545
Jaceyl.Bid,Native,0.166045702,0.611935467,0.222018831,Somalia,Afrotropic,49.50149189,10.44611138,28540.54647,24.84433263,246.1758725,0.041879021,99.92223175,1,0.91,0.032967033
Jack,Native,0.047865491,0.295841095,0.656293414,Australia,Australasia,146.5346789,-38.55718323,393.6157259,13.24851393,348.5774772,2.840979517,99.76402132,17,0.22,0.454545455
Jack,Non-native,0.28782068,0,0.71217932,Australia,Australasia,146.5346789,-38.55718323,393.6157259,13.24851393,348.5774772,2.840979517,99.76402132,17,0.22,0.454545455
Jackson,Native,0.185981082,0.425509001,0.388509917,Australia,Australasia,142.358059,-11.65283808,1602.292802,26.27174542,139.0574998,0.016426132,99.98790008,11,0.62,0.5
Jagala,Native,0.197482394,0.188625205,0.613892402,Estonia,Palearctic,25.537808,59.23766732,1688.780941,5.17600904,827.8978303,0.971570566,96.43487433,15,0.28,0.428571429
Jaguaribe,Native,0.214896301,0.407113798,0.377989901,Brazil,Neotropic,-39.31181222,-6.052343333,73175.50383,25.66048811,94.03643364,0.678742215,90.0217935,30,0.57,0.228070175
Jaguaribe,Non-native,0.703714389,0,0.296285611,Brazil,Neotropic,-39.31181222,-6.052343333,73175.50383,25.66048811,94.03643364,0.678742215,90.0217935,30,0.57,0.228070175
Jaguaripe,Native,0.109938259,0.434170189,0.455891552,Brazil,Neotropic,-39.15503402,-12.94870727,2971.32532,23.45078212,142.0640605,3.937633276,99.93763595,29,0.42,0.19047619
Jaguaripe,Non-native,0.470536049,0.230368377,0.299095574,Brazil,Neotropic,-39.15503402,-12.94870727,2971.32532,23.45078212,142.0640605,3.937633276,99.93763595,29,0.42,0.19047619
Jallabi,Native,0.096567912,0.386629291,0.516802796,Iran,Palearctic,56.57606609,27.60866682,1676.612816,23.94336773,649.1121458,1.870134026,99.8802088,4,0.77,0.12987013
Jalle.Blanquefort,Native,0.093903619,0.189203918,0.716892463,France,Palearctic,-0.689110216,44.86700136,733.2686011,12.87051231,528.1284605,27.74379873,98.29862141,17,0.26,0.576923077
Jalle.Blanquefort,Non-native,0.202992867,0.144808409,0.652198724,France,Palearctic,-0.689110216,44.86700136,733.2686011,12.87051231,528.1284605,27.74379873,98.29862141,17,0.26,0.576923077
Jamaja,Native,0.143084044,0.170782111,0.686133845,Estonia,Palearctic,22.10523878,57.99115459,20.58289501,7.203598478,745.135111,0.493247353,99.77625,3,0.37,0.27027027
Jamapa,Native,0.175575217,0.363381263,0.46104352,Mexico,Neotropic,-96.62177873,18.98767149,3891.539248,22.37894317,218.6174462,9.988991022,99.77768475,41,0.26,0.5
James,Native,0.21787049,0.27662865,0.50550086,United States,Nearctic,-79.04749657,37.7737463,18254.21098,12.32689757,815.8355289,11.49565125,96.4618501,83,0.25,0.56
James,Non-native,0.174857791,0.133082438,0.692059771,United States,Nearctic,-79.04749657,37.7737463,18254.21098,12.32689757,815.8355289,11.49565125,96.4618501,83,0.25,0.56
Jamur,Native,0.188310179,0.391245417,0.420444403,Indonesia,Australasia,134.9484063,-3.770115691,5289.450383,24.37427578,60.25028562,0.096266404,99.98661318,22,0.39,0.179487179
Japara.Grande,Native,0.180793477,0.561723069,0.257483453,Brazil,Neotropic,-39.31438956,-17.19090376,142.9364183,24.38560607,158.8088027,0.826598465,99.90316838,6,0.47,0.14893617
Jara,Native,0.119513523,0.238489529,0.641996948,Spain,Palearctic,-5.614567222,36.08643295,73.81554621,17.06077039,454.743948,NA,98.95060034,9,0.62,0.225806452
Jardine,Native,0.132744995,0.423997865,0.443257141,Australia,Australasia,142.5287556,-11.3162252,2723.61745,26.18535169,129.8592479,0.022103063,99.98980531,26,0.58,0.586206897
Jarise,Native,0.143084044,0.170782111,0.686133845,Estonia,Palearctic,22.33720147,58.50912082,12.95000455,6.548765341,721.7061542,0.354752928,99.960583,3,0.35,0.257142857
Jasper,Native,0.095905871,0.549426183,0.354667946,Australia,Australasia,115.6793855,-34.41253657,4.768956814,15.94107137,324.0137024,0.205634825,100,5,0.42,0.571428571
Jausa,Native,0.133495446,0.169718583,0.696785971,Estonia,Palearctic,22.56940262,58.84173304,107.3000109,6.313408769,729.3090145,0.354752928,99.88691175,4,0.35,0.2
Jeannie,Native,0.049861092,0.325667919,0.624470989,Australia,Australasia,144.822215,-14.78766876,481.1341032,25.76584467,202.6840462,0.011034427,99.99214535,7,0.61,0.360655738
Jegeen,Native,0.07278069,0.486516732,0.440702579,Iran,Palearctic,57.96686491,26.32739452,6457.023471,24.1192166,536.9597623,0.676365733,99.95702252,9,0.73,0.136986301
Jegeen,Non-native,0.413734462,0.586265538,0,Iran,Palearctic,57.96686491,26.32739452,6457.023471,24.1192166,536.9597623,0.676365733,99.95702252,9,0.73,0.136986301
Jemaja,Native,0.114493589,0.371712115,0.513794296,Indonesia,Indo-Malay,105.7508661,2.934752828,265.2804252,26.73271315,73.47185994,0.010805909,99.7931507,7,0.37,0.486486486
Jequetepeque,Native,0.165044798,0.392274661,0.442680541,Peru,Neotropic,-78.89253569,-7.189174395,4155.047302,15.77017956,78.1678352,1.623496622,92.41709168,10,0.32,0.875
Jequetepeque,Non-native,0.453761894,0.27973256,0.266505545,Peru,Neotropic,-78.89253569,-7.189174395,4155.047302,15.77017956,78.1678352,1.623496622,92.41709168,10,0.32,0.875
Jequirica,Native,0.222348405,0.439664439,0.337987156,Brazil,Neotropic,-39.81018881,-13.19011385,6660.708118,20.99214058,150.2455498,1.279228598,99.91442529,13,0.46,0.173913043
Jequirica,Non-native,0.493761342,0.506238658,0,Brazil,Neotropic,-39.81018881,-13.19011385,6660.708118,20.99214058,150.2455498,1.279228598,99.91442529,13,0.46,0.173913043
Jequitinhonha,Native,0.217302877,0.354069175,0.428627948,Brazil,Neotropic,-41.97631915,-16.77505681,70742.8001,21.6789271,177.0488748,0.449248008,98.90763155,72,0.35,0.657142857
Jequitinhonha,Non-native,0.531764085,0.217096636,0.251139278,Brazil,Neotropic,-41.97631915,-16.77505681,70742.8001,21.6789271,177.0488748,0.449248008,98.90763155,72,0.35,0.657142857
Jesus.Maria,Native,0.197608617,0.429463733,0.37292765,Costa Rica,Neotropic,-84.73610654,10.08228731,228.7298187,24.98636362,79.38065002,7.119235873,99.80523699,13,0.51,0.784313725
Jianjiang,Native,0.109733602,0.382470141,0.507796257,China,Indo-Malay,110.8307929,21.9694773,8935.447138,22.41448388,511.077292,8.847757697,95.47281294,57,0.34,0.823529412
Jianjiang,Non-native,0.102837449,0.20084102,0.69632153,China,Indo-Malay,110.8307929,21.9694773,8935.447138,22.41448388,511.077292,8.847757697,95.47281294,57,0.34,0.823529412
Jiaodong.He,Native,0.105518468,0.267106682,0.62737485,China,Palearctic,120.2217939,36.69108997,6288.880473,12.30468098,983.8244992,21.11520922,89.26406706,44,0.29,0.793103448
Jiaodong.He,Non-native,0.142428926,0.301261531,0.556309543,China,Palearctic,120.2217939,36.69108997,6288.880473,12.30468098,983.8244992,21.11520922,89.26406706,44,0.29,0.793103448
Jiuojiang,Native,0.100100303,0.312947619,0.586952078,China,Indo-Malay,120.8806562,28.83487448,6356.096026,15.51062975,790.1320212,18.51539767,94.89955198,79,0.31,0.677419355
Jiuojiang,Non-native,0.032138006,0.050304229,0.917557765,China,Indo-Malay,120.8806562,28.83487448,6356.096026,15.51062975,790.1320212,18.51539767,94.89955198,79,0.31,0.677419355
Joao.de.Tiba,Native,0.208167074,0.461436122,0.330396804,Brazil,Neotropic,-39.43040548,-16.26608416,1771.725707,23.74518084,158.9998499,0.951015428,99.94118232,11,0.34,0.235294118
Johore,Native,0.171150606,0.408679902,0.420169491,Malaysia,Indo-Malay,103.6845994,1.81992684,1840.369572,26.148413,44.52986841,130.4158401,96.88290228,71,0.4,0.4
Jokulsa.Dal,Native,0.296752398,0.100724208,0.602523393,Iceland,Palearctic,-15.51916528,65.02107286,4029.433284,0.226755914,422.4803173,0.046766325,97.71250099,4,0.39,0.769230769
Jokulsa.Flotsdal,Native,0.288833184,0,0.711166816,Iceland,Palearctic,-14.81297077,65.06828767,3337.703723,1.379338816,443.7101442,0.082491245,99.9756954,3,0.4,0.725
Jokulsa.a.Fjollum,Native,0.296752398,0.100724208,0.602523393,Iceland,Palearctic,-16.42199752,65.29637393,7299.023867,0.268368483,445.3651667,0.016735438,99.99497751,4,0.34,0.764705882
Jordana.Draw,Native,0.216965442,0.178750214,0.604284344,United States,Nearctic,-106.8169656,32.81489547,2956.400273,14.66182115,779.9256004,2.803362608,99.9901389,3,0.82,0.048780488
Josan.Ho,Native,0.073745567,0.317465194,0.608789239,South Korea,Palearctic,126.8544444,33.43944444,42.97259716,14.6974577,773.1556583,9.196617603,99.72868212,10,0.31,0.451612903
Juan.Blanco,Native,0.150315642,0.419551749,0.430132609,Argentina,Neotropic,-57.49046901,-35.18871039,148.6672791,16.04538763,491.7200051,1.029666513,99.9139265,15,0.24,0.333333333
Juan.Blanco,Non-native,0,0.088214167,0.911785833,Argentina,Neotropic,-57.49046901,-35.18871039,148.6672791,16.04538763,491.7200051,1.029666513,99.9139265,15,0.24,0.333333333
Jucar,Native,0.141992765,0.240548253,0.617458982,Spain,Palearctic,-1.575338691,39.38923858,21676.39771,13.28117608,683.5396085,10.71630621,91.76726337,24,0.3,0.166666667
Jucar,Non-native,0.126569187,0.177373594,0.696057219,Spain,Palearctic,-1.575338691,39.38923858,21676.39771,13.28117608,683.5396085,10.71630621,91.76726337,24,0.3,0.166666667
Jucurucu,Native,0.209143554,0.371339583,0.419516863,Brazil,Neotropic,-39.91651343,-16.98689251,5895.046507,23.40684523,164.5720966,0.689558893,99.93806131,60,0.31,0.193548387
Jucurucu,Non-native,0.445788934,0.325644954,0.228566112,Brazil,Neotropic,-39.91651343,-16.98689251,5895.046507,23.40684523,164.5720966,0.689558893,99.93806131,60,0.31,0.193548387
Jupiter,Native,0.236496287,0.279803137,0.483700576,Canada,Nearctic,-63.27846106,49.54767793,973.7683681,1.646501914,1017.159589,0.003301269,99.99923953,10,0.48,0.6875
Jurong,Native,0.239228715,0.422685764,0.338085521,Singapore,Indo-Malay,103.7214601,1.3403916,34.45699047,26.82276433,40.68694678,140.1348248,96.0311731,7,0.32,0.34375
Jurubatuba,Native,0.212138765,0.42838628,0.359474954,Brazil,Neotropic,-46.38781829,-23.86466398,486.9331412,19.83432314,242.3042644,284.7617989,97.22504118,41,0.32,0.8125
Kaba,Native,0.166978115,0.419504766,0.413517119,Sierra Leone,Afrotropic,-12.01941468,9.609547852,18952.04766,26.23908689,138.8958106,0.292969942,99.89452594,72,0.63,0.936507937
Kaba,Non-native,0,0.044361956,0.955638044,Sierra Leone,Afrotropic,-12.01941468,9.609547852,18952.04766,26.23908689,138.8958106,0.292969942,99.89452594,72,0.63,0.936507937
Kabeljousrivier,Native,0.088641412,0.509402894,0.401955695,South Africa,Afrotropic,24.84547264,-33.95037107,289.9723661,17.37030992,284.8604234,0.332777999,99.62302485,3,0.52,0.057692308
Kaberla,Native,0.145173193,0.194311364,0.660515443,Estonia,Palearctic,25.24152049,59.46998523,37.36668646,5.351127451,804.4199219,0.982371107,99.897,7,0.32,0.25
Kachigal.Ara,Native,0.115747641,0.393418037,0.490834322,Sri Lanka,Indo-Malay,80.889166,6.191500577,203.5930597,27.0404166,61.08836827,15.50076222,99.3334761,28,0.47,0.382978723
Kachigal.Ara,Non-native,0.417017478,0.239760474,0.343222047,Sri Lanka,Indo-Malay,80.889166,6.191500577,203.5930597,27.0404166,61.08836827,15.50076222,99.3334761,28,0.47,0.382978723
Kadalundi,Native,0.11837248,0.424384302,0.457243218,India,Indo-Malay,76.14028387,11.05330328,1192.533189,26.98905185,140.489472,10.14888811,99.77447835,30,0.49,0.795918367
Kadalundi,Non-native,0.758129529,0.009934655,0.231935816,India,Indo-Malay,76.14028387,11.05330328,1192.533189,26.98905185,140.489472,10.14888811,99.77447835,30,0.49,0.795918367
Kaeda,Native,0.074556476,0.448654631,0.476788893,Japan,Palearctic,131.4056476,31.79476948,85.42993713,15.91945648,726.012646,14.03920007,99.8520977,4,0.24,0.625
Kaeda,Non-native,0.19886665,0.395301743,0.405831608,Japan,Palearctic,131.4056476,31.79476948,85.42993713,15.91945648,726.012646,14.03920007,99.8520977,4,0.24,0.625
Kaeo,Native,0.014988256,0.36074506,0.624266684,New Zealand,Australasia,173.7988887,-35.13207579,121.5078367,14.77950579,286.2128436,0.808234259,99.79846531,8,0.28,0.571428571
Kaeo,Non-native,0.638064753,0.361935247,0,New Zealand,Australasia,173.7988887,-35.13207579,121.5078367,14.77950579,286.2128436,0.808234259,99.79846531,8,0.28,0.571428571
Kaesan.josuji,Native,0.140851464,0.365827447,0.493321088,South Korea,Palearctic,128.4826726,35.14233195,91.30152088,12.7362705,866.3082771,121.638588,99.53965544,22,0.44,0.386363636
Kaesan.josuji,Non-native,0,0.088214167,0.911785833,South Korea,Palearctic,128.4826726,35.14233195,91.30152088,12.7362705,866.3082771,121.638588,99.53965544,22,0.44,0.386363636
Kahak.chosuji,Native,0.154495063,0.346039799,0.499465138,South Korea,Palearctic,126.883336,34.49839801,40.19775258,13.40654761,858.099859,9.527025938,99.76693164,26,0.43,0.418604651
Kahak.chosuji,Non-native,0,0.088214167,0.911785833,South Korea,Palearctic,126.883336,34.49839801,40.19775258,13.40654761,858.099859,9.527025938,99.76693164,26,0.43,0.418604651
Kahutara,Native,0.021519861,0.403116129,0.57536401,New Zealand,Australasia,173.4724516,-42.37497485,238.1921885,10.27114446,390.1451858,0.152070303,99.93798754,11,0.28,0.5
Kahutara,Non-native,0.28782068,0,0.71217932,New Zealand,Australasia,173.4724516,-42.37497485,238.1921885,10.27114446,390.1451858,0.152070303,99.93798754,11,0.28,0.5
Kai.Iwi,Native,0,0.347164798,0.652835202,New Zealand,Australasia,174.9788185,-39.80269738,223.9050284,12.43839286,336.4921526,1.716119349,99.85262783,6,0.33,0.575757576
Kai.Iwi,Non-native,0.036995618,0.100212682,0.8627917,New Zealand,Australasia,174.9788185,-39.80269738,223.9050284,12.43839286,336.4921526,1.716119349,99.85262783,6,0.33,0.575757576
Kaipara,Native,0.02598842,0.389864659,0.58414692,New Zealand,Australasia,174.5049076,-36.70492133,412.1383442,14.59215972,306.6934511,21.7120049,99.57691963,10,0.37,0.567567568
Kaipara,Non-native,0.212688251,0.212181669,0.57513008,New Zealand,Australasia,174.5049076,-36.70492133,412.1383442,14.59215972,306.6934511,21.7120049,99.57691963,10,0.37,0.567567568
Kaituna,Native,0.025898817,0.359548226,0.614552956,New Zealand,Australasia,176.2850416,-38.00182607,1303.615204,12.42815164,367.9894076,2.113278717,99.37071161,15,0.2,0.7
Kaituna,Non-native,0.332892774,0.098121728,0.568985497,New Zealand,Australasia,176.2850416,-38.00182607,1303.615204,12.42815164,367.9894076,2.113278717,99.37071161,15,0.2,0.7
Kaituna.2,Native,0.033480056,0.352409003,0.61411094,New Zealand,Australasia,173.7594188,-41.36390045,154.0310457,11.17398458,363.34872,2.15051499,99.8654434,8,0.29,0.517241379
Kaituna.2,Non-native,0.28782068,0,0.71217932,New Zealand,Australasia,173.7594188,-41.36390045,154.0310457,11.17398458,363.34872,2.15051499,99.8654434,8,0.29,0.517241379
Kaiwaka,Native,0.013322894,0.329014804,0.657662302,New Zealand,Australasia,174.4140089,-36.12909271,125.7727881,14.68684825,301.0165347,21.71200442,99.79068671,9,0.34,0.441176471
Kaiwaka,Non-native,0.638064753,0.361935247,0,New Zealand,Australasia,174.4140089,-36.12909271,125.7727881,14.68684825,301.0165347,21.71200442,99.79068671,9,0.34,0.441176471
Kaiwhata,Native,0,0.380739321,0.619260679,New Zealand,Australasia,175.9197601,-41.14648324,109.1662403,12.12477809,338.9316226,1.30302301,99.86842503,7,0.39,0.358974359
Kajwa.je,Native,0.120933301,0.31640004,0.562666659,South Korea,Palearctic,126.4901685,34.47678357,64.35916832,13.84718616,855.8480859,9.527025938,99.97555427,20,0.36,0.416666667
Kajwa.je,Non-native,0.142428926,0.301261531,0.556309543,South Korea,Palearctic,126.4901685,34.47678357,64.35916832,13.84718616,855.8480859,9.527025938,99.97555427,20,0.36,0.416666667
Kakaho,Native,0.035352653,0.343740929,0.620906418,New Zealand,Australasia,174.9116097,-41.11070746,160.1833495,12.23589742,325.1819414,7.515856743,98.7958422,15,0.3,0.533333333
Kakaho,Non-native,0.207374457,0.116272978,0.676352565,New Zealand,Australasia,174.9116097,-41.11070746,160.1833495,12.23589742,325.1819414,7.515856743,98.7958422,15,0.3,0.533333333
Kakanui,Native,0.041231468,0.405448463,0.553320068,New Zealand,Australasia,170.6934419,-45.08892833,897.9285892,9.513865425,382.8351087,2.463796735,99.81402275,12,0.28,0.214285714
Kakanui,Non-native,0.180225979,0.032803869,0.786970153,New Zealand,Australasia,170.6934419,-45.08892833,897.9285892,9.513865425,382.8351087,2.463796735,99.81402275,12,0.28,0.214285714
Kakum,Native,0.082552955,0.687250146,0.230196899,Ghana,Afrotropic,-1.316914726,5.270190033,773.3177176,26.29058471,112.1202454,1.427165687,99.91186885,3,0.29,0.655172414
Kal.aru,Native,0.115747641,0.393418037,0.490834322,Sri Lanka,Indo-Malay,80.08921627,8.630170764,218.0997166,27.39861653,149.7508801,2.88704446,99.72557475,28,0.66,0.227272727
Kal.aru,Non-native,0.417017478,0.239760474,0.343222047,Sri Lanka,Indo-Malay,80.08921627,8.630170764,218.0997166,27.39861653,149.7508801,2.88704446,99.72557475,28,0.66,0.227272727
Kal.e.Shur,Native,0.0850576,0.384084284,0.530858116,Iran,Palearctic,58.06092905,31.78245953,71381.51772,20.4054753,881.0517468,0.506833248,99.78917922,4,0.67,0.28358209
Kala.Oya,Native,0.110780312,0.388738544,0.500481144,Sri Lanka,Indo-Malay,80.32859417,8.082521274,2861.354552,27.15419006,126.694597,6.104144454,91.84156343,34,0.64,0.375
Kala.Oya,Non-native,0.417017478,0.239760474,0.343222047,Sri Lanka,Indo-Malay,80.32859417,8.082521274,2861.354552,27.15419006,126.694597,6.104144454,91.84156343,34,0.64,0.375
Kalabakan,Native,0.124879231,0.397147493,0.477973276,Malaysia,Indo-Malay,117.321082,4.564459202,1346.707941,25.71253159,35.58168671,3.119774044,99.98100439,57,0.24,0.375
Kalagamu.Oya,Native,0.115747641,0.393418037,0.490834322,Sri Lanka,Indo-Malay,79.88613286,7.824755929,313.0610812,27.6065688,108.7284732,4.837728202,99.62814005,28,0.43,0.418604651
Kalagamu.Oya,Non-native,0.417017478,0.239760474,0.343222047,Sri Lanka,Indo-Malay,79.88613286,7.824755929,313.0610812,27.6065688,108.7284732,4.837728202,99.62814005,28,0.43,0.418604651
Kalamas,Native,0.178605381,0.307222144,0.514172475,Greece,Palearctic,20.52600558,39.69082453,1815.935049,13.38155565,653.287259,4.910017729,99.64609542,12,0.36,0.861111111
Kalamas,Non-native,0.162367098,0.173428234,0.664204668,Greece,Palearctic,20.52600558,39.69082453,1815.935049,13.38155565,653.287259,4.910017729,99.64609542,12,0.36,0.861111111
Kalgan,Native,0.050015009,0.363124865,0.586860126,Australia,Australasia,117.8891632,-34.59342073,2568.66985,15.23084943,352.353541,0.377106242,99.85160271,15,0.82,0.036585366
Kalgan,Non-native,0.525899607,0.474100393,0,Australia,Australasia,117.8891632,-34.59342073,2568.66985,15.23084943,352.353541,0.377106242,99.85160271,15,0.82,0.036585366
Kalixalven,Native,0.130061274,0.16503386,0.704904866,Sweden,Palearctic,21.18004464,67.17101339,17880.63083,-0.758225275,963.8709136,0.306322917,99.97539876,29,0.49,0.918367347
Kalixalven,Non-native,0.18464461,0.078812567,0.736542824,Sweden,Palearctic,21.18004464,67.17101339,17880.63083,-0.758225275,963.8709136,0.306322917,99.97539876,29,0.49,0.918367347
Kallada,Native,0.118368321,0.357244971,0.524386708,India,Indo-Malay,76.91916223,8.969838183,1634.798564,26.39920718,97.14492091,11.0230633,91.57083973,52,0.39,0.794871795
Kallada,Non-native,0.379064764,0.049074411,0.571860825,India,Indo-Malay,76.91916223,8.969838183,1634.798564,26.39920718,97.14492091,11.0230633,91.57083973,52,0.39,0.794871795
Kallayi,Native,0.113332569,0.436678467,0.449988964,India,Indo-Malay,75.85014363,11.38636583,296.9756513,26.90553991,135.6246287,8.649629235,99.74018934,33,0.57,0.824561404
Kalu.Ganga,Native,0.134256579,0.39986509,0.465878331,Sri Lanka,Indo-Malay,80.33073534,6.629538721,2929.737539,25.72005564,56.94339953,15.11245751,99.45804934,59,0.36,0.5
Kalu.Ganga,Non-native,0.483706136,0.22308067,0.293213194,Sri Lanka,Indo-Malay,80.33073534,6.629538721,2929.737539,25.72005564,56.94339953,15.11245751,99.45804934,59,0.36,0.5
Kamchatka,Native,0.308146769,0.112834005,0.579019226,Russia,Palearctic,159.732352,55.75294675,53534.96973,-2.845488149,1058.675166,0.095296292,99.99149603,17,0.48,0.854166667
Kamchatka,Non-native,0,0.116705322,0.883294678,Russia,Palearctic,159.732352,55.75294675,53534.96973,-2.845488149,1058.675166,0.095296292,99.99149603,17,0.48,0.854166667
Kamdun.josuji,Native,0.133098511,0.373822682,0.493078807,South Korea,Palearctic,126.4665397,34.85266424,172.3890689,13.67455229,888.4538022,9.527025938,99.48974342,40,0.29,0.75862069
Kamdun.josuji,Non-native,0.142428926,0.301261531,0.556309543,South Korea,Palearctic,126.4665397,34.85266424,172.3890689,13.67455229,888.4538022,9.527025938,99.48974342,40,0.29,0.75862069
Kamenka,Native,0.243417724,0,0.756582276,Russia,Palearctic,102.0600181,78.41832997,721.3751956,-16.71459435,1188.407252,0.000307766,100,1,0.81,0.209876543
Kamiji,Native,0.101077406,0.456375274,0.44254732,Japan,Palearctic,136.8202141,34.3776681,95.93392466,15.42266261,755.4604641,62.14790249,92.22063073,19,0.28,0.392857143
Kamiji,Non-native,0.110433205,0.126269893,0.763296902,Japan,Palearctic,136.8202141,34.3776681,95.93392466,15.42266261,755.4604641,62.14790249,92.22063073,19,0.28,0.392857143
Kaminokawa,Native,0.030344382,0.575206416,0.394449202,Japan,Palearctic,130.4218471,31.63754664,102.0146284,16.25353723,752.8903896,30.67394924,99.72186863,6,0.29,0.655172414
Kamo,Native,0.160681419,0.455995999,0.383322582,Japan,Palearctic,136.8385465,34.45750577,72.94397913,15.23224833,755.8612137,62.14790344,99.86427823,8,0.3,0.333333333
Kamo,Non-native,0.037276648,0.087547391,0.875175961,Japan,Palearctic,136.8385465,34.45750577,72.94397913,15.23224833,755.8612137,62.14790344,99.86427823,8,0.3,0.333333333
Kampar,Native,0.111557639,0.354007781,0.53443458,Indonesia,Indo-Malay,101.4970813,0.060805215,20297.69189,25.83336251,36.04423751,1.735661507,99.76347349,102,0.27,0.62962963
Kampar,Non-native,0.351857194,0.044107084,0.604035722,Indonesia,Indo-Malay,101.4970813,0.060805215,20297.69189,25.83336251,36.04423751,1.735661507,99.76347349,102,0.27,0.62962963
Kanakarayan.Aru,Native,0.115747641,0.393418037,0.490834322,Sri Lanka,Indo-Malay,80.49430741,9.17198189,769.372999,27.52815354,173.6107528,2.211042106,84.71561713,28,0.71,0.197183099
Kanakarayan.Aru,Non-native,0.417017478,0.239760474,0.343222047,Sri Lanka,Indo-Malay,80.49430741,9.17198189,769.372999,27.52815354,173.6107528,2.211042106,84.71561713,28,0.71,0.197183099
Kanariktok,Native,0.26470788,0.09429257,0.640999549,Canada,Nearctic,-62.01356636,55.14814732,10763.66795,-3.903638154,1184.369528,0.002026272,100,11,0.56,0.839285714
Kangikadichi.Aar,Native,0.115747641,0.393418037,0.490834322,Sri Lanka,Indo-Malay,81.8001342,7.041816148,89.76481491,27.64270839,126.0204036,3.374859512,99.46018512,28,0.61,0.344262295
Kangikadichi.Aar,Non-native,0.417017478,0.239760474,0.343222047,Sri Lanka,Indo-Malay,81.8001342,7.041816148,89.76481491,27.64270839,126.0204036,3.374859512,99.46018512,28,0.61,0.344262295
Kangp.o,Native,0.138859645,0.352751529,0.508388826,South Korea,Palearctic,128.8233763,37.68228029,215.5136788,10.04609376,924.0236851,10.50388777,89.32976706,30,0.36,0.444444444
Kangsu.josuji,Native,0.111912482,0.366794958,0.52129256,South Korea,Palearctic,126.3467347,36.75336312,53.27255837,11.94305551,966.091415,15.00964975,99.97422283,25,0.42,0.452380952
Kangsu.josuji,Non-native,0,0.088214167,0.911785833,South Korea,Palearctic,126.3467347,36.75336312,53.27255837,11.94305551,966.091415,15.00964975,99.97422283,25,0.42,0.452380952
Kanita,Native,0.244897928,0.103390917,0.651711155,Japan,Palearctic,140.5539065,41.07259177,119.4883241,8.961357532,891.0380009,11.42674208,99.93473633,4,0.33,0.303030303
Kano,Native,0.12904305,0.341247677,0.529709274,Japan,Palearctic,138.9257472,35.08735059,848.5141661,13.86960077,736.1752128,121.4992962,99.21486401,3,0.23,0.565217391
Kantalai.basin,Native,0.106573374,0.381534849,0.511891777,Sri Lanka,Indo-Malay,80.99639866,8.384504084,442.4151585,27.62953386,157.1570424,2.149418175,69.75797111,34,0.56,0.392857143
Kantalai.basin,Non-native,0.417017478,0.239760474,0.343222047,Sri Lanka,Indo-Malay,80.99639866,8.384504084,442.4151585,27.62953386,157.1570424,2.149418175,69.75797111,34,0.56,0.392857143
Kaoping,Native,0.13831985,0.360805003,0.500875147,Taiwan,Indo-Malay,120.7090815,22.99886856,3249.256322,18.36654745,339.485021,42.00769043,99.2379446,31,0.34,0.705882353
Kaoping,Non-native,0.373657676,0.31439106,0.311951264,Taiwan,Indo-Malay,120.7090815,22.99886856,3249.256322,18.36654745,339.485021,42.00769043,99.2379446,31,0.34,0.705882353
Kapisigdlit,Native,0.289339436,0,0.710660564,Greenland,Nearctic,-49.39434275,64.57062924,621.3047404,-5.658288452,671.8482939,0.003654537,100,2,0.52,0.519230769
Kapuas,Native,0.142968895,0.388475519,0.468555586,Indonesia,Indo-Malay,111.9190077,0.295237545,83504.8984,26.02597782,33.47830515,0.566469133,99.96067231,292,0.36,0.416666667
Karagan.Oya,Native,0.115747641,0.393418037,0.490834322,Sri Lanka,Indo-Malay,81.10687052,6.159148384,106.4873578,27.40274213,65.50815895,2.139389724,99.534311,28,0.54,0.314814815
Karagan.Oya,Non-native,0.417017478,0.239760474,0.343222047,Sri Lanka,Indo-Malay,81.10687052,6.159148384,106.4873578,27.40274213,65.50815895,2.139389724,99.534311,28,0.54,0.314814815
Karamana,Native,0.124568453,0.404744547,0.470687,India,Indo-Malay,77.06294796,8.56692025,522.2923327,26.73024017,90.45627252,10.52292025,91.23849969,25,0.35,0.742857143
Karambalan.Oya,Native,0.114172961,0.399936755,0.485890284,Sri Lanka,Indo-Malay,79.99052192,7.488690732,623.8756135,27.38387411,86.38325339,8.608598471,99.30721793,29,0.4,0.675
Karambalan.Oya,Non-native,0.417017478,0.239760474,0.343222047,Sri Lanka,Indo-Malay,79.99052192,7.488690732,623.8756135,27.38387411,86.38325339,8.608598471,99.30721793,29,0.4,0.675
Karambe.Ara,Native,0.115747641,0.393418037,0.490834322,Sri Lanka,Indo-Malay,81.64684923,6.50600214,67.05094714,27.32600004,101.9285617,2.139389753,99.84126561,28,0.72,0.194444444
Karambe.Ara,Non-native,0.417017478,0.239760474,0.343222047,Sri Lanka,Indo-Malay,81.64684923,6.50600214,67.05094714,27.32600004,101.9285617,2.139389753,99.84126561,28,0.72,0.194444444
Karamea,Native,0.05302898,0.331434178,0.615536842,New Zealand,Australasia,172.4126933,-41.23014009,1232.203406,8.107329394,378.7606356,0.421096705,99.99223892,10,0.22,0.636363636
Karamea,Non-native,0.28782068,0,0.71217932,New Zealand,Australasia,172.4126933,-41.23014009,1232.203406,8.107329394,378.7606356,0.421096705,99.99223892,10,0.22,0.636363636
Karamenderes,Native,0.113885563,0.217152956,0.668961481,Turkey,Palearctic,26.54412404,39.8290604,2003.264522,14.13751782,690.7807361,5.250173569,94.57024894,40,0.42,0.452380952
Karamenderes,Non-native,0.159516188,0.187964541,0.65251927,Turkey,Palearctic,26.54412404,39.8290604,2003.264522,14.13751782,690.7807361,5.250173569,94.57024894,40,0.42,0.452380952
Karanda.Oya,Native,0.115747641,0.393418037,0.490834322,Sri Lanka,Indo-Malay,81.66397137,6.968185577,385.4812977,27.21426849,119.2907606,2.530877799,99.71790101,28,0.44,0.5
Karanda.Oya,Non-native,0.417017478,0.239760474,0.343222047,Sri Lanka,Indo-Malay,81.66397137,6.968185577,385.4812977,27.21426849,119.2907606,2.530877799,99.71790101,28,0.44,0.5
Karangarua,Native,0.022381351,0.37896713,0.598651519,New Zealand,Australasia,169.9105046,-43.63521231,412.4234779,6.299754174,407.6513038,0.040441085,99.99112486,12,0.32,0.78125
Karangarua,Non-native,0.30495853,0,0.69504147,New Zealand,Australasia,169.9105046,-43.63521231,412.4234779,6.299754174,407.6513038,0.040441085,99.99112486,12,0.32,0.78125
Karatararivier,Native,0.1321844,0.366685086,0.501130514,South Africa,Afrotropic,22.77880496,-33.92067401,422.0712532,16.1720339,285.2318668,1.423606664,98.67783862,18,0.4,0.125
Karatararivier,Non-native,0.638064753,0.361935247,0,South Africa,Afrotropic,22.77880496,-33.92067401,422.0712532,16.1720339,285.2318668,1.423606664,98.67783862,18,0.4,0.125
Kargi,Native,0.049053159,0.146357606,0.804589235,Turkey,Palearctic,32.01887658,36.65896563,353.465124,13.72519455,683.0606383,4.175250411,99.31265158,6,0.44,0.5
Kargi,Non-native,0.638064753,0.361935247,0,Turkey,Palearctic,32.01887658,36.65896563,353.465124,13.72519455,683.0606383,4.175250411,99.31265158,6,0.44,0.5
Kariegarivier,Native,0.073941092,0.284026303,0.642032604,South Africa,Afrotropic,26.48615253,-33.45145092,669.1631165,17.72581639,263.2238765,0.697643742,99.86070155,54,0.75,0.04
Kariegarivier,Non-native,0.249440433,0.170042818,0.580516749,South Africa,Afrotropic,26.48615253,-33.45145092,669.1631165,17.72581639,263.2238765,0.697643742,99.86070155,54,0.75,0.04
Kariyamgode,Native,0.127207871,0.405176579,0.46761555,India,Indo-Malay,75.36075348,12.31602353,597.7148995,25.49057693,133.5045631,7.381847262,99.80019929,51,0.59,0.779661017
Kariyamgode,Non-native,0.758129529,0.009934655,0.231935816,India,Indo-Malay,75.36075348,12.31602353,597.7148995,25.49057693,133.5045631,7.381847262,99.80019929,51,0.59,0.779661017
Karja,Native,0.163187501,0.156640666,0.680171833,Estonia,Palearctic,22.8190531,58.51771961,132.0800313,6.484957642,756.0452293,0.354752924,99.93952123,7,0.34,0.235294118
Karjaste,Native,0.187440544,0.228810792,0.583748665,Estonia,Palearctic,22.37059627,58.46154487,72.89174333,6.467898303,730.2656204,0.354752928,99.96523191,4,0.36,0.25
Karouabo,Native,0.202980403,0.417826301,0.379193296,French Guiana,Neotropic,-52.77000137,5.172785905,289.9423783,25.67010237,42.90641643,NA,99.92383123,44,0.32,0.8125
Karpuz,Native,0.027796877,0.227518642,0.744684481,Turkey,Palearctic,31.78817265,36.85816281,644.7183476,13.64778993,697.4701822,2.187964678,99.55608243,2,0.43,0.534883721
Karuah,Native,0.032149981,0.404197898,0.563652122,Australia,Australasia,151.9430489,-32.36085758,1443.878685,17.09791666,405.4744111,7.374018431,99.95281542,12,0.3,0.266666667
Karuah,Non-native,0.413734462,0.586265538,0,Australia,Australasia,151.9430489,-32.36085758,1443.878685,17.09791666,405.4744111,7.374018431,99.95281542,12,0.3,0.266666667
Karujarv,Native,0.160398396,0.148619539,0.690982065,Estonia,Palearctic,22.21913717,58.4105952,44.17271188,6.548958346,728.3568109,0.354752921,99.91285832,7,0.36,0.194444444
Karunde.Ara,Native,0.115747641,0.393418037,0.490834322,Sri Lanka,Indo-Malay,81.55249455,6.466609214,105.0788912,27.28104507,99.15486608,2.139389724,99.93106634,28,0.61,0.262295082
Karunde.Ara,Non-native,0.417017478,0.239760474,0.343222047,Sri Lanka,Indo-Malay,81.55249455,6.466609214,105.0788912,27.28104507,99.15486608,2.139389724,99.93106634,28,0.61,0.262295082
Kas,Native,0.364079925,0.271673404,0.364246671,Mexico,Neotropic,-87.99168932,18.99422042,512.1974704,26.2046743,154.7386451,1.056728438,99.98790136,6,0.41,0.390243902
Kasab,Native,0.084518854,0.220903936,0.69457721,Morocco,Palearctic,-9.427544678,31.30840561,1734.380757,16.49178492,419.2791868,1.805801988,99.42652399,3,0.66,0.151515152
Kasari,Native,0.095559042,0.169823566,0.734617392,Estonia,Palearctic,24.36555045,58.84069856,3262.892648,5.858457249,810.9449877,1.902317882,99.94000994,19,0.24,0.458333333
Kasi.chon,Native,0.074393596,0.349950833,0.575655571,South Korea,Palearctic,126.7757246,33.35742754,32.97618246,14.72351858,762.3429864,9.196617603,99.90876708,10,0.31,0.483870968
Kasi.chon,Non-native,0,0.088214167,0.911785833,South Korea,Palearctic,126.7757246,33.35742754,32.97618246,14.72351858,762.3429864,9.196617603,99.90876708,10,0.31,0.483870968
Katase,Native,0.145921273,0.136706837,0.71737189,Japan,Palearctic,139.4831569,35.44435977,211.821842,15.36881811,766.1838742,960.2621002,94.05563007,4,0.29,0.482758621
Katupila.Ara,Native,0.115747641,0.393418037,0.490834322,Sri Lanka,Indo-Malay,81.54277557,6.416250113,50.72507094,27.26893928,96.84075179,2.139389753,100,28,0.56,0.285714286
Katupila.Ara,Non-native,0.417017478,0.239760474,0.343222047,Sri Lanka,Indo-Malay,81.54277557,6.416250113,50.72507094,27.26893928,96.84075179,2.139389753,100,28,0.56,0.285714286
Kauaeranga,Native,0.023754446,0.392424659,0.583820895,New Zealand,Australasia,175.6365572,-37.09715018,127.9613065,12.71621378,341.0474046,5.506458044,99.86348961,11,0.27,0.62962963
Kauaeranga,Non-native,0.398101026,0,0.601898974,New Zealand,Australasia,175.6365572,-37.09715018,127.9613065,12.71621378,341.0474046,5.506458044,99.86348961,11,0.27,0.62962963
Kaunispe,Native,0.143084044,0.170782111,0.686133845,Estonia,Palearctic,22.08525733,58.03290368,35.14002136,7.184649097,742.0571506,0.378925264,NA,3,0.35,0.342857143
Kaupokonui,Native,0.03540005,0.332439165,0.632160785,New Zealand,Australasia,174.1040924,-39.43255804,150.4936355,11.77039477,323.8554429,2.024806291,99.84922592,8,0.33,0.636363636
Kaupokonui,Non-native,0.28782068,0,0.71217932,New Zealand,Australasia,174.1040924,-39.43255804,150.4936355,11.77039477,323.8554429,2.024806291,99.84922592,8,0.33,0.636363636
Kavlingean,Native,0.113725906,0.173915068,0.712359026,Sweden,Palearctic,13.58905452,55.70044938,1149.513574,7.500482445,637.1909705,13.45741773,99.47971693,24,0.28,0.321428571
Kavlingean,Non-native,0.132700342,0.105083422,0.762216236,Sweden,Palearctic,13.58905452,55.70044938,1149.513574,7.500482445,637.1909705,13.45741773,99.47971693,24,0.28,0.321428571
Kawajiri,Native,0.000783962,0.39897466,0.600241379,Japan,Palearctic,139.9325572,34.93546262,28.22069115,15.858102,676.6259071,4.326874971,98.93974433,2,0.28,0.321428571
Kawakawa,Native,0.030469747,0.383333942,0.586196311,New Zealand,Australasia,174.0530979,-35.45065028,504.307436,14.59598401,294.0878582,1.130915731,99.78253789,13,0.27,0.555555556
Kawakawa,Non-native,0.534673303,0.192768493,0.272558204,New Zealand,Australasia,174.0530979,-35.45065028,504.307436,14.59598401,294.0878582,1.130915731,99.78253789,13,0.27,0.555555556
Kawatana,Native,0.120608816,0.384965313,0.494425871,Japan,Palearctic,129.8791469,33.11026734,124.9074267,15.70681816,773.6423721,14.36373019,99.69557243,8,0.27,0.703703704
Kearney.lake,Native,0.111429994,0.350392728,0.538177278,Australia,Australasia,140.7167,-37.71196513,210.8230709,13.80032361,326.6192967,1.179193765,99.71721396,6,0.63,0.19047619
Kearney.lake,Non-native,0,0.088214167,0.911785833,Australia,Australasia,140.7167,-37.71196513,210.8230709,13.80032361,326.6192967,1.179193765,99.71721396,6,0.63,0.19047619
Keep,Native,0.126524956,0.35796318,0.515511864,Australia,Australasia,129.0373559,-15.68196829,5207.122804,28.02029293,312.6669673,0.014721549,99.9249801,45,0.73,0.178082192
Kei,Native,0.054123545,0.37717023,0.568706225,South Africa,Afrotropic,27.10617019,-32.90718505,2850.40483,17.45817219,288.4872909,2.15947035,86.3185465,27,0.46,0.217391304
Kei,Non-native,0.182035066,0.145395181,0.672569753,South Africa,Afrotropic,27.10617019,-32.90718505,2850.40483,17.45817219,288.4872909,2.15947035,86.3185465,27,0.46,0.217391304
Keila,Native,0.187902661,0.204030049,0.60806729,Estonia,Palearctic,24.77273016,59.14702864,674.0568558,5.557903337,805.5748536,6.635940552,99.86726058,14,0.27,0.444444444
Kelani.Ganga,Native,0.126195326,0.40110917,0.472695503,Sri Lanka,Indo-Malay,80.28512009,6.958348095,2249.063922,25.12009713,63.20207061,13.74813128,94.219687,62,0.34,0.470588235
Kelani.Ganga,Non-native,0.437275317,0.242531019,0.320193664,Sri Lanka,Indo-Malay,80.28512009,6.958348095,2249.063922,25.12009713,63.20207061,13.74813128,94.219687,62,0.34,0.470588235
Kelantan,Native,0.147455488,0.353097647,0.499446865,Malaysia,Indo-Malay,102.0039636,5.180125605,13108.84235,24.85030048,69.58107244,3.821195424,99.94021398,117,0.37,0.540540541
Kelasuri,Native,0.170346178,0.207287107,0.622366714,Georgia,Palearctic,41.18934992,43.15655412,220.9466058,6.38427116,682.3344314,1.071651816,99.99316421,18,0.37,0.72972973
Kelasuri,Non-native,0,0.2270361,0.7729639,Georgia,Palearctic,41.18934992,43.15655412,220.9466058,6.38427116,682.3344314,1.071651816,99.99316421,18,0.37,0.72972973
Keliling,Native,0.08123306,0.376068721,0.542698219,Malaysia,Indo-Malay,104.2125,2.795833333,3.294750241,25.9375,69.33604431,0.04840648,99.806,12,0.42,0.5
Kellett,Native,0.187316612,0.018370324,0.794313064,Canada,Nearctic,-123.660752,71.94012025,2559.4904,-13.28637741,1413.814537,0.000572453,99.99777454,3,0.77,0.337662338
Kemijoki,Native,0.157154134,0.148496361,0.694349504,Finland,Palearctic,26.76773027,67.33113715,52772.70904,-0.911486026,1000.200059,0.22158125,97.00196098,24,0.49,0.653061224
Kemijoki,Non-native,0.398101026,0,0.601898974,Finland,Palearctic,26.76773027,67.33113715,52772.70904,-0.911486026,1000.200059,0.22158125,97.00196098,24,0.49,0.653061224
Kemp.Welch,Native,0.126165627,0.460464303,0.41337007,Papua New Guinea,Australasia,147.7603026,-9.586387224,3023.591237,23.05106636,93.10984169,1.709807307,99.99177252,4,0.32,0.5625
Kemp.Welch,Non-native,0.758129529,0.009934655,0.231935816,Papua New Guinea,Australasia,147.7603026,-9.586387224,3023.591237,23.05106636,93.10984169,1.709807307,99.99177252,4,0.32,0.5625
Kendawangan,Native,0.150810644,0.423632625,0.425556731,Indonesia,Indo-Malay,110.532533,-2.398765107,1055.368057,27.23090081,25.61404764,0.234234475,99.9756012,71,0.29,0.827586207
Kennebec,Native,0.161894212,0.215506581,0.622599207,United States,Nearctic,-70.21873385,44.87078037,24451.85692,4.859557985,1044.007401,4.071904957,93.75087804,45,0.29,0.586206897
Kennebec,Non-native,0.182481537,0.108983009,0.708535455,United States,Nearctic,-70.21873385,44.87078037,24451.85692,4.859557985,1044.007401,4.071904957,93.75087804,45,0.29,0.586206897
Kent,Native,0.057708732,0.489961099,0.452330168,Australia,Australasia,117.1749904,-34.61886862,1909.540768,14.96438231,341.0048396,0.397970401,99.97242236,10,0.79,0.075949367
Kent,Non-native,0.525899607,0.474100393,0,Australia,Australasia,117.1749904,-34.61886862,1909.540768,14.96438231,341.0048396,0.397970401,99.97242236,10,0.79,0.075949367
Kereu,Native,0.029079288,0.369505828,0.601414884,New Zealand,Australasia,177.8205397,-37.76599036,141.5584113,12.23333336,340.8942569,0.23000598,99.97891083,9,0.24,0.625
Kerian,Native,0.177734598,0.395423766,0.426841636,Malaysia,Indo-Malay,100.7186018,5.220717444,1478.594913,26.13382055,43.26770132,18.72156,99.8568625,46,0.25,0.72
Kerian,Non-native,0.069072653,0.23153701,0.699390337,Malaysia,Indo-Malay,100.7186018,5.220717444,1478.594913,26.13382055,43.26770132,18.72156,99.8568625,46,0.25,0.72
Kerikeri,Native,0.019702197,0.393055846,0.587241957,New Zealand,Australasia,173.8885868,-35.22089156,158.5877345,14.77894545,292.3470605,0.808256432,93.61896353,13,0.27,0.555555556
Kerikeri,Non-native,0.212688251,0.192940936,0.594370813,New Zealand,Australasia,173.8885868,-35.22089156,158.5877345,14.77894545,292.3470605,0.808256432,93.61896353,13,0.27,0.555555556
Kerman,Native,0.074307873,0.28332187,0.642370257,Iran,Palearctic,53.53907798,31.00222319,20702.73266,15.44677776,887.563781,1.603870898,99.39616173,4,0.72,0.180555556
Kerman,Non-native,0.126640396,0.157241868,0.716117736,Iran,Palearctic,53.53907798,31.00222319,20702.73266,15.44677776,887.563781,1.603870898,99.39616173,4,0.72,0.180555556
Kersang,Native,0.147415762,0.363749597,0.48883464,Malaysia,Indo-Malay,102.4798897,2.301601724,677.3981735,26.62061324,45.37955292,11.6710819,99.78756752,38,0.2,0.65
Kersang,Non-native,0.075905427,0.469586294,0.454508279,Malaysia,Indo-Malay,102.4798897,2.301601724,677.3981735,26.62061324,45.37955292,11.6710819,99.78756752,38,0.2,0.65
Kesen,Native,0.356048189,0.085777308,0.558174503,Japan,Palearctic,141.5506243,39.13598751,506.8754556,8.780548205,863.4823025,22.42102337,99.81914342,4,0.37,0.405405405
Keta.Lagoon,Native,0.214121023,0.474649388,0.311229589,Ghana,Afrotropic,0.979350601,6.192267918,1779.979902,27.19662361,115.5893835,1.57402572,94.36686634,10,0.47,0.340425532
Keuprotchay,Native,0.103196653,0.232710954,0.664092393,Turkey,Palearctic,31.19104128,37.39377689,2659.45057,11.98260475,750.4551242,5.340694487,99.39864165,34,0.36,0.638888889
Keuprotchay,Non-native,0.319032376,0.225074707,0.455892916,Turkey,Palearctic,31.19104128,37.39377689,2659.45057,11.98260475,750.4551242,5.340694487,99.39864165,34,0.36,0.638888889
Keurbooms,Native,0.125581039,0.348818207,0.525600754,South Africa,Afrotropic,23.28301965,-33.87411702,1120.597712,15.71744525,312.6437041,0.385827526,99.4104253,19,0.8,0.05
Keurbooms,Non-native,0.398101026,0,0.601898974,South Africa,Afrotropic,23.28301965,-33.87411702,1120.597712,15.71744525,312.6437041,0.385827526,99.4104253,19,0.8,0.05
Keziv,Native,0.151615807,0.222471281,0.625912912,Israel,Palearctic,35.30393462,33.0102746,139.6726968,17.08051349,602.337042,29.6602726,97.72312233,9,0.58,0.465517241
Khanan,Native,0.205905124,0.381559783,0.412535094,Thailand,Indo-Malay,99.3766421,10.88056769,151.6644258,26.77217587,102.7776936,1.007739186,99.8509343,17,0.53,0.358490566
Khatanga,Native,0.160636213,0.123230605,0.716133182,Russia,Palearctic,109.2075601,71.62500478,49173.96456,-14.4040227,1652.473403,0.001288514,99.99843366,33,0.71,0.563380282
Khawr.Arba.at,Native,0.321607858,0.412616048,0.265776094,Sudan,Afrotropic,36.67355248,19.48498311,4720.223269,25.45415811,444.5722933,0.134229936,99.66337146,3,0.99,0.01010101
Khobi,Native,0.145456221,0.191249604,0.663294175,Georgia,Palearctic,41.81685925,42.37594935,583.2440749,14.13632327,630.5249113,1.878549516,99.95427712,23,0.2,0.6
Khobi,Non-native,0,0.2270361,0.7729639,Georgia,Palearctic,41.81685925,42.37594935,583.2440749,14.13632327,630.5249113,1.878549516,99.95427712,23,0.2,0.6
Khvoinaya,Native,0.382712244,0.21156283,0.405724926,Russia,Palearctic,147.5214018,44.88260315,302.2968237,2.726559248,765.1684631,0.022424474,99.97896408,3,0.45,0.755555556
Kienke,Native,0.155210175,0.421627704,0.423162121,Cameroon,Afrotropic,10.28898566,2.860542523,1430.42849,25.2022919,88.53694068,0.682893887,99.93590356,120,0.36,0.638888889
Kievka,Native,0.284122453,0.146948727,0.56892882,Russia,Palearctic,133.7698127,43.2294347,3099.366343,2.835152619,1202.610321,0.564976819,99.9709751,10,0.47,0.638297872
Kifissos.Att,Native,0.039708642,0.293264167,0.667027191,Greece,Palearctic,23.76256453,38.07097343,357.7101046,16.27035717,674.4225113,43.73045778,94.00854813,2,0.33,0.272727273
Kifissos.Att,Non-native,0.413734462,0.586265538,0,Greece,Palearctic,23.76256453,38.07097343,357.7101046,16.27035717,674.4225113,43.73045778,94.00854813,2,0.33,0.272727273
Kifissos.Beo,Native,0.071006131,0.259584471,0.669409399,Greece,Palearctic,22.91983134,38.50053995,2554.583495,14.54994523,681.7422664,21.22296834,96.98830686,6,0.44,0.272727273
Kifissos.Beo,Non-native,0.128327683,0.119672905,0.751999412,Greece,Palearctic,22.91983134,38.50053995,2554.583495,14.54994523,681.7422664,21.22296834,96.98830686,6,0.44,0.272727273
Kikori,Native,0.196060024,0.395117437,0.408822539,Papua New Guinea,Australasia,143.4587526,-6.492180243,16618.70438,20.93533064,70.28607203,0.241586242,99.9810352,68,0.3,0.233333333
Kikori,Non-native,0.52892774,0.47107226,0,Papua New Guinea,Australasia,143.4587526,-6.492180243,16618.70438,20.93533064,70.28607203,0.241586242,99.9810352,68,0.3,0.233333333
Kilsan.chon,Native,0.120749703,0.382613578,0.496636719,South Korea,Palearctic,126.7460265,36.11092464,111.8210579,12.47908903,950.6811182,15.00964975,99.92200665,53,0.43,0.558139535
Kilsan.chon,Non-native,0.142428926,0.301261531,0.556309543,South Korea,Palearctic,126.7460265,36.11092464,111.8210579,12.47908903,950.6811182,15.00964975,99.92200665,53,0.43,0.558139535
Kilu.Impini.creek,Native,0.260567114,0.400757304,0.338675582,Australia,Australasia,130.5104488,-11.38080181,136.1489998,27.06937747,142.1241498,0.043925903,99.99541302,4,0.66,0.393939394
Kimotsuki,Native,0.123022323,0.557973854,0.319003823,Japan,Palearctic,130.9068332,31.38557936,530.8503044,16.37389345,734.8546468,29.77454948,96.21436224,5,0.25,0.76
Kimotsuki,Non-native,0.19886665,0.395301743,0.405831608,Japan,Palearctic,130.9068332,31.38557936,530.8503044,16.37389345,734.8546468,29.77454948,96.21436224,5,0.25,0.76
Kinabatangan,Native,0.150005591,0.376887622,0.473106787,Malaysia,Indo-Malay,117.2983441,5.220037126,16021.05738,25.47960716,44.79659969,3.263083398,99.98540171,79,0.34,0.264705882
King.1,Native,0.097257962,0.545682029,0.357060009,Australia,Australasia,117.8068132,-34.87072915,421.7013051,15.40495141,315.856369,0.394389622,99.93536096,4,0.33,0.484848485
King.1,Non-native,0.413734462,0.586265538,0,Australia,Australasia,117.8068132,-34.87072915,421.7013051,15.40495141,315.856369,0.394389622,99.93536096,4,0.33,0.484848485
King.2,Native,0.048754361,0.319862526,0.631383113,Australia,Australasia,145.6488045,-42.08591831,821.2510035,9.387587688,301.0593703,0.223179337,92.97691548,6,0.3,0.733333333
King.2,Non-native,0.28782068,0,0.71217932,Australia,Australasia,145.6488045,-42.08591831,821.2510035,9.387587688,301.0593703,0.223179337,92.97691548,6,0.3,0.733333333
King.Edward,Native,0.124932064,0.351966705,0.523101232,Australia,Australasia,126.4403502,-14.88120586,8450.251211,26.53666911,287.0284286,0.026845893,99.98236962,39,0.61,0.442622951
King.George,Native,0.140455154,0.485357359,0.374187488,Australia,Australasia,127.2428927,-14.41668301,2874.133839,27.06811271,275.4014026,0.023982376,99.99950103,10,0.63,0.380952381
Kinokawa,Native,0.224832491,0.342251951,0.432915558,Japan,Palearctic,135.6792823,34.29136084,1724.704343,13.2579791,806.5601185,387.8604584,97.23563277,9,0.21,0.666666667
Kirama.Oya,Native,0.115747641,0.393418037,0.490834322,Sri Lanka,Indo-Malay,80.71798324,6.08611375,182.2462822,26.72232851,58.23088789,15.50076246,99.51470492,28,0.3,0.566666667
Kirama.Oya,Non-native,0.417017478,0.239760474,0.343222047,Sri Lanka,Indo-Malay,80.71798324,6.08611375,182.2462822,26.72232851,58.23088789,15.50076246,99.51470492,28,0.3,0.566666667
Kirimechchi.odai,Native,0.115747641,0.393418037,0.490834322,Sri Lanka,Indo-Malay,81.40339138,8.03385513,100.1580979,28.04551275,164.3256214,1.374466136,99.74993348,28,0.63,0.428571429
Kirimechchi.odai,Non-native,0.417017478,0.239760474,0.343222047,Sri Lanka,Indo-Malay,81.40339138,8.03385513,100.1580979,28.04551275,164.3256214,1.374466136,99.74993348,28,0.63,0.428571429
Kirindi.Oya,Native,0.126381826,0.382522244,0.49109593,Sri Lanka,Indo-Malay,81.14003555,6.541627506,1177.966014,26.25812023,80.59919319,2.441404879,90.75707799,35,0.47,0.531914894
Kirindi.Oya,Non-native,0.417017478,0.239760474,0.343222047,Sri Lanka,Indo-Malay,81.14003555,6.541627506,1177.966014,26.25812023,80.59919319,2.441404879,90.75707799,35,0.47,0.531914894
Kirkeuz,Native,0.087748713,0.30317427,0.609077017,Turkey,Palearctic,30.36144005,37.18927271,3353.78415,12.30665917,761.1664292,3.820217431,94.50389128,3,0.41,0.634146341
Kishida,Native,0.169772103,0.367519333,0.462708564,Japan,Palearctic,134.4892719,35.55165916,203.3006018,12.66174111,842.5285145,18.3512001,99.87215181,11,0.33,0.333333333
Kisiwani,Native,0.437389616,0.404793507,0.157816877,Kenya,Afrotropic,39.54208741,-3.831631871,667.5742795,25.08458491,143.0642412,1.524644911,99.8857248,3,0.63,0.063492063
Kiso,Native,0.166434572,0.393768839,0.439796589,Japan,Palearctic,137.08319,35.66090499,9046.547968,11.06205211,864.3622218,122.4016438,93.58949487,8,0.22,0.818181818
Kitagata.ko,Native,0.067974074,0.476913797,0.455112129,Japan,Palearctic,136.2924456,36.28549632,114.8477542,13.71873655,831.9729449,47.67430878,99.57174304,9,0.36,0.444444444
Kitagata.ko,Non-native,0.284857852,0.514308894,0.200833253,Japan,Palearctic,136.2924456,36.28549632,114.8477542,13.71873655,831.9729449,47.67430878,99.57174304,9,0.36,0.444444444
Kitakami,Native,0.17064812,0.292169178,0.537182701,Japan,Palearctic,141.1212749,39.25843525,10256.58919,8.91851269,912.18373,26.04584599,94.38614651,21,0.31,0.451612903
Kitakami,Non-native,0.19886665,0.395301743,0.405831608,Japan,Palearctic,141.1212749,39.25843525,10256.58919,8.91851269,912.18373,26.04584599,94.38614651,21,0.31,0.451612903
Kitsa,Native,0.143084044,0.170782111,0.686133845,Estonia,Palearctic,22.53280783,58.77765064,22.22999853,6.371527741,728.0801608,0.354752921,99.8176,3,0.36,0.194444444
Kittam,Native,0.180746061,0.439023688,0.380230251,Sierra Leone,Afrotropic,-11.37317229,8.488110466,14443.75113,25.42635029,106.077161,0.31074829,99.85356505,86,0.58,0.913793103
Kivu,Native,0.456241475,0.262812523,0.280946003,Democratic Republic of the Congo,Afrotropic,29.12165615,-2.008003323,7311.064038,17.45198213,30.61613992,1.765000552,98.85675791,42,0.4,0.75
Kivu,Non-native,0,0.634792699,0.365207301,Democratic Republic of the Congo,Afrotropic,29.12165615,-2.008003323,7311.064038,17.45198213,30.61613992,1.765000552,98.85675791,42,0.4,0.75
Kiyotake,Native,0.214027681,0.346828928,0.439143391,Japan,Palearctic,131.3217204,31.83647999,158.5612504,15.80691865,739.4403181,14.03920031,99.72889533,1,0.24,0.625
Kiyotake,Non-native,0.19886665,0.395301743,0.405831608,Japan,Palearctic,131.3217204,31.83647999,158.5612504,15.80691865,739.4403181,14.03920031,99.72889533,1,0.24,0.625
Kizilirmak,Native,0.107141884,0.211896677,0.680961438,Turkey,Palearctic,34.88952405,39.89979554,80636.06301,9.499385594,783.2007372,3.970644891,95.78002904,40,0.36,0.555555556
Kizilirmak,Non-native,0.212688251,0.174940689,0.612371061,Turkey,Palearctic,34.88952405,39.89979554,80636.06301,9.499385594,783.2007372,3.970644891,95.78002904,40,0.36,0.555555556
Klamath,Native,0.26509926,0.154285557,0.580615184,United States,Nearctic,-122.5553466,41.76811708,31243.70492,8.227853498,625.7797489,1.555416882,96.58955955,28,0.28,0.821428571
Klamath,Non-native,0.201945679,0.114498727,0.683555595,United States,Nearctic,-122.5553466,41.76811708,31243.70492,8.227853498,625.7797489,1.555416882,96.58955955,28,0.28,0.821428571
Klein.Brakrivier,Native,0.108124238,0.312610113,0.579265649,South Africa,Afrotropic,22.04601137,-33.97491357,565.4628343,16.67505804,284.8630914,0.918343022,99.54291228,13,0.43,0.139534884
Klinaklini,Native,0.239877872,0.100996233,0.659125895,Canada,Nearctic,-125.4830842,51.69056632,5735.564195,0.688175297,663.9658458,0.018203758,99.99475227,25,0.49,0.836734694
Klinaklini,Non-native,0.138785864,0.016844653,0.844369483,Canada,Nearctic,-125.4830842,51.69056632,5735.564195,0.688175297,663.9658458,0.018203758,99.99475227,25,0.49,0.836734694
Klong.Khruv.Wai,Native,0.161486982,0.369400331,0.469112688,Thailand,Indo-Malay,102.3234889,12.57191144,465.4171786,27.01865254,98.98629777,2.15719524,99.74033957,36,0.58,0.74137931
Kloostri,Native,0.135247296,0.211526524,0.65322618,Estonia,Palearctic,24.15434971,59.17947131,135.5532502,6.142618662,814.2735844,8.474462032,99.94444482,8,0.25,0.36
Knysnarivier,Native,0.099640723,0.290753121,0.609606156,South Africa,Afrotropic,23.05541975,-33.93423079,389.4178605,15.93228577,292.6993764,0.471510991,99.55026922,52,0.4,0.15
Kobang.chon,Native,0.140067482,0.348846628,0.51108589,South Korea,Palearctic,126.2194552,34.4453989,106.6661708,13.95344921,832.4405279,9.527025938,99.93144583,22,0.38,0.394736842
Kobang.chon,Non-native,0,0.088214167,0.911785833,South Korea,Palearctic,126.2194552,34.4453989,106.6661708,13.95344921,832.4405279,9.527025938,99.93144583,22,0.38,0.394736842
Kobu.chon,Native,0.129800919,0.395986598,0.474212483,South Korea,Palearctic,126.7498332,35.60517581,238.5705925,13.05358535,942.3111494,34.35796547,89.97087522,48,0.3,0.8
Kobu.chon,Non-native,0.142428926,0.301261531,0.556309543,South Korea,Palearctic,126.7498332,35.60517581,238.5705925,13.05358535,942.3111494,34.35796547,89.97087522,48,0.3,0.8
Kodalikkallu.Aru,Native,0.115747641,0.393418037,0.490834322,Sri Lanka,Indo-Malay,80.77346856,9.19346799,151.0607662,27.74519778,173.8547862,1.956746459,98.64060764,28,0.64,0.359375
Kodalikkallu.Aru,Non-native,0.417017478,0.239760474,0.343222047,Sri Lanka,Indo-Malay,80.77346856,9.19346799,151.0607662,27.74519778,173.8547862,1.956746459,98.64060764,28,0.64,0.359375
Kodori,Native,0.143088897,0.184622594,0.672288509,Georgia,Palearctic,41.62450508,43.135927,1945.045154,4.016438316,690.0078199,1.112555087,99.9640072,26,0.44,0.840909091
Kodori,Non-native,0,0.2270361,0.7729639,Georgia,Palearctic,41.62450508,43.135927,1945.045154,4.016438316,690.0078199,1.112555087,99.9640072,26,0.44,0.840909091
Kogaluk,Native,0.269898578,0.10328928,0.626812142,Canada,Nearctic,-63.36405571,56.14256359,5318.603575,-4.952630649,1196.78753,0.001891334,100,10,0.56,0.875
Koggala.lake,Native,0.115747641,0.393418037,0.490834322,Sri Lanka,Indo-Malay,80.30659033,6.026856746,62.25291459,26.69925815,55.18321406,14.21924281,99.40250402,28,0.27,0.851851852
Koggala.lake,Non-native,0.417017478,0.239760474,0.343222047,Sri Lanka,Indo-Malay,80.30659033,6.026856746,62.25291459,26.69925815,55.18321406,14.21924281,99.40250402,28,0.27,0.851851852
Kogon,Native,0.243494701,0.354382131,0.402123168,Guinea,Afrotropic,-14.08214214,11.30194566,8536.652703,26.954661,172.4507483,0.213622488,99.94936895,61,0.69,0.884057971
Kogon,Non-native,0,0.044361956,0.955638044,Guinea,Afrotropic,-14.08214214,11.30194566,8536.652703,26.954661,172.4507483,0.213622488,99.94936895,61,0.69,0.884057971
Koiva,Native,0.127860229,0.178588912,0.69355086,Latvia,Palearctic,25.88873869,57.38656202,9449.488415,5.284408417,837.0656417,1.175958142,99.89119288,17,0.25,0.56
Kokemaenjoki,Native,0.103778466,0.15393952,0.742282014,Finland,Palearctic,23.79874152,61.59218651,26938.86406,3.652473728,857.0097371,5.15519321,98.7731921,30,0.27,0.444444444
Kokemaenjoki,Non-native,0.074253812,0.113849775,0.811896413,Finland,Palearctic,23.79874152,61.59218651,26938.86406,3.652473728,857.0097371,5.15519321,98.7731921,30,0.27,0.444444444
Kokpokchan,Native,0.128387761,0.370823743,0.500788496,South Korea,Palearctic,127.0492041,36.76269958,542.8877507,11.45740918,1014.829091,41.87397289,93.61221031,46,0.28,0.892857143
Kokpokchan,Non-native,0.142428926,0.301261531,0.556309543,South Korea,Palearctic,127.0492041,36.76269958,542.8877507,11.45740918,1014.829091,41.87397289,93.61221031,46,0.28,0.892857143
Kolan,Native,0.140760119,0.361596781,0.4976431,Australia,Australasia,151.7597002,-24.85096089,2750.650655,20.67453717,391.4422819,0.589512512,91.26983847,27,0.67,0.089552239
Kolan,Non-native,0.413734462,0.586265538,0,Australia,Australasia,151.7597002,-24.85096089,2750.650655,20.67453717,391.4422819,0.589512512,91.26983847,27,0.67,0.089552239
Kolente,Native,0.191488563,0.392235411,0.416276026,Guinea,Afrotropic,-12.66007819,9.744383269,8066.220594,27.41470374,165.882543,0.39052856,99.87286803,106,0.66,0.878787879
Koliba,Native,0.194296247,0.374826931,0.430876822,Guinea,Afrotropic,-13.45175222,11.79790855,24303.92267,26.36846103,203.4161342,0.291571561,99.92598042,73,0.61,0.918032787
Koliba,Non-native,0.248529405,0.087679515,0.66379108,Guinea,Afrotropic,-13.45175222,11.79790855,24303.92267,26.36846103,203.4161342,0.291571561,99.92598042,73,0.61,0.918032787
Koltsi,Native,0.143084044,0.170782111,0.686133845,Estonia,Palearctic,22.15062073,58.02076817,7.310018877,7.124999972,741.440322,0.354752928,NA,3,0.36,0.305555556
Kolyma,Native,0.167570272,0.121214022,0.711215707,Russia,Palearctic,156.1149969,65.25247295,656045.1943,-12.25614025,1840.810369,0.029624011,99.78296454,34,0.63,0.825396825
Komenotsu,Native,0.170389301,0.40062639,0.428984309,Japan,Palearctic,130.4069911,32.06269305,203.0479913,15.13688985,763.1536615,45.72771168,96.31460018,10,0.33,0.575757576
Kongakut,Native,0.21449353,0.051609526,0.733896944,United States,Nearctic,-142.0871528,69.15445467,3886.160736,-12.08835332,1359.231952,0.001195763,100,17,0.73,0.534246575
Kongnung.chon,Native,0.1049108,0.35510206,0.539987141,South Korea,Palearctic,126.8487117,37.72971028,249.2623432,10.93719427,1026.69079,171.532917,99.58103872,39,0.33,0.787878788
Kongnung.chon,Non-native,0.142428926,0.301261531,0.556309543,South Korea,Palearctic,126.8487117,37.72971028,249.2623432,10.93719427,1026.69079,171.532917,99.58103872,39,0.33,0.787878788
Konkoure,Native,0.192487748,0.395599565,0.411912687,Guinea,Afrotropic,-12.89893366,10.54469282,17352.08014,25.76997364,170.1316051,0.537949763,98.26933517,94,0.66,0.909090909
Konkoure,Non-native,0.16568627,0.073240329,0.761073401,Guinea,Afrotropic,-12.89893366,10.54469282,17352.08014,25.76997364,170.1316051,0.537949763,98.26933517,94,0.66,0.909090909
Konyang.chon,Native,0.107344309,0.275294742,0.617360949,South Korea,Palearctic,127.9484646,35.05859419,157.0786138,12.95946006,896.3296073,36.216012,99.91811125,19,0.45,0.466666667
Konyang.chon,Non-native,0,0.088214167,0.911785833,South Korea,Palearctic,127.9484646,35.05859419,157.0786138,12.95946006,896.3296073,36.216012,99.91811125,19,0.45,0.466666667
Koolatong,Native,0.092574534,0.373012139,0.534413328,Australia,Australasia,135.6533833,-13.06267395,2423.86626,26.79767152,236.2845216,0.058486328,99.9930566,26,0.64,0.375
Koppi,Native,0.254634129,0.163952466,0.581413405,Russia,Palearctic,139.0549248,48.57575903,7327.740833,-2.354163427,1314.995362,0.134286033,99.99984082,20,0.53,0.79245283
Kopuapounamu,Native,0.035316569,0.37536591,0.589317521,New Zealand,Australasia,178.2645972,-37.71061156,173.1147888,13.07022848,330.7796692,0.054050525,99.8514041,11,0.26,0.576923077
Kopurererua,Native,0.022462673,0.358323894,0.619213433,New Zealand,Australasia,176.1495577,-37.80070448,199.7541579,13.15046297,357.4157903,2.306668997,99.3195112,11,0.23,0.652173913
Kopurererua,Non-native,0.228640569,0.029404722,0.741954709,New Zealand,Australasia,176.1495577,-37.80070448,199.7541579,13.15046297,357.4157903,2.306668997,99.3195112,11,0.23,0.652173913
Kor,Native,0.116475366,0.326224491,0.557300142,Iran,Palearctic,52.82788722,30.28473901,21437.99927,14.08580357,869.0552406,2.564567953,97.76740973,22,0.57,0.421052632
Kor,Non-native,0.14971563,0.115418977,0.734865394,Iran,Palearctic,52.82788722,30.28473901,21437.99927,14.08580357,869.0552406,2.564567953,97.76740973,22,0.57,0.421052632
Korea.un.1,Native,0.130499088,0.314747595,0.554753317,North Korea,Palearctic,127.4611333,38.91792269,1076.40105,8.840504365,983.9914883,2.484223604,99.10396898,26,0.32,0.875
Korea.un.1,Non-native,0,0.088214167,0.911785833,North Korea,Palearctic,127.4611333,38.91792269,1076.40105,8.840504365,983.9914883,2.484223604,99.10396898,26,0.32,0.875
Korea.un.2,Native,0.133968535,0.363427465,0.502604,North Korea,Palearctic,128.2366701,38.54427881,696.9390628,8.982360283,936.5635155,1.689056039,99.90945118,28,0.3,0.833333333
Korea.un.2,Non-native,0,0.088214167,0.911785833,North Korea,Palearctic,128.2366701,38.54427881,696.9390628,8.982360283,936.5635155,1.689056039,99.90945118,28,0.3,0.833333333
Korea.un.3,Native,0.140786571,0.353794972,0.505418457,South Korea,Palearctic,129.0762357,37.32472483,391.976852,10.36721014,922.6797088,3.009493172,99.81498456,54,0.36,0.444444444
Korea.un.3,Non-native,0,0.088214167,0.911785833,South Korea,Palearctic,129.0762357,37.32472483,391.976852,10.36721014,922.6797088,3.009493172,99.81498456,54,0.36,0.444444444
Kosi.River,Native,0.079219238,0.37280519,0.547975572,South Africa,Afrotropic,32.75830566,-27.04499605,567.6312341,22.37789416,260.1532115,0.43740765,99.93850233,96,0.87,0.034482759
Kouffo,Native,0.147512983,0.615829739,0.236657278,Benin,Afrotropic,1.88808671,7.015592112,3700.416325,27.10068517,135.080916,1.815678179,99.93397484,13,0.33,0.818181818
Kouilou,Native,0.145858344,0.415748159,0.438393498,Republic of Congo,Afrotropic,13.1718514,-3.577289531,60031.3795,24.17630464,140.7141322,0.461318135,99.97595306,146,0.27,0.814814815
Kouilou,Non-native,0.49705881,0.006096606,0.496844584,Republic of Congo,Afrotropic,13.1718514,-3.577289531,60031.3795,24.17630464,140.7141322,0.461318135,99.97595306,146,0.27,0.814814815
Koukdjuak,Native,0.286218956,0.277474432,0.436306612,Canada,Nearctic,-72.56503932,66.30235241,2963.415683,-10.21470997,1311.712003,3.70E-05,100,3,0.67,0.552238806
Koup.chon,Native,0.148921917,0.344278033,0.506800049,South Korea,Palearctic,126.9386552,34.5656691,72.962485,13.33181424,870.2025674,9.574895263,99.81275,24,0.43,0.418604651
Koup.chon,Non-native,0,0.088214167,0.911785833,South Korea,Palearctic,126.9386552,34.5656691,72.962485,13.33181424,870.2025674,9.574895263,99.81275,24,0.43,0.418604651
Kourou,Native,0.251488463,0.376681582,0.371829955,French Guiana,Neotropic,-52.77400658,4.874981861,1799.303514,25.51355058,41.72120888,NA,99.9714306,136,0.31,0.774193548
Koutno,Native,0.12858102,0.151256065,0.720162914,Russia,Palearctic,31.8341005,64.9045857,30810.9838,0.68584682,997.2655314,0.082958862,99.98396158,25,0.39,0.820512821
Koutno,Non-native,0.599142002,0,0.400857998,Russia,Palearctic,31.8341005,64.9045857,30810.9838,0.68584682,997.2655314,0.082958862,99.98396158,25,0.39,0.820512821
Kowai,Native,0.039453078,0.406691196,0.553855726,New Zealand,Australasia,172.6473924,-43.14594421,202.4145181,11.40248698,393.5439768,9.174982905,99.62889658,6,0.35,0.285714286
Kowai,Non-native,0,0.096700678,0.903299322,New Zealand,Australasia,172.6473924,-43.14594421,202.4145181,11.40248698,393.5439768,9.174982905,99.62889658,6,0.35,0.285714286
Kowhai,Native,0.060650304,0.365253262,0.574096434,New Zealand,Australasia,173.6214868,-42.34259685,201.8778412,10.12743509,388.0109679,0.152070304,99.82670718,6,0.26,0.576923077
Kowie.River,Native,0.091542508,0.269941898,0.638515594,South Africa,Afrotropic,26.71950899,-33.42107961,761.7425384,18.05519562,253.3557409,0.697643742,99.78291909,68,0.43,0.23255814
Kowie.River,Non-native,0.281675055,0.232910648,0.485414297,South Africa,Afrotropic,26.71950899,-33.42107961,761.7425384,18.05519562,253.3557409,0.697643742,99.78291909,68,0.43,0.23255814
Koya,Native,0.146757542,0.402075486,0.451166972,Japan,Palearctic,131.0736765,34.18771669,303.4993996,14.63678768,783.7838991,22.1819129,81.87758762,22,0.28,0.5
Koza,Native,0.096287082,0.335311511,0.568401407,Japan,Palearctic,135.7148112,33.60823006,362.6458272,14.98811153,744.2942094,7.404889464,99.87644471,5,0.22,0.636363636
Krasheninnikova,Native,0.267859013,0,0.732140987,Russia,Palearctic,155.3488248,50.25523504,21.48440456,-0.096381578,644.5787803,0.028267363,100,1,0.66,0.560606061
Krishna,Native,0.120881448,0.354939436,0.524179116,India,Indo-Malay,76.49343254,16.47686559,257868.4732,26.07032364,271.3903676,6.639169157,88.27449664,144,0.54,0.722222222
Krishna,Non-native,0.342147532,0.153043755,0.504808713,India,Indo-Malay,76.49343254,16.47686559,257868.4732,26.07032364,271.3903676,6.639169157,88.27449664,144,0.54,0.722222222
Krka,Native,0.156157511,0.249744108,0.594098381,Croatia,Palearctic,16.08601886,43.94433704,2574.431894,12.34930104,675.0343199,3.281764269,97.64861788,15,0.23,0.869565217
Krka,Non-native,0.345388593,0.150049805,0.504561602,Croatia,Palearctic,16.08601886,43.94433704,2574.431894,12.34930104,675.0343199,3.281764269,97.64861788,15,0.23,0.869565217
Kromrivier,Native,0.112206319,0.3601745,0.527619181,South Africa,Afrotropic,24.4431588,-33.96861736,1012.905407,16.67964453,292.3204594,0.255315065,73.44356095,12,0.84,0.047619048
Kronockaja,Native,0.357794283,0.089467696,0.552738021,Russia,Palearctic,160.2665099,54.77523122,2931.139764,-2.139763603,889.0050774,0.069040378,99.99976205,17,0.53,0.830188679
Kronockaja,Non-native,0,0.128673395,0.871326605,Russia,Palearctic,160.2665099,54.77523122,2931.139764,-2.139763603,889.0050774,0.069040378,99.99976205,17,0.53,0.830188679
Ku.Ryu.Po,Native,0.059761232,0.238010817,0.702227951,South Korea,Palearctic,129.5283646,36.00285075,49.1610781,13.28300783,821.2603884,37.6101265,99.79667406,10,0.5,0.18
Ku.Ryu.Po,Non-native,0,0.088214167,0.911785833,South Korea,Palearctic,129.5283646,36.00285075,49.1610781,13.28300783,821.2603884,37.6101265,99.79667406,10,0.5,0.18
Kuam.chon,Native,0.121607289,0.373026573,0.505366139,South Korea,Palearctic,126.5366815,35.32429174,235.1487153,13.05421655,917.8360307,34.35796499,99.67636181,21,0.36,0.555555556
Kuam.chon,Non-native,0.142428926,0.301261531,0.556309543,South Korea,Palearctic,126.5366815,35.32429174,235.1487153,13.05421655,917.8360307,34.35796499,99.67636181,21,0.36,0.555555556
Kuantan,Native,0.127487616,0.361511566,0.511000819,Malaysia,Indo-Malay,103.1094143,3.894243325,1637.580833,25.92183096,69.11995729,2.899454504,99.94481367,22,0.3,0.666666667
Kuap,Native,0.133946904,0.339247864,0.526805232,Malaysia,Indo-Malay,110.3794812,1.475722512,157.6223804,26.75735008,46.96262835,5.608326256,99.34778579,59,0.34,0.647058824
Kuap,Non-native,0.330716867,0.162083818,0.507199316,Malaysia,Indo-Malay,110.3794812,1.475722512,157.6223804,26.75735008,46.96262835,5.608326256,99.34778579,59,0.34,0.647058824
Kuban,Native,0.100181252,0.266070252,0.633748496,Russia,Palearctic,40.44075891,44.45868714,52895.44341,8.872250185,807.0426116,2.856333315,98.26183252,65,0.39,0.743589744
Kuban,Non-native,0.135112687,0.119226733,0.74566058,Russia,Palearctic,40.44075891,44.45868714,52895.44341,8.872250185,807.0426116,2.856333315,98.26183252,65,0.39,0.743589744
Kucukmenderes,Native,0.093079532,0.253559325,0.653361143,Turkey,Palearctic,27.66671397,38.17499427,4093.562361,15.71650023,710.449041,21.07499695,97.34148791,33,0.52,0.480769231
Kucukmenderes,Non-native,0.319032376,0.225074707,0.455892916,Turkey,Palearctic,27.66671397,38.17499427,4093.562361,15.71650023,710.449041,21.07499695,97.34148791,33,0.52,0.480769231
Kudafljot,Native,0.265619202,0,0.734380798,Iceland,Palearctic,-18.77793918,63.72687624,914.8921325,1.867358799,421.8056297,0.020332177,99.98969443,2,0.32,0.6875
Kuiburi,Native,0.144488999,0.387255545,0.468255456,Thailand,Indo-Malay,99.69114605,12.11127175,659.9979241,26.26012512,117.22988,1.703167955,95.01891615,19,0.41,0.682926829
Kuiseb,Native,0.415816344,0.261626537,0.322557119,Namibia,Afrotropic,15.74663351,-23.44712858,23502.56093,19.38302906,269.8290738,0.074740266,99.05238661,2,0.78,0.102564103
Kuji.Ibaraki,Native,0.286397382,0.219591934,0.494010684,Japan,Palearctic,140.4273234,36.77270372,1481.586323,11.42536174,805.1839824,61.23757553,95.69186034,3,0.25,0.48
Kuji.Ibaraki,Non-native,0.19886665,0.395301743,0.405831608,Japan,Palearctic,140.4273234,36.77270372,1481.586323,11.42536174,805.1839824,61.23757553,95.69186034,3,0.25,0.48
Kuji.Iwate,Native,0.207708425,0.250831934,0.541459641,Japan,Palearctic,141.6331606,40.13027641,470.8924528,8.004288363,861.546823,14.7561028,99.84792352,6,0.28,0.535714286
Kul,Native,0.133765497,0.352254963,0.513979541,Iran,Palearctic,55.40588774,28.06579667,42039.071,20.97174042,730.8869036,0.986437052,99.50390835,17,0.71,0.183098592
Kul,Non-native,0.087477791,0.16063062,0.751891589,Iran,Palearctic,55.40588774,28.06579667,42039.071,20.97174042,730.8869036,0.986437052,99.50390835,17,0.71,0.183098592
Kum,Native,0.124761263,0.399667159,0.475571579,South Korea,Palearctic,127.4072252,36.32323862,9779.060689,11.24064335,987.4176872,45.38153315,94.80309197,112,0.3,0.766666667
Kum,Non-native,0.123231494,0.236747409,0.640021097,South Korea,Palearctic,127.4072252,36.32323862,9779.060689,11.24064335,987.4176872,45.38153315,94.80309197,112,0.3,0.766666667
Kuma,Native,0.137696202,0.412231329,0.450072469,Japan,Palearctic,130.8099096,32.33395798,1954.02178,13.20793873,789.2365148,43.56063938,98.21611464,14,0.26,0.692307692
Kuma,Non-native,0.123870602,0.082494614,0.793634783,Japan,Palearctic,130.8099096,32.33395798,1954.02178,13.20793873,789.2365148,43.56063938,98.21611464,14,0.26,0.692307692
Kumano,Native,0.19886665,0.395301743,0.405831608,Japan,Palearctic,135.8508138,33.99856068,2349.138015,12.51539976,783.9752103,200.4428482,93.82942852,1,0.2,0.75
Kumbukkan.Oya,Native,0.116348465,0.374137439,0.509514095,Sri Lanka,Indo-Malay,81.40918248,6.757650632,1224.261937,26.41214003,99.50408284,2.198387414,99.67734065,32,0.33,0.636363636
Kumbukkan.Oya,Non-native,0.417017478,0.239760474,0.343222047,Sri Lanka,Indo-Malay,81.40918248,6.757650632,1224.261937,26.41214003,99.50408284,2.198387414,99.67734065,32,0.33,0.636363636
Kumgok.chi,Native,0.109761507,0.328509545,0.561728948,South Korea,Palearctic,129.3896678,36.64307143,24.74378416,11.87523812,866.9855556,9.85035789,99.949,15,0.57,0.192982456
Kumgok.chi,Non-native,0,0.088214167,0.911785833,South Korea,Palearctic,129.3896678,36.64307143,24.74378416,11.87523812,866.9855556,9.85035789,99.949,15,0.57,0.192982456
Kumjon,Native,0.11810968,0.425374462,0.456515858,South Korea,Palearctic,127.9784502,34.73069355,21.74827799,13.28199404,831.8598131,12.1289773,NA,22,0.53,0.301886792
Kumjon,Non-native,0,0.088214167,0.911785833,South Korea,Palearctic,127.9784502,34.73069355,21.74827799,13.28199404,831.8598131,12.1289773,NA,22,0.53,0.301886792
Kumnung.ni,Native,0.073408617,0.270386596,0.656204787,South Korea,Palearctic,126.2668478,33.35507246,32.97706122,14.89655795,751.701087,9.196617842,99.85105,7,0.3,0.566666667
Kumo,Native,0.119237179,0.365971638,0.514791184,South Korea,Palearctic,127.3159079,34.64022991,15.66074135,13.57844212,873.2181954,12.20229626,99.8025,14,0.53,0.433962264
Kumo,Non-native,0,0.088214167,0.911785833,South Korea,Palearctic,127.3159079,34.64022991,15.66074135,13.57844212,873.2181954,12.20229626,99.8025,14,0.53,0.433962264
Kumsong.chon,Native,0.087827501,0.358048268,0.554124231,South Korea,Palearctic,126.3541667,33.39552469,77.38907047,13.82754631,761.0143077,9.196617603,99.8689745,9,0.29,0.586206897
Kumsong.chon,Non-native,0,0.088214167,0.911785833,South Korea,Palearctic,126.3541667,33.39552469,77.38907047,13.82754631,761.0143077,9.196617603,99.8689745,9,0.29,0.586206897
Kumusi,Native,0.046853786,0.374741746,0.578404468,Papua New Guinea,Australasia,148.0059826,-8.915139604,2715.492591,21.8981464,72.63140951,0.443975076,99.96253697,11,0.32,0.78125
Kunchikumban.Aru,Native,0.115747641,0.393418037,0.490834322,Sri Lanka,Indo-Malay,80.99776469,8.784482031,186.3809278,27.88751895,174.2182058,2.269536793,99.43566656,28,0.65,0.338461538
Kunchikumban.Aru,Non-native,0.417017478,0.239760474,0.343222047,Sri Lanka,Indo-Malay,80.99776469,8.784482031,186.3809278,27.88751895,174.2182058,2.269536793,99.43566656,28,0.65,0.338461538
Kunda,Native,0.152251873,0.196833201,0.650914926,Estonia,Palearctic,26.5935843,59.29138919,506.6040793,5.071777003,838.5404493,0.545049332,99.91666103,18,0.32,0.46875
Kunda,Non-native,0.398101026,0,0.601898974,Estonia,Palearctic,26.5935843,59.29138919,506.6040793,5.071777003,838.5404493,0.545049332,99.91666103,18,0.32,0.46875
Kundalika,Native,0.127775704,0.362029083,0.510195212,India,Indo-Malay,73.19254847,18.4557632,667.243284,26.50386216,190.4179531,15.20726228,92.73864283,54,0.71,0.549295775
Kundalika,Non-native,0.225423942,0.159053315,0.615522743,India,Indo-Malay,73.19254847,18.4557632,667.243284,26.50386216,190.4179531,15.20726228,92.73864283,54,0.71,0.549295775
Kunene,Native,0.242501635,0.381285329,0.376213035,Angola,Afrotropic,12.91294414,-16.33534492,19826.70328,22.78985446,199.323866,0.105612425,99.97008145,62,0.82,0.097560976
Kungok.chosuji,Native,0.143520189,0.350073394,0.506406417,South Korea,Palearctic,126.566845,34.44211987,107.1517379,13.65121409,847.2249558,9.527025819,99.94354948,25,0.43,0.395348837
Kungok.chosuji,Non-native,0.142428926,0.301261531,0.556309543,South Korea,Palearctic,126.566845,34.44211987,107.1517379,13.65121409,847.2249558,9.527025819,99.94354948,25,0.43,0.395348837
Kungsan.josuji,Native,0.132392002,0.394521589,0.47308641,South Korea,Palearctic,126.5323649,35.48651451,92.24826945,12.99303278,913.1642876,34.35796547,77.91297203,19,0.36,0.5
Kungsan.josuji,Non-native,0.142428926,0.301261531,0.556309543,South Korea,Palearctic,126.5323649,35.48651451,92.24826945,12.99303278,913.1642876,34.35796547,77.91297203,19,0.36,0.5
Kungye.chon,Native,0.124072248,0.348778291,0.52714946,South Korea,Palearctic,127.04141,36.91638714,104.060974,11.72295805,1026.110274,49.5751338,99.73354956,29,0.34,0.764705882
Kungye.chon,Non-native,0.142428926,0.301261531,0.556309543,South Korea,Palearctic,127.04141,36.91638714,104.060974,11.72295805,1026.110274,49.5751338,99.73354956,29,0.34,0.764705882
Kunnae,Native,0.088272396,0.316859766,0.594867838,South Korea,Palearctic,126.4893868,33.29874214,76.03882934,12.34972224,754.391079,9.196617603,99.82019206,8,0.31,0.580645161
Kunnae,Non-native,0,0.088214167,0.911785833,South Korea,Palearctic,126.4893868,33.29874214,76.03882934,12.34972224,754.391079,9.196617603,99.82019206,8,0.31,0.580645161
Kuppam,Native,0.124864355,0.430700665,0.444434979,India,Indo-Malay,75.43894252,12.14352674,497.2750676,25.81146008,136.0494204,7.431955338,99.79987351,37,0.54,0.814814815
Kuppam,Non-native,0.625945436,0.258086656,0.115967908,India,Indo-Malay,75.43894252,12.14352674,497.2750676,25.81146008,136.0494204,7.431955338,99.79987351,37,0.54,0.814814815
Kura,Native,0.110787973,0.236413621,0.652798406,Armenia,Palearctic,45.57240122,40.2535528,194268.9543,9.036762929,876.4134816,2.530225366,96.89974058,78,0.43,0.697674419
Kura,Non-native,0.152127133,0.198014666,0.649858202,Armenia,Palearctic,45.57240122,40.2535528,194268.9543,9.036762929,876.4134816,2.530225366,96.89974058,78,0.43,0.697674419
Kurau,Native,0.141203125,0.361670185,0.49712669,Malaysia,Indo-Malay,100.7381217,5.000495198,650.589175,26.45803093,42.34914076,11.86378622,94.02287828,35,0.26,0.730769231
Kurau,Non-native,0.075905427,0.469586294,0.454508279,Malaysia,Indo-Malay,100.7381217,5.000495198,650.589175,26.45803093,42.34914076,11.86378622,94.02287828,35,0.26,0.730769231
Kurdlu,Native,0.140899901,0.180491254,0.678608846,Estonia,Palearctic,25.46178605,59.48184924,10.61828518,5.274509795,816.2822876,0.982371107,99.67145,8,0.27,0.296296296
Kushiro,Native,0.166487014,0.222259681,0.611253305,Japan,Palearctic,144.4202708,43.32994103,2420.384413,5.758542103,943.5285449,8.032733798,99.80255857,7,0.33,0.727272727
Kuskokwim,Native,0.247985536,0.075165319,0.676849145,United States,Nearctic,-156.7221295,61.79696213,117892.1597,-1.868851777,1112.500648,0.015496094,99.99999228,25,0.5,0.82
Kuttiadi,Native,0.11790079,0.414770313,0.467328897,India,Indo-Malay,75.77793763,11.59763285,735.8404291,25.87986822,131.9892031,8.649629474,97.74930787,38,0.56,0.875
Kuttiadi,Non-native,0.625945436,0.258086656,0.115967908,India,Indo-Malay,75.77793763,11.59763285,735.8404291,25.87986822,131.9892031,8.649629474,97.74930787,38,0.56,0.875
Kuujjua,Native,0.21137611,0.10744461,0.68117928,Canada,Nearctic,-114.7799849,71.14141115,7492.270471,-14.40170612,1474.069554,0.000146467,100,4,0.76,0.434210526
Kuybyshevskoe,Native,0.222752863,0.309925295,0.467321842,Russia,Palearctic,147.6342366,45.04823612,65.71564076,3.480889419,752.8283721,0.019152953,99.98322698,11,0.45,0.711111111
Kuzuryu,Native,0.188053441,0.333638192,0.478308368,Japan,Palearctic,136.3718315,35.95978812,3130.337841,11.74305741,873.2609507,135.2804947,95.63426279,7,0.28,0.5
Kwa.Ibo,Native,0.202756391,0.420618403,0.376625206,Nigeria,Afrotropic,7.755328777,4.984679321,3791.073466,26.41504745,90.08361466,6.742137194,99.9348134,55,0.46,0.847826087
Kwangjong.chon,Native,0.174349426,0.354551042,0.471099532,South Korea,Palearctic,128.6833815,38.01703733,61.44211426,11.64767992,876.3827952,9.481705546,99.87325913,24,0.41,0.390243902
Kwangjong.chon,Non-native,0,0.088214167,0.911785833,South Korea,Palearctic,128.6833815,38.01703733,61.44211426,11.64767992,876.3827952,9.481705546,99.87325913,24,0.41,0.390243902
Kwanum.am,Native,0.169700168,0.341032316,0.489267516,South Korea,Palearctic,129.0365118,37.48887555,135.7952097,10.67354272,906.9745796,4.870253682,89.65911501,30,0.36,0.333333333
Kwanum.am,Non-native,0,0.088214167,0.911785833,South Korea,Palearctic,129.0365118,37.48887555,135.7952097,10.67354272,906.9745796,4.870253682,89.65911501,30,0.36,0.333333333
Kwoor,Native,0,0.598786843,0.401213157,Indonesia,Australasia,132.502891,-0.558465,1454.644035,22.63873384,27.32484921,0.031878178,99.98830293,1,0.4,0.15
Ky.Lo,Native,0.121269891,0.422269876,0.456460233,Vietnam,Indo-Malay,108.9742019,13.43446474,1856.28675,24.51232428,215.3883481,1.309509546,99.84511755,38,0.32,0.6875
Kymijoki,Native,0.120597603,0.158350078,0.721052319,Finland,Palearctic,26.02592358,62.2540031,35834.50342,3.144107954,904.7179984,1.758383691,98.83738115,35,0.25,0.44
Kymijoki,Non-native,0.049502541,0.118790982,0.831706477,Finland,Palearctic,26.02592358,62.2540031,35834.50342,3.144107954,904.7179984,1.758383691,98.83738115,35,0.25,0.44
Kyoga,Native,0.391801006,0.328137967,0.280061027,Uganda,Afrotropic,33.69662507,1.60595199,58172.13279,22.73411105,81.84852286,1.110172316,99.16798708,85,0.15,0.466666667
Kyoga,Non-native,0.516568774,0.238492116,0.24493911,Uganda,Afrotropic,33.69662507,1.60595199,58172.13279,22.73411105,81.84852286,1.110172316,99.16798708,85,0.15,0.466666667
Kyongpo.chon,Native,0.11621351,0.398586505,0.485199986,South Korea,Palearctic,126.7737973,35.97884207,46.40413128,12.87275636,948.5104398,30.23402596,98.73951644,48,0.35,0.628571429
Kyongpo.chon,Non-native,0.142428926,0.301261531,0.556309543,South Korea,Palearctic,126.7737973,35.97884207,46.40413128,12.87275636,948.5104398,30.23402596,98.73951644,48,0.35,0.628571429
Kyrulka,Native,0.202611081,0.391905313,0.405483606,Russia,Palearctic,147.9443139,45.17608049,157.2573235,2.484014268,774.0926537,0.020198056,99.94718602,6,0.48,0.708333333
La.Grande,Native,0.199091914,0.113450252,0.687457834,Canada,Nearctic,-73.61347493,53.66864307,97087.93431,-3.142978223,1332.685959,0.002269344,98.65941482,17,0.48,0.833333333
La.Grande.Gasp,Native,0.227208057,0.194051369,0.578740574,Canada,Nearctic,-64.71644972,48.57985545,705.831574,2.169182835,1032.181575,0.543016106,99.99945365,6,0.51,0.647058824
La.Grande.Gasp,Non-native,0.398101026,0,0.601898974,Canada,Nearctic,-64.71644972,48.57985545,705.831574,2.169182835,1032.181575,0.543016106,99.99945365,6,0.51,0.647058824
La.Libertad.Negros,Native,0.061468646,0.132555845,0.805975509,Philippines,Indo-Malay,123.1465946,10.09828586,220.9182105,25.13697314,82.57806858,7.976975918,99.98042134,2,0.31,0.64516129
La.Libertad.Negros,Non-native,0.458885121,0.239097018,0.302017861,Philippines,Indo-Malay,123.1465946,10.09828586,220.9182105,25.13697314,82.57806858,7.976975918,99.98042134,2,0.31,0.64516129
La.Purisima,Native,0.198383687,0.280559924,0.521056389,Mexico,Nearctic,-112.025671,26.06107961,531.6038356,21.94944839,449.5923671,0.174258757,99.7603988,7,0.94,0.031914894
La.Purisima,Non-native,0.493761342,0.506238658,0,Mexico,Nearctic,-112.025671,26.06107961,531.6038356,21.94944839,449.5923671,0.174258757,99.7603988,7,0.94,0.031914894
La.Sabana,Native,0.18305549,0.389126754,0.427817756,Mexico,Neotropic,-99.78182443,16.94584366,703.3219409,26.04054873,92.71795365,3.42194134,99.73473028,8,0.56,0.589285714
La.Trobe,Native,0.070568103,0.29536768,0.634064218,Australia,Australasia,146.5166687,-37.94929243,9034.350137,12.30853631,404.4845726,3.473563254,96.00804691,11,0.22,0.636363636
La.Trobe,Non-native,0.243983082,0.168030123,0.587986795,Australia,Australasia,146.5166687,-37.94929243,9034.350137,12.30853631,404.4845726,3.473563254,96.00804691,11,0.22,0.636363636
La.cuesa,Native,0.186975286,0.425507706,0.387517008,Trinidad and Tobago,Neotropic,-61.43626543,10.46311728,22.70576878,26.69290133,57.82903629,17.19340992,97.7353,12,0.44,0.363636364
Labrador.un,Native,0.269898578,0.10328928,0.626812142,Canada,Nearctic,-63.91098446,58.075382,1310.587789,-6.150173974,1140.205357,0.000495871,100,10,0.64,0.734375
Labuk,Native,0.112859956,0.376130256,0.511009788,Malaysia,Indo-Malay,116.9382143,5.818397107,4685.761636,24.30712405,48.9408768,4.389759302,99.97400258,46,0.32,0.375
Lac.Assal,Native,0.166045702,0.611935467,0.222018831,Djibouti,Afrotropic,42.34354572,11.62166766,4500.123153,28.40286273,374.6873231,0.250507975,99.32263458,1,0.92,0.032608696
Lac.Bulera,Native,0.261921677,0.334578889,0.403499434,Rwanda,Afrotropic,29.80183118,-1.454987813,688.9454239,16.51859176,26.12415253,2.20059824,99.7910679,8,0.25,0.72
Lac.Retba,Native,0.191231357,0.502188913,0.306579731,Senegal,Afrotropic,-17.17857291,14.8320525,248.7758661,25.44105521,202.9431769,4.079906285,99.7779319,5,0.8,0.2
Lagan.Swe,Native,0.128695283,0.151055679,0.720249038,Sweden,Palearctic,13.86158266,57.14184172,8539.925827,6.007653065,674.0853683,5.120341301,99.56211276,19,0.24,0.416666667
Lagan.Swe,Non-native,0.340477413,0,0.659522587,Sweden,Palearctic,13.86158266,57.14184172,8539.925827,6.007653065,674.0853683,5.120341301,99.56211276,19,0.24,0.416666667
Lagan.UK,Native,0.146538517,0.161179321,0.692282161,United Kingdom,Palearctic,-6.053655818,54.4795434,601.2179134,8.940448337,430.6120667,15.50302911,98.79817817,10,0.23,0.608695652
Lagan.UK,Non-native,0.081415589,0.144932954,0.773651457,United Kingdom,Palearctic,-6.053655818,54.4795434,601.2179134,8.940448337,430.6120667,15.50302911,98.79817817,10,0.23,0.608695652
Lago.Buenos.Aires,Native,0.094251479,0.376496357,0.529252165,Chile,Neotropic,-72.37131375,-46.88244526,26885.7759,5.160902866,410.3151614,0.031308945,99.9698337,4,0.39,0.794871795
Lago.Epecuen,Native,0.265055524,0.481690098,0.253254377,Argentina,Neotropic,-62.7489148,-37.31394855,3074.871885,14.67861773,583.7276846,0.233690586,99.658232,7,0.64,0.078125
Lago.Ghio,Native,0.107559552,0.415500495,0.476939953,Argentina,Neotropic,-71.63058471,-47.19305995,587.4147389,5.621655063,453.2836562,0.013871422,99.95747259,1,0.58,0.379310345
Lago.del.Venado,Native,0.19901378,0.495238636,0.305747584,Argentina,Neotropic,-62.62398148,-37.07744451,732.2590963,15.09479262,587.1143307,0.253904425,99.40612994,8,0.57,0.087719298
Lagoa.Negra,Native,0.18211428,0.490432381,0.327453339,Brazil,Neotropic,-50.9864733,-30.37169306,92.92298432,19.40572911,352.636788,7.748669386,99.94743429,25,0.3,0.5
Lagos.Lagoon,Native,0.118422664,0.351963743,0.529613593,Nigeria,Afrotropic,3.580007068,6.561558886,1702.29276,26.86767568,120.0293929,13.26730728,97.72832282,121,0.4,0.85
Laguna.Chasico,Native,0.27267533,0.445896836,0.281427835,Argentina,Neotropic,-62.77455205,-38.21785229,4484.267755,14.52385872,573.7209874,0.739338309,99.30395003,6,0.77,0.064935065
Laguna.Cochico,Native,0.227902583,0.41245425,0.359643167,Argentina,Neotropic,-62.28068937,-36.9905393,835.472658,15.10737786,580.4891114,0.264067702,99.67660232,14,0.69,0.057971014
Laguna.Inchauspe,Native,0.249562696,0.363301998,0.387135305,Argentina,Neotropic,-61.92311956,-37.07964159,3792.641571,14.83291274,565.5639821,0.286736663,99.73341498,15,0.79,0.050632911
Laguna.Inchauspe,Non-native,0,0.088214167,0.911785833,Argentina,Neotropic,-61.92311956,-37.07964159,3792.641571,14.83291274,565.5639821,0.286736663,99.73341498,15,0.79,0.050632911
Laguna.Las.Tunas.Grandes,Native,0.278952285,0.394577904,0.326469811,Argentina,Neotropic,-63.22442057,-35.97348459,23386.66499,15.88779687,580.4458874,0.345638584,98.75175128,8,0.36,0.277777778
Laguna.Las.Tunas.Grandes,Non-native,0,0.088214167,0.911785833,Argentina,Neotropic,-63.22442057,-35.97348459,23386.66499,15.88779687,580.4458874,0.345638584,98.75175128,8,0.36,0.277777778
Laguna.Municipal,Native,0.264190992,0.437183575,0.298625433,Argentina,Neotropic,-60.76635397,-35.28877969,849.5285447,16.22349013,514.1127795,0.558707625,99.8092562,11,0.22,0.454545455
Laguna.Pincen,Native,0.488053679,0.511946321,0,Argentina,Neotropic,-63.17713613,-37.73931504,930.978868,14.63849734,594.3895002,0.172678851,98.87342726,2,0.81,0.049382716
Laguna.Salada.Grande,Native,0.219251489,0.390678663,0.390069848,Argentina,Neotropic,-56.94880681,-36.86423241,2713.521194,14.65692032,467.3724573,0.511419475,99.89456746,11,0.21,0.333333333
Laguna.del.Monte,Native,0.198468885,0.432143591,0.369387525,Argentina,Neotropic,-62.41613143,-37.16233622,1817.414647,14.76612401,578.0169808,0.256252911,99.45810409,8,0.71,0.070422535
Lagune.Aby,Native,0.206808565,0.466104606,0.327086829,C¶te d'Ivoire,Afrotropic,-3.114734804,5.270993885,2036.334602,26.42289378,111.2895005,2.880808175,97.6726441,25,0.22,0.681818182
Lagune.Ebrie,Native,0.151638111,0.366794756,0.481567133,C¶te d'Ivoire,Afrotropic,-4.339016998,5.329952796,3288.307831,26.30039256,115.0711338,3.978509843,99.6832789,75,0.26,0.769230769
Lagune.Tadjo,Native,0.165401442,0.361288308,0.47331025,C¶te d'Ivoire,Afrotropic,-5.202602791,5.171489466,579.2423562,26.10021136,103.790342,1.175078034,98.05449482,8,0.21,0.476190476
Laita,Native,0.12172203,0.154107363,0.724170607,France,Palearctic,-3.518239723,48.03427119,1004.803061,11.10338496,422.5785035,7.851024151,99.77573764,16,0.3,0.6
Laita,Non-native,0.335949232,0.089025107,0.575025661,France,Palearctic,-3.518239723,48.03427119,1004.803061,11.10338496,422.5785035,7.851024151,99.77573764,16,0.3,0.6
Lake.Albert,Native,0.258437605,0.314773097,0.426789298,Uganda,Afrotropic,31.63924347,1.483653651,48502.68531,22.9640114,77.11306375,0.782182418,98.69176657,68,0.15,0.533333333
Lake.Arawak,Native,0.206587307,0.399208419,0.394204274,Australia,Australasia,142.3709605,-34.82652363,130.3402878,16.81067984,525.9170378,1.397193283,99.96294667,3,0.73,0.068493151
Lake.Arthur,Native,0.061253298,0.677434798,0.261311904,Australia,Australasia,138.8213195,-29.52565331,439.7271784,20.638728,653.7512855,0.005697988,99.95883679,2,0.9,0.033333333
Lake.Austin,Native,0,0.583551615,0.416448385,Australia,Australasia,118.0953056,-27.53452517,14963.41858,21.41558332,657.6691049,0.014973819,99.97594221,1,0.84,0.047619048
Lake.Boga,Native,0,0.675869905,0.324130095,Australia,Australasia,143.6551981,-35.49467627,66.35136484,16.38059898,530.6640695,0.751405686,99.00269691,2,0.91,0.021978022
Lake.Boga,Non-native,0.413734462,0.586265538,0,Australia,Australasia,143.6551981,-35.49467627,66.35136484,16.38059898,530.6640695,0.751405686,99.00269691,2,0.91,0.021978022
Lake.Brewster,Native,0.145574155,0,0.854425845,Australia,Australasia,146.0180656,-33.55367498,431.299973,17.48109403,606.7176053,0.109963901,99.96312844,1,0.99,0.01010101
Lake.Bringalbert,Native,0.049385373,0.429288107,0.52132652,Australia,Australasia,141.2432982,-36.82690181,241.0422083,14.38778572,428.9585658,0.211481359,88.25673635,3,0.77,0.064935065
Lake.Buchanan,Native,0.022328679,0.56114221,0.416529112,Australia,Australasia,145.8446349,-21.54877521,2674.981372,23.0134291,463.3484777,0.022667163,99.92243466,2,0.84,0.071428571
Lake.Bunyonyi,Native,0.353624482,0.269090788,0.377284731,Uganda,Afrotropic,29.806777,-1.255000145,969.3642045,15.81354351,27.23765737,2.20059824,99.93558188,5,0.27,0.851851852
Lake.Carnanto,Native,0,0.599365191,0.400634809,Australia,Australasia,141.1025754,-31.04823767,237.057573,19.9229938,620.8994404,0.510203816,99.99180686,1,0.9,0.033333333
Lake.Colongulac,Native,0,0.450372209,0.549627791,Australia,Australasia,143.1824521,-38.196861,126.6636386,13.36788194,355.3191032,1.046649024,99.90011564,2,0.54,0.203703704
Lake.Davies,Native,0.120332756,0.471114836,0.408552408,Australia,Australasia,115.0659869,-34.22783588,88.46048822,16.48685893,312.1808686,0.205634829,99.92459512,3,0.61,0.409836066
Lake.Eyre,Native,0.024501319,0.461343081,0.5141556,Australia,Australasia,136.6816914,-29.46367923,21367.03016,20.87982811,621.7531492,0.003266759,99.98353127,5,0.89,0.033707865
Lake.Eyre.Basin,Native,0.076343804,0.48134316,0.442313037,Australia,Australasia,139.4581379,-24.53443533,838261.3697,23.11917087,600.1318546,0.017939359,99.93750708,36,0.59,0.220338983
Lake.Eyre.Basin,Non-native,0.272359766,0.291297641,0.436342593,Australia,Australasia,139.4581379,-24.53443533,838261.3697,23.11917087,600.1318546,0.017939359,99.93750708,36,0.59,0.220338983
Lake.Frome,Native,0.133715992,0.413277532,0.453006476,Australia,Australasia,140.3033892,-37.53158415,488.8458932,14.27275059,316.5212054,1.179193765,97.38206506,5,0.53,0.320754717
Lake.George,Native,0.106740848,0.471821318,0.421437834,Australia,Australasia,149.4684475,-35.11776805,943.0361009,12.31997265,511.6373057,9.084040403,99.9076566,1,0.56,0.107142857
Lake.George,Non-native,0.206867231,0.337239853,0.455892916,Australia,Australasia,149.4684475,-35.11776805,943.0361009,12.31997265,511.6373057,9.084040403,99.9076566,1,0.56,0.107142857
Lake.Gregory,Native,0.029901211,0.524729494,0.445369294,Australia,Australasia,128.4643494,-19.16165835,50077.06847,26.33957735,478.7800572,0.007507827,99.97523411,2,0.7,0.171428571
Lake.Hawdon.North,Native,0,0.800876647,0.199123353,Australia,Australasia,139.9216694,-37.13946377,270.8305797,14.80525089,320.7258072,0.088478629,99.67755122,1,0.46,0.369565217
Lake.Hindmarsh,Native,0.143071706,0.348817047,0.508111246,Australia,Australasia,142.4258336,-36.6484796,9245.516334,14.32902152,460.9861441,0.935094297,92.33827608,11,0.43,0.23255814
Lake.Hindmarsh,Non-native,0.203135499,0.179370253,0.617494248,Australia,Australasia,142.4258336,-36.6484796,9245.516334,14.32902152,460.9861441,0.935094297,92.33827608,11,0.43,0.23255814
Lake.Illawarra,Native,0.023968659,0.474078021,0.50195332,Australia,Australasia,150.8488121,-34.4226743,307.4548218,16.66436459,357.0322157,16.54577971,97.80068781,18,0.3,0.233333333
Lake.Illawarra,Non-native,0.413734462,0.586265538,0,Australia,Australasia,150.8488121,-34.4226743,307.4548218,16.66436459,357.0322157,16.54577971,97.80068781,18,0.3,0.233333333
Lake.Innes,Native,0.024374488,0.51514522,0.460480292,Australia,Australasia,152.8390446,-31.52223369,155.0372853,18.22152777,360.585897,3.050278723,99.96562323,11,0.33,0.242424242
Lake.Innes,Non-native,0.413734462,0.586265538,0,Australia,Australasia,152.8390446,-31.52223369,155.0372853,18.22152777,360.585897,3.050278723,99.96562323,11,0.33,0.242424242
Lake.Lewis,Native,0.121654445,0.391880006,0.48646555,Australia,Australasia,132.8824578,-23.08837312,21243.14671,22.31824029,603.0607335,0.276152011,99.97251584,8,0.88,0.034090909
Lake.Machattie,Native,0.087544947,0.365675853,0.5467792,Australia,Australasia,139.7597013,-24.7058257,1063.1996,23.8603253,619.6592815,0.00155694,99.98726168,7,0.92,0.02173913
Lake.Macquarie,Native,0.029279898,0.443501313,0.527218789,Australia,Australasia,151.5364822,-33.06802648,865.7001508,17.58251642,387.3362096,57.27123356,94.78670375,22,0.45,0.177777778
Lake.Macquarie,Non-native,0.413734462,0.586265538,0,Australia,Australasia,151.5364822,-33.06802648,865.7001508,17.58251642,387.3362096,57.27123356,94.78670375,22,0.45,0.177777778
Lake.Magadi.1,Native,0.719490634,0.274445191,0.006064175,Tanzania,Afrotropic,35.59836924,-3.147433637,583.7167996,15.41369398,139.4008273,0.264997691,99.99430006,1,0.41,0.682926829
Lake.Magadi.2,Native,0.468661529,0.247417844,0.283920627,Kenya,Afrotropic,36.42124344,-1.539192781,7925.407902,20.94846361,126.2688297,10.24014688,99.87143033,5,0.48,0.229166667
Lake.Malombe,Native,0.462794817,0.23734294,0.299862243,Malawi,Afrotropic,35.29541673,-14.60659849,2025.21975,22.73187064,241.4192393,0.625055537,98.93890088,50,0.26,0.538461538
Lake.Manyara,Native,0.336084606,0.4326978,0.231217594,Tanzania,Afrotropic,36.07284601,-4.102928562,18263.93554,20.81575528,161.3048563,0.299332589,99.32777669,11,0.49,0.428571429
Lake.Moore,Native,0.17386181,0.435811556,0.390326634,Australia,Australasia,116.9244698,-29.48939476,57663.88742,19.80486035,590.119772,0.876231626,99.76225975,6,0.73,0.068493151
Lake.Moore,Non-native,0.525899607,0.474100393,0,Australia,Australasia,116.9244698,-29.48939476,57663.88742,19.80486035,590.119772,0.876231626,99.76225975,6,0.73,0.068493151
Lake.Omeo,Native,0.208066463,0.287952138,0.503981398,Australia,Australasia,147.6915095,-36.97943642,70.20063703,11.50679167,495.6863013,0.658761784,99.85319743,3,0.56,0.232142857
Lake.Piso,Native,0.087687057,0.45236,0.459952942,Liberia,Afrotropic,-11.15780834,6.796608077,886.3645777,25.75507017,102.6879744,0.088894613,99.90507904,14,0.49,0.93877551
Lake.Preston,Native,0.116399131,0.646137687,0.237463182,Australia,Australasia,115.7149374,-33.01885418,212.929543,17.52894291,395.0932826,7.29480958,99.89117384,2,0.45,0.6
Lake.Preston,Non-native,0.638064753,0.361935247,0,Australia,Australasia,115.7149374,-33.01885418,212.929543,17.52894291,395.0932826,7.29480958,99.89117384,2,0.45,0.6
Lake.Rukwa,Native,0.183838881,0.446908189,0.369252929,Tanzania,Afrotropic,32.43746928,-7.785040091,75757.93829,21.89912921,133.9508511,0.200176701,99.99023144,64,0.34,0.911764706
Lake.Saint.Lucia,Native,0.102114408,0.406276912,0.49160868,South Africa,Afrotropic,32.04723339,-27.82888185,9406.459285,20.67882876,269.4350795,0.851828128,94.33493775,87,0.49,0.163265306
Lake.Saint.Lucia,Non-native,0.398101026,0,0.601898974,South Africa,Afrotropic,32.04723339,-27.82888185,9406.459285,20.67882876,269.4350795,0.851828128,94.33493775,87,0.49,0.163265306
Lake.Torrens,Native,0.040835532,0.586543001,0.372621467,Australia,Australasia,137.9935492,-31.24443082,32949.53809,19.04846691,588.4560316,0.041249355,99.67319892,3,0.83,0.048192771
Lake.Torrens,Non-native,0.413734462,0.586265538,0,Australia,Australasia,137.9935492,-31.24443082,32949.53809,19.04846691,588.4560316,0.041249355,99.67319892,3,0.83,0.048192771
Lake.Tyrrell,Native,0.038341413,0.506537868,0.455120719,Australia,Australasia,143.0072383,-35.74110785,2709.517884,16.0876638,515.2621071,0.422981016,99.82404679,3,0.77,0.051948052
Lake.Tyrrell,Non-native,0.262360659,0.335008011,0.40263133,Australia,Australasia,143.0072383,-35.74110785,2709.517884,16.0876638,515.2621071,0.422981016,99.82404679,3,0.77,0.051948052
Lake.Wallace,Native,0.07407806,0.271768344,0.654153596,Australia,Australasia,141.342879,-37.05376179,74.38312412,13.98023702,416.1748386,0.399028257,99.90380653,2,0.78,0.076923077
Lake.Wallace,Non-native,0.110986855,0.083750484,0.805262661,Australia,Australasia,141.342879,-37.05376179,74.38312412,13.98023702,416.1748386,0.399028257,99.90380653,2,0.78,0.076923077
Lakekamu,Native,0.113801588,0.363668575,0.522529837,Papua New Guinea,Australasia,146.3500777,-7.651584115,9419.842616,21.60329256,65.78960102,0.259853009,99.99183503,23,0.31,0.193548387
Lakekamu,Non-native,0.758129529,0.009934655,0.231935816,Papua New Guinea,Australasia,146.3500777,-7.651584115,9419.842616,21.60329256,65.78960102,0.259853009,99.99183503,23,0.31,0.193548387
Laloki,Native,0.090245687,0.352150654,0.557603659,Papua New Guinea,Australasia,147.3701392,-9.087638712,5349.746192,22.12365,72.36036913,1.244106367,99.0528263,49,0.34,0.617647059
Laloki,Non-native,0.353742828,0.340147675,0.306109497,Papua New Guinea,Australasia,147.3701392,-9.087638712,5349.746192,22.12365,72.36036913,1.244106367,99.0528263,49,0.34,0.617647059
Lamas.Cayi,Native,0.09885359,0.239375514,0.661770897,Turkey,Palearctic,34.03579438,36.75903806,841.2249514,10.49713627,765.4970762,5.4772349,99.49497506,28,0.51,0.411764706
Lamas.Cayi,Non-native,0.319032376,0.225074707,0.455892916,Turkey,Palearctic,34.03579438,36.75903806,841.2249514,10.49713627,765.4970762,5.4772349,99.49497506,28,0.51,0.411764706
Lambeau,Native,0.121337708,0.478185861,0.400476431,Trinidad and Tobago,Neotropic,-60.75138889,11.19027778,5.033810115,26.54652754,60.8490626,0.751988113,NA,7,0.39,0.58974359
Lambeau,Non-native,0.758129529,0.009934655,0.231935816,Trinidad and Tobago,Neotropic,-60.75138889,11.19027778,5.033810115,26.54652754,60.8490626,0.751988113,NA,7,0.39,0.58974359
Lancetilla,Native,0.34047334,0.345038035,0.314488625,Honduras,Neotropic,-87.58071906,15.72903031,404.9131169,26.22086713,155.627141,3.057674229,99.94448125,30,0.35,0.685714286
Lang.Lang,Native,0.084749493,0.372962397,0.54228811,Australia,Australasia,145.7082733,-38.27692049,554.9209189,13.93350696,372.1770418,14.27349281,99.6485837,11,0.26,0.5
Langvlei,Native,0.14978312,0.410449,0.43976788,South Africa,Afrotropic,18.57433439,-32.28181323,777.4126488,18.10026191,394.6212043,0.746594608,99.79986713,3,0.58,0.24137931
Lanyang,Native,0.147392955,0.345003644,0.507603402,Taiwan,Indo-Malay,121.5971778,24.61347786,1168.203165,18.49488765,427.0392579,46.81911087,99.34786342,28,0.29,0.689655172
Las.Pocitas,Native,0.077367746,0.39653194,0.526100313,Mexico,Nearctic,-110.9818288,24.60613176,2833.421697,22.15558025,426.9958132,1.021697164,99.85818848,8,0.95,0.021052632
Las.Pocitas,Non-native,0.556146093,0.44209528,0.001758627,Mexico,Nearctic,-110.9818288,24.60613176,2833.421697,22.15558025,426.9958132,1.021697164,99.85818848,8,0.95,0.021052632
Laut,Native,0.070052384,0.378158625,0.551788991,Indonesia,Indo-Malay,107.973067,4.698847472,16.72645388,27.03201736,74.36409077,0.003867737,NA,2,0.48,0.3125
Lavaca,Native,0.171291971,0.28973363,0.538974399,United States,Nearctic,-96.79412854,29.32463933,5865.606497,20.42260803,650.4323987,4.099348068,98.44485299,54,0.18,0.444444444
Lavaca,Non-native,0.232792771,0.239889509,0.52731772,United States,Nearctic,-96.79412854,29.32463933,5865.606497,20.42260803,650.4323987,4.099348068,98.44485299,54,0.18,0.444444444
Lawley,Native,0.04769228,0.381630574,0.570677146,Australia,Australasia,126.0007856,-14.77410059,633.6887148,26.84401888,266.2695176,0.018613462,100,16,0.64,0.40625
Laxa.Leirarsveit,Native,0.288833184,0,0.711166816,Iceland,Palearctic,-21.64328531,64.44752856,187.1266436,2.533250491,454.6952553,4.361910522,99.95191772,3,0.23,0.47826087
Laxao,Native,0.296752398,0.100724208,0.602523393,Iceland,Palearctic,-17.28764976,65.29665441,6272.232769,0.59312244,472.0722828,0.029724369,99.98849859,4,0.36,0.722222222
Lay,Native,0.11721341,0.184788138,0.697998452,France,Palearctic,-1.174022394,46.61817852,2086.304368,12.02707089,520.2515402,12.56230617,97.87637834,18,0.22,0.681818182
Lay,Non-native,0.225310067,0.15633159,0.618358343,France,Palearctic,-1.174022394,46.61817852,2086.304368,12.02707089,520.2515402,12.56230617,97.87637834,18,0.22,0.681818182
Lean,Native,0.369591584,0.329804224,0.300604192,Honduras,Neotropic,-87.40450266,15.60575053,1007.824365,25.10082307,154.4204461,3.05767417,99.94077359,21,0.38,0.631578947
Lebna,Native,0.154821136,0.414303104,0.43087576,Tunisia,Palearctic,10.86076908,36.79860244,231.9329393,18.40432741,556.365292,11.73043013,77.80850327,2,0.45,0.333333333
Leca,Native,0.067415408,0.202725321,0.72985927,Portugal,Palearctic,-8.55789395,41.24541238,189.4903017,14.23831923,391.9635777,44.71483231,98.51804628,7,0.31,0.516129032
Leca,Non-native,0.142628655,0.131930837,0.725440508,Portugal,Palearctic,-8.55789395,41.24541238,189.4903017,14.23831923,391.9635777,44.71483231,98.51804628,7,0.31,0.516129032
Leguer,Native,0.128015338,0.172527463,0.699457199,France,Palearctic,-3.43390421,48.5688702,488.8139307,10.7587383,399.1306663,7.792510629,94.85090564,10,0.28,0.678571429
Leguer,Non-native,0.357843123,0.159423466,0.482733411,France,Palearctic,-3.43390421,48.5688702,488.8139307,10.7587383,399.1306663,7.792510629,94.85090564,10,0.28,0.678571429
Leisi,Native,0.172930476,0.154992777,0.672076747,Estonia,Palearctic,22.65317055,58.52019086,46.93002228,6.507098741,741.1525359,0.354752928,99.88478751,6,0.32,0.21875
Lekki.Lagoon,Native,0.191464189,0.471014279,0.337521532,Nigeria,Afrotropic,4.229554318,6.490226123,2386.879456,26.71584526,118.8789327,5.110184908,99.51920337,47,0.4,0.825
Lembang,Native,0.07492392,0.338233233,0.586842848,Indonesia,Indo-Malay,97.37532226,3.433084755,2879.264583,19.47446883,38.43729674,0.913206354,99.99538044,38,0.36,0.527777778
Lemme,Native,0.131208211,0.207995373,0.660796416,Estonia,Palearctic,24.46160232,57.93590574,56.37631472,5.562465227,815.7469355,4.383581638,99.97474218,6,0.29,0.275862069
Lempa,Native,0.339883492,0.364748494,0.295368013,El Salvador,Neotropic,-88.91280242,14.07359558,17999.97094,22.58496815,99.50877671,6.629618883,97.9089902,32,0.53,0.905660377
Lempa,Non-native,0.527384514,0.112613671,0.360001815,El Salvador,Neotropic,-88.91280242,14.07359558,17999.97094,22.58496815,99.50877671,6.629618883,97.9089902,32,0.53,0.905660377
Lena,Native,0.160787491,0.131039996,0.708172513,Russia,Palearctic,122.0863904,61.33513809,2462946.724,-9.440940774,1867.432962,0.058513032,99.81137703,46,0.73,0.849315068
Lengguru,Native,0.2088229,0.370066137,0.421110963,Indonesia,Australasia,134.1377583,-3.419613327,1509.307075,24.60262922,63.44402552,0.03607864,99.9979454,9,0.42,0.214285714
Lerma.de.Santiago,Native,0.196393484,0.400748672,0.402857844,Mexico,Neotropic,-102.5879909,21.32757852,122345.1043,17.98795167,272.0279148,20.07775736,90.25064873,92,0.4,0.8
Lerma.de.Santiago,Non-native,0.384097123,0.21130679,0.404596087,Mexico,Neotropic,-102.5879909,21.32757852,122345.1043,17.98795167,272.0279148,20.07775736,90.25064873,92,0.4,0.8
Leven,Native,0.125162305,0.156325109,0.718512586,United Kingdom,Palearctic,-4.529013459,56.10635617,783.9739532,7.54973209,393.6598053,5.929692626,93.64851623,12,0.26,0.576923077
Leven,Non-native,0.098227855,0.195730165,0.706041981,United Kingdom,Palearctic,-4.529013459,56.10635617,783.9739532,7.54973209,393.6598053,5.929692626,93.64851623,12,0.26,0.576923077
Leviathan.creek,Native,0.018677268,0.621568595,0.359754137,Australia,Australasia,130.6678806,-12.77175397,259.6580773,27.18858023,173.4871422,3.08896172,99.95883964,4,0.64,0.4375
Leyre,Native,0.052341214,0.153458333,0.794200453,France,Palearctic,-0.726431275,44.38260601,2177.148381,12.55083594,521.3588728,26.83696508,99.78374315,13,0.26,0.5
Leyre,Non-native,0.260609301,0.135899464,0.603491235,France,Palearctic,-0.726431275,44.38260601,2177.148381,12.55083594,521.3588728,26.83696508,99.78374315,13,0.26,0.5
Lez,Native,0.106869681,0.18171976,0.711410559,France,Palearctic,3.789425458,43.65391029,597.5998064,14.21087794,597.8526914,19.27835298,98.82866084,21,0.39,0.307692308
Lez,Non-native,0.152172358,0.140485902,0.70734174,France,Palearctic,3.789425458,43.65391029,597.5998064,14.21087794,597.8526914,19.27835298,98.82866084,21,0.39,0.307692308
Lianjiang,Native,0.120167794,0.36241813,0.517414076,China,Indo-Malay,110.1670718,21.83768409,3338.362421,22.45331905,540.5061592,10.89528632,92.39300999,33,0.34,0.794117647
Lianjiang,Non-native,0.102837449,0.20084102,0.69632153,China,Indo-Malay,110.1670718,21.83768409,3338.362421,22.45331905,540.5061592,10.89528632,92.39300999,33,0.34,0.794117647
Liao.He,Native,0.106990411,0.333725371,0.559284219,China,Palearctic,121.0306452,43.17623841,191509.696,6.095653194,1318.211324,2.604903966,94.94902804,128,0.46,0.760869565
Liao.He,Non-native,0.303243549,0.112526039,0.584230412,China,Palearctic,121.0306452,43.17623841,191509.696,6.095653194,1318.211324,2.604903966,94.94902804,128,0.46,0.760869565
Lima,Native,0.08037145,0.206549439,0.713079111,Spain,Palearctic,-8.117724527,41.92818082,2472.855302,11.98566921,483.899893,28.26627159,92.49324928,15,0.3,0.7
Lima,Non-native,0.168990359,0.078987555,0.752022086,Spain,Palearctic,-8.117724527,41.92818082,2472.855302,11.98566921,483.899893,28.26627159,92.49324928,15,0.3,0.7
Limbe.River,Native,0.115112653,0.517230688,0.367656658,Cameroon,Afrotropic,9.167282266,4.058828002,323.1641504,22.31384299,97.47752376,2.356786758,99.95237781,12,0.46,0.804347826
Limmen.Bight,Native,0.18474427,0.306529836,0.508725894,Australia,Australasia,135.1786654,-15.99043151,15660.99107,27.0258311,359.5746829,0.011096426,99.98811156,25,0.74,0.175675676
Limpopo,Native,0.170529144,0.364928941,0.464541916,South Africa,Afrotropic,29.50411821,-23.3194277,412559.3778,20.98239585,377.207255,2.982432425,92.99962222,97,0.57,0.385964912
Limpopo,Non-native,0.310907227,0.097640909,0.591451864,South Africa,Afrotropic,29.50411821,-23.3194277,412559.3778,20.98239585,377.207255,2.982432425,92.99962222,97,0.57,0.385964912
Lingshui.He,Native,0.106356752,0.365695712,0.527947536,China,Indo-Malay,109.866413,18.65011431,1120.537873,24.12919376,310.379743,2.052700877,96.92476442,39,0.44,0.75
Lingshui.He,Non-native,0.354962194,0.115021017,0.530016789,China,Indo-Malay,109.866413,18.65011431,1120.537873,24.12919376,310.379743,2.052700877,96.92476442,39,0.44,0.75
Lis,Native,0.06815093,0.23506013,0.69678894,Portugal,Palearctic,-8.802972875,39.75595949,837.4189746,15.26293513,404.5111803,13.15016985,99.37163342,10,0.39,0.487179487
Lis,Non-native,0.163614286,0.22964176,0.606743955,Portugal,Palearctic,-8.802972875,39.75595949,837.4189746,15.26293513,404.5111803,13.15016985,99.37163342,10,0.39,0.487179487
Liscia,Native,0.028973586,0.161185077,0.809841337,Italy,Palearctic,9.223013546,41.00608571,563.0418576,14.81798018,560.4371775,3.294321954,85.02088468,3,0.69,0.130434783
Liscia,Non-native,0.193945677,0.085282284,0.720772039,Italy,Palearctic,9.223013546,41.00608571,563.0418576,14.81798018,560.4371775,3.294321954,85.02088468,3,0.69,0.130434783
Lislis,Native,0.403350577,0.32416433,0.272485093,Honduras,Neotropic,-86.50493021,15.67241235,385.1770972,25.51761246,153.1951097,1.185852155,99.94569604,18,0.31,0.580645161
Littabella.creek,Native,0,0.653104212,0.346895788,Australia,Australasia,152.0491147,-24.65880836,329.9546779,21.39723535,362.4790322,1.4701657,99.67189776,4,0.66,0.075757576
Little,Native,0.050528134,0.535961389,0.413510477,Australia,Australasia,144.391832,-37.84869808,491.4479865,14.09935185,395.1470204,32.63543606,99.56899004,3,0.54,0.148148148
Little.Forester,Native,0.098856446,0.339804167,0.561339387,Australia,Australasia,147.3247512,-41.15029648,345.7323768,11.87386505,326.9568399,1.979092062,99.93058257,8,0.41,0.512195122
Little.Forester,Non-native,0.28782068,0,0.71217932,Australia,Australasia,147.3247512,-41.15029648,345.7323768,11.87386505,326.9568399,1.979092062,99.93058257,8,0.41,0.512195122
Little.Henty,Native,0.048159349,0.373823494,0.578017157,Australia,Australasia,145.346187,-41.90711009,329.8308319,10.81973471,282.1209962,0.777346611,99.96088219,4,0.36,0.722222222
Little.Henty,Non-native,0.28782068,0,0.71217932,Australia,Australasia,145.346187,-41.90711009,329.8308319,10.81973471,282.1209962,0.777346611,99.96088219,4,0.36,0.722222222
Little.Manatee,Native,0.22879145,0.364502847,0.406705703,United States,Nearctic,-82.26070398,27.66836256,558.9598887,22.48262564,451.270316,65.69530678,95.21347492,42,0.23,0.739130435
Little.Manatee,Non-native,0.408262239,0.125834017,0.465903744,United States,Nearctic,-82.26070398,27.66836256,558.9598887,22.48262564,451.270316,65.69530678,95.21347492,42,0.23,0.739130435
Little.Musselroe,Native,0.03031688,0.444486371,0.525196749,Australia,Australasia,148.037698,-40.82027219,97.86572016,13.29913189,321.0135854,0.037147015,99.9041,5,0.3,0.333333333
Little.Para,Native,0.073332959,0.477161747,0.449505294,Australia,Australasia,138.6965541,-34.77195208,199.4836127,15.95926248,434.4446083,21.08714485,66.47528474,5,0.44,0.204545455
Little.Swanport,Native,0.016177373,0.29698777,0.686834857,Australia,Australasia,147.7248499,-42.35571833,738.3673528,10.76651824,333.0534464,4.113580942,99.92712129,9,0.87,0.045977011
Little.Swanport,Non-native,0.132935845,0.043738491,0.823325664,Australia,Australasia,147.7248499,-42.35571833,738.3673528,10.76651824,333.0534464,4.113580942,99.92712129,9,0.87,0.045977011
Liugu.He,Native,0.127725342,0.357754333,0.514520325,China,Palearctic,120.0607105,40.6185139,3128.489702,8.72517448,1154.087434,4.553668797,94.29029494,21,0.6,0.333333333
Liugu.He,Non-native,0.020934599,0.035416107,0.943649294,China,Palearctic,120.0607105,40.6185139,3128.489702,8.72517448,1154.087434,4.553668797,94.29029494,21,0.6,0.333333333
Liverpool,Native,0.118454078,0.381244814,0.500301108,Australia,Australasia,133.8932581,-12.7734821,8448.073693,26.66709103,223.549318,0.029976013,99.99666158,46,0.59,0.491525424
Liverpool.creek,Native,0.075081747,0.560634776,0.364283477,Australia,Australasia,145.9340851,-17.74001975,332.4545153,22.66508863,282.1964033,1.354247227,99.95945132,3,0.37,0.621621622
Liwu,Native,0.116976252,0.308454192,0.574569556,Taiwan,Indo-Malay,121.4745397,24.20515562,623.864387,13.46470557,377.7761304,46.81911087,99.90622185,6,0.25,0.48
Ljungan,Native,0.168191364,0.136636548,0.695172089,Sweden,Palearctic,15.14798049,62.6468965,12810.12296,1.934438056,821.9123155,0.807040095,96.00109089,18,0.27,0.666666667
Ljungan,Non-native,0.340477413,0,0.659522587,Sweden,Palearctic,15.14798049,62.6468965,12810.12296,1.934438056,821.9123155,0.807040095,96.00109089,18,0.27,0.666666667
Ljusnan,Native,0.160554066,0.159296673,0.680149261,Sweden,Palearctic,14.63678984,61.95520642,20136.95248,2.012704132,827.9957561,0.651994124,94.44811399,15,0.38,0.684210526
Ljusnan,Non-native,0.369289219,0,0.630710781,Sweden,Palearctic,14.63678984,61.95520642,20136.95248,2.012704132,827.9957561,0.651994124,94.44811399,15,0.38,0.684210526
Llobregat,Native,0.102970962,0.143742216,0.753286821,Spain,Palearctic,1.811983734,41.82018737,5007.644083,12.29742063,593.108071,47.25071526,94.76879902,9,0.3,0.3
Llobregat,Non-native,0.167641148,0.029404722,0.80295413,Spain,Palearctic,1.811983734,41.82018737,5007.644083,12.29742063,593.108071,47.25071526,94.76879902,9,0.3,0.3
Lobe,Native,0.165353971,0.488593475,0.346052554,Cameroon,Afrotropic,10.14438934,2.636634431,2295.74931,25.14189634,85.29368387,0.605638802,99.9244774,63,0.35,0.685714286
Lochaber.Swamp,Native,0.092476484,0.628521964,0.279001552,Australia,Australasia,140.3858007,-36.86267947,289.9942403,14.9793224,381.8602211,0.399945095,99.89523252,3,0.71,0.112676056
Lofa,Native,0.191259399,0.426837827,0.381902774,Liberia,Afrotropic,-10.19358277,7.632114262,10450.05641,25.23993348,83.75809061,0.194083497,99.92101887,76,0.55,0.927272727
Logan,Native,0.008282244,0.46752765,0.524190107,Australia,Australasia,152.9211797,-28.03118004,3835.576601,18.8354862,397.1188626,12.26639628,96.24723948,13,0.56,0.107142857
Logan,Non-native,0.413734462,0.586265538,0,Australia,Australasia,152.9211797,-28.03118004,3835.576601,18.8354862,397.1188626,12.26639628,96.24723948,13,0.56,0.107142857
Logan.Lagoon,Native,0,0.400438323,0.599561677,Australia,Australasia,148.1751312,-40.1940604,273.028255,13.32811154,300.0435745,0.03675642,99.94136366,2,0.35,0.4
Logdealven,Native,0.160737589,0.155287896,0.683974515,Sweden,Palearctic,18.46973289,64.08618575,1458.33418,1.502889422,853.8603126,0.546956554,99.96517699,13,0.43,0.627906977
Logdealven,Non-native,0.340477413,0,0.659522587,Sweden,Palearctic,18.46973289,64.08618575,1458.33418,1.502889422,853.8603126,0.546956554,99.96517699,13,0.43,0.627906977
Loire,Native,0.103364501,0.184459816,0.712175682,France,Palearctic,1.64367567,46.86650487,116661.6899,10.6675341,563.6457274,15.10403109,97.77742056,31,0.22,0.636363636
Loire,Non-native,0.165400011,0.132167211,0.702432778,France,Palearctic,1.64367567,46.86650487,116661.6899,10.6675341,563.6457274,15.10403109,97.77742056,31,0.22,0.636363636
Lokoho,Native,0.144895983,0.451595907,0.40350811,Madagascar,Afrotropic,49.71346474,-14.57881572,2229.685252,22.21982774,208.906976,0.222201925,99.97390367,7,0.34,0.794117647
Lokoundje,Native,0.149824155,0.475453506,0.374722339,Cameroon,Afrotropic,10.61165321,3.154274299,5541.004472,24.72493644,90.19557142,0.927576363,99.91699011,57,0.4,0.6
Lomala,Native,0.174081879,0.226580521,0.5993376,Estonia,Palearctic,22.15607447,58.19536536,13.81999538,6.903645903,738.1498013,0.354752921,99.8152,6,0.4,0.2
Longshou.He,Native,0.077319484,0.362594429,0.560086087,China,Indo-Malay,110.3771417,18.87812937,587.7396404,24.82955761,333.7534596,0.926976964,94.24427665,12,0.4,0.525
Longshou.He,Non-native,0,0.088214167,0.911785833,China,Indo-Malay,110.3771417,18.87812937,587.7396404,24.82955761,333.7534596,0.926976964,94.24427665,12,0.4,0.525
Loo,Native,0.151347526,0.217885951,0.630766522,Estonia,Palearctic,25.5164941,59.48346642,50.72598674,5.252023779,817.82274,0.982371092,99.80874265,10,0.29,0.310344828
Loobu,Native,0.171799153,0.198957901,0.629242946,Estonia,Palearctic,26.01392104,59.38206211,334.1455169,5.063092878,832.7637991,0.742511868,99.91403726,18,0.31,0.451612903
Lopemeri,Native,0.143084044,0.170782111,0.686133845,Estonia,Palearctic,23.18498872,58.62438467,8.620001153,6.433552667,786.4348851,0.266493849,99.96665,3,0.36,0.277777778
Lopez.Island,Native,0.328282131,0.033369682,0.638348188,United States,Nearctic,-122.8702279,48.48659196,120.3992285,9.947593132,412.5146863,15.91090012,100,8,0.52,0.557692308
Lopukhovaya,Native,0.243467378,0.444518715,0.312013907,Russia,Palearctic,149.8803003,45.8241556,62.7354746,2.665458333,665.609007,0.016385687,100,1,0.5,0.66
Lorentz,Native,0.267940855,0.319658421,0.412400723,Indonesia,Australasia,138.8977226,-4.891447352,48776.32391,22.82078855,65.12386161,0.189269835,99.99599809,49,0.33,0.303030303
Los.Angeles,Native,0.228549009,0.255105116,0.516345875,United States,Nearctic,-118.3166589,34.15870817,2031.29551,17.12176702,457.8469025,197.3142738,87.63607823,9,0.33,0.303030303
Los.Angeles,Non-native,0.227728886,0.220033023,0.552238091,United States,Nearctic,-118.3166589,34.15870817,2031.29551,17.12176702,457.8469025,197.3142738,87.63607823,9,0.33,0.303030303
Los.Blanquizales,Native,0.242788544,0.411533986,0.34567747,Trinidad and Tobago,Neotropic,-61.7922619,10.10178571,5.893244401,26.6059524,56.59862954,17.19340992,NA,8,0.39,0.538461538
Los.Olmos.creek,Native,0.166665138,0.180268294,0.653066568,United States,Nearctic,-98.39212807,27.43558787,1800.982452,21.97767933,611.0196166,3.429636061,99.33110141,13,0.95,0.021052632
Los.Olmos.creek,Non-native,0.377742894,0.161854699,0.460402407,United States,Nearctic,-98.39212807,27.43558787,1800.982452,21.97767933,611.0196166,3.429636061,99.33110141,13,0.95,0.021052632
Loubi,Native,0.187307195,0.402623905,0.4100689,Republic of Congo,Afrotropic,12.29656066,-4.564350421,3554.490691,24.63055656,179.4261623,1.377898246,99.94322655,61,0.35,0.685714286
Loudias,Native,0.108938036,0.278500128,0.612561836,Greece,Palearctic,22.01635182,40.6956891,5551.573712,11.80951758,755.4635372,13.95411587,99.39826411,25,0.31,0.322580645
Loudias,Non-native,0.150086764,0.286894817,0.563018419,Greece,Palearctic,22.01635182,40.6956891,5551.573712,11.80951758,755.4635372,13.95411587,99.39826411,25,0.31,0.322580645
Loukos,Native,0.207037759,0.291638829,0.501323413,Algeria,Palearctic,5.898039005,34.2444869,107612.8371,19.21072412,798.7138178,1.854974926,99.40700973,10,0.73,0.082191781
Loukos,Non-native,0.319032376,0.265598835,0.415368788,Algeria,Palearctic,5.898039005,34.2444869,107612.8371,19.21072412,798.7138178,1.854974926,99.40700973,10,0.73,0.082191781
Louros,Native,0.195556492,0.321120195,0.483323313,Greece,Palearctic,20.80300582,39.25253813,1080.177613,14.55274137,646.1084224,4.82306397,99.08249452,11,0.36,0.861111111
Louros,Non-native,0.219931234,0.163935236,0.61613353,Greece,Palearctic,20.80300582,39.25253813,1080.177613,14.55274137,646.1084224,4.82306397,99.08249452,11,0.36,0.861111111
Lovu,Native,0.023434673,0.342330744,0.634234583,South Africa,Afrotropic,30.50292052,-29.96709079,944.4670752,18.0895488,299.3826787,19.84043312,94.63931721,11,0.69,0.101449275
Lovu,Non-native,0.493761342,0.506238658,0,South Africa,Afrotropic,30.50292052,-29.96709079,944.4670752,18.0895488,299.3826787,19.84043312,94.63931721,11,0.69,0.101449275
Loy,Native,0.17110662,0.142315342,0.686578038,United Kingdom,Palearctic,-4.824552962,56.90678674,1329.401138,6.295656024,407.2171108,1.402665138,92.49527388,8,0.3,0.4
Loy,Non-native,0.398101026,0,0.601898974,United Kingdom,Palearctic,-4.824552962,56.90678674,1329.401138,6.295656024,407.2171108,1.402665138,92.49527388,8,0.3,0.4
Lucindale,Native,0.504737683,0,0.495262317,Australia,Australasia,140.4055281,-37.0026425,150.8423632,14.80138888,372.8158362,0.787798002,99.79599365,1,0.68,0.132352941
Ludlow,Native,0.119882339,0.538755514,0.341362147,Australia,Australasia,115.5011652,-33.71085857,661.8136458,16.84404116,379.6715635,2.243588746,99.88799036,4,0.45,0.377777778
Ludlow,Non-native,0.525899607,0.474100393,0,Australia,Australasia,115.5011652,-33.71085857,661.8136458,16.84404116,379.6715635,2.243588746,99.88799036,4,0.45,0.377777778
Luguse,Native,0.165742177,0.221680159,0.612577664,Estonia,Palearctic,22.72412136,58.81507083,2.82999861,6.424999952,745.9893799,0.354752928,99.86595,5,0.33,0.212121212
Lune,Native,0.055902804,0.443184831,0.500912364,Australia,Australasia,146.8379923,-43.41681857,176.1155027,9.269034773,288.561275,0.248048082,99.98292684,7,0.3,0.7
Lune,Non-native,0.28782068,0,0.71217932,Australia,Australasia,146.8379923,-43.41681857,176.1155027,9.269034773,288.561275,0.248048082,99.98292684,7,0.3,0.7
Lut,Native,0.085657646,0.388705336,0.525637018,Iran,Palearctic,59.34829735,29.11148077,54251.34532,21.14796816,796.7962188,0.627856955,99.79563974,5,0.69,0.15942029
Lut,Non-native,0.110443669,0.247980158,0.641576172,Iran,Palearctic,59.34829735,29.11148077,54251.34532,21.14796816,796.7962188,0.627856955,99.79563974,5,0.69,0.15942029
Luzhnanka,Native,0.314030447,0.255388402,0.430581151,Russia,Palearctic,156.3496622,50.67646396,40.40768571,0.780422368,658.932715,0.011487897,99.96070473,5,0.57,0.578947368
Lyutoga,Native,0.248288946,0.347711724,0.403999331,Russia,Palearctic,142.3206264,46.93382606,1446.848114,2.277997903,1017.530274,1.922790229,99.93555797,10,0.48,0.708333333
MPolongwe,Native,0.073740605,0.615053385,0.31120601,Cameroon,Afrotropic,10.01035054,3.056937797,220.9418346,26.21223655,93.01492192,0.97707662,99.90700135,10,0.34,0.676470588
Ma.Oya,Native,0.116886926,0.370966007,0.512147067,Sri Lanka,Indo-Malay,80.70035333,8.775681487,1017.936075,27.35191964,167.7220437,3.175762594,99.70908028,31,0.76,0.131578947
Ma.Oya,Non-native,0.417017478,0.239760474,0.343222047,Sri Lanka,Indo-Malay,80.70035333,8.775681487,1017.936075,27.35191964,167.7220437,3.175762594,99.70908028,31,0.76,0.131578947
Ma.chon,Native,0.185551885,0.295332972,0.519115142,South Korea,Palearctic,129.2101964,37.15230298,339.3299388,10.11451613,916.4924288,2.815844536,99.95293528,19,0.36,0.361111111
Maavli,Native,0.137925526,0.168605021,0.693469453,Estonia,Palearctic,22.78968948,58.86818273,230.5399804,6.400431905,748.6772823,0.354752935,99.9125634,7,0.28,0.285714286
Mabechi,Native,0.176028335,0.373924991,0.450046674,Japan,Palearctic,141.3002468,40.23311148,2634.867472,8.169242762,900.9499858,15.72924376,98.52538159,9,0.27,0.444444444
Mabechi,Non-native,0.19886665,0.395301743,0.405831608,Japan,Palearctic,141.3002468,40.23311148,2634.867472,8.169242762,900.9499858,15.72924376,98.52538159,9,0.27,0.444444444
MacKay,Native,0,0.404759408,0.595240592,Australia,Australasia,129.7090746,-22.68178848,37827.62348,24.91821523,602.2660899,0.00858485,99.98936964,1,0.93,0.021505376
Macacu,Native,0.251130212,0.408346854,0.340522934,Brazil,Neotropic,-42.79578307,-22.61932023,2106.74917,21.9276639,224.5708212,13.75981855,99.53561873,55,0.36,0.805555556
Macacu,Non-native,0.493761342,0.506238658,0,Brazil,Neotropic,-42.79578307,-22.61932023,2106.74917,21.9276639,224.5708212,13.75981855,99.53561873,55,0.36,0.805555556
Machiya,Native,0.130520729,0.374674519,0.494804752,Japan,Palearctic,136.5377781,35.13629335,281.8751282,13.88818393,828.283346,193.3439102,92.99028937,5,0.29,0.620689655
Mackenzie,Native,0.21950187,0.144986449,0.63551168,Canada,Nearctic,-119.2442401,60.76439082,1680044.211,-3.658471362,1367.220196,0.062725975,99.51273091,40,0.56,0.928571429
Mackenzie,Non-native,0.180087429,0.20236437,0.617548201,Canada,Nearctic,-119.2442401,60.76439082,1680044.211,-3.658471362,1367.220196,0.062725975,99.51273091,40,0.56,0.928571429
Macleay,Native,0.075693012,0.416740552,0.507566436,Australia,Australasia,152.0914321,-30.80848846,11372.61994,14.53632667,445.1072704,1.762367278,97.31832785,36,0.27,0.333333333
Macleay,Non-native,0.206867231,0.357469466,0.435663303,Australia,Australasia,152.0914321,-30.80848846,11372.61994,14.53632667,445.1072704,1.762367278,97.31832785,36,0.27,0.333333333
Maclennan.creek,Native,0.060195961,0.610475862,0.329328177,Australia,Australasia,149.0768273,-21.19835247,176.8319454,22.77316061,359.245105,1.81954506,99.89338032,3,0.6,0.15
Maclennan.creek,Non-native,0.493761342,0.506238658,0,Australia,Australasia,149.0768273,-21.19835247,176.8319454,22.77316061,359.245105,1.81954506,99.89338032,3,0.6,0.15
Macmillian,Native,0.179338252,0.311988417,0.508673331,Australia,Australasia,142.9791138,-12.00007752,136.815803,26.11776171,151.5078328,0.014376874,99.99709418,4,0.61,0.393442623
Madampe.lake,Native,0.115747641,0.393418037,0.490834322,Sri Lanka,Indo-Malay,80.10556652,6.243226677,78.48939805,26.82047104,55.4879196,15.50076222,99.18886344,28,0.31,0.741935484
Madampe.lake,Non-native,0.417017478,0.239760474,0.343222047,Sri Lanka,Indo-Malay,80.10556652,6.243226677,78.48939805,26.82047104,55.4879196,15.50076222,99.18886344,28,0.31,0.741935484
Madeleine,Native,0.252686888,0.120966701,0.626346411,Canada,Nearctic,-64.41268968,48.55923566,122.7827326,2.630821654,1023.745516,0.551093251,99.98809079,7,0.55,0.509090909
Madeleine,Non-native,0.28782068,0,0.71217932,Canada,Nearctic,-64.41268968,48.55923566,122.7827326,2.630821654,1023.745516,0.551093251,99.98809079,7,0.55,0.509090909
Madeleine.Island.un,Native,0.173517819,0.187955065,0.638527117,Canada,Nearctic,-61.7838687,47.4087008,290.9718531,4.698359924,893.3010954,0.265101627,100,4,0.46,0.543478261
Madong,Native,0.249970267,0.521682475,0.228347258,Trinidad and Tobago,Neotropic,-61.88333333,10.0875,5.051570798,26.69583368,56.71282387,17.1934104,NA,5,0.39,0.487179487
Madong,Non-native,0.758129529,0.009934655,0.231935816,Trinidad and Tobago,Neotropic,-61.88333333,10.0875,5.051570798,26.69583368,56.71282387,17.1934104,NA,5,0.39,0.487179487
Madre.de.Dios,Native,0.278807129,0.393138919,0.328053952,Costa Rica,Neotropic,-83.3731897,10.13379839,251.4567309,25.97709031,73.63097081,2.452078789,99.90864641,17,0.31,0.677419355
Madurankuli.Aru,Native,0.115747641,0.393418037,0.490834322,Sri Lanka,Indo-Malay,79.83671775,7.925979912,157.3648502,27.68562834,112.7445345,4.612659395,99.52688121,28,0.49,0.367346939
Madurankuli.Aru,Non-native,0.417017478,0.239760474,0.343222047,Sri Lanka,Indo-Malay,79.83671775,7.925979912,157.3648502,27.68562834,112.7445345,4.612659395,99.52688121,28,0.49,0.367346939
Maduru.Oya,Native,0.122243786,0.392824103,0.48493211,Sri Lanka,Indo-Malay,81.26336883,7.705945119,1499.596783,27.4270127,144.7017844,3.373268127,82.08193148,37,0.5,0.66
Maduru.Oya,Non-native,0.417017478,0.239760474,0.343222047,Sri Lanka,Indo-Malay,81.26336883,7.705945119,1499.596783,27.4270127,144.7017844,3.373268127,82.08193148,37,0.5,0.66
Maduwa,Native,0.138653733,0.438359626,0.422986641,Indonesia,Australasia,133.1533778,-3.481152813,2581.971894,26.57470671,71.44804865,0.070738113,99.96384439,6,0.37,0.459459459
Mae.Kawa,Native,0.113018132,0.450654647,0.43632722,Japan,Palearctic,136.8071383,34.31888429,22.77107467,15.76282043,749.6308242,62.14790344,99.56163118,6,0.33,0.424242424
Mae.Kawa,Non-native,0,0.108443781,0.891556219,Japan,Palearctic,136.8071383,34.31888429,22.77107467,15.76282043,749.6308242,62.14790344,99.56163118,6,0.33,0.424242424
Mae.Khlong,Native,0.146966821,0.355072465,0.497960713,Thailand,Indo-Malay,99.07889853,14.68490515,28546.83171,25.59930018,154.1121003,3.071734071,96.17357924,229,0.54,0.759259259
Mae.Khlong,Non-native,0.565386913,0.034652012,0.399961075,Thailand,Indo-Malay,99.07889853,14.68490515,28546.83171,25.59930018,154.1121003,3.071734071,96.17357924,229,0.54,0.759259259
Maehwa,Native,0.140791268,0.32139803,0.537810703,South Korea,Palearctic,129.2670319,36.89211243,514.961433,10.36311521,919.5881842,9.478236318,95.27798662,30,0.3,0.7
Maehwa,Non-native,0,0.088214167,0.911785833,South Korea,Palearctic,129.2670319,36.89211243,514.961433,10.36311521,919.5881842,9.478236318,95.27798662,30,0.3,0.7
Maekawa,Native,0.003397011,0.456427314,0.540175675,Japan,Palearctic,131.1588615,31.49794482,105.3180432,16.61923308,732.5659357,14.03920031,99.8431193,5,0.25,0.64
Maekawa,Non-native,0.19886665,0.395301743,0.405831608,Japan,Palearctic,131.1588615,31.49794482,105.3180432,16.61923308,732.5659357,14.03920031,99.8431193,5,0.25,0.64
Maemoisa,Native,0.143084044,0.170782111,0.686133845,Estonia,Palearctic,23.60736928,58.83118064,29.16471782,6.264650529,807.9561246,0.266493846,99.9475,3,0.26,0.423076923
Mafa.River,Native,0.184989781,0.411540674,0.403469546,Liberia,Afrotropic,-11.12840306,7.055830484,1353.019582,25.96488728,89.18782073,0.228284443,99.91208909,15,0.49,0.959183673
Magalavatavan.Aru,Native,0.116886926,0.370966007,0.512147067,Sri Lanka,Indo-Malay,81.51689204,7.562214011,392.5615243,27.48852812,144.8852155,3.374859512,84.42389546,31,0.5,0.56
Magalavatavan.Aru,Non-native,0.417017478,0.239760474,0.343222047,Sri Lanka,Indo-Malay,81.51689204,7.562214011,392.5615243,27.48852812,144.8852155,3.374859512,84.42389546,31,0.5,0.56
Magari.Jarv,Native,0.143084044,0.170782111,0.686133845,Estonia,Palearctic,23.56183576,58.89165553,136.7389381,6.233033698,805.63654,0.266493846,99.85638161,3,0.28,0.392857143
Magdalena,Native,0.195803655,0.407584848,0.396611498,Colombia,Neotropic,-74.6973068,6.425035477,259617.9705,22.05692127,39.4274761,7.847008228,98.94261301,241,0.33,0.606060606
Magdalena,Non-native,0.413552346,0.270783093,0.315664561,Colombia,Neotropic,-74.6973068,6.425035477,259617.9705,22.05692127,39.4274761,7.847008228,98.94261301,241,0.33,0.606060606
Mageonggang,Native,0.128412802,0.41165578,0.459931418,South Korea,Palearctic,127.1097528,35.90420677,1407.555302,12.3534808,964.4287535,31.99676275,93.85285994,87,0.28,0.857142857
Mageonggang,Non-native,0.218484129,0.235502075,0.546013796,South Korea,Palearctic,127.1097528,35.90420677,1407.555302,12.3534808,964.4287535,31.99676275,93.85285994,87,0.28,0.857142857
Maha.Oya,Native,0.119855541,0.387818011,0.492326448,Sri Lanka,Indo-Malay,80.26677475,7.287949712,1509.837656,26.48000233,76.18543995,12.26409316,99.28848455,35,0.32,0.5625
Maha.Oya,Non-native,0.417017478,0.239760474,0.343222047,Sri Lanka,Indo-Malay,80.26677475,7.287949712,1509.837656,26.48000233,76.18543995,12.26409316,99.28848455,35,0.32,0.5625
Mahakam,Native,0.143480213,0.367518383,0.489001404,Indonesia,Indo-Malay,115.8672805,0.442116197,76088.53411,26.0477923,21.06513773,0.600711532,99.94185333,188,0.32,0.4375
Mahakam,Non-native,0.271353908,0.197234804,0.531411288,Indonesia,Indo-Malay,115.8672805,0.442116197,76088.53411,26.0477923,21.06513773,0.600711532,99.94185333,188,0.32,0.4375
Mahanadi,Native,0.167885916,0.238563773,0.593550311,India,Indo-Malay,82.90373047,21.29171906,135162.4098,26.15673198,453.0553821,3.322325468,95.70129403,22,0.54,0.87037037
Mahanadi,Non-native,0,0.169262423,0.830737577,India,Indo-Malay,82.90373047,21.29171906,135162.4098,26.15673198,453.0553821,3.322325468,95.70129403,22,0.54,0.87037037
Maharlu,Native,0.11191771,0.35609638,0.53198591,Iran,Palearctic,52.78188179,29.43623669,4274.409743,16.94473187,845.2541615,6.557185292,98.88831142,8,0.63,0.333333333
Maharlu,Non-native,0.153755536,0.260261846,0.585982618,Iran,Palearctic,52.78188179,29.43623669,4274.409743,16.94473187,845.2541615,6.557185292,98.88831142,8,0.63,0.333333333
Mahaseelawa.Oya,Native,0.115747641,0.393418037,0.490834322,Sri Lanka,Indo-Malay,81.43154352,6.312379778,25.47458262,27.2897988,87.2753901,2.139389753,99.5935,28,0.68,0.191176471
Mahaseelawa.Oya,Non-native,0.417017478,0.239760474,0.343222047,Sri Lanka,Indo-Malay,81.43154352,6.312379778,25.47458262,27.2897988,87.2753901,2.139389753,99.5935,28,0.68,0.191176471
Mahaweli.Ganga,Native,0.126414842,0.403371564,0.470213594,Sri Lanka,Indo-Malay,80.92335022,7.569852005,10512.80138,25.05154785,118.4805573,8.566192508,91.32022191,52,0.34,0.764705882
Mahaweli.Ganga,Non-native,0.381883428,0.224787898,0.393328674,Sri Lanka,Indo-Malay,80.92335022,7.569852005,10512.80138,25.05154785,118.4805573,8.566192508,91.32022191,52,0.34,0.764705882
Mahi,Native,0.12519939,0.46025539,0.41454522,India,Indo-Malay,75.66945367,11.72516726,404.1939885,26.39495296,135.5704729,8.649629354,99.78332431,31,0.54,0.796296296
Mahi,Non-native,0.758129529,0.009934655,0.231935816,India,Indo-Malay,75.66945367,11.72516726,404.1939885,26.39495296,135.5704729,8.649629354,99.78332431,31,0.54,0.796296296
Mahitahi,Native,0.035316569,0.404511863,0.560171568,New Zealand,Australasia,169.6776195,-43.719014,192.8379841,7.351205787,389.0220867,0.020543613,99.97957618,11,0.28,0.642857143
Mahitahi,Non-native,0.28782068,0,0.71217932,New Zealand,Australasia,169.6776195,-43.719014,192.8379841,7.351205787,389.0220867,0.020543613,99.97957618,11,0.28,0.642857143
Mailmans.creek,Native,0,0.65209767,0.34790233,Australia,Australasia,146.0609073,-34.01240268,794.145239,17.2020628,605.1036584,0.491959631,99.96171616,2,0.84,0.035714286
Maipo,Native,0.109521048,0.382847663,0.507631289,Chile,Neotropic,-70.58748894,-33.57517794,15095.05905,9.620985775,430.8095256,40.46560574,98.29544374,12,0.33,0.696969697
Maipo,Non-native,0.209051056,0.181141627,0.609807317,Chile,Neotropic,-70.58748894,-33.57517794,15095.05905,9.620985775,430.8095256,40.46560574,98.29544374,12,0.33,0.696969697
Maitland,Native,0.117727619,0.247064698,0.635207683,Australia,Australasia,116.7638664,-21.09561504,2077.952206,26.82024904,467.5965179,0.133541582,99.94799492,11,0.78,0.08974359
Makarachchi.Aur,Native,0.115747641,0.393418037,0.490834322,Sri Lanka,Indo-Malay,81.32596123,8.167878247,105.3813595,27.97341601,165.3435492,1.12323831,99.83216255,28,0.61,0.360655738
Makarachchi.Aur,Non-native,0.417017478,0.239760474,0.343222047,Sri Lanka,Indo-Malay,81.32596123,8.167878247,105.3813595,27.97341601,165.3435492,1.12323831,99.83216255,28,0.61,0.360655738
Makawhio,Native,0.032373522,0.370802541,0.596823938,New Zealand,Australasia,169.7142463,-43.65058792,185.8069773,8.389249133,376.26289,0.020543613,99.98750345,12,0.23,0.52173913
Makawhio,Non-native,0.28782068,0,0.71217932,New Zealand,Australasia,169.7142463,-43.65058792,185.8069773,8.389249133,376.26289,0.020543613,99.98750345,12,0.23,0.52173913
Maksimouka,Native,0.214949199,0.22649493,0.558555871,Russia,Palearctic,137.3724683,46.0701758,2238.315425,0.481968564,1177.640609,0.074162156,99.98590634,30,0.48,0.8125
Maksimouka,Non-native,0,0.088214167,0.911785833,Russia,Palearctic,137.3724683,46.0701758,2238.315425,0.481968564,1177.640609,0.074162156,99.98590634,30,0.48,0.8125
Malacara,Native,0.269072435,0.405772375,0.325155191,Argentina,Neotropic,-58.39448199,-38.16687741,1465.94633,13.96920036,472.6218975,0.331770249,99.79675334,6,0.5,0.12
Malala.Oya,Native,0.111756343,0.379851898,0.508391759,Sri Lanka,Indo-Malay,81.08829423,6.343801704,395.5983404,27.15541756,75.21921614,2.139812768,99.60280518,29,0.54,0.314814815
Malala.Oya,Non-native,0.417017478,0.239760474,0.343222047,Sri Lanka,Indo-Malay,81.08829423,6.343801704,395.5983404,27.15541756,75.21921614,2.139812768,99.60280518,29,0.54,0.314814815
Malawi,Native,0.64073338,0.197247706,0.162018914,Malawi,Afrotropic,34.22180701,-11.90338803,127828.3663,21.1905903,212.0294821,0.412566572,99.66025133,446,0.54,0.944444444
Malawi,Non-native,0.35223059,0.209237691,0.438531719,Malawi,Afrotropic,34.22180701,-11.90338803,127828.3663,21.1905903,212.0294821,0.412566572,99.66025133,446,0.54,0.944444444
Malbaie,Native,0.205866484,0.150364052,0.643769464,Canada,Nearctic,-64.43384305,48.65057302,261.2096496,2.446263082,1024.649117,0.551093251,99.98573772,5,0.56,0.589285714
Malbaie,Non-native,0.398101026,0,0.601898974,Canada,Nearctic,-64.43384305,48.65057302,261.2096496,2.446263082,1024.649117,0.551093251,99.98573772,5,0.56,0.589285714
Maldonado,Native,0.345590277,0.359579732,0.294829991,Uruguay,Neotropic,-54.92653769,-34.62811628,1485.947301,16.01387572,420.5911378,1.553853363,99.78724398,6,0.19,0.578947368
Malheur.lake,Native,0.252203133,0.155619746,0.592177121,United States,Nearctic,-119.1293492,43.4506714,12560.54337,6.823020006,751.7912642,0.117773365,98.03352574,13,0.36,0.527777778
Malmanoury,Native,0.206774679,0.403966113,0.389259208,French Guiana,Neotropic,-52.85130955,5.255617401,136.5022029,25.72036453,44.16765158,NA,99.98050653,52,0.31,0.806451613
Malselva,Native,0.259908198,0.118917614,0.621174188,Norway,Palearctic,19.23935288,68.80697399,5735.936903,-1.007143051,789.4686271,0.439524561,99.95172482,7,0.44,0.818181818
Malselva,Non-native,0.599142002,0,0.400857998,Norway,Palearctic,19.23935288,68.80697399,5735.936903,-1.007143051,789.4686271,0.439524561,99.95172482,7,0.44,0.818181818
Malu,Native,0.140624992,0.352436222,0.506938785,China,Indo-Malay,107.9740921,21.60872601,155.5106577,22.45634617,506.4351228,1.191466197,99.75281513,14,0.36,0.694444444
Malu,Non-native,0.351042728,0.199263339,0.449693932,China,Indo-Malay,107.9740921,21.60872601,155.5106577,22.45634617,506.4351228,1.191466197,99.75281513,14,0.36,0.694444444
Mamberamo,Native,0.113915554,0.464079853,0.422004593,Indonesia,Australasia,138.8619393,-3.349858948,78667.24619,23.37588213,31.11185616,0.217147119,99.99509483,63,0.38,0.710526316
Mamberamo,Non-native,0.23739389,0.142562773,0.620043338,Indonesia,Australasia,138.8619393,-3.349858948,78667.24619,23.37588213,31.11185616,0.217147119,99.99509483,63,0.38,0.710526316
Mana,Native,0.221747798,0.351268435,0.426983767,French Guiana,Neotropic,-53.64038337,4.648679281,12129.6149,25.60229388,52.50222212,NA,99.98190195,243,0.36,0.722222222
Mananjary,Native,0.16075613,0.358502217,0.480741653,Madagascar,Afrotropic,47.7300855,-20.96855594,7041.882745,20.62409043,251.3200786,0.533407956,99.95078286,25,0.29,0.862068966
Mananjary,Non-native,0.508297631,0.31335142,0.178350948,Madagascar,Afrotropic,47.7300855,-20.96855594,7041.882745,20.62409043,251.3200786,0.533407956,99.95078286,25,0.29,0.862068966
Manatee,Native,0.244514824,0.372529277,0.382955899,United States,Nearctic,-82.26478114,27.53384187,571.8609624,22.52068252,446.8042347,65.69530582,88.858329,34,0.25,0.72
Manatee,Non-native,0.521114694,0.056124183,0.422761123,United States,Nearctic,-82.26478114,27.53384187,571.8609624,22.52068252,446.8042347,65.69530582,88.858329,34,0.25,0.72
Manawapou,Native,0,0,1,New Zealand,Australasia,174.439599,-39.6124152,116.5124989,12.58691807,322.1612121,2.024806291,99.87883895,1,0.32,0.5
Manawapou,Non-native,0,0.088214167,0.911785833,New Zealand,Australasia,174.439599,-39.6124152,116.5124989,12.58691807,322.1612121,2.024806291,99.87883895,1,0.32,0.5
Manawatu,Native,0.056492299,0.408925235,0.534582466,New Zealand,Australasia,175.8180456,-40.34253402,5855.039106,11.70925901,347.8414647,3.498760939,99.76965217,19,0.32,0.40625
Manawatu,Non-native,0.204996188,0.11550138,0.679502433,New Zealand,Australasia,175.8180456,-40.34253402,5855.039106,11.70925901,347.8414647,3.498760939,99.76965217,19,0.32,0.40625
Mand,Native,0.074842131,0.320292601,0.604865267,Iran,Palearctic,52.80932894,28.47370156,40193.5486,20.95739231,792.3028296,2.045477748,99.1990918,21,0.61,0.393442623
Mand,Non-native,0.206867231,0.357469466,0.435663303,Iran,Palearctic,52.80932894,28.47370156,40193.5486,20.95739231,792.3028296,2.045477748,99.1990918,21,0.61,0.393442623
Mandad,Native,0.115176342,0.373754792,0.511068866,India,Indo-Malay,73.1312497,18.31253662,232.6522328,26.68736564,174.1080876,16.05540681,97.61318629,39,0.71,0.521126761
Mandad,Non-native,0.41065808,0.209474197,0.379867724,India,Indo-Malay,73.1312497,18.31253662,232.6522328,26.68736564,174.1080876,16.05540681,97.61318629,39,0.71,0.521126761
Mandan.Aru,Native,0.115747641,0.393418037,0.490834322,Sri Lanka,Indo-Malay,81.33349311,8.113076724,66.20243896,27.89274894,162.5668595,1.12323831,77.64311731,28,0.6,0.433333333
Mandan.Aru,Non-native,0.417017478,0.239760474,0.343222047,Sri Lanka,Indo-Malay,81.33349311,8.113076724,66.20243896,27.89274894,162.5668595,1.12323831,77.64311731,28,0.6,0.433333333
Mandipattu.Aru,Native,0.115747641,0.393418037,0.490834322,Sri Lanka,Indo-Malay,81.66917062,7.569545313,110.6693461,27.99473694,149.4293548,3.374859571,78.37681263,28,0.6,0.35
Mandipattu.Aru,Non-native,0.417017478,0.239760474,0.343222047,Sri Lanka,Indo-Malay,81.66917062,7.569545313,110.6693461,27.99473694,149.4293548,3.374859571,78.37681263,28,0.6,0.35
Mandor,Native,0.149435597,0.46596753,0.384596873,Indonesia,Indo-Malay,109.7626879,0.373491525,9080.35949,26.28234932,36.57329739,1.622939587,99.93643329,54,0.3,0.7
Mandu.Ganga,Native,0.115747641,0.393418037,0.490834322,Sri Lanka,Indo-Malay,80.07802624,6.305996159,70.51853285,26.8797763,56.4826461,15.50076246,99.29044522,28,0.3,0.766666667
Mandu.Ganga,Non-native,0.417017478,0.239760474,0.343222047,Sri Lanka,Indo-Malay,80.07802624,6.305996159,70.51853285,26.8797763,56.4826461,15.50076246,99.29044522,28,0.3,0.766666667
Mangakuri,Native,0,0.3815904,0.6184096,New Zealand,Australasia,176.862494,-39.98294563,106.9657478,12.88910067,353.0474894,1.775880039,99.88175505,7,0.48,0.1875
Mangaone,Native,0.033143113,0.373835941,0.593020947,New Zealand,Australasia,174.1082981,-39.16587033,159.0494874,11.91202732,319.4391401,2.024806291,95.69471594,16,0.32,0.625
Mangaone,Non-native,0.084492406,0.060127609,0.855379985,New Zealand,Australasia,174.1082981,-39.16587033,159.0494874,11.91202732,319.4391401,2.024806291,95.69471594,16,0.32,0.625
Mangawhero,Native,0.031008188,0.326315816,0.642675996,New Zealand,Australasia,174.9963693,-38.02416583,128.3923092,12.61670983,338.5494511,1.598104984,99.85982989,13,0.32,0.6875
Mangawhero,Non-native,0.342960853,0,0.657039147,New Zealand,Australasia,174.9963693,-38.02416583,128.3923092,12.61670983,338.5494511,1.598104984,99.85982989,13,0.32,0.6875
Mangoro,Native,0.182060347,0.410157553,0.407782101,Madagascar,Afrotropic,47.92965477,-19.48955379,17715.05638,18.86926001,261.8441507,0.788797125,99.91104777,25,0.36,0.888888889
Mangoro,Non-native,0.381993109,0.289082831,0.32892406,Madagascar,Afrotropic,47.92965477,-19.48955379,17715.05638,18.86926001,261.8441507,0.788797125,99.91104777,25,0.36,0.888888889
Mangwol.chon,Native,0.138548281,0.364869084,0.496582635,South Korea,Palearctic,126.5652384,34.70982313,35.74323132,13.66921769,883.9596508,9.527026057,99.83621939,35,0.46,0.391304348
Mangwol.chon,Non-native,0.142428926,0.301261531,0.556309543,South Korea,Palearctic,126.5652384,34.70982313,35.74323132,13.66921769,883.9596508,9.527026057,99.83621939,35,0.46,0.391304348
Manimala,Native,0.145424428,0.457294378,0.397281194,India,Indo-Malay,76.62101348,9.096622389,258.2816627,27.48348359,95.68776638,13.4140439,99.78643168,4,0.39,0.871794872
Maningory,Native,0.049651488,0.433431213,0.516917299,Madagascar,Afrotropic,48.58389523,-17.44482748,12957.08885,20.54606171,246.4043623,0.364266574,99.34139447,7,0.46,0.630434783
Maningory,Non-native,0.620163286,0.229055967,0.150780747,Madagascar,Afrotropic,48.58389523,-17.44482748,12957.08885,20.54606171,246.4043623,0.364266574,99.34139447,7,0.46,0.630434783
Manjeswaram,Native,0.13162361,0.434343898,0.434032493,India,Indo-Malay,74.90895255,12.76703009,111.1475686,27.06585288,129.0872979,1.623829231,99.85032599,19,0.6,0.683333333
Manjeswaram,Non-native,0.758129529,0.009934655,0.231935816,India,Indo-Malay,74.90895255,12.76703009,111.1475686,27.06585288,129.0872979,1.623829231,99.85032599,19,0.6,0.683333333
Manniku,Native,0.205291658,0.215899661,0.57880868,Estonia,Palearctic,24.08558036,58.32059242,80.71285204,6.059682063,805.7871073,0.897046074,99.94775356,7,0.31,0.258064516
Manning,Native,0.044404287,0.444439438,0.511156275,Australia,Australasia,151.8970205,-31.73833769,8127.732144,15.45918589,431.4742163,2.22731781,99.90640464,27,0.24,0.333333333
Manning,Non-native,0.270611829,0.238312978,0.491075193,Australia,Australasia,151.8970205,-31.73833769,8127.732144,15.45918589,431.4742163,2.22731781,99.90640464,27,0.24,0.333333333
Mano,Native,0.220511507,0.406981572,0.37250692,Liberia,Afrotropic,-10.61949641,7.706546132,7634.755442,25.48269338,84.47167104,0.254356404,99.93014364,52,0.55,0.909090909
Manuka.creek,Native,0.036283345,0.272317865,0.69139879,Australia,Australasia,145.3712329,-42.15559733,35.23542747,11.32216983,270.5903222,0.088570623,99.95535378,4,0.31,0.741935484
Manuka.creek,Non-native,0.28782068,0,0.71217932,Australia,Australasia,145.3712329,-42.15559733,35.23542747,11.32216983,270.5903222,0.088570623,99.95535378,4,0.31,0.741935484
Manzanares,Native,0.279399617,0.37706917,0.343531213,Venezuela,Neotropic,-64.02172893,10.2697537,1129.719374,22.50492255,62.78608632,5.516145468,99.71349095,11,0.49,0.612244898
Maoling,Native,0.123057418,0.377730694,0.499211888,China,Indo-Malay,108.439672,22.13247629,2890.433296,21.44129431,588.2624735,6.705922306,98.9565872,34,0.32,0.75
Maoling,Non-native,0.175521364,0.143738753,0.680739883,China,Indo-Malay,108.439672,22.13247629,2890.433296,21.44129431,588.2624735,6.705922306,98.9565872,34,0.32,0.75
Mar.Chiquita,Native,0.245676878,0.339643876,0.414679246,Argentina,Neotropic,-63.9498829,-29.43037866,129570.6425,18.58147581,486.2427835,1.348916396,97.31761869,86,0.35,0.828571429
Mar.Chiquita,Non-native,0.344160798,0.112537354,0.543301849,Argentina,Neotropic,-63.9498829,-29.43037866,129570.6425,18.58147581,486.2427835,1.348916396,97.31761869,86,0.35,0.828571429
Maraetotara,Native,0,0.42300407,0.57699593,New Zealand,Australasia,176.9444925,-39.74980013,107.0733495,12.84898437,365.270112,2.33022517,99.80061167,11,0.43,0.209302326
Maraetotara,Non-native,0.342960853,0,0.657039147,New Zealand,Australasia,176.9444925,-39.74980013,107.0733495,12.84898437,365.270112,2.33022517,99.80061167,11,0.43,0.209302326
Maraval,Native,0.394903,0.456220447,0.148876552,Trinidad and Tobago,Neotropic,-61.5141129,10.70551075,26.04951758,25.64489266,60.25864792,17.19340992,96.69355,5,0.55,0.218181818
Maraval,Non-native,0.562560816,0.437439184,0,Trinidad and Tobago,Neotropic,-61.5141129,10.70551075,26.04951758,25.64489266,60.25864792,17.19340992,96.69355,5,0.55,0.218181818
Marbelup.Brook,Native,0.07457842,0.62018994,0.30523164,Australia,Australasia,117.6896876,-34.98380422,312.4120769,15.32828652,302.9774702,0.412172273,99.94217034,7,0.4,0.4
Marbelup.Brook,Non-native,0.525899607,0.474100393,0,Australia,Australasia,117.6896876,-34.98380422,312.4120769,15.32828652,302.9774702,0.412172273,99.94217034,7,0.4,0.4
Margaree,Native,0.158407161,0.240021231,0.601571608,Canada,Nearctic,-61.02968722,46.31560291,1156.765641,4.594315064,887.1023958,0.546436042,99.98190286,19,0.32,0.71875
Margaret,Native,0.082441046,0.588902969,0.328655985,Australia,Australasia,115.253471,-33.90767655,447.9334549,16.26552911,344.2273164,2.234847218,99.7949685,7,0.46,0.434782609
Margaret,Non-native,0.242128605,0.151646038,0.606225358,Australia,Australasia,115.253471,-33.90767655,447.9334549,16.26552911,344.2273164,2.234847218,99.7949685,7,0.46,0.434782609
Maria.Lucinda,Native,0.348592132,0.30344709,0.347960779,Guatemala,Neotropic,-89.91254255,14.05060524,2344.533047,23.57994328,87.19522363,8.962319136,99.59114797,19,0.49,0.897959184
Maribyrnong,Native,0.048118516,0.40158556,0.550295923,Australia,Australasia,144.7591828,-37.47705631,1580.734892,13.09160907,428.3556627,32.82124233,89.65203972,11,0.22,0.409090909
Maribyrnong,Non-native,0.151330378,0.140983497,0.707686125,Australia,Australasia,144.7591828,-37.47705631,1580.734892,13.09160907,428.3556627,32.82124233,89.65203972,11,0.22,0.409090909
Marion.creek,Native,0.006379622,0.278944221,0.714676157,Australia,Australasia,149.3378053,-21.72276068,140.7385856,22.37115921,362.1288996,1.957947403,99.66719223,7,0.62,0.112903226
Marjasoo,Native,0.164360493,0.135774866,0.699864641,Estonia,Palearctic,22.95022294,58.52765832,86.43003604,6.456757345,769.1917475,0.342965472,99.95447805,5,0.36,0.25
Markham,Native,0.05291507,0.473465282,0.473619648,Papua New Guinea,Australasia,146.4323283,-6.67846482,12657.59351,21.68518016,64.42301353,0.431493856,99.96422213,19,0.39,0.461538462
Markham,Non-native,0.559423072,0.332571265,0.108005663,Papua New Guinea,Australasia,146.4323283,-6.67846482,12657.59351,21.68518016,64.42301353,0.431493856,99.96422213,19,0.39,0.461538462
Maro,Native,0.242252276,0.317894968,0.439852756,Indonesia,Australasia,140.930759,-7.958021914,8066.072926,26.76411372,88.95617384,0.132899668,99.96500617,48,0.3,0.9
Maro,Non-native,0.008384005,0.468343403,0.523272592,Indonesia,Australasia,140.930759,-7.958021914,8066.072926,26.76411372,88.95617384,0.132899668,99.96500617,48,0.3,0.9
Marokopa,Native,0.019984341,0.296391394,0.683624265,New Zealand,Australasia,174.8716565,-38.29460716,368.2794128,12.60613511,340.2116793,0.147174641,99.90462852,6,0.31,0.64516129
Marokopa,Non-native,0.342960853,0,0.657039147,New Zealand,Australasia,174.8716565,-38.29460716,368.2794128,12.60613511,340.2116793,0.147174641,99.90462852,6,0.31,0.64516129
Maroni,Native,0.211936225,0.386430294,0.40163348,Suriname,Neotropic,-54.48542456,3.437997015,66116.01228,25.65065128,55.71161779,0.022929139,99.99358866,359,0.36,0.666666667
Maroochy,Native,0.057772277,0.492490876,0.449736847,Australia,Australasia,152.9620314,-26.59298288,541.9228472,20.09520275,373.1134145,3.150881469,99.53291621,12,0.64,0.078125
Maruyama,Native,0.15007199,0.360909286,0.489018724,Japan,Palearctic,134.7892902,35.39966797,1305.32509,12.83438895,855.7006827,19.73595619,98.58447733,13,0.24,0.541666667
Mary,Native,0.092071789,0.334127674,0.573800537,Australia,Australasia,152.5426546,-26.05951956,9442.204321,19.97986026,394.4125979,2.153943896,97.42641162,47,0.58,0.103448276
Mary,Non-native,0.365326437,0.264413562,0.370260001,Australia,Australasia,152.5426546,-26.05951956,9442.204321,19.97986026,394.4125979,2.153943896,97.42641162,47,0.58,0.103448276
Mashkel,Native,0.116616416,0.396418639,0.486964945,Pakistan,Palearctic,63.39977885,28.05585505,116658.093,22.36585775,824.3356055,0.185685206,99.7805568,10,0.73,0.109589041
Mashkel,Non-native,0.206867231,0.357469466,0.435663303,Pakistan,Palearctic,63.39977885,28.05585505,116658.093,22.36585775,824.3356055,0.185685206,99.7805568,10,0.73,0.109589041
Massa,Native,0.027257,0.113405909,0.859337091,Morocco,Palearctic,-9.33650429,29.74306644,5275.98976,17.55820395,457.3298609,1.536872208,95.85346538,2,0.72,0.125
Mataikona,Native,0.015710318,0.383954877,0.600334805,New Zealand,Australasia,176.1970179,-40.7214087,189.5747717,12.36028065,325.5657885,0.408047549,99.97678907,9,0.41,0.292682927
Matapalo,Native,0.107241399,0.366035819,0.526722783,Costa Rica,Neotropic,-85.8019362,10.29531029,212.1687317,27.11879288,92.87673037,1.85962674,99.78282364,11,0.55,0.490909091
Matape,Native,0.179296664,0.350680599,0.470022737,Mexico,Nearctic,-110.9323523,28.12389282,1046.967025,24.60862514,561.3097387,2.24797219,99.83010018,6,0.83,0.048192771
Mataquito,Native,0.161460381,0.359557472,0.478982148,Chile,Neotropic,-71.09086177,-35.12820886,6303.854086,10.20234363,463.832293,2.15268752,99.38274378,10,0.21,0.904761905
Mataquito,Non-native,0.342960853,0,0.657039147,Chile,Neotropic,-71.09086177,-35.12820886,6303.854086,10.20234363,463.832293,2.15268752,99.38274378,10,0.21,0.904761905
Mataura,Native,0.036011695,0.387654281,0.576334024,New Zealand,Australasia,168.8186916,-45.85252815,5534.216678,8.745973312,386.7599654,0.62887077,99.84518405,14,0.23,0.47826087
Mataura,Non-native,0.265636187,0.027916828,0.706446985,New Zealand,Australasia,168.8186916,-45.85252815,5534.216678,8.745973312,386.7599654,0.62887077,99.84518405,14,0.23,0.47826087
Matelot,Native,0.051621062,0.229140214,0.719238723,Trinidad and Tobago,Neotropic,-61.17519841,10.77718254,17.64236978,25.23968252,62.57739476,17.1934104,99.98975278,3,0.4,0.5
Matina,Native,0.275295601,0.395552301,0.329152098,Costa Rica,Neotropic,-83.37031919,9.844430045,1600.852381,20.92387221,66.39178009,5.076555729,99.97280163,39,0.33,0.666666667
Matina,Non-native,0.647694139,0.352305861,0,Costa Rica,Neotropic,-83.37031919,9.844430045,1600.852381,20.92387221,66.39178009,5.076555729,99.97280163,39,0.33,0.666666667
Matsuda,Native,0.155411009,0.268704102,0.575884889,Japan,Palearctic,132.6880814,33.0226697,242.4101562,15.04394276,750.156933,16.70765853,99.78949043,2,0.24,0.5
Matsuura,Native,0.125129975,0.432079934,0.442790091,Japan,Palearctic,129.9909194,33.3251749,407.4271668,15.20158731,777.0090884,64.04457569,94.9289882,15,0.31,0.580645161
Matsuura,Non-native,0.284857852,0.514308894,0.200833253,Japan,Palearctic,129.9909194,33.3251749,407.4271668,15.20158731,777.0090884,64.04457569,94.9289882,15,0.31,0.580645161
Matsuzaki,Native,0.095897161,0.43719497,0.466907869,Japan,Palearctic,138.8250835,34.73016125,147.9636063,14.91837869,693.931214,24.62032509,99.82570586,7,0.24,0.5
Matsuzaki,Non-native,0.625945436,0.258086656,0.115967908,Japan,Palearctic,138.8250835,34.73016125,147.9636063,14.91837869,693.931214,24.62032509,99.82570586,7,0.24,0.5
Mattaponi,Native,0.213113385,0.245642476,0.541244138,United States,Nearctic,-77.29264057,37.95549421,2347.333057,13.75235788,832.8579776,73.97690964,95.71801467,47,0.2,0.7
Mattaponi,Non-native,0.12974921,0.201352345,0.668898445,United States,Nearctic,-77.29264057,37.95549421,2347.333057,13.75235788,832.8579776,73.97690964,95.71801467,47,0.2,0.7
Maule,Native,0.107125511,0.41737071,0.475503779,Chile,Neotropic,-71.43955931,-35.86369473,21107.43877,10.72495933,454.2937188,2.132313967,97.78423456,14,0.28,0.821428571
Maule,Non-native,0.438817078,0.096384246,0.464798676,Chile,Neotropic,-71.43955931,-35.86369473,21107.43877,10.72495933,454.2937188,2.132313967,97.78423456,14,0.28,0.821428571
Maullin,Native,0.127224397,0.420221656,0.452553947,Chile,Neotropic,-72.97301262,-41.26759584,3114.123404,10.82421843,300.5978573,0.901440829,99.88857939,15,0.3,0.866666667
Maullin,Non-native,0.228640569,0.029404722,0.741954709,Chile,Neotropic,-72.97301262,-41.26759584,3114.123404,10.82421843,300.5978573,0.901440829,99.88857939,15,0.3,0.866666667
Maup,Native,0.152002213,0.322810161,0.525187625,South Korea,Palearctic,129.1875774,37.31282206,174.1215252,10.70266798,904.2305587,2.815844506,99.89860528,23,0.34,0.352941176
Maup,Non-native,0,0.088214167,0.911785833,South Korea,Palearctic,129.1875774,37.31282206,174.1215252,10.70266798,904.2305587,2.815844506,99.89860528,23,0.34,0.352941176
Maxwell,Native,0.055347841,0.433415326,0.511236833,Australia,Australasia,130.5953777,-11.52066859,161.9973643,27.08590743,147.1733882,0.043925905,99.98718758,18,0.63,0.476190476
May,Native,0.050691338,0.438869332,0.51043933,Australia,Australasia,124.6488809,-17.30421644,14096.2394,27.67455805,328.2894084,0.026369002,99.98986339,12,0.62,0.35483871
Mayo,Native,0.180682978,0.285545569,0.533771452,Mexico,Neotropic,-108.9386265,27.63642324,14121.94252,20.84252511,502.461002,2.103347838,95.68101663,19,0.33,0.424242424
Mazabi,Native,0.061650333,0.465064767,0.473284899,Iran,Palearctic,57.42249999,26.86536685,3146.137375,24.90945429,576.6191658,0.951490432,99.84015048,3,0.76,0.131578947
McArthur,Native,0.163348393,0.279405318,0.557246289,Australia,Australasia,135.943132,-16.64858523,19492.49779,26.7621279,370.3998521,0.009315102,99.98196523,43,0.67,0.253731343
McKeand,Native,0.286218956,0.277474432,0.436306612,Canada,Nearctic,-68.54822322,65.53864453,602.7359213,-10.37811144,1291.001958,4.17E-05,100,3,0.72,0.444444444
Mccossiens.Swamp,Native,0.14815612,0,0.85184388,Australia,Australasia,141.3176713,-36.94170461,221.9828093,14.17719296,424.8151271,0.248852868,87.10595764,1,0.76,0.078947368
Mccossiens.Swamp,Non-native,0.110986855,0.083750484,0.805262661,Australia,Australasia,141.3176713,-36.94170461,221.9828093,14.17719296,424.8151271,0.248852868,87.10595764,1,0.76,0.078947368
Mcivor,Native,0.085018834,0.445851021,0.469130145,Australia,Australasia,145.0873106,-15.10000202,508.8213595,25.17217479,209.6737525,0.043331911,99.95657837,13,0.58,0.379310345
Me,Native,0.176265186,0.402245002,0.421489811,Côte d'Ivoire,Afrotropic,-3.844847728,5.906478046,4141.467577,26.51191989,113.9346188,2.644092023,99.9600288,49,0.23,0.608695652
Me,Non-native,0.703714389,0,0.296285611,Côte d'Ivoire,Afrotropic,-3.844847728,5.906478046,4141.467577,26.51191989,113.9346188,2.644092023,99.9600288,49,0.23,0.608695652
Medjerda,Native,0.057907912,0.243441124,0.698650964,Tunisia,Palearctic,8.709682118,36.15056931,23536.53916,16.62923657,687.6643258,4.667188227,93.71956381,7,0.47,0.276595745
Medjerda,Non-native,0.128237134,0.200575835,0.671187031,Tunisia,Palearctic,8.709682118,36.15056931,23536.53916,16.62923657,687.6643258,4.667188227,93.71956381,7,0.47,0.276595745
Medvezhya,Native,0.320510042,0.402896833,0.276593125,Russia,Palearctic,148.8195241,45.48593684,100.1783878,1.395204411,729.727007,0.02500166,99.96443591,1,0.65,0.553846154
Mee.Oya,Native,0.115747641,0.393418037,0.490834322,Sri Lanka,Indo-Malay,80.86341326,8.8912866,109.5533913,27.84470905,173.0844667,3.18362844,99.60676567,28,0.7,0.257142857
Mee.Oya,Non-native,0.417017478,0.239760474,0.343222047,Sri Lanka,Indo-Malay,80.86341326,8.8912866,109.5533913,27.84470905,173.0844667,3.18362844,99.60676567,28,0.7,0.257142857
Meenachil,Native,0.121043829,0.482982453,0.395973718,India,Indo-Malay,76.64870434,9.628218198,1268.428036,27.06290053,101.6335445,13.58659101,99.72064885,12,0.37,0.918918919
Meenachil,Non-native,0.758129529,0.009934655,0.231935816,India,Indo-Malay,76.64870434,9.628218198,1268.428036,27.06290053,101.6335445,13.58659101,99.72064885,12,0.37,0.918918919
Meherrin,Native,0.211195265,0.279910085,0.50889465,United States,Nearctic,-77.42879088,36.77094216,11997.9018,14.63958477,800.1717944,17.71006131,99.93080698,86,0.18,0.666666667
Meherrin,Non-native,0.113577137,0.146480088,0.739942774,United States,Nearctic,-77.42879088,36.77094216,11997.9018,14.63958477,800.1717944,17.71006131,99.93080698,86,0.18,0.666666667
Mekong,Native,0.146834041,0.380702608,0.47246335,Laos,Indo-Malay,102.639447,18.82986479,772599.3466,21.2046995,299.7625716,1.182179883,98.44291204,885,0.58,0.931034483
Mekong,Non-native,0.231491494,0.193640521,0.574867985,Laos,Indo-Malay,102.639447,18.82986479,772599.3466,21.2046995,299.7625716,1.182179883,98.44291204,885,0.58,0.931034483
Melet.Cayi,Native,0.105891751,0.232091181,0.662017068,Turkey,Palearctic,37.82362797,40.5841005,2009.006045,8.110508843,697.1105034,3.290272415,99.86266,35,0.35,0.771428571
Melet.Cayi,Non-native,0.319032376,0.225074707,0.455892916,Turkey,Palearctic,37.82362797,40.5841005,2009.006045,8.110508843,697.1105034,3.290272415,99.86266,35,0.35,0.771428571
Meme,Native,0.346573641,0.40760427,0.245822089,Cameroon,Afrotropic,9.155749853,4.600500779,2011.510761,25.04187827,82.97596773,2.426023304,99.92957894,51,0.47,0.85106383
Mempawah,Native,0.141219578,0.44699708,0.411783342,Indonesia,Indo-Malay,109.2769505,0.520488987,1757.952977,26.47120532,36.86501212,1.608599275,99.97610219,34,0.35,0.657142857
Menik.Ganga,Native,0.111565671,0.390809435,0.497624894,Sri Lanka,Indo-Malay,81.29872841,6.595220449,1373.302801,26.58158086,89.35190021,2.139389753,96.46785514,34,0.31,0.612903226
Menik.Ganga,Non-native,0.417017478,0.239760474,0.343222047,Sri Lanka,Indo-Malay,81.29872841,6.595220449,1373.302801,26.58158086,89.35190021,2.139389753,96.46785514,34,0.31,0.612903226
Mentawak,Native,0.049122848,0.403445125,0.547432027,Malaysia,Indo-Malay,104.2125,2.775,1.707642055,25.21249962,65.88990784,0.04840648,NA,12,0.48,0.4375
Meredith,Native,0.07171562,0.297405688,0.630878693,Australia,Australasia,147.9813374,-42.14593121,113.1588948,11.63885769,320.0646623,2.689648032,99.966429,10,0.28,0.214285714
Meredith,Non-native,0.28782068,0,0.71217932,Australia,Australasia,147.9813374,-42.14593121,113.1588948,11.63885769,320.0646623,2.689648032,99.966429,10,0.28,0.214285714
Mereubo,Native,0.104333051,0.307412146,0.588254803,Indonesia,Indo-Malay,96.4732908,4.420706686,1786.705431,22.74517261,40.98445734,1.234937996,99.4996603,6,0.3,0.666666667
Mereya,Native,0.226363437,0.345625959,0.428010604,Russia,Palearctic,142.943767,46.67656085,115.770155,2.700619652,980.8389401,1.618322492,99.96860305,10,0.5,0.38
Merin,Native,0.221315002,0.454671407,0.324013591,Uruguay,Neotropic,-53.77935972,-32.82210548,56183.2864,17.40964988,429.0871894,0.898613781,97.45370952,130,0.15,0.866666667
Merin,Non-native,0.163809953,0.332959023,0.503231024,Uruguay,Neotropic,-53.77935972,-32.82210548,56183.2864,17.40964988,429.0871894,0.898613781,97.45370952,130,0.15,0.866666667
Mermentau,Native,0.185121893,0.259280282,0.555597825,United States,Nearctic,-92.56452369,30.29614426,7466.812197,19.71127293,657.6637549,11.15016055,99.04611953,63,0.18,0.611111111
Merri,Native,0.076854485,0.363692029,0.559453486,Australia,Australasia,142.4772764,-38.14570103,1066.636183,13.45749523,343.4519057,1.194571897,99.68905684,15,0.43,0.302325581
Merri,Non-native,0.151330378,0.140983497,0.707686125,Australia,Australasia,142.4772764,-38.14570103,1066.636183,13.45749523,343.4519057,1.194571897,99.68905684,15,0.43,0.302325581
Merrimack,Native,0.161265405,0.229642707,0.609091888,United States,Nearctic,-71.59360774,43.15103748,13040.41522,7.298959387,971.8402448,87.77300835,92.36171168,50,0.19,0.736842105
Merrimack,Non-native,0.218566912,0.087747671,0.693685416,United States,Nearctic,-71.59360774,43.15103748,13040.41522,7.298959387,971.8402448,87.77300835,92.36171168,50,0.19,0.736842105
Merriman.creek,Native,0.069415711,0.448409846,0.482174442,Australia,Australasia,146.8766572,-38.31133883,539.0611622,13.27752494,369.325212,2.31544745,99.93069589,5,0.71,0.084507042
Mersey,Native,0.074076275,0.393166356,0.532757369,Australia,Australasia,146.3230071,-41.5840026,1786.236822,9.177939759,331.5199842,1.880469978,89.82933097,15,0.31,0.806451613
Mersey,Non-native,0.342960853,0,0.657039147,Australia,Australasia,146.3230071,-41.5840026,1786.236822,9.177939759,331.5199842,1.880469978,89.82933097,15,0.31,0.806451613
Mert,Native,0.107438029,0.218352721,0.67420925,Turkey,Palearctic,36.10912109,41.11206681,831.7557674,10.63907553,654.3962626,3.114266098,99.50039143,6,0.36,0.444444444
Meshik,Native,0.389321635,0.15942467,0.451253696,United States,Nearctic,-158.3190691,56.70270631,1354.482984,2.379434082,591.4576158,0.00525404,100,7,0.31,0.612903226
Metauro,Native,0.135152975,0.267590072,0.597256953,Italy,Palearctic,12.61742853,43.61989295,1402.130501,12.63348505,682.2531055,23.99927044,99.5780407,11,0.39,0.461538462
Metauro,Non-native,0.160891682,0.178345731,0.660762587,Italy,Palearctic,12.61742853,43.61989295,1402.130501,12.63348505,682.2531055,23.99927044,99.5780407,11,0.39,0.461538462
Meuse,Native,0.097204018,0.165794568,0.737001414,Belgium,Palearctic,5.433652631,50.3513767,32856.16342,9.366747775,574.8797176,68.07288265,95.73793079,43,0.21,0.666666667
Meuse,Non-native,0.195027258,0.115736584,0.689236158,Belgium,Palearctic,5.433652631,50.3513767,32856.16342,9.366747775,574.8797176,68.07288265,95.73793079,43,0.21,0.666666667
Mfolozi,Native,0.082781298,0.357748764,0.559469938,South Africa,Afrotropic,31.38759031,-28.17701268,10206.00667,18.91894776,276.4128221,2.010706693,98.98939378,49,0.37,0.297297297
Mfolozi,Non-native,0.196202209,0.119711969,0.684085823,South Africa,Afrotropic,31.38759031,-28.17701268,10206.00667,18.91894776,276.4128221,2.010706693,98.98939378,49,0.37,0.297297297
Mhlatuzana,Native,0.221264105,0.31549352,0.463242374,South Africa,Afrotropic,30.9485736,-29.85224579,108.4182662,20.30684735,278.9092689,25.13666248,97.94499659,10,0.38,0.342105263
Mhlatuzana,Non-native,0.503718306,0.422519291,0.073762402,South Africa,Afrotropic,30.9485736,-29.85224579,108.4182662,20.30684735,278.9092689,25.13666248,97.94499659,10,0.38,0.342105263
Mhlatuze,Native,0.081258718,0.409913756,0.508827526,South Africa,Afrotropic,31.59565866,-28.67445081,4096.84303,19.7469958,268.7708405,2.700259149,94.23387787,70,0.4,0.225
Mhlatuze,Non-native,0.495913226,0.253119329,0.250967445,South Africa,Afrotropic,31.59565866,-28.67445081,4096.84303,19.7469958,268.7708405,2.700259149,94.23387787,70,0.4,0.225
Mi.Oya,Native,0.12981376,0.374595836,0.495590404,Sri Lanka,Indo-Malay,80.12744039,7.973240557,1498.02598,27.32861283,120.1366572,8.065473676,84.08268123,33,0.62,0.370967742
Mi.Oya,Non-native,0.417017478,0.239760474,0.343222047,Sri Lanka,Indo-Malay,80.12744039,7.973240557,1498.02598,27.32861283,120.1366572,8.065473676,84.08268123,33,0.62,0.370967742
Middle.Harbour,Native,0.030725359,0.477530796,0.491743845,Australia,Australasia,151.1851572,-33.78006849,236.6277117,17.3813377,381.1761186,72.20037842,93.88812224,23,0.28,0.285714286
Middle.Harbour,Non-native,0.413734462,0.586265538,0,Australia,Australasia,151.1851572,-33.78006849,236.6277117,17.3813377,381.1761186,72.20037842,93.88812224,23,0.28,0.285714286
Midfjardara,Native,0.288833184,0,0.711166816,Iceland,Palearctic,-20.65994792,65.10418903,986.7457385,1.741677434,487.0003045,0.079875922,99.99318708,3,0.31,0.322580645
Midfjardara.Bakkafjordur,Native,0.289339436,0,0.710660564,Iceland,Palearctic,-15.29626188,65.87664925,312.2234427,1.591882508,438.5920547,0.027512737,99.99837181,2,0.4,0.525
Midorikawa,Native,0.171876288,0.364951834,0.463171879,Japan,Palearctic,130.8983553,32.6986163,1077.544376,13.91545546,798.0510025,37.97234726,96.14007165,10,0.27,0.666666667
Midorikawa,Non-native,0.284857852,0.514308894,0.200833253,Japan,Palearctic,130.8983553,32.6986163,1077.544376,13.91545546,798.0510025,37.97234726,96.14007165,10,0.27,0.666666667
Mijares,Native,0.137334633,0.249173904,0.613491463,Spain,Palearctic,-0.484541421,40.20565808,4035.901538,11.50733018,632.4411544,5.255480647,90.17236551,12,0.4,0.2
Mijares,Non-native,0.270183984,0.252893838,0.476922178,Spain,Palearctic,-0.484541421,40.20565808,4035.901538,11.50733018,632.4411544,5.255480647,90.17236551,12,0.4,0.2
Mije.josuji,Native,0.10185926,0.382281077,0.515859663,South Korea,Palearctic,126.6985112,35.91992546,28.64154017,12.89227639,939.8704209,34.35796547,99.8325,36,0.27,0.814814815
Mije.josuji,Non-native,0.142428926,0.301261531,0.556309543,South Korea,Palearctic,126.6985112,35.91992546,28.64154017,12.89227639,939.8704209,34.35796547,99.8325,36,0.27,0.814814815
Miliane,Native,0.091039068,0.263854507,0.645106425,Tunisia,Palearctic,9.964340328,36.44824281,2378.876551,18.12804982,653.501572,8.524503589,83.56573287,4,0.55,0.163636364
Miliane,Non-native,0.413734462,0.586265538,0,Tunisia,Palearctic,9.964340328,36.44824281,2378.876551,18.12804982,653.501572,8.524503589,83.56573287,4,0.55,0.163636364
Mimi.kawa,Native,0.111955368,0.142106461,0.74593817,Japan,Palearctic,131.2764829,32.47880003,893.0599899,12.54322619,774.2269908,13.87707996,90.80957952,1,0.25,0.68
Mimi.kawa.2,Native,0.094527125,0.416159496,0.489313379,Japan,Palearctic,135.9474609,35.55125354,166.2086396,13.07658475,844.6823978,66.1495266,99.79437605,11,0.36,0.305555556
Mimi.kawa.2,Non-native,0,0.229875548,0.770124452,Japan,Palearctic,135.9474609,35.55125354,166.2086396,13.07658475,844.6823978,66.1495266,99.79437605,11,0.36,0.305555556
Minab,Native,0.142238579,0.39647932,0.461282101,Iran,Palearctic,57.31538553,27.68004445,10285.92393,23.41388428,655.360315,0.952201128,98.17211984,10,0.7,0.185714286
Minab,Non-native,0.167263442,0.3349659,0.497770658,Iran,Palearctic,57.31538553,27.68004445,10285.92393,23.41388428,655.360315,0.952201128,98.17211984,10,0.7,0.185714286
Minamata,Native,0.11496459,0.400670505,0.484364905,Japan,Palearctic,130.4799414,32.16919769,137.2063301,14.63560607,770.76282,46.36701679,99.74902579,4,0.35,0.542857143
Mineralnyi,Native,0.210337842,0.499414202,0.290247957,Russia,Palearctic,148.1174208,45.21213157,67.33572138,2.965465467,753.8337138,0.02500166,99.97529261,5,0.49,0.673469388
Minho,Native,0.062479259,0.194366156,0.743154585,Spain,Palearctic,-7.429791455,42.57056985,17103.07794,11.31603815,505.593316,9.61636591,93.38359904,16,0.31,0.741935484
Minho,Non-native,0.247325528,0.172349823,0.580324649,Spain,Palearctic,-7.429791455,42.57056985,17103.07794,11.31603815,505.593316,9.61636591,93.38359904,16,0.31,0.741935484
Minilya,Native,0,0.404759408,0.595240592,Australia,Australasia,114.4344006,-23.98055524,29862.90404,24.36712603,520.3948301,0.051444118,99.94908117,1,0.81,0.074074074
Minilya,Non-native,0.758129529,0.009934655,0.231935816,Australia,Australasia,114.4344006,-23.98055524,29862.90404,24.36712603,520.3948301,0.051444118,99.94908117,1,0.81,0.074074074
Mira.Ecuador,Native,0.155272599,0.443146208,0.401581192,Ecuador,Neotropic,-78.20233779,0.85542261,10438.81771,17.03142519,27.26777872,1.877663791,99.84318809,25,0.23,0.391304348
Mira.Portugal,Native,0.08300529,0.234605259,0.682389451,Portugal,Palearctic,-8.474347721,37.56506422,1573.210216,16.11391355,429.0068608,5.604627967,90.23014635,9,0.47,0.340425532
Mira.Portugal,Non-native,0.287685213,0.256847475,0.455467312,Portugal,Palearctic,-8.474347721,37.56506422,1573.210216,16.11391355,429.0068608,5.604627967,90.23014635,9,0.47,0.340425532
Miramichi,Native,0.168490946,0.206299224,0.625209829,Canada,Nearctic,-66.28178584,46.78355816,11800.1784,3.653230912,1076.41353,0.974350169,99.98085907,34,0.32,0.75
Miramichi,Non-native,0.342960853,0,0.657039147,Canada,Nearctic,-66.28178584,46.78355816,11800.1784,3.653230912,1076.41353,0.974350169,99.98085907,34,0.32,0.75
Mishamattawa,Native,0.18231181,0.239317414,0.578370776,Canada,Nearctic,-87.90503833,53.54840924,65918.02961,-2.592482082,1407.473615,0.011351402,99.9082459,39,0.49,0.836734694
Mission,Native,0.185885922,0.160812358,0.65330172,United States,Nearctic,-97.5157899,28.45885987,2576.277963,21.3753193,610.2950456,3.488373041,99.86221323,14,0.37,0.216216216
Mississippi,Native,0.224979495,0.377872133,0.397148371,United States,Nearctic,-96.55322519,41.06315514,3017672.487,9.786770424,987.8277675,7.489850044,95.63983335,426,0.26,0.692307692
Mississippi,Non-native,0.263782407,0.198154727,0.538062866,United States,Nearctic,-96.55322519,41.06315514,3017672.487,9.786770424,987.8277675,7.489850044,95.63983335,426,0.26,0.692307692
Mitchell,Native,0.062626522,0.469680532,0.467692946,Australia,Australasia,125.7559629,-14.98320538,2945.237373,26.39467858,271.4957602,0.01879498,99.99462503,9,0.62,0.467741935
Mitchell.Queensland,Native,0.155710033,0.302714267,0.5415757,Australia,Australasia,143.7424891,-16.29699486,68744.86124,25.32099608,255.066914,0.240480796,99.68245275,60,0.55,0.472727273
Mitchell.Queensland,Non-native,0.493761342,0.506238658,0,Australia,Australasia,143.7424891,-16.29699486,68744.86124,25.32099608,255.066914,0.240480796,99.68245275,60,0.55,0.472727273
Mitchell.Victoria,Native,0.057035386,0.404843476,0.538121139,Australia,Australasia,147.4804027,-37.43231534,8673.424146,11.8138168,425.6982957,0.972247303,99.94006958,36,0.2,0.6
Mitchell.Victoria,Non-native,0.221741627,0.194331717,0.583926656,Australia,Australasia,147.4804027,-37.43231534,8673.424146,11.8138168,425.6982957,0.972247303,99.94006958,36,0.2,0.6
Miya,Native,0.204187018,0.368535414,0.427277567,Japan,Palearctic,136.4149458,34.35910188,841.2290768,13.72549973,786.2432331,62.14790344,91.8101965,11,0.2,0.75
Mkomazi,Native,0.049889875,0.367680538,0.582429587,South Africa,Afrotropic,29.92113447,-29.79894266,4434.643335,15.67099075,337.9552368,6.614034057,99.06516955,48,0.34,0.735294118
Mkomazi,Non-native,0.28782068,0,0.71217932,South Africa,Afrotropic,29.92113447,-29.79894266,4434.643335,15.67099075,337.9552368,6.614034057,99.06516955,48,0.34,0.735294118
Moa,Native,0.176158479,0.406907046,0.416934475,Guinea,Afrotropic,-10.47347138,8.408848697,19604.19213,25.01674539,105.0388007,0.370541301,99.85336664,111,0.57,0.877192982
Moa,Non-native,0,0.10681219,0.89318781,Guinea,Afrotropic,-10.47347138,8.408848697,19604.19213,25.01674539,105.0388007,0.370541301,99.85336664,111,0.57,0.877192982
Modaragam.Aru,Native,0.115747641,0.393418037,0.490834322,Sri Lanka,Indo-Malay,80.18660964,8.42182646,994.5805236,27.42528061,142.9850189,3.077573329,99.37744374,28,0.73,0.273972603
Modaragam.Aru,Non-native,0.417017478,0.239760474,0.343222047,Sri Lanka,Indo-Malay,80.18660964,8.42182646,994.5805236,27.42528061,142.9850189,3.077573329,99.37744374,28,0.73,0.273972603
Moeraki,Native,0.044190817,0.357772977,0.598036206,New Zealand,Australasia,169.3619022,-43.78053374,109.3381088,9.410108889,353.8398025,0.020543612,99.96077463,12,0.21,0.380952381
Moeraki,Non-native,0.28782068,0,0.71217932,New Zealand,Australasia,169.3619022,-43.78053374,109.3381088,9.410108889,353.8398025,0.020543612,99.96077463,12,0.21,0.380952381
Mogami,Native,0.111955368,0.142106461,0.74593817,Japan,Palearctic,140.1959854,38.43784108,6902.723762,9.691375584,927.6460312,49.07419395,96.73111338,1,0.3,0.533333333
Mogocenega,Native,0.200400729,0.406809816,0.392789455,Panama,Neotropic,-78.12115136,8.305861204,183.9631547,26.30482674,47.74758762,0.221943576,99.93425088,15,0.43,0.813953488
Mogral,Native,0.108851613,0.483802324,0.407346064,India,Indo-Malay,75.04753055,12.54367625,105.7792841,27.03271001,133.2712048,6.233008027,99.8357094,21,0.57,0.807017544
Mogral,Non-native,0.758129529,0.009934655,0.231935816,India,Indo-Malay,75.04753055,12.54367625,105.7792841,27.03271001,133.2712048,6.233008027,99.8357094,21,0.57,0.807017544
Mohaka,Native,0.018664207,0.39676795,0.584567843,New Zealand,Australasia,176.5909364,-39.04370895,2448.083004,9.933578099,380.9004232,2.239828229,99.89167528,14,0.27,0.592592593
Mohaka,Non-native,0.265636187,0.027916828,0.706446985,New Zealand,Australasia,176.5909364,-39.04370895,2448.083004,9.933578099,380.9004232,2.239828229,99.89167528,14,0.27,0.592592593
Moho,Native,0.350843509,0.360460658,0.288695832,Belize,Neotropic,-89.14802734,16.18728924,1188.971599,24.20948672,145.4265317,0.554806672,99.83677935,25,0.35,0.8
Moisie,Native,0.216357797,0.099652091,0.683990112,Canada,Nearctic,-66.42401315,51.71087096,18955.59878,-2.900369772,1248.297083,0.246107236,99.99886375,16,0.51,0.843137255
Mojave,Native,0.398101026,0,0.601898974,United States,Nearctic,-116.5400566,34.86766515,10190.9155,17.94919378,803.7359918,31.07457399,97.50144718,1,0.64,0.140625
Mokau,Native,0.037237109,0.407945156,0.554817735,New Zealand,Australasia,175.0280385,-38.55089966,1456.633259,12.63329484,355.5567817,0.768799022,99.87780131,18,0.24,0.708333333
Mokau,Non-native,0.330996615,0.122652161,0.546351225,New Zealand,Australasia,175.0280385,-38.55089966,1456.633259,12.63329484,355.5567817,0.768799022,99.87780131,18,0.24,0.708333333
Mokihinui,Native,0.044190817,0.37499509,0.580814094,New Zealand,Australasia,172.1837201,-41.55024254,735.9471409,8.876650595,367.2976009,0.405227885,99.98399758,12,0.18,0.611111111
Mokihinui,Non-native,0.28782068,0,0.71217932,New Zealand,Australasia,172.1837201,-41.55024254,735.9471409,8.876650595,367.2976009,0.405227885,99.98399758,12,0.18,0.611111111
Monbetsu,Native,0.113186807,0.354388958,0.532424235,Japan,Palearctic,143.3457718,44.16955622,214.5139568,4.684850671,977.8403797,1.637777478,99.92016658,7,0.38,0.578947368
Mondego,Native,0.088239809,0.228185688,0.683574503,Portugal,Palearctic,-8.067586735,40.34516584,6663.096422,14.22508359,473.1594458,12.09005189,96.00660552,21,0.34,0.5
Mondego,Non-native,0.208450927,0.17223132,0.619317753,Portugal,Palearctic,-8.067586735,40.34516584,6663.096422,14.22508359,473.1594458,12.09005189,96.00660552,21,0.34,0.5
Monkey,Native,0.428868172,0.326440971,0.244690856,Belize,Neotropic,-88.64197711,16.60894125,863.5715185,24.57284923,160.6330282,0.241447851,99.90218901,19,0.37,0.837837838
Mono,Native,0.180637404,0.371276274,0.448086321,Togo,Afrotropic,1.309168509,7.883556828,24234.64268,26.58734822,139.4189419,0.844058871,97.16221548,86,0.54,0.685185185
Mont.Louis,Native,0.225246187,0,0.774753813,Canada,Nearctic,-65.71802181,49.09414883,292.2698018,1.077509646,1069.896419,0.090436503,99.99475361,3,0.48,0.729166667
Montagu,Native,0.047007549,0.336017021,0.61697543,Australia,Australasia,144.9258342,-40.93515289,356.1844439,12.38792578,259.9038681,0.06868169,99.94885287,6,0.44,0.636363636
Montagu,Non-native,0.28782068,0,0.71217932,Australia,Australasia,144.9258342,-40.93515289,356.1844439,12.38792578,259.9038681,0.06868169,99.94885287,6,0.44,0.636363636
Moongil.Ara,Native,0.115747641,0.393418037,0.490834322,Sri Lanka,Indo-Malay,79.85923759,8.177238648,143.3953932,27.54554326,128.5148206,0.436186798,99.61356707,28,0.57,0.438596491
Moongil.Ara,Non-native,0.417017478,0.239760474,0.343222047,Sri Lanka,Indo-Malay,79.85923759,8.177238648,143.3953932,27.54554326,128.5148206,0.436186798,99.61356707,28,0.57,0.438596491
Moorabool,Native,0.07483795,0.404552283,0.520609767,Australia,Australasia,144.5766841,-37.89802073,129.8556292,14.69361842,390.1774037,32.82124233,99.63090811,12,0.29,0.24137931
Moorabool,Non-native,0.172949003,0.154343284,0.672707713,Australia,Australasia,144.5766841,-37.89802073,129.8556292,14.69361842,390.1774037,32.82124233,99.63090811,12,0.29,0.24137931
Moorea,Native,0.015523919,0.327355925,0.657120156,French Polynesia,Australasia,-149.800463,-17.55277778,14.68782571,23.90859377,126.5173197,5.182930946,NA,10,0.54,0.240740741
Moorea,Non-native,0.625945436,0.258086656,0.115967908,French Polynesia,Australasia,-149.800463,-17.55277778,14.68782571,23.90859377,126.5173197,5.182930946,NA,10,0.54,0.240740741
Moose,Native,0.173553301,0.221829447,0.604617252,Canada,Nearctic,-81.86312269,49.31207263,108024.9885,0.579768339,1279.081761,0.28909193,98.9148912,35,0.44,0.772727273
Moovattupuzha,Native,0.243072636,0.410248082,0.346679282,India,Indo-Malay,76.64313863,9.894429418,1800.411298,26.95772976,107.4917189,14.31386662,98.13143284,4,0.38,0.894736842
Mopo,Native,0.074064097,0.296653324,0.629282579,South Korea,Palearctic,129.4812267,35.93961487,45.82155492,13.15260422,839.8637657,76.24979115,99.58295708,9,0.46,0.239130435
Mopo,Non-native,0,0.088214167,0.911785833,South Korea,Palearctic,129.4812267,35.93961487,45.82155492,13.15260422,839.8637657,76.24979115,99.58295708,9,0.46,0.239130435
Morehead,Native,0.224227928,0.355794267,0.419977805,Papua New Guinea,Australasia,141.4624449,-8.683997793,5541.327055,26.82897911,96.72334702,0.024776415,99.99479925,57,0.34,0.823529412
Morehead,Non-native,0.179713367,0.333803371,0.486483262,Papua New Guinea,Australasia,141.4624449,-8.683997793,5541.327055,26.82897911,96.72334702,0.024776415,99.99479925,57,0.34,0.823529412
Mori,Native,0,0.586023955,0.413976045,Papua New Guinea,Australasia,148.4707678,-9.920596443,890.3672614,23.65908694,107.4189748,0.081199246,99.95132728,1,0.27,0.62962963
Morrumsan,Native,0.111232628,0.137709955,0.751057417,Sweden,Palearctic,14.79153852,56.89190279,3384.307845,6.123126559,679.3387185,4.716931224,99.85199752,19,0.27,0.407407407
Morrumsan,Non-native,0.369289219,0,0.630710781,Sweden,Palearctic,14.79153852,56.89190279,3384.307845,6.123126559,679.3387185,4.716931224,99.85199752,19,0.27,0.407407407
Moruga,Native,0.284917606,0.405363945,0.309718449,Trinidad and Tobago,Neotropic,-61.21421053,10.14912281,159.9364939,26.22938593,57.16208205,17.19340992,99.980672,15,0.33,0.787878788
Moruka,Native,0.196332437,0.385632848,0.418034714,Guyana,Neotropic,-58.96638739,7.554468097,725.3376826,26.62793406,50.13976335,0.05263688,99.99459063,51,0.31,0.774193548
Moruya,Native,0.034198835,0.393279397,0.572521768,Australia,Australasia,149.849617,-35.8382797,1435.203477,13.86491558,395.7521296,9.748818874,99.95633599,18,0.55,0.090909091
Moruya,Non-native,0.28782068,0,0.71217932,Australia,Australasia,149.849617,-35.8382797,1435.203477,13.86491558,395.7521296,9.748818874,99.95633599,18,0.55,0.090909091
Mosquito.creek,Native,0.113621568,0.53828217,0.348096262,Australia,Australasia,141.0381702,-37.0576518,1278.079489,14.26287493,400.749572,0.579778589,97.92862373,7,0.69,0.115942029
Mosquito.creek,Non-native,0.174907106,0.252743396,0.572349498,Australia,Australasia,141.0381702,-37.0576518,1278.079489,14.26287493,400.749572,0.579778589,97.92862373,7,0.69,0.115942029
Mossman,Native,0.076398944,0.359872543,0.563728513,Australia,Australasia,145.333121,-16.48386598,217.7683195,21.76406828,256.3954371,3.046901226,99.96576625,27,0.57,0.368421053
Motagua,Native,0.392608104,0.369897609,0.237494286,Guatemala,Neotropic,-89.71134991,14.96830005,16271.0516,21.79520904,124.5160625,7.058486819,99.84098257,43,0.47,0.872340426
Motoro,Native,0.238123941,0.37677723,0.385098829,Costa Rica,Neotropic,-85.32169088,10.05361075,454.0137754,26.01712612,82.80025258,1.591403991,99.78163549,15,0.53,0.735849057
Motu,Native,0.037877843,0.401294531,0.560827626,New Zealand,Australasia,177.6729866,-38.10869854,1417.090113,10.72705452,364.2931455,0.44966644,99.94767744,14,0.26,0.576923077
Motu,Non-native,0.342960853,0,0.657039147,New Zealand,Australasia,177.6729866,-38.10869854,1417.090113,10.72705452,364.2931455,0.44966644,99.94767744,14,0.26,0.576923077
Motueka,Native,0.049883141,0.399026975,0.551089884,New Zealand,Australasia,172.7762539,-41.44793116,2027.934861,9.762137915,382.2057154,0.481194846,99.78356715,16,0.21,0.619047619
Motueka,Non-native,0.07195517,0.080518688,0.847526142,New Zealand,Australasia,172.7762539,-41.44793116,2027.934861,9.762137915,382.2057154,0.481194846,99.78356715,16,0.21,0.619047619
Motunau,Native,0,0.41313851,0.58686149,New Zealand,Australasia,173.0314216,-43.01208825,320.6754658,11.48541665,375.4283474,3.647389829,99.8465724,7,0.27,0.518518519
Moulouya,Native,0.031031197,0.218275619,0.750693184,Morocco,Palearctic,-2.907666602,33.60982431,66518.79886,15.03602561,683.8485546,1.083283722,98.91687125,6,0.51,0.117647059
Moulouya,Non-native,0.28782068,0,0.71217932,Morocco,Palearctic,-2.907666602,33.60982431,66518.79886,15.03602561,683.8485546,1.083283722,98.91687125,6,0.51,0.117647059
Moutere,Native,0.014988256,0.360608539,0.624403205,New Zealand,Australasia,172.9872444,-41.23681099,148.5285421,12.40474895,377.9894376,1.001099259,99.59570257,8,0.25,0.64
Moutere,Non-native,0,0.10735825,0.89264175,New Zealand,Australasia,172.9872444,-41.23681099,148.5285421,12.40474895,377.9894376,1.001099259,99.59570257,8,0.25,0.64
Moyanjiang,Native,0.1089389,0.399949068,0.491112031,China,Indo-Malay,111.7238831,22.20273577,4926.056953,22.04026456,520.2445902,5.752724349,96.91899413,72,0.35,0.714285714
Moyanjiang,Non-native,0.102837449,0.20084102,0.69632153,China,Indo-Malay,111.7238831,22.20273577,4926.056953,22.04026456,520.2445902,5.752724349,96.91899413,72,0.35,0.714285714
Moyle,Native,0.110647686,0.372003106,0.517349208,Australia,Australasia,130.0437478,-14.25350018,3385.498286,26.92606203,241.5511973,0.025179428,99.98689846,25,0.6,0.533333333
Moyne,Native,0.041298399,0.478214054,0.480487548,Australia,Australasia,142.2628491,-38.16927625,752.2481469,13.58844288,336.5755395,1.233104602,99.8550369,11,0.51,0.294117647
Mpambanyoni,Native,0.127856161,0.370885996,0.501257843,South Africa,Afrotropic,30.44614102,-30.21781228,547.3665373,18.73726126,276.5606151,4.65536809,99.94241293,16,0.69,0.086956522
Mpambanyoni,Non-native,0.480781392,0.303207283,0.216011325,South Africa,Afrotropic,30.44614102,-30.21781228,547.3665373,18.73726126,276.5606151,4.65536809,99.94241293,16,0.69,0.086956522
Mtata,Native,0.06696698,0.35553858,0.57749444,South Africa,Afrotropic,28.74707124,-31.63904783,2613.337813,17.17265362,299.2096588,1.614507169,91.79664308,56,0.29,0.620689655
Mtata,Non-native,0.280452532,0.124078741,0.595468727,South Africa,Afrotropic,28.74707124,-31.63904783,2613.337813,17.17265362,299.2096588,1.614507169,91.79664308,56,0.29,0.620689655
Muar,Native,0.146413897,0.392588841,0.460997262,Malaysia,Indo-Malay,102.6468791,2.518044705,6042.359736,26.50296515,49.57261222,11.16545165,99.47196685,78,0.29,0.413793103
Muar,Non-native,0.037952714,0.319424359,0.642622928,Malaysia,Indo-Malay,102.6468791,2.518044705,6042.359736,26.50296515,49.57261222,11.16545165,99.47196685,78,0.29,0.413793103
Mucuri,Native,0.225782363,0.312038088,0.462179549,Brazil,Neotropic,-41.07618426,-17.58109355,15562.80515,22.94099894,184.9464015,0.749537244,99.92663477,61,0.22,0.363636364
Mucuri,Non-native,0.265882043,0.212786741,0.521331216,Brazil,Neotropic,-41.07618426,-17.58109355,15562.80515,22.94099894,184.9464015,0.749537244,99.92663477,61,0.22,0.363636364
Muda,Native,0.089375966,0.39435475,0.516269283,Malaysia,Indo-Malay,100.8015083,5.808230624,4244.142689,26.18444555,50.59840074,15.26138997,97.81670964,19,0.29,0.75862069
Muir,Native,0.097257962,0.545682029,0.357060009,Australia,Australasia,116.7160499,-34.46984733,320.0521333,15.03000184,349.2740595,0.427061155,99.95821091,4,0.77,0.103896104
Muir,Non-native,0.525899607,0.474100393,0,Australia,Australasia,116.7160499,-34.46984733,320.0521333,15.03000184,349.2740595,0.427061155,99.95821091,4,0.77,0.103896104
Mulege,Native,0.047586934,0.358982856,0.59343021,Mexico,Nearctic,-112.0899672,26.79578334,701.9271637,23.29213976,561.6920213,0.205309078,99.54233437,16,0.9,0.044444444
Mulege,Non-native,0.493761342,0.506238658,0,Mexico,Nearctic,-112.0899672,26.79578334,701.9271637,23.29213976,561.6920213,0.205309078,99.54233437,16,0.9,0.044444444
Mulgrave,Native,0.072330813,0.389503883,0.538165304,Australia,Australasia,145.8166875,-17.27822673,1386.460262,22.12666176,270.3015329,1.627479613,99.93936303,61,0.3,0.666666667
Mulgrave,Non-native,0.515186763,0.482175296,0.002637941,Australia,Australasia,145.8166875,-17.27822673,1386.460262,22.12666176,270.3015329,1.627479613,99.93936303,61,0.3,0.666666667
Mullins,Native,0.195930219,0.394962907,0.409106874,Belize,Neotropic,-88.40405764,17.06675229,126.0735239,24.74177483,165.4165748,0.664346583,99.91491367,6,0.37,0.756756757
Mundau,Native,0.09578008,0.339615741,0.564604179,Brazil,Neotropic,-36.19305097,-9.079176936,4129.477246,22.35077608,143.8033534,3.009122133,99.80864828,82,0.67,0.119402985
Mundau,Non-native,0.277206221,0.375014139,0.34777964,Brazil,Neotropic,-36.19305097,-9.079176936,4129.477246,22.35077608,143.8033534,3.009122133,99.80864828,82,0.67,0.119402985
Mundeni.Aru,Native,0.116886926,0.370966007,0.512147067,Sri Lanka,Indo-Malay,81.36632368,7.525251546,1332.091109,27.32911887,141.7159466,3.374859512,95.03707505,31,0.45,0.6
Mundeni.Aru,Non-native,0.417017478,0.239760474,0.343222047,Sri Lanka,Indo-Malay,81.36632368,7.525251546,1332.091109,27.32911887,141.7159466,3.374859512,95.03707505,31,0.45,0.6
Murchison,Native,0.026301659,0.419099428,0.554598913,Australia,Australasia,117.1432329,-26.69583363,66060.90387,22.20102378,636.5828122,0.016380689,99.97741471,10,0.69,0.086956522
Muromi,Native,0.140514224,0.385546831,0.473938945,Japan,Palearctic,130.3321686,33.50991545,119.1644307,14.62840239,782.531259,140.6259251,97.11804735,15,0.31,0.516129032
Murrah,Native,0,0.41303705,0.58696295,Australia,Australasia,149.8978258,-36.50033008,183.5089456,14.60480176,369.9918921,0.967430547,99.93522299,3,0.28,0.178571429
Murray,Native,0.081370221,0.358834781,0.559794998,Australia,Australasia,116.4364892,-32.76141076,11197.07964,16.49808771,462.5253432,4.851365328,95.58433959,16,0.6,0.3
Murray,Non-native,0.308117963,0.193437444,0.498444593,Australia,Australasia,116.4364892,-32.76141076,11197.07964,16.49808771,462.5253432,4.851365328,95.58433959,16,0.6,0.3
Murray.Darling,Native,0.094087386,0.374489532,0.531423082,Australia,Australasia,147.1175005,-31.19136748,814275.8257,17.82976639,571.0021513,1.126797363,96.35368123,56,0.2,0.4
Murray.Darling,Non-native,0.19949412,0.158390429,0.642115452,Australia,Australasia,147.1175005,-31.19136748,814275.8257,17.82976639,571.0021513,1.126797363,96.35368123,56,0.2,0.4
Murray.creek,Native,0.060195961,0.598201843,0.341602196,Australia,Australasia,148.81671,-21.00036584,399.5736628,22.26884645,352.8739843,0.472061969,99.56931678,3,0.53,0.188679245
Musa,Native,0.017631427,0.57731642,0.405052153,Papua New Guinea,Australasia,148.5832927,-9.535452037,6112.900788,22.39864774,91.04438622,0.10616974,99.99997555,6,0.38,0.526315789
Musi,Native,0.159043228,0.316197842,0.524758929,Indonesia,Indo-Malay,103.6886019,-3.462389995,54604.5989,25.36430254,33.78273521,2.945488632,99.82536241,126,0.43,0.604651163
Musi,Non-native,0.075905427,0.469586294,0.454508279,Indonesia,Indo-Malay,103.6886019,-3.462389995,54604.5989,25.36430254,33.78273521,2.945488632,99.82536241,126,0.43,0.604651163
Musone,Native,0.113848665,0.242649447,0.643501887,Italy,Palearctic,13.3745941,43.44164378,637.4328838,13.32261439,667.6443086,23.99927044,83.08718934,8,0.36,0.333333333
Musone,Non-native,0,0.108443781,0.891556219,Italy,Palearctic,13.3745941,43.44164378,637.4328838,13.32261439,667.6443086,23.99927044,83.08718934,8,0.36,0.333333333
Mustoja,Native,0.131861905,0.195046143,0.673091951,Estonia,Palearctic,26.14759493,59.47624126,153.3819353,5.129046938,828.0373504,0.545049332,99.90294516,13,0.28,0.357142857
Mwena,Native,0.147876042,0.573507484,0.278616474,Kenya,Afrotropic,39.1366254,-4.467864052,832.0514371,25.64405815,157.8746056,3.095584929,99.91667556,5,0.55,0.2
Myakka,Native,0.218501466,0.358686269,0.422812265,United States,Nearctic,-82.2119411,27.23935291,1310.016346,22.65522041,435.4650264,64.23143959,99.76835196,43,0.26,0.692307692
Myakka,Non-native,0.436710605,0.13820199,0.425087406,United States,Nearctic,-82.2119411,27.23935291,1310.016346,22.65522041,435.4650264,64.23143959,99.76835196,43,0.26,0.692307692
Myall.Crawford,Native,0.054388519,0.404757344,0.540854137,Australia,Australasia,152.2263232,-32.41682637,951.4028557,17.6254103,379.8254131,1.039050639,99.91877624,24,0.45,0.155555556
Myall.Crawford,Non-native,0.413734462,0.586265538,0,Australia,Australasia,152.2263232,-32.41682637,951.4028557,17.6254103,379.8254131,1.039050639,99.91877624,24,0.45,0.155555556
Myonsu.dong,Native,0.06225288,0.202871062,0.734876059,South Korea,Palearctic,126.8126961,33.48446078,60.84682788,14.49370036,775.4595758,9.196617484,99.95997904,8,0.31,0.419354839
Myponga,Native,0.082711236,0.385692755,0.53159601,Australia,Australasia,138.4976052,-35.37492627,135.245095,14.64621996,370.3876739,7.522536516,52.60493222,3,0.52,0.25
Mzimkulu,Native,0.133136698,0.341419466,0.525443836,South Africa,Afrotropic,29.73948955,-30.19971459,6726.538841,15.80039008,334.3494928,1.482373089,95.80142447,27,0.36,0.666666667
Mzimvubu,Native,0.076215256,0.318820481,0.604964263,South Africa,Afrotropic,28.85300709,-30.76763198,19884.14231,15.25202239,366.3781627,0.775143221,97.54278827,38,0.32,0.78125
Mzimvubu,Non-native,0.297151617,0.059855984,0.642992399,South Africa,Afrotropic,28.85300709,-30.76763198,19884.14231,15.25202239,366.3781627,0.775143221,97.54278827,38,0.32,0.78125
Mzumbe,Native,0.100617099,0.452567187,0.446815714,South Africa,Afrotropic,30.30479446,-30.48608202,537.0378459,19.31973443,256.1327237,4.655368209,99.95053609,1,0.74,0.067567568
Mzumbe,Non-native,0.493761342,0.506238658,0,South Africa,Afrotropic,30.30479446,-30.48608202,537.0378459,19.31973443,256.1327237,4.655368209,99.95053609,1,0.74,0.067567568
Na.aman,Native,0.151615807,0.222471281,0.625912912,Israel,Palearctic,35.23026492,32.88354369,310.2681609,18.95724805,581.5809035,31.73361651,96.79644906,9,0.55,0.545454545
Nacaome,Native,0.301857877,0.352850149,0.345291975,Honduras,Neotropic,-87.41707748,13.74233775,2557.56062,24.28233566,100.0634076,3.038520515,99.95644591,24,0.46,0.913043478
Nacaome,Non-native,0.647694139,0.352305861,0,Honduras,Neotropic,-87.41707748,13.74233775,2557.56062,24.28233566,100.0634076,3.038520515,99.95644591,24,0.46,0.913043478
Nadgee,Native,0.00915339,0.399654539,0.591192071,Australia,Australasia,149.9005451,-37.43120735,71.73532237,14.50625002,324.2374185,0.391228259,100,13,0.38,0.131578947
Nadym,Native,0.144404853,0.139455925,0.716139221,Russia,Palearctic,72.63341503,64.90631018,65043.78625,-5.54602048,1415.385531,0.183784705,99.99731122,28,0.54,0.851851852
Naeng.chon,Native,0.084123745,0.350959841,0.564916414,South Korea,Palearctic,129.3965026,35.93217319,103.8177838,12.63586111,870.9863338,73.28940678,89.26682721,13,0.44,0.272727273
Naeng.chon,Non-native,0,0.088214167,0.911785833,South Korea,Palearctic,129.3965026,35.93217319,103.8177838,12.63586111,870.9863338,73.28940678,89.26682721,13,0.44,0.272727273
Nagan,Native,0.08812464,0.485351251,0.426524109,Indonesia,Indo-Malay,96.48583468,4.287216292,979.0827599,23.28635836,41.79341731,1.234937951,99.92212043,6,0.29,0.655172414
Nahoon.River,Native,0.122506471,0.211744985,0.665748545,South Africa,Afrotropic,27.69350011,-32.84383584,593.8094701,17.94711818,252.4655649,3.973262072,85.95810978,7,0.5,0.16
Nahoon.River,Non-native,0.131875456,0.114515605,0.753608939,South Africa,Afrotropic,27.69350011,-32.84383584,593.8094701,17.94711818,252.4655649,3.973262072,85.95810978,7,0.5,0.16
Naivasha,Native,0.138604097,0.805880079,0.055515824,Kenya,Afrotropic,36.42129939,-0.526982759,3465.936086,14.2385319,89.53013166,2.337846398,98.96368865,1,0.2,0.7
Naivasha,Non-native,0.351432408,0.267551619,0.381015973,Kenya,Afrotropic,36.42129939,-0.526982759,3465.936086,14.2385319,89.53013166,2.337846398,98.96368865,1,0.2,0.7
Naka.Ibaraki,Native,0.168272066,0.262872448,0.568855486,Japan,Palearctic,140.1565031,36.72086917,3152.855203,11.72554008,818.2200783,69.44086647,96.26981796,8,0.3,0.666666667
Naka.Ibaraki,Non-native,0.198989225,0.174658379,0.626352396,Japan,Palearctic,140.1565031,36.72086917,3152.855203,11.72554008,818.2200783,69.44086647,96.26981796,8,0.3,0.666666667
Nakdong,Native,0.13631536,0.394436982,0.469247658,South Korea,Palearctic,128.4872444,36.04189296,23300.18342,11.42051926,939.549533,58.28438187,94.2718456,110,0.28,0.857142857
Nakdong,Non-native,0.175791268,0.1502214,0.673987331,South Korea,Palearctic,128.4872444,36.04189296,23300.18342,11.42051926,939.549533,58.28438187,94.2718456,110,0.28,0.857142857
Nam.chon,Native,0.15497093,0.341495852,0.503533218,South Korea,Palearctic,128.4578927,38.3349909,64.3748973,10.8447097,888.5955063,1.689056039,99.92349011,30,0.37,0.378378378
Nam.chon,Non-native,0,0.088214167,0.911785833,South Korea,Palearctic,128.4578927,38.3349909,64.3748973,10.8447097,888.5955063,1.689056039,99.92349011,30,0.37,0.378378378
Namadagas.Ara,Native,0.115747641,0.393418037,0.490834322,Sri Lanka,Indo-Malay,81.57164421,6.518122685,107.7740703,27.22607411,101.6750796,2.139389724,99.83051988,28,0.58,0.275862069
Namadagas.Ara,Non-native,0.417017478,0.239760474,0.343222047,Sri Lanka,Indo-Malay,81.57164421,6.518122685,107.7740703,27.22607411,101.6750796,2.139389724,99.83051988,28,0.58,0.275862069
Namak,Native,0.107709514,0.311467746,0.58082274,Iran,Palearctic,50.29074055,34.90012302,92386.91256,13.48801413,949.5815974,10.82466269,97.77440148,15,0.53,0.566037736
Namak,Non-native,0.152103968,0.14145918,0.706436853,Iran,Palearctic,50.29074055,34.90012302,92386.91256,13.48801413,949.5815974,10.82466269,97.77440148,15,0.53,0.566037736
Namakada.Aru,Native,0.115747641,0.393418037,0.490834322,Sri Lanka,Indo-Malay,81.72675383,7.558634546,22.95091405,28.10303038,147.4981329,3.374859512,99.5212,28,0.69,0.275362319
Namakada.Aru,Non-native,0.417017478,0.239760474,0.343222047,Sri Lanka,Indo-Malay,81.72675383,7.558634546,22.95091405,28.10303038,147.4981329,3.374859512,99.5212,28,0.69,0.275362319
Nambari,Native,0.05402245,0.225699871,0.720277679,Japan,Palearctic,136.7376835,34.31382197,7.70450374,15.50719703,746.3038441,62.14790154,99.92549639,4,0.31,0.322580645
Nambari,Non-native,0.07581707,0.074371411,0.849811519,Japan,Palearctic,136.7376835,34.31382197,7.70450374,15.50719703,746.3038441,62.14790154,99.92549639,4,0.31,0.322580645
Nambucca,Native,0.057097766,0.426415674,0.516486561,Australia,Australasia,152.7636702,-30.69991206,1308.516813,17.94908301,378.2877988,2.233936042,99.92459467,35,0.3,0.333333333
Nambucca,Non-native,0.413734462,0.586265538,0,Australia,Australasia,152.7636702,-30.69991206,1308.516813,17.94908301,378.2877988,2.233936042,99.92459467,35,0.3,0.333333333
Namdae,Native,0.136761962,0.343875562,0.519362476,South Korea,Palearctic,129.3524231,36.72070164,147.6025306,11.23304401,901.8878886,9.85035789,99.93491449,26,0.45,0.244444444
Namdae,Non-native,0,0.088214167,0.911785833,South Korea,Palearctic,129.3524231,36.72070164,147.6025306,11.23304401,901.8878886,9.85035789,99.93491449,26,0.45,0.244444444
Namorona,Native,0,0,1,Madagascar,Afrotropic,47.68663577,-21.41512443,2078.621713,20.87133519,248.1392466,0.574006155,99.94697609,1,0.31,0.806451613
Namorona,Non-native,0.53078035,0.268154303,0.201065347,Madagascar,Afrotropic,47.68663577,-21.41512443,2078.621713,20.87133519,248.1392466,0.574006155,99.94697609,1,0.31,0.806451613
Namphu,Native,0.213673026,0.35071912,0.435607854,Thailand,Indo-Malay,99.31310696,10.74789694,177.7901207,26.76787384,102.618807,1.007739186,99.80039887,13,0.55,0.345454545
Namsang.chon,Native,0.118080909,0.354744947,0.527174143,South Korea,Palearctic,126.9384067,34.63059643,86.48089954,13.20079862,879.003363,9.537025809,99.84049128,31,0.44,0.454545455
Namsang.chon,Non-native,0,0.088214167,0.911785833,South Korea,Palearctic,126.9384067,34.63059643,86.48089954,13.20079862,879.003363,9.537025809,99.84049128,31,0.44,0.454545455
Namsen,Native,0.254104715,0.067149472,0.678745813,Norway,Palearctic,12.97441735,64.68334546,6229.994498,1.779912173,707.2705497,0.304175362,97.89551196,6,0.31,0.741935484
Namsen,Non-native,0.599142002,0,0.400857998,Norway,Palearctic,12.97441735,64.68334546,6229.994498,1.779912173,707.2705497,0.304175362,97.89551196,6,0.31,0.741935484
Nandu,Native,0.120361189,0.329930335,0.549708476,China,Indo-Malay,109.9683034,19.48161582,7104.775555,23.81322888,377.956829,3.322113842,94.84028777,93,0.34,0.794117647
Nandu,Non-native,0.337492468,0.159484631,0.5030229,China,Indo-Malay,109.9683034,19.48161582,7104.775555,23.81322888,377.956829,3.322113842,94.84028777,93,0.34,0.794117647
Nanliujiang,Native,0.10330071,0.344426245,0.552273045,China,Indo-Malay,109.7013486,22.22630422,9344.902057,21.65443294,576.0987923,4.975376725,95.80630631,80,0.32,0.8125
Nanliujiang,Non-native,0.236644275,0.241114577,0.522241148,China,Indo-Malay,109.7013486,22.22630422,9344.902057,21.65443294,576.0987923,4.975376725,95.80630631,80,0.32,0.8125
Nansen.sui,Native,0.127303786,0.346003926,0.526692288,South Korea,Palearctic,128.6673543,35.21978978,116.2591023,13.36709858,876.3558413,121.638588,95.92113948,19,0.35,0.6
Nansen.sui,Non-native,0,0.088214167,0.911785833,South Korea,Palearctic,128.6673543,35.21978978,116.2591023,13.36709858,876.3558413,121.638588,95.92113948,19,0.35,0.6
Nanticoke,Native,0.218203052,0.262214686,0.519582263,United States,Nearctic,-75.63276267,38.66267615,1837.976752,13.21567713,850.7061195,13.49891472,99.80791344,44,0.18,0.666666667
Nantucket.Island,Native,0.171318662,0.262570219,0.566111119,United States,Nearctic,-70.06395201,41.28365319,157.141995,10.16585586,753.9412037,17.60102057,99.84244783,35,0.39,0.41025641
Napa,Native,0.231298529,0.154663211,0.61403826,United States,Nearctic,-122.366243,38.3803032,1106.748122,14.81917175,503.0260651,50.17652035,93.88731748,12,0.42,0.428571429
Napa,Non-native,0.172955613,0.15876447,0.668279917,United States,Nearctic,-122.366243,38.3803032,1106.748122,14.81917175,503.0260651,50.17652035,93.88731748,12,0.42,0.428571429
Naposta.Chico,Native,0.300592495,0.430307036,0.269100469,Argentina,Neotropic,-61.88547629,-38.58041466,1392.572068,14.44327342,538.6730383,0.881989434,99.82092688,4,0.8,0.0375
Naposta.Grande,Native,0.239032337,0.447178824,0.313788839,Argentina,Neotropic,-62.13993636,-38.40243726,1295.687149,14.35795692,550.3435051,1.400172353,99.44006945,7,0.89,0.033707865
Naposta.Grande,Non-native,0.398101026,0,0.601898974,Argentina,Neotropic,-62.13993636,-38.40243726,1295.687149,14.35795692,550.3435051,1.400172353,99.44006945,7,0.89,0.033707865
Naracoorte.creek,Native,0.149638771,0.256851087,0.593510142,Australia,Australasia,141.0015188,-36.81747448,919.5366455,14.49562721,415.0870494,0.280709624,92.26766308,2,0.71,0.084507042
Naracoorte.creek,Non-native,0.110986855,0.083750484,0.805262661,Australia,Australasia,141.0015188,-36.81747448,919.5366455,14.49562721,415.0870494,0.280709624,92.26766308,2,0.71,0.084507042
Narcea,Native,0.124676361,0.156442774,0.718880866,Spain,Palearctic,-6.03340283,43.21688193,4914.218525,10.51495958,479.9113182,10.07853913,96.93693308,8,0.18,0.888888889
Narcea,Non-native,0.19320593,0.044622847,0.762171224,Spain,Palearctic,-6.03340283,43.21688193,4914.218525,10.51495958,479.9113182,10.07853913,96.93693308,8,0.18,0.888888889
Narira.creek,Native,0.023980723,0.490273052,0.485746224,Australia,Australasia,149.9249977,-36.36296076,266.0291935,14.93111469,371.9915968,0.90496473,99.90080524,19,0.37,0.135135135
Nariva,Native,0.198667916,0.373402922,0.427929162,Trinidad and Tobago,Neotropic,-61.16943049,10.39656616,334.7694767,26.27434926,57.56360921,17.19340992,99.9445192,38,0.35,0.742857143
Narmada,Native,0.121029818,0.347805601,0.531164581,India,Indo-Malay,77.45717117,22.44406181,95806.12815,25.84890935,465.0854717,3.846385062,95.57217563,96,0.53,0.886792453
Narmada,Non-native,0.172471946,0.198150942,0.629377113,India,Indo-Malay,77.45717117,22.44406181,95806.12815,25.84890935,465.0854717,3.846385062,95.57217563,96,0.53,0.886792453
Narrabeen.lakes,Native,0.006452171,0.244372816,0.749175013,Australia,Australasia,151.2652851,-33.7143494,66.46004919,17.38624029,365.5303146,72.20037651,97.67759732,12,0.33,0.212121212
Narrabeen.lakes,Non-native,0.206867231,0.337239853,0.455892916,Australia,Australasia,151.2652851,-33.7143494,66.46004919,17.38624029,365.5303146,72.20037651,97.67759732,12,0.33,0.212121212
Nass,Native,0.227467362,0.096992214,0.675540423,Canada,Nearctic,-129.1048066,56.16810932,19924.2532,1.035231958,750.2629573,0.024947826,99.99601953,26,0.53,0.849056604
Nass,Non-native,0.138785864,0.016844653,0.844369483,Canada,Nearctic,-129.1048066,56.16810932,19924.2532,1.035231958,750.2629573,0.024947826,99.99601953,26,0.53,0.849056604
Nassau,Native,0.223651374,0.323386414,0.452962212,United States,Nearctic,-81.67081261,30.56117118,1109.138929,20.16141265,587.3957973,32.69246721,99.91579384,59,0.22,0.454545455
Nassau,Non-native,0.178025756,0.156573176,0.665401068,United States,Nearctic,-81.67081261,30.56117118,1109.138929,20.16141265,587.3957973,32.69246721,99.91579384,59,0.22,0.454545455
Nasva,Native,0.149638248,0.213697578,0.636664174,Estonia,Palearctic,22.29516904,58.30112478,268.0999873,6.713313524,737.3108076,0.354752928,99.9044977,9,0.38,0.210526316
Natanebi,Native,0.159721477,0.200994464,0.639284059,Georgia,Palearctic,42.01162607,41.86999206,672.8664675,11.47656101,649.8398222,2.019680738,99.91330903,21,0.27,0.740740741
Natanebi,Non-native,0,0.2270361,0.7729639,Georgia,Palearctic,42.01162607,41.86999206,672.8664675,11.47656101,649.8398222,2.019680738,99.91330903,21,0.27,0.740740741
Natashquan,Native,0.18047628,0.134282182,0.685241537,Canada,Nearctic,-62.16418533,51.74862,16287.01474,-1.776882943,1146.476349,0.003482159,100,22,0.47,0.787234043
Natori,Native,0.103913353,0.314109952,0.581976695,Japan,Palearctic,140.6731216,38.26122269,813.8915085,10.2717608,855.3590204,57.69013119,91.15231052,2,0.32,0.4375
Natori,Non-native,0.19886665,0.395301743,0.405831608,Japan,Palearctic,140.6731216,38.26122269,813.8915085,10.2717608,855.3590204,57.69013119,91.15231052,2,0.32,0.4375
Natron,Native,0.458243318,0.30239529,0.239361392,Tanzania,Afrotropic,35.77475115,-2.062005036,22056.82998,19.59720657,116.0603583,1.721949488,99.96156952,8,0.19,0.736842105
Natsui,Native,0.099752649,0.299944291,0.60030306,Japan,Palearctic,140.7394658,37.18676828,683.5750095,10.6436272,801.4966856,49.06265736,99.45374524,1,0.27,0.407407407
Natuna.Besar,Native,0.150114469,0.454217035,0.395668496,Indonesia,Indo-Malay,108.1968759,3.924997637,424.6258243,27.18854599,65.66408432,0.06271112,99.89118199,19,0.27,0.62962963
Nautla,Native,0.250083777,0.370252766,0.379663457,Mexico,Neotropic,-97.0834195,19.91092484,2785.412167,20.03817476,261.6417852,8.942293882,99.82861704,24,0.36,0.5
Nay.Aru,Native,0.115747641,0.393418037,0.490834322,Sri Lanka,Indo-Malay,80.75288003,9.080297593,292.8184246,27.63159721,175.0565639,1.970090032,99.06084143,28,0.65,0.353846154
Nay.Aru,Non-native,0.417017478,0.239760474,0.343222047,Sri Lanka,Indo-Malay,80.75288003,9.080297593,292.8184246,27.63159721,175.0565639,1.970090032,99.06084143,28,0.65,0.353846154
Nayba,Native,0.222473841,0.288811069,0.488715091,Russia,Palearctic,142.6565612,47.40883665,159.8030612,2.178848484,1080.913582,2.362779588,99.9882018,12,0.51,0.450980392
Nazas,Native,0.222399409,0.382580359,0.395020232,Mexico,Nearctic,-104.3068608,25.42620302,46214.95852,17.55328174,432.4506261,1.85683611,96.64739984,24,0.57,0.333333333
Nazas,Non-native,0.162508353,0.252639689,0.584851957,Mexico,Nearctic,-104.3068608,25.42620302,46214.95852,17.55328174,432.4506261,1.85683611,96.64739984,24,0.57,0.333333333
Ndian,Native,0.132911347,0.499274367,0.367814286,Cameroon,Afrotropic,8.87726658,4.878937563,3680.182513,25.38724273,87.30941071,1.980845332,99.98563199,66,0.52,0.730769231
Neches,Native,0.187282191,0.335603012,0.477114797,United States,Nearctic,-94.41322558,31.79007355,27241.16535,18.28290129,733.9846628,11.69304681,91.65340314,107,0.21,0.761904762
Neches,Non-native,0.157768376,0.132352563,0.709879061,United States,Nearctic,-94.41322558,31.79007355,27241.16535,18.28290129,733.9846628,11.69304681,91.65340314,107,0.21,0.761904762
Negro.Argentina,Native,0.181679263,0.40140717,0.416913567,Argentina,Neotropic,-69.47370187,-39.29258487,118307.2841,10.46703546,539.8419259,0.389408596,97.04030997,19,0.27,0.851851852
Negro.Argentina,Non-native,0.227162373,0.124076678,0.648760949,Argentina,Neotropic,-69.47370187,-39.29258487,118307.2841,10.46703546,539.8419259,0.389408596,97.04030997,19,0.27,0.851851852
Negro.Nicaragua,Native,0.305805512,0.300979751,0.393214737,Nicaragua,Neotropic,-86.85077111,13.15618346,2372.431896,25.54955006,90.12102705,1.869758248,99.88885524,15,0.43,0.88372093
Negro.Uruguay,Native,0.244177964,0.372623059,0.383198977,Uruguay,Neotropic,-55.95039552,-32.56369936,71031.68158,17.66118227,472.9437258,0.656491891,97.31635856,132,0.21,0.428571429
Negro.Uruguay,Non-native,0,0.044107084,0.955892916,Uruguay,Neotropic,-55.95039552,-32.56369936,71031.68158,17.66118227,472.9437258,0.656491891,97.31635856,132,0.21,0.428571429
Nehalem,Native,0.335932162,0.099813592,0.564254246,United States,Nearctic,-123.4728274,45.84343485,2221.629039,9.100936319,435.737951,5.733178139,99.38232415,15,0.36,0.833333333
Nehoue,Native,0,0.115296429,0.884703571,New Caledonia,Australasia,164.2890323,-20.44052023,205.9714254,23.29457849,219.5915288,2.11431098,99.94793575,2,0.46,0.173913043
Nehoue,Non-native,0.666162585,0.253119329,0.080718086,New Caledonia,Australasia,164.2890323,-20.44052023,205.9714254,23.29457849,219.5915288,2.11431098,99.94793575,2,0.46,0.173913043
Neka,Native,0.099533308,0.143123275,0.757343417,Iran,Palearctic,53.9664885,36.57346222,1875.446654,12.154663,887.09496,4.571189344,99.59293229,24,0.35,0.742857143
Neka,Non-native,0.166704151,0.196577202,0.636718647,Iran,Palearctic,53.9664885,36.57346222,1875.446654,12.154663,887.09496,4.571189344,99.59293229,24,0.35,0.742857143
Nelson,Native,0.211459494,0.224404388,0.564136118,Canada,Nearctic,-101.902177,51.41751779,1019864.883,1.594006186,1276.079039,1.236175224,96.97158203,97,0.29,0.620689655
Nelson,Non-native,0.247830284,0.181638511,0.570531204,Canada,Nearctic,-101.902177,51.41751779,1019864.883,1.594006186,1276.079039,1.236175224,96.97158203,97,0.29,0.620689655
Nene,Native,0.112749683,0.193366617,0.6938837,United Kingdom,Palearctic,-0.536239084,52.44114339,2274.51691,9.558183899,475.1668022,53.13702106,97.59532706,23,0.18,0.444444444
Nene,Non-native,0.077259036,0.104717777,0.818023186,United Kingdom,Palearctic,-0.536239084,52.44114339,2274.51691,9.558183899,475.1668022,53.13702106,97.59532706,23,0.18,0.444444444
Nenu,Native,0.133495446,0.169718583,0.696785971,Estonia,Palearctic,23.11672043,58.52646367,13.9400005,6.558779699,785.5099705,0.266493846,NA,4,0.37,0.297297297
Nerang,Native,0.09156584,0.491165635,0.417268525,Australia,Australasia,153.3082429,-28.10178727,486.0308416,18.90076462,363.7900954,12.6999898,84.36601043,6,0.36,0.166666667
Nerang,Non-native,0.413734462,0.586265538,0,Australia,Australasia,153.3082429,-28.10178727,486.0308416,18.90076462,363.7900954,12.6999898,84.36601043,6,0.36,0.166666667
Neretva,Native,0.181009647,0.196406993,0.62258336,Bosnia and Herzegovina,Palearctic,17.90948755,43.30953935,13097.69684,10.01733244,681.3528635,3.574283838,95.94935974,16,0.25,0.8
Neretva,Non-native,0.345388593,0.150049805,0.504561602,Bosnia and Herzegovina,Palearctic,17.90948755,43.30953935,13097.69684,10.01733244,681.3528635,3.574283838,95.94935974,16,0.25,0.8
Nero,Native,0.183144591,0.437261841,0.379593568,C¶te d'Ivoire,Afrotropic,-6.993361491,4.920563205,1275.62397,25.77376442,88.82494831,0.350465827,99.96017008,25,0.33,0.575757576
Ness,Native,0.147542938,0.096476978,0.755980085,United Kingdom,Palearctic,-4.73986804,57.18065634,1861.299074,6.643860479,406.8702282,1.778896868,88.9515549,10,0.31,0.451612903
Ness,Non-native,0.398101026,0,0.601898974,United Kingdom,Palearctic,-4.73986804,57.18065634,1861.299074,6.643860479,406.8702282,1.778896868,88.9515549,10,0.31,0.451612903
Nestos,Native,0.129154997,0.229318596,0.641526407,Bulgaria,Palearctic,24.01595404,41.56776854,6216.856991,8.843705374,717.581103,5.300564528,90.03877481,32,0.23,0.739130435
Nestos,Non-native,0.212074609,0.255170182,0.53275521,Bulgaria,Palearctic,24.01595404,41.56776854,6216.856991,8.843705374,717.581103,5.300564528,90.03877481,32,0.23,0.739130435
Neto,Native,0.120595108,0.164651409,0.714753484,Italy,Palearctic,16.77146938,39.26086168,947.5530598,12.55241104,604.6547078,10.98785663,87.1175242,7,0.32,0.53125
Neto,Non-native,0.171108998,0.181238057,0.647652945,Italy,Palearctic,16.77146938,39.26086168,947.5530598,12.55241104,604.6547078,10.98785663,87.1175242,7,0.32,0.53125
Neuse,Native,0.220711416,0.302217478,0.477071105,United States,Nearctic,-78.13164439,35.6169828,11703.26149,15.6429953,771.8141866,30.43106222,95.41959407,93,0.17,0.470588235
Neuse,Non-native,0.135138778,0.144264639,0.720596584,United States,Nearctic,-78.13164439,35.6169828,11703.26149,15.6429953,771.8141866,30.43106222,95.41959407,93,0.17,0.470588235
Neva,Native,0.129931821,0.152449392,0.717618788,Russia,Palearctic,31.95419838,60.7146168,280259.6319,3.212692206,946.940432,1.297997653,98.87187045,43,0.34,0.647058824
Neva,Non-native,0,0.108443781,0.891556219,Russia,Palearctic,31.95419838,60.7146168,280259.6319,3.212692206,946.940432,1.297997653,98.87187045,43,0.34,0.647058824
Neveri,Native,0.199379001,0.382267743,0.418353256,Venezuela,Neotropic,-64.4039745,9.918895418,4263.715446,24.0419449,51.97332188,4.543425381,95.3750174,18,0.43,0.720930233
New.Aus,Native,0.258960761,0.297272487,0.443766751,Australia,Australasia,146.5676403,-43.38194821,220.5100622,8.805897821,298.4322884,0.248048075,99.99443662,2,0.33,0.575757576
New.Belize,Native,0.379097671,0.333506689,0.28739564,Belize,Neotropic,-88.64886028,17.84393096,1775.637518,25.7876721,170.1413094,1.105642334,99.87121989,30,0.38,0.789473684
New.Caledonia.un,Native,0.020671897,0.375178807,0.604149296,New Caledonia,Australasia,164.7353583,-20.82597026,365.1038601,22.31634685,231.4739007,2.11431098,99.9612531,10,0.34,0.323529412
New.Caledonia.un,Non-native,0.666162585,0.253119329,0.080718086,New Caledonia,Australasia,164.7353583,-20.82597026,365.1038601,22.31634685,231.4739007,2.11431098,99.9612531,10,0.34,0.323529412
New.River,Native,0.053700882,0.372780756,0.573518362,New Zealand,Australasia,171.254567,-42.54769952,155.0125336,11.32799862,330.2049807,0.44798483,99.83433402,15,0.2,0.45
New.River,Non-native,0.28782068,0,0.71217932,New Zealand,Australasia,171.254567,-42.54769952,155.0125336,11.32799862,330.2049807,0.44798483,99.83433402,15,0.2,0.45
Newcastle.Waters,Native,0.073416273,0.448147007,0.47843672,Australia,Australasia,133.9304474,-17.41670548,28918.13679,26.35014353,424.9080135,0.006212981,99.9630776,8,0.73,0.191780822
Neyyar,Native,0.122691427,0.391038863,0.48626971,India,Indo-Malay,77.15152931,8.465438749,485.8097227,26.61007545,91.55528973,12.02479506,86.87619615,37,0.39,0.58974359
Neyyar,Non-native,0.379064764,0.049074411,0.571860825,India,Indo-Malay,77.15152931,8.465438749,485.8097227,26.61007545,91.55528973,12.02479506,86.87619615,37,0.39,0.58974359
Ngakawau,Native,0.107304466,0.319957275,0.57273826,New Zealand,Australasia,171.9647784,-41.64512462,193.9399803,9.946483945,348.8978101,0.197033219,99.95862704,5,0.22,0.409090909
Ngakoroa,Native,0.011990605,0.394704417,0.593304978,New Zealand,Australasia,174.950937,-37.13881425,219.2456363,14.29666401,334.9573386,3.625843167,95.20721388,10,0.32,0.5625
Ngakoroa,Non-native,0.120753841,0.123798888,0.755447271,New Zealand,Australasia,174.950937,-37.13881425,219.2456363,14.29666401,334.9573386,3.625843167,95.20721388,10,0.32,0.5625
Ngaruroro,Native,0.027282221,0.422369744,0.550348035,New Zealand,Australasia,176.4785102,-39.48994581,3333.278166,11.24389176,381.5129257,2.637983203,99.83643352,15,0.27,0.518518519
Ngaruroro,Non-native,0.243104635,0.095726521,0.661168844,New Zealand,Australasia,176.4785102,-39.48994581,3333.278166,11.24389176,381.5129257,2.637983203,99.83643352,15,0.27,0.518518519
Nhundiaquara,Native,0.254808072,0.385887884,0.359304043,Brazil,Neotropic,-48.85560593,-25.48779221,684.9387502,19.33510089,289.9604707,3.909315765,99.93476736,41,0.34,0.470588235
Nicholson.Leichhardt,Native,0.124605649,0.323473809,0.551920541,Australia,Australasia,138.8984613,-18.81928286,83816.12159,26.05111711,422.7810262,0.057931302,98.70778721,63,0.7,0.214285714
Nicholson.Leichhardt,Non-native,0.413734462,0.586265538,0,Australia,Australasia,138.8984613,-18.81928286,83816.12159,26.05111711,422.7810262,0.057931302,98.70778721,63,0.7,0.214285714
Nickerie,Native,0.224101651,0.375186123,0.400712227,Suriname,Neotropic,-56.72406224,5.110076929,9942.2834,26.63160365,64.4690177,0.090590969,99.91213186,121,0.24,0.833333333
Nickerie,Non-native,0.758129529,0.009934655,0.231935816,Suriname,Neotropic,-56.72406224,5.110076929,9942.2834,26.63160365,64.4690177,0.090590969,99.91213186,121,0.24,0.833333333
Niemen,Native,0.103190812,0.159574164,0.737235024,Lithuania,Palearctic,24.82901413,54.44470537,95961.80321,6.125141702,816.8516698,3.628556132,97.69130588,45,0.27,0.407407407
Niemen,Non-native,0.103219897,0.047664724,0.849115379,Lithuania,Palearctic,24.82901413,54.44470537,95961.80321,6.125141702,816.8516698,3.628556132,97.69130588,45,0.27,0.407407407
Niger,Native,0.159864114,0.408839938,0.431295948,Niger,Afrotropic,3.172083068,13.92864619,2258490.98,27.45119653,339.4054638,0.545404866,99.19014047,390,0.59,0.966101695
Niida,Native,0.112572921,0.143184066,0.744243013,Japan,Palearctic,140.8120858,37.65084562,261.751448,10.69704408,817.4690315,47.81208324,93.64407228,2,0.31,0.451612903
Nikshahr,Native,0.082728492,0.485381971,0.431889537,Iran,Palearctic,60.15307399,26.0743223,4953.062091,25.4112751,555.3459902,0.565964989,99.93633553,9,0.79,0.101265823
Nikshahr,Non-native,0.413734462,0.586265538,0,Iran,Palearctic,60.15307399,26.0743223,4953.062091,25.4112751,555.3459902,0.565964989,99.93633553,9,0.79,0.101265823
Nile,Native,0.176487164,0.360492899,0.463019937,Sudan,Afrotropic,30.89859831,14.95309677,3270917.198,25.59644499,364.4950529,0.776347548,99.36901526,175,0.39,0.923076923
Nile,Non-native,0.638064753,0.361935247,0,Sudan,Afrotropic,30.89859831,14.95309677,3270917.198,25.59644499,364.4950529,0.776347548,99.36901526,175,0.39,0.923076923
Nilwala.Ganga,Native,0.147584177,0.417435849,0.434979975,Sri Lanka,Indo-Malay,80.53752893,6.15811192,1036.923124,26.16740053,53.91998105,14.29341578,99.52404921,53,0.28,0.714285714
Nilwala.Ganga,Non-native,0.417017478,0.239760474,0.343222047,Sri Lanka,Indo-Malay,80.53752893,6.15811192,1036.923124,26.16740053,53.91998105,14.29341578,99.52404921,53,0.28,0.714285714
Nipah,Native,0.09232124,0.571211586,0.336467175,Malaysia,Indo-Malay,104.1583333,2.729166667,3.4154122,24.5062499,60.14958191,0.04840648,NA,3,0.52,0.365384615
Nishibetsu,Native,0.291842546,0.071053231,0.637104223,Japan,Palearctic,144.8731901,43.42857882,441.9639455,6.746821727,912.7696842,6.494470239,99.84442362,2,0.33,0.818181818
Nishibetsu,Non-native,0.398101026,0,0.601898974,Japan,Palearctic,144.8731901,43.42857882,441.9639455,6.746821727,912.7696842,6.494470239,99.84442362,2,0.33,0.818181818
Nisqually,Native,0.312743231,0.118000052,0.569256717,United States,Nearctic,-122.2405781,46.84445184,1883.670919,8.430313442,508.8409491,21.30964661,95.64416834,27,0.31,0.774193548
Nisqually,Non-native,0.175031752,0.105482138,0.71948611,United States,Nearctic,-122.2405781,46.84445184,1883.670919,8.430313442,508.8409491,21.30964661,95.64416834,27,0.31,0.774193548
Nissan,Native,0.151283322,0.136191929,0.712524749,Sweden,Palearctic,13.23485319,57.01614657,1313.502844,6.292159237,661.8114328,5.430462122,95.65782568,16,0.22,0.409090909
Nissan,Non-native,0.369289219,0,0.630710781,Sweden,Palearctic,13.23485319,57.01614657,1313.502844,6.292159237,661.8114328,5.430462122,95.65782568,16,0.22,0.409090909
Nith,Native,0.119281294,0.168905392,0.711813314,United Kingdom,Palearctic,-3.893392254,55.25738257,1238.109461,7.620410394,410.6890866,38.03682423,99.10385448,13,0.23,0.608695652
Nith,Non-native,0.162270419,0.122452591,0.71527699,United Kingdom,Palearctic,-3.893392254,55.25738257,1238.109461,7.620410394,410.6890866,38.03682423,99.10385448,13,0.23,0.608695652
Niyangolle.Ela,Native,0.115747641,0.393418037,0.490834322,Sri Lanka,Indo-Malay,81.42457298,7.798381841,249.0738176,27.78710386,150.9944723,3.374859512,97.24604929,28,0.5,0.66
Niyangolle.Ela,Non-native,0.417017478,0.239760474,0.343222047,Sri Lanka,Indo-Malay,81.42457298,7.798381841,249.0738176,27.78710386,150.9944723,3.374859512,97.24604929,28,0.5,0.66
Noce,Native,0.093218643,0.153848192,0.752933165,Italy,Palearctic,15.79734674,40.06437942,315.9353806,12.5985481,608.2034409,10.56728649,98.55697367,4,0.36,0.583333333
Noce,Non-native,0.149600898,0.12224259,0.728156513,Italy,Palearctic,15.79734674,40.06437942,315.9353806,12.5985481,608.2034409,10.56728649,98.55697367,4,0.36,0.583333333
None.Given,Native,0.094491607,0.04935861,0.856149783,United States,Nearctic,-115.8241582,39.37870472,3603.633877,7.616140846,827.8827751,0.103945952,99.91537248,1,0.52,0.153846154
Nongmyong.soryuji,Native,0.119642756,0.350267395,0.530089848,South Korea,Palearctic,128.355089,35.03933113,195.5265304,13.21589261,867.1639846,101.6989021,99.76187185,18,0.39,0.384615385
Norga.Nina,Native,0.143084044,0.170782111,0.686133845,Estonia,Palearctic,22.51605165,58.75042507,7.619997368,6.404375029,726.3294403,0.354752935,NA,3,0.32,0.21875
Normanby,Native,0.09328698,0.394323023,0.512389998,Australia,Australasia,144.2374751,-15.21169861,24145.39785,25.78828744,222.1705805,0.038011469,99.87497998,47,0.63,0.333333333
Norrstrom,Native,0.125281467,0.155769276,0.718949257,Sweden,Palearctic,16.19798378,59.65236143,23208.84151,5.505205381,757.5455703,12.28453541,99.78930895,26,0.16,0.625
Norrstrom,Non-native,0.170238706,0.064336697,0.765424596,Sweden,Palearctic,16.19798378,59.65236143,23208.84151,5.505205381,757.5455703,12.28453541,99.78930895,26,0.16,0.625
North.Stann,Native,0.416756533,0.337940649,0.245302818,Belize,Neotropic,-88.44006068,16.99198809,292.5291813,24.70361264,166.8955268,0.397718873,99.8169084,20,0.35,0.8
North.West.Bay,Native,0.020016064,0.422496453,0.557487483,Australia,Australasia,147.2086625,-42.98883801,113.8891955,10.08245015,308.1674103,2.493178725,99.87097546,10,0.37,0.297297297
North.West.Bay,Non-native,0.28782068,0,0.71217932,Australia,Australasia,147.2086625,-42.98883801,113.8891955,10.08245015,308.1674103,2.493178725,99.87097546,10,0.37,0.297297297
Northern,Native,0.431229277,0.383262836,0.185507887,Belize,Neotropic,-88.36746144,17.92835836,618.3378492,26.04949209,165.4347354,0.937398791,99.87774464,13,0.43,0.674418605
Noun,Native,0.312465494,0.333512222,0.354022283,Morocco,Palearctic,-9.70439003,29.03234656,6850.034703,18.40941118,457.159258,0.73403196,99.7396569,5,0.82,0.073170732
Noun,Non-native,0,0.169262423,0.830737577,Morocco,Palearctic,-9.70439003,29.03234656,6850.034703,18.40941118,457.159258,0.73403196,99.7396569,5,0.82,0.073170732
Nouvelle,Native,0.316763584,0.169353381,0.513883035,Canada,Nearctic,-66.52531494,48.34724614,1175.491555,1.54161992,1098.148597,0.50445395,99.99246021,5,0.51,0.843137255
Nouvelle,Non-native,0.398101026,0,0.601898974,Canada,Nearctic,-66.52531494,48.34724614,1175.491555,1.54161992,1098.148597,0.50445395,99.99246021,5,0.51,0.843137255
Nova,Native,0.19541826,0.180858734,0.623723006,Estonia,Palearctic,23.72908072,59.13770668,174.9614373,6.086153207,805.6839022,0.662385821,99.95083326,10,0.27,0.37037037
Novo,Native,0.206916255,0.373626169,0.419457576,Brazil,Neotropic,-40.90314541,-20.79388766,770.6690096,21.79310498,209.3372484,14.30089211,99.85315324,61,0.37,0.567567568
Novo,Non-native,0.46974019,0.276153922,0.254105888,Brazil,Neotropic,-40.90314541,-20.79388766,770.6690096,21.79310498,209.3372484,14.30089211,99.85315324,61,0.37,0.567567568
Ntem,Native,0.17366893,0.410337558,0.415993512,Gabon,Afrotropic,11.42875597,2.293293154,30480.62296,23.802546,71.72879511,0.695684366,99.94709658,178,0.34,0.647058824
Nueces,Native,0.162280973,0.290011228,0.547707799,United States,Nearctic,-99.24627416,28.79146654,43508.32449,20.89144087,668.2098984,3.99719125,97.26918944,66,0.62,0.080645161
Nueces,Non-native,0.209997982,0.17814107,0.611860948,United States,Nearctic,-99.24627416,28.79146654,43508.32449,20.89144087,668.2098984,3.99719125,97.26918944,66,0.62,0.080645161
Nuhaka,Native,0,0.333866684,0.666133316,New Zealand,Australasia,177.7818311,-38.95636217,196.732286,12.89626679,346.4565504,0.433657028,99.85987373,9,0.39,0.358974359
Nuku.Hiva1,Native,0.104936683,0.40956637,0.485496946,French Polynesia,Australasia,-140.15875,-8.899027778,50.68665637,23.35027774,61.18179614,0.075122736,NA,8,0.57,0.140350877
Nuku.Hiva2,Native,0.104936683,0.40956637,0.485496946,French Polynesia,Australasia,-140.0430556,-8.836944444,12.67375135,25.6135416,52.12488683,0.075122736,NA,8,0.55,0.127272727
Nun1,Native,0.241045707,0.143175488,0.615778805,Canada,Nearctic,-83.91313545,68.08324866,6591.070955,-13.88074292,1477.673183,3.73E-05,100,3,0.75,0.44
Nushagak,Native,0.252063994,0.101644977,0.646291029,United States,Nearctic,-157.0147513,60.02064744,30351.27252,-0.175164394,959.3239745,0.017393182,99.99998969,28,0.37,0.837837838
Nuta,Native,0.167707052,0.454626323,0.377666625,Japan,Palearctic,132.8946599,34.47958422,543.964672,14.55396982,826.5493448,68.06344128,92.81386437,13,0.32,0.46875
Nyanga,Native,0.181260072,0.368970828,0.4497691,Gabon,Afrotropic,11.56041426,-2.802463374,20244.12311,24.40714363,138.4202608,0.326453105,99.97946578,49,0.49,0.857142857
Nyong,Native,0.187268452,0.425767998,0.38696355,Cameroon,Afrotropic,11.74628994,3.694523713,27968.13725,24.05301809,81.07838869,1.03907755,99.90802307,139,0.34,0.794117647
Ob,Native,0.126597295,0.163969171,0.709433533,Russia,Palearctic,74.25501722,56.95647205,2747266.616,-0.225869244,1331.508582,0.735169113,99.09330343,45,0.59,0.949152542
Ob,Non-native,0.105382777,0.136978688,0.757638535,Russia,Palearctic,74.25501722,56.95647205,2747266.616,-0.225869244,1331.508582,0.735169113,99.09330343,45,0.59,0.949152542
Obongje,Native,0.123145226,0.366413667,0.510441107,South Korea,Palearctic,126.7288478,36.84816577,101.9451985,11.6678939,1004.218519,15.00964975,99.66017102,40,0.42,0.619047619
Obongje,Non-native,0.142428926,0.301261531,0.556309543,South Korea,Palearctic,126.7288478,36.84816577,101.9451985,11.6678939,1004.218519,15.00964975,99.66017102,40,0.42,0.619047619
Obryvisty,Native,0.366029598,0,0.633970402,Russia,Palearctic,148.1941656,45.18994564,23.02593379,3.368859642,705.0845385,0.02500166,100,2,0.5,0.58
Ochepukha,Native,0.380234663,0.140026046,0.479739291,Russia,Palearctic,142.9443674,46.95312216,197.7537629,1.460263022,1028.587887,1.48185131,99.9722681,4,0.46,0.565217391
Ochlockonee,Native,0.216912282,0.367178381,0.415909337,United States,Nearctic,-84.33363829,30.72530958,5655.682658,19.21407949,635.1300818,9.013900042,96.06978702,79,0.19,0.473684211
Ochlockonee,Non-native,0.093371711,0.197775538,0.708852751,United States,Nearctic,-84.33363829,30.72530958,5655.682658,19.21407949,635.1300818,9.013900042,96.06978702,79,0.19,0.473684211
Oconnor.creek,Native,0.043164695,0.396814751,0.560020554,New Zealand,Australasia,172.1735039,-41.39266323,189.4881052,10.50708477,341.231505,0.421096697,99.93886847,9,0.22,0.5
Oconnor.creek,Non-native,0.28782068,0,0.71217932,New Zealand,Australasia,172.1735039,-41.39266323,189.4881052,10.50708477,341.231505,0.421096697,99.93886847,9,0.22,0.5
Odet,Native,0.160019172,0.177546486,0.662434341,France,Palearctic,-4.020168054,48.03463573,720.0644778,11.44315097,415.1724387,7.819541812,99.67429273,8,0.31,0.64516129
Odet,Non-native,0.398101026,0,0.601898974,France,Palearctic,-4.020168054,48.03463573,720.0644778,11.44315097,415.1724387,7.819541812,99.67429273,8,0.31,0.64516129
Odra,Native,0.112294063,0.177457775,0.710248162,Poland,Palearctic,16.86352135,51.81765964,118991.636,8.276860003,725.0909881,12.73928618,97.66696955,49,0.21,0.380952381
Odra,Non-native,0.166208298,0.085772837,0.748018864,Poland,Palearctic,16.86352135,51.81765964,118991.636,8.276860003,725.0909881,12.73928618,97.66696955,49,0.21,0.380952381
Oehwang.gang,Native,0.096231649,0.367250139,0.536518212,South Korea,Palearctic,129.3182507,35.48569349,117.043287,14.03604034,824.6138865,76.24979019,98.33823324,12,0.33,0.484848485
Oehwang.gang,Non-native,0,0.088214167,0.911785833,South Korea,Palearctic,129.3182507,35.48569349,117.043287,14.03604034,824.6138865,76.24979019,98.33823324,12,0.33,0.484848485
Ogandi,Native,0.138009945,0.101801719,0.760188337,Estonia,Palearctic,22.59481729,58.99193495,41.86998521,6.275177327,723.9666229,0.264564317,99.8875,6,0.32,0.1875
Ogeechee,Native,0.230418486,0.341485069,0.428096445,United States,Nearctic,-82.0646883,32.64774931,11547.46596,18.13387727,686.737087,8.54067266,99.67540815,75,0.23,0.52173913
Ogeechee,Non-native,0.217753441,0.234341076,0.547905483,United States,Nearctic,-82.0646883,32.64774931,11547.46596,18.13387727,686.737087,8.54067266,99.67540815,75,0.23,0.52173913
Ogooue,Native,0.161114506,0.439796389,0.399089106,Gabon,Afrotropic,12.39887939,-0.323170923,216303.6873,24.25831194,95.89609528,0.358110107,99.9864021,257,0.34,0.794117647
Ogooue,Non-native,0.248529405,0.087679515,0.66379108,Gabon,Afrotropic,12.39887939,-0.323170923,216303.6873,24.25831194,95.89609528,0.358110107,99.9864021,257,0.34,0.794117647
Ogun,Native,0.170534618,0.39717155,0.432293832,Nigeria,Afrotropic,3.434993652,7.915505799,22609.01591,26.34356788,148.9764123,3.594447553,97.45153781,128,0.51,0.549019608
Ohau,Native,0.031008188,0.405825487,0.563166325,New Zealand,Australasia,175.3193006,-40.6885305,218.8220358,11.11592845,335.5199628,4.754751265,99.82745233,13,0.25,0.64
Ohau,Non-native,0.28782068,0,0.71217932,New Zealand,Australasia,175.3193006,-40.6885305,218.8220358,11.11592845,335.5199628,4.754751265,99.82745233,13,0.25,0.64
Ohinetamatea,Native,0.040791523,0.353384592,0.605823885,New Zealand,Australasia,169.8619079,-43.50868528,119.8915582,10.12666232,350.0592889,0.020543613,99.96402326,13,0.26,0.538461538
Ohinetamatea,Non-native,0.28782068,0,0.71217932,New Zealand,Australasia,169.8619079,-43.50868528,119.8915582,10.12666232,350.0592889,0.020543613,99.96402326,13,0.26,0.538461538
Ohota,Native,0.290948697,0.142931847,0.566119456,Russia,Palearctic,142.263459,61.09808146,20240.32141,-10.52074484,1630.331281,0.009405823,99.99530266,17,0.7,0.628571429
Oirase,Native,0.232549053,0.225965786,0.541485162,Japan,Palearctic,141.0967473,40.53880706,1072.109975,8.260659388,892.2555119,17.54425097,99.79291355,6,0.34,0.705882353
Oirase,Non-native,0.511553759,0,0.488446241,Japan,Palearctic,141.0967473,40.53880706,1072.109975,8.260659388,892.2555119,17.54425097,99.79291355,6,0.34,0.705882353
Oiratiti,Native,0,0.393009059,0.606990941,New Zealand,Australasia,177.4520975,-38.03584588,104.7019882,12.81049784,346.6010851,0.509041943,99.8636125,8,0.28,0.464285714
Oiratiti,Non-native,0.518082889,0.180967624,0.300949487,New Zealand,Australasia,177.4520975,-38.03584588,104.7019882,12.81049784,346.6010851,0.509041943,99.8636125,8,0.28,0.464285714
Oita,Native,0.147921605,0.445394153,0.406684242,Japan,Palearctic,131.4251223,33.17129401,650.4063566,13.13403923,787.8909025,32.8548913,94.78027966,5,0.26,0.615384615
Okari,Native,0.055343364,0.382669145,0.561987491,New Zealand,Australasia,171.533933,-41.86206083,196.577634,11.16746575,322.8217962,0.112372026,99.9509305,12,0.2,0.55
Okari,Non-native,0.28782068,0,0.71217932,New Zealand,Australasia,171.533933,-41.86206083,196.577634,11.16746575,322.8217962,0.112372026,99.9509305,12,0.2,0.55
Okavango,Native,0.196803153,0.361063026,0.442133821,Botswana,Afrotropic,21.48654134,-19.64598367,672212.9186,21.83937625,374.7907399,0.098147873,99.82644818,111,0.43,0.674418605
Okavango,Non-native,0.340866502,0.160435791,0.498697708,Botswana,Afrotropic,21.48654134,-19.64598367,672212.9186,21.83937625,374.7907399,0.098147873,99.82644818,111,0.43,0.674418605
Okchon,Native,0.120261306,0.399396244,0.48034245,South Korea,Palearctic,127.2223292,34.59133845,57.14715444,13.67451928,874.8147012,12.20229626,99.83706578,19,0.44,0.431818182
Okchon,Non-native,0,0.088214167,0.911785833,South Korea,Palearctic,127.2223292,34.59133845,57.14715444,13.67451928,874.8147012,12.20229626,99.83706578,19,0.44,0.431818182
Okku.josuji,Native,0.125168675,0.353745728,0.521085598,South Korea,Palearctic,126.644744,35.91324218,41.24798517,12.88559317,943.3113807,34.35796595,99.88313784,34,0.37,0.513513514
Okku.josuji,Non-native,0.142428926,0.301261531,0.556309543,South Korea,Palearctic,126.644744,35.91324218,41.24798517,12.88559317,943.3113807,34.35796595,99.88313784,34,0.37,0.513513514
Okkye.josuji,Native,0.137746815,0.353095287,0.509157898,South Korea,Palearctic,128.9754734,37.58930763,151.0411357,10.88662878,904.9572751,7.984212995,92.9753699,24,0.39,0.282051282
Okkye.josuji,Non-native,0,0.088214167,0.911785833,South Korea,Palearctic,128.9754734,37.58930763,151.0411357,10.88662878,904.9572751,7.984212995,92.9753699,24,0.39,0.282051282
Oktong.josuji,Native,0.168591037,0.325184135,0.506224828,South Korea,Palearctic,126.5626598,36.30993328,52.48437198,12.23262909,949.595551,15.00964952,99.94278805,26,0.39,0.538461538
Oktong.josuji,Non-native,0.142428926,0.301261531,0.556309543,South Korea,Palearctic,126.5626598,36.30993328,52.48437198,12.23262909,949.595551,15.00964952,99.94278805,26,0.39,0.538461538
Okuru,Native,0.031795839,0.516770249,0.451433912,New Zealand,Australasia,169.0718627,-44.00677823,277.6637268,8.426831083,390.8265533,0.081997015,99.94368771,4,0.21,0.428571429
Okuru,Non-native,0.28782068,0,0.71217932,New Zealand,Australasia,169.0718627,-44.00677823,277.6637268,8.426831083,390.8265533,0.081997015,99.94368771,4,0.21,0.428571429
Old,Native,0.042214576,0.316925908,0.640859516,Australia,Australasia,146.223051,-43.32102652,1219.558317,9.916304542,294.0125611,0.241410021,99.89977156,6,0.32,0.625
Oldfield,Native,0.056497887,0.495491202,0.448010911,Australia,Australasia,120.5585266,-33.53461313,2392.590578,16.38500224,379.3610815,0.041373781,99.92514674,5,0.87,0.034482759
Oldfield,Non-native,0.413734462,0.586265538,0,Australia,Australasia,120.5585266,-33.53461313,2392.590578,16.38500224,379.3610815,0.041373781,99.92514674,5,0.87,0.034482759
Olenek,Native,0.156375386,0.129497142,0.714127472,Russia,Palearctic,115.0630909,69.24332404,219664.7794,-13.48691201,1891.08692,0.003747361,99.99842917,33,0.66,0.651515152
Olifants,Native,0.132281348,0.36348397,0.504234683,South Africa,Afrotropic,19.39150384,-31.81890751,46462.06143,17.23497614,467.6845799,0.338298067,98.04056258,11,0.4,0.275
Olifants,Non-native,0.219187805,0.123021614,0.657790581,South Africa,Afrotropic,19.39150384,-31.81890751,46462.06143,17.23497614,467.6845799,0.338298067,98.04056258,11,0.4,0.275
Ologe.Lagoon,Native,0.102607042,0.448262036,0.449130923,Nigeria,Afrotropic,3.142048962,6.63223296,1555.576683,26.98492743,124.5471899,12.87105179,99.7361123,9,0.46,0.782608696
Olyuje,Native,0.158799747,0.357351125,0.483849128,South Korea,Palearctic,126.6538687,34.65846911,50.16089658,13.19666668,874.5179129,9.527025938,99.90435,35,0.5,0.36
Olyuje,Non-native,0.142428926,0.301261531,0.556309543,South Korea,Palearctic,126.6538687,34.65846911,50.16089658,13.19666668,874.5179129,9.527025938,99.90435,35,0.5,0.36
Omanawa,Native,0.032408079,0.332018052,0.63557387,New Zealand,Australasia,176.0289748,-37.85506878,457.4567524,12.19977712,360.115266,3.310063481,96.97227657,12,0.21,0.666666667
Omanawa,Non-native,0.171480426,0.048350339,0.780169235,New Zealand,Australasia,176.0289748,-37.85506878,457.4567524,12.19977712,360.115266,3.310063481,96.97227657,12,0.21,0.666666667
Ombrone,Native,0.056996857,0.225256693,0.71774645,Italy,Palearctic,11.38259528,43.05743582,3634.275784,13.53181707,628.7320606,32.44186544,99.66229909,8,0.28,0.607142857
Ombrone,Non-native,0.122527343,0.244487611,0.632985046,Italy,Palearctic,11.38259528,43.05743582,3634.275784,13.53181707,628.7320606,32.44186544,99.66229909,8,0.28,0.607142857
Omono,Native,0.152175908,0.331914675,0.515909417,Japan,Palearctic,140.5097565,39.46730535,4765.058623,9.239373,945.1494173,24.31334066,96.02031311,9,0.27,0.62962963
Omono,Non-native,0.19886665,0.395301743,0.405831608,Japan,Palearctic,140.5097565,39.46730535,4765.058623,9.239373,945.1494173,24.31334066,96.02031311,9,0.27,0.62962963
Ona,Native,0.152814896,0.436835849,0.410349255,Nigeria,Afrotropic,3.796670057,7.126139361,4406.110139,26.48431456,131.4355369,7.519950509,99.14136164,120,0.4,0.825
Onega,Native,0.122754732,0.160521525,0.716723742,Russia,Palearctic,39.2163573,62.38951375,56260.19632,1.47336893,1023.301935,0.17433995,99.98733748,32,0.44,0.863636364
Ong,Native,0.135511893,0.373968289,0.490519818,South Korea,Palearctic,126.6565073,36.26135703,259.5733889,11.7135141,949.5912313,15.00964975,81.83286384,46,0.38,0.526315789
Ong,Non-native,0.142428926,0.301261531,0.556309543,South Korea,Palearctic,126.6565073,36.26135703,259.5733889,11.7135141,949.5912313,15.00964975,81.83286384,46,0.38,0.526315789
Onkaparinga,Native,0.043101606,0.416242738,0.540655656,Australia,Australasia,138.7540898,-35.04111894,551.2844288,14.23452984,396.1454141,12.50007153,83.09486472,15,0.54,0.185185185
Ono,Native,0.199361852,0.388009257,0.412628891,Japan,Palearctic,131.4476593,32.9815082,1443.448308,13.36820044,784.8477358,21.82210445,99.48952344,3,0.23,0.695652174
Oohata,Native,0.326007929,0.04736882,0.62662325,Japan,Palearctic,141.0357362,41.38573108,163.626958,8.044617399,866.2681593,4.866143942,99.91935061,3,0.32,0.625
Ooi,Native,0.223935554,0.170417469,0.605646978,Japan,Palearctic,138.1473726,35.18354325,1292.228203,10.06742199,790.9694292,62.89327621,90.26185756,4,0.27,0.851851852
Oomizo,Native,0.07031503,0.476296866,0.453388104,Japan,Palearctic,140.186854,35.14653762,55.22584408,14.76365742,726.5253906,99.084692,99.69976752,9,0.31,0.258064516
Oota.Hiroshima,Native,0.20941317,0.394885455,0.395701374,Japan,Palearctic,132.3811745,34.56519481,1685.316956,12.88663436,822.3527171,66.84059238,93.08671654,6,0.24,0.625
Ooyodo,Native,0.142570738,0.355148622,0.502280639,Japan,Palearctic,131.1060003,31.91902235,2189.001279,14.92626776,758.4859908,18.74180079,96.01151554,22,0.22,0.727272727
Ooyodo,Non-native,0.107579084,0.188670175,0.703750741,Japan,Palearctic,131.1060003,31.91902235,2189.001279,14.92626776,758.4859908,18.74180079,96.01151554,22,0.22,0.727272727
Opihi,Native,0.04639969,0.392912884,0.560687426,New Zealand,Australasia,170.9200024,-44.11010541,2379.142249,9.39383161,411.173682,0.456543922,99.7087913,13,0.2,0.45
Opihi,Non-native,0.316798158,0,0.683201842,New Zealand,Australasia,170.9200024,-44.11010541,2379.142249,9.39383161,411.173682,0.456543922,99.7087913,13,0.2,0.45
Orange,Native,0.137810623,0.315515787,0.54667359,South Africa,Afrotropic,22.42089102,-27.41312734,987410.4627,18.15821793,514.9852918,1.34284538,96.89612988,18,0.33,0.575757576
Orange,Non-native,0.404349303,0.093262148,0.502388548,South Africa,Afrotropic,22.42089102,-27.41312734,987410.4627,18.15821793,514.9852918,1.34284538,96.89612988,18,0.33,0.575757576
Orari,Native,0.039780333,0.384883262,0.575336405,New Zealand,Australasia,171.1226929,-43.92489681,822.8969897,8.931730547,421.7136709,0.612982616,99.80478498,12,0.2,0.5
Orari,Non-native,0.28782068,0,0.71217932,New Zealand,Australasia,171.1226929,-43.92489681,822.8969897,8.931730547,421.7136709,0.612982616,99.80478498,12,0.2,0.5
Orb,Native,0.083684783,0.204960617,0.7113546,France,Palearctic,3.046270875,43.54919047,1570.646743,12.53629938,578.065723,16.14802909,95.71027279,26,0.36,0.416666667
Orb,Non-native,0.204090673,0.105467184,0.690442142,France,Palearctic,3.046270875,43.54919047,1570.646743,12.53629938,578.065723,16.14802909,95.71027279,26,0.36,0.416666667
Orcas.Island,Native,0.328282131,0.033369682,0.638348188,United States,Nearctic,-122.8966496,48.63010442,243.2929894,9.512218945,430.2336361,15.74223614,99.88872019,8,0.48,0.604166667
Ord,Native,0.117263613,0.358208059,0.524528328,Australia,Australasia,128.137764,-16.77842973,83211.3211,27.07716892,370.4444624,0.018764578,99.08429258,63,0.56,0.464285714
Oreke,Native,0.231162864,0.265310576,0.50352656,Papua New Guinea,Australasia,146.9822924,-8.406007017,2689.302315,19.36648732,67.98858679,0.08774008,99.98143808,9,0.33,0.545454545
Oreti,Native,0.038781825,0.394341228,0.566876946,New Zealand,Australasia,168.3734316,-45.9056826,3450.760471,9.336997492,358.2176642,0.976261213,99.81693323,13,0.21,0.380952381
Oreti,Non-native,0.199403767,0.041875242,0.75872099,New Zealand,Australasia,168.3734316,-45.9056826,3450.760471,9.336997492,358.2176642,0.976261213,99.81693323,13,0.21,0.380952381
Orinoco,Native,0.212799343,0.416677444,0.370523213,Colombia,Neotropic,-67.91232734,5.69260807,934561.2185,25.78513549,69.69892891,1.039013892,99.54422874,1101,0.57,0.842105263
Orinoco,Non-native,0.398101026,0,0.601898974,Colombia,Neotropic,-67.91232734,5.69260807,934561.2185,25.78513549,69.69892891,1.039013892,99.54422874,1101,0.57,0.842105263
Orinomme,Native,0.143084044,0.170782111,0.686133845,Estonia,Palearctic,23.01961526,58.55150135,15.67000316,6.481982076,777.1185484,0.288044102,99.8629,3,0.4,0.225
Orkla,Native,0.254104715,0.067149472,0.678745813,Norway,Palearctic,9.910742573,62.80980818,3329.025308,1.714043009,637.731541,0.816808611,96.1567947,6,0.39,0.846153846
Orkla,Non-native,0.599142002,0,0.400857998,Norway,Palearctic,9.910742573,62.80980818,3329.025308,1.714043009,637.731541,0.816808611,96.1567947,6,0.39,0.846153846
Orne,Native,0.122255127,0.173613814,0.704131059,France,Palearctic,-0.306700713,48.83819913,2944.816825,10.44298414,484.2039082,10.40918112,96.96671104,20,0.19,0.736842105
Orne,Non-native,0.142908573,0.140878862,0.716212565,France,Palearctic,-0.306700713,48.83819913,2944.816825,10.44298414,484.2039082,10.40918112,96.96671104,20,0.19,0.736842105
Oropouche.north,Native,0.218831568,0.448103697,0.333064735,Trinidad and Tobago,Neotropic,-61.13889216,10.61328431,357.2355787,25.99907846,59.13476529,17.19340992,99.79985023,20,0.33,0.575757576
Oropouche.south,Native,0.188515601,0.4024065,0.409077899,Trinidad and Tobago,Neotropic,-61.41238345,10.18113345,481.4459462,26.48203442,58.2675101,17.19341016,99.7935358,22,0.33,0.757575758
Ortoire,Native,0.213509851,0.436083235,0.350406915,Trinidad and Tobago,Neotropic,-61.16978186,10.27292059,446.8109068,26.25627744,57.43017853,17.16112995,99.92572092,15,0.35,0.8
Oruaiti,Native,0.013322894,0.38187637,0.604800736,New Zealand,Australasia,173.6146831,-35.06999286,241.2719185,15.01028265,281.94802,0.72632274,99.82150962,9,0.31,0.580645161
Oruawharo,Native,0.017129435,0.33807034,0.644800225,New Zealand,Australasia,174.4890763,-36.21960191,206.8787964,14.75510037,302.9953919,21.7120049,99.80218774,7,0.33,0.454545455
Oruawharo,Non-native,0.212688251,0.19869526,0.588616489,New Zealand,Australasia,174.4890763,-36.21960191,206.8787964,14.75510037,302.9953919,21.7120049,99.80218774,7,0.33,0.454545455
Osato,Native,0.098885994,0.507720439,0.393393567,Japan,Palearctic,130.355286,31.70034843,135.0510102,16.19422549,748.1561123,30.67394972,99.73407688,3,0.34,0.558823529
Osip,Native,0.131187041,0.362359617,0.506453343,South Korea,Palearctic,129.2645839,36.39390605,382.7580255,11.31634033,910.4232624,9.850357771,99.65631274,32,0.4,0.325
Osip,Non-native,0,0.088214167,0.911785833,South Korea,Palearctic,129.2645839,36.39390605,382.7580255,11.31634033,910.4232624,9.850357771,99.65631274,32,0.4,0.325
Oso.creek,Native,0.320048193,0.147869935,0.532081872,United States,Nearctic,-97.51753423,27.72403436,543.1190421,22.24091693,576.0208161,12.71255732,98.24582172,7,0.38,0.184210526
Osse,Native,0.185991081,0.440973004,0.373035915,Nigeria,Afrotropic,5.731879738,6.744379307,23828.9968,25.62130297,120.8212053,4.08165437,99.93980985,90,0.47,0.85106383
Ostrovnaya,Native,0.219949586,0.444509664,0.33554075,Russia,Palearctic,146.6483596,43.76855523,105.2812897,4.882798424,746.0084897,0.0275108,100,3,0.43,0.581395349
Osun,Native,0.159467608,0.452793063,0.387739328,Nigeria,Afrotropic,4.3968218,7.665102726,9811.968834,25.80808526,130.0745707,4.557923377,96.53608575,103,0.48,0.75
Otaio,Native,0.075622266,0.477283322,0.447094413,New Zealand,Australasia,170.9920553,-44.53862542,147.3631955,10.12266596,380.8684514,0.554351278,99.75618762,5,0.3,0.2
Otaki,Native,0.079813025,0.343924605,0.57626237,New Zealand,Australasia,175.2660102,-40.85182316,344.6178885,9.775960951,344.5675483,4.754751384,99.90893219,10,0.25,0.68
Otaki,Non-native,0.28782068,0,0.71217932,New Zealand,Australasia,175.2660102,-40.85182316,344.6178885,9.775960951,344.5675483,4.754751384,99.90893219,10,0.25,0.68
Otsu,Native,0.167636591,0.405408256,0.426955154,Japan,Palearctic,136.9145856,34.42373092,9.215215035,15.64128806,726.2408003,62.1479044,NA,1,NA,NA
Ouameni,Native,0.0090634,0.225466633,0.765469967,New Caledonia,Australasia,165.9784697,-21.81610811,176.5216252,22.37053443,247.9290242,2.297934294,99.96207664,11,0.5,0.12
Ouameni,Non-native,0.333081293,0.180781555,0.486137152,New Caledonia,Australasia,165.9784697,-21.81610811,176.5216252,22.37053443,247.9290242,2.297934294,99.96207664,11,0.5,0.12
Oued.Abdallah,Native,0.091027773,0.40488557,0.504086657,Libya,Palearctic,10.17216951,31.29110699,55833.37547,20.85925842,743.2837606,0.240073912,99.88940607,1,0.92,0.032608696
Oued.Kiss,Native,0.109507701,0.287772882,0.602719417,Morocco,Palearctic,-2.130758392,34.95539259,368.9274707,17.30478452,534.5172481,1.90687272,99.80346235,1,0.95,0.021052632
Oued.Seybouse,Native,0.117064243,0.355495317,0.52744044,Algeria,Palearctic,7.409709993,36.28666934,6408.213316,15.37194799,670.6740222,8.516141534,91.85730877,5,0.45,0.333333333
Oued.Seybouse,Non-native,0.525899607,0.474100393,0,Algeria,Palearctic,7.409709993,36.28666934,6408.213316,15.37194799,670.6740222,8.516141534,91.85730877,5,0.45,0.333333333
Oueme,Native,0.158387897,0.399920492,0.441691611,Benin,Afrotropic,2.670554903,6.632225827,1316.726114,27.248391,128.3104866,3.589370668,99.86986741,131,0.5,0.7
Oulujoki,Native,0.143087342,0.158222385,0.698690273,Finland,Palearctic,28.44974108,64.59866226,26726.36233,1.214939237,968.0299448,0.434224933,97.8894105,26,0.47,0.574468085
Oulujoki,Non-native,0.398101026,0,0.601898974,Finland,Palearctic,28.44974108,64.59866226,26726.36233,1.214939237,968.0299448,0.434224933,97.8894105,26,0.47,0.574468085
Oum.er.Rbia,Native,0.046050764,0.16061616,0.793333076,Morocco,Palearctic,-6.786065617,32.35230321,38409.18773,15.61392499,640.2808003,2.71360749,95.3814513,11,0.3,0.5
Oum.er.Rbia,Non-native,0.228640569,0.029404722,0.741954709,Morocco,Palearctic,-6.786065617,32.35230321,38409.18773,15.61392499,640.2808003,2.71360749,95.3814513,11,0.3,0.5
Ouse,Native,0.097616795,0.168495104,0.7338881,United Kingdom,Palearctic,0.05237648,52.29050252,8214.183466,9.752228813,480.6896215,66.50685978,99.0741961,30,0.16,0.5
Ouse,Non-native,0.131597531,0.116003118,0.752399351,United Kingdom,Palearctic,0.05237648,52.29050252,8214.183466,9.752228813,480.6896215,66.50685978,99.0741961,30,0.16,0.5
Owahanga,Native,0.02025822,0.349227655,0.630514125,New Zealand,Australasia,176.2163582,-40.59674566,425.1488884,12.33066952,335.2897367,0.408047557,99.86591789,7,0.34,0.323529412
Owaka,Native,0.047928032,0.323988063,0.628083905,New Zealand,Australasia,169.5534728,-46.39979129,185.3258101,9.565389816,325.9035715,0.299971998,99.76049096,8,0.19,0.473684211
Owaka,Non-native,0.28782068,0,0.71217932,New Zealand,Australasia,169.5534728,-46.39979129,185.3258101,9.565389816,325.9035715,0.299971998,99.76049096,8,0.19,0.473684211
Owens,Native,0.175866017,0.416607112,0.407526871,United States,Nearctic,-118.3630555,37.19283022,9100.705398,8.925657055,752.1388263,0.586516142,94.65328558,3,0.46,0.347826087
Owens,Non-native,0.227629727,0.174368242,0.598002032,United States,Nearctic,-118.3630555,37.19283022,9100.705398,8.925657055,752.1388263,0.586516142,94.65328558,3,0.46,0.347826087
Oyabe,Native,0.128373683,0.299809959,0.571816358,Japan,Palearctic,136.9142204,36.38168834,1757.262479,9.935451973,903.13818,49.1160717,91.05165728,7,0.29,0.75862069
Oyapock,Native,0.233847531,0.346090014,0.420062454,French Guiana,Neotropic,-52.44614021,2.927588155,26002.34247,25.60563973,55.93517617,0.033285182,99.99342839,255,0.47,0.723404255
Oymapinar,Native,0.100536668,0.230607445,0.668855887,Turkey,Palearctic,31.68202519,37.0767641,2669.856889,11.00966525,742.2914623,4.784776032,95.1512923,32,0.37,0.540540541
Oymapinar,Non-native,0.212688251,0.192940936,0.594370813,Turkey,Palearctic,31.68202519,37.0767641,2669.856889,11.00966525,742.2914623,4.784776032,95.1512923,32,0.37,0.540540541
Ozernaja.Kam,Native,0.348067531,0.095410063,0.556522406,Russia,Palearctic,162.3085125,57.04865126,591.7527169,-1.992485469,928.9868188,0.051088968,100,14,0.55,0.727272727
Ozernaja.Taimyr,Native,0.243417724,0,0.756582276,Russia,Palearctic,96.55772148,79.09179303,140.9836016,-17.21974334,1253.604115,0.000343363,100,1,0.79,0.253164557
Ozero.Rak.Yarv,Native,0.231178879,0.171092316,0.597728805,Estonia,Palearctic,27.47848722,59.32359918,230.2977842,4.652373011,882.9914195,0.765712649,99.85703967,3,0.3,0.366666667
Paadremaa,Native,0.127119536,0.162472324,0.71040814,Estonia,Palearctic,23.92392578,58.47314628,394.6578498,6.175743208,813.4117061,0.455330551,99.95939309,11,0.26,0.346153846
Pada,Native,0.169368725,0.224244342,0.606386933,Estonia,Palearctic,26.68519681,59.42572334,151.9612648,5.147976884,834.6511116,0.545049325,99.92709028,6,0.3,0.3
Padas,Native,0.160326354,0.372370415,0.467303231,Malaysia,Indo-Malay,116.0168816,5.068456891,9165.865456,23.33352101,40.06193174,3.878428876,99.96319519,49,0.29,0.310344828
Padreco,Native,0.263976156,0.501251007,0.234772837,Brazil,Neotropic,-42.76245808,-22.90955298,288.6248227,22.64241993,211.7298466,10.76472867,99.23012779,15,0.33,0.363636364
Padreco,Non-native,0.493761342,0.506238658,0,Brazil,Neotropic,-42.76245808,-22.90955298,288.6248227,22.64241993,211.7298466,10.76472867,99.23012779,15,0.33,0.363636364
Padrigiano,Native,0.162987964,0.015821663,0.821190373,Italy,Palearctic,9.446073968,40.82832511,447.3904331,15.15515524,578.030779,4.804812074,99.28818804,3,0.35,0.228571429
Padrigiano,Non-native,0.309668784,0.197497403,0.492833813,Italy,Palearctic,9.446073968,40.82832511,447.3904331,15.15515524,578.030779,4.804812074,99.28818804,3,0.35,0.228571429
Paebong.ni,Native,0.166349859,0.324438929,0.509211213,South Korea,Palearctic,128.3803703,38.53012094,108.0688355,11.21899673,869.9429486,1.689056039,99.92546402,22,0.44,0.295454545
Paebong.ni,Non-native,0,0.088214167,0.911785833,South Korea,Palearctic,128.3803703,38.53012094,108.0688355,11.21899673,869.9429486,1.689056039,99.92546402,22,0.44,0.295454545
Paekho.josuji,Native,0.163840857,0.325843804,0.510315339,South Korea,Palearctic,126.6623065,34.58621337,77.50375907,13.44348487,869.3698092,9.527025938,99.77855019,27,0.41,0.43902439
Paekho.josuji,Non-native,0.142428926,0.301261531,0.556309543,South Korea,Palearctic,126.6623065,34.58621337,77.50375907,13.44348487,869.3698092,9.527025938,99.77855019,27,0.41,0.43902439
Pagatban.Negros,Native,0.045723993,0.38625998,0.568016028,Philippines,Indo-Malay,122.6584572,9.574152378,380.5617314,26.32977374,63.39991655,1.419779003,99.98607839,45,0.32,0.84375
Pagatban.Negros,Non-native,0.437316642,0.231130282,0.331553075,Philippines,Indo-Malay,122.6584572,9.574152378,380.5617314,26.32977374,63.39991655,1.419779003,99.98607839,45,0.32,0.84375
Pahang,Native,0.152962777,0.356278918,0.490758304,Malaysia,Indo-Malay,102.3206443,3.853832848,28738.61908,25.25538885,59.26125011,9.439166307,99.92943453,209,0.38,0.447368421
Pahang,Non-native,0.347729146,0.304050632,0.348220222,Malaysia,Indo-Malay,102.3206443,3.853832848,28738.61908,25.25538885,59.26125011,9.439166307,99.92943453,209,0.38,0.447368421
Pahaoa,Native,0.02019898,0.34663909,0.63316193,New Zealand,Australasia,175.7678085,-41.19154552,645.324041,12.10469115,349.1395707,1.30302301,99.87145786,7,0.77,0.090909091
Pahaoa,Non-native,0.28782068,0,0.71217932,New Zealand,Australasia,175.7678085,-41.19154552,645.324041,12.10469115,349.1395707,1.30302301,99.87145786,7,0.77,0.090909091
Pahna,Native,0.174081879,0.226580521,0.5993376,Estonia,Palearctic,22.70880776,58.39108872,276.5799442,6.473404852,751.020608,0.354752924,99.92938632,6,0.33,0.272727273
Pajaro,Native,0.206653664,0.262914203,0.530432134,United States,Nearctic,-121.3234931,36.8097879,3357.252503,14.35972279,495.6735851,42.95800734,90.87223976,17,0.82,0.097560976
Pak.Phanang,Native,0.136674878,0.364356229,0.498968893,Thailand,Indo-Malay,100.0538044,8.067671112,2333.580413,27.28226152,87.07141435,2.306768864,97.97263302,82,0.32,0.8125
Pak.Phanang,Non-native,0.259873272,0.199419896,0.540706832,Thailand,Indo-Malay,100.0538044,8.067671112,2333.580413,27.28226152,87.07141435,2.306768864,97.97263302,82,0.32,0.8125
Paladi.Aru,Native,0.115747641,0.393418037,0.490834322,Sri Lanka,Indo-Malay,80.87189438,9.08909092,41.11100391,27.71187941,167.2508211,1.956746429,99.40687852,28,0.72,0.263888889
Paladi.Aru,Non-native,0.417017478,0.239760474,0.343222047,Sri Lanka,Indo-Malay,80.87189438,9.08909092,41.11100391,27.71187941,167.2508211,1.956746429,99.40687852,28,0.72,0.263888889
Palampotta.Ara,Native,0.115747641,0.393418037,0.490834322,Sri Lanka,Indo-Malay,81.06953674,8.542600416,117.5490883,27.65227267,169.2263035,1.156445459,70.76723107,28,0.7,0.242857143
Palampotta.Ara,Non-native,0.417017478,0.239760474,0.343222047,Sri Lanka,Indo-Malay,81.06953674,8.542600416,117.5490883,27.65227267,169.2263035,1.156445459,70.76723107,28,0.7,0.242857143
Paliastomi,Native,0.100097702,0.213031459,0.686870839,Georgia,Palearctic,42.05047004,42.09130061,564.6205293,14.07928518,641.2885869,2.67291522,99.93788582,34,0.28,0.535714286
Paliastomi,Non-native,0,0.2270361,0.7729639,Georgia,Palearctic,42.05047004,42.09130061,564.6205293,14.07928518,641.2885869,2.67291522,99.93788582,34,0.28,0.535714286
Palinup,Native,0.040355634,0.413884484,0.545759882,Australia,Australasia,118.3106135,-34.14892384,6530.408917,15.63726353,389.9598684,0.308531512,99.81496577,7,0.73,0.068493151
Palinup,Non-native,0.413734462,0.586265538,0,Australia,Australasia,118.3106135,-34.14892384,6530.408917,15.63726353,389.9598684,0.308531512,99.81496577,7,0.73,0.068493151
Palizada,Native,0.179298684,0.299172161,0.521529155,Mexico,Neotropic,-91.87588345,18.24253502,2174.843767,26.78651594,202.0541509,1.516512424,99.96203271,37,0.39,0.923076923
Paljavaam,Native,0.22562589,0.07982109,0.69455302,Russia,Palearctic,173.0786344,68.21814682,26282.27238,-12.05186441,1489.125348,0.027398154,99.99604952,17,0.72,0.625
Palo.Blanco.creek,Native,0.233116488,0.108640636,0.658242877,United States,Nearctic,-98.46668116,27.27515193,2671.370878,22.21372459,606.0734652,2.716240883,99.54808745,8,0.93,0.021505376
Pamba,Native,0.10625694,0.404171734,0.489571327,India,Indo-Malay,76.87768988,9.334483776,3939.343436,25.78240523,101.6439538,12.00952435,96.3350696,54,0.38,0.868421053
Pamba,Non-native,0.385410185,0.032716274,0.581873541,India,Indo-Malay,76.87768988,9.334483776,3939.343436,25.78240523,101.6439538,12.00952435,96.3350696,54,0.38,0.868421053
Pambula,Native,0.028225003,0.436952905,0.534822092,Australia,Australasia,149.7983686,-36.96545989,302.1055575,14.36976768,357.1640922,0.872236386,99.8908187,8,0.31,0.193548387
Pamissos,Native,0.123978062,0.337082183,0.538939755,Greece,Palearctic,21.99962247,37.20806368,786.1691499,15.0551477,617.9953982,5.587849021,98.74354483,7,0.45,0.355555556
Pamissos,Non-native,0.105539711,0.188302338,0.706157952,Greece,Palearctic,21.99962247,37.20806368,786.1691499,15.0551477,617.9953982,5.587849021,98.74354483,7,0.45,0.355555556
Pampana,Native,0.190859051,0.386477394,0.422663556,Sierra Leone,Afrotropic,-11.83536584,8.386274862,8217.592747,25.95762421,102.0047629,0.315781627,99.8591193,113,0.59,0.915254237
Pampana,Non-native,0,0.044361956,0.955638044,Sierra Leone,Afrotropic,-11.83536584,8.386274862,8217.592747,25.95762421,102.0047629,0.315781627,99.8591193,113,0.59,0.915254237
Pan.Oya,Native,0.115747641,0.393418037,0.490834322,Sri Lanka,Indo-Malay,81.13026054,8.658574653,192.1092438,28.08151383,172.1042521,1.12323831,98.55763744,28,0.65,0.338461538
Pan.Oya,Non-native,0.417017478,0.239760474,0.343222047,Sri Lanka,Indo-Malay,81.13026054,8.658574653,192.1092438,28.08151383,172.1042521,1.12323831,98.55763744,28,0.65,0.338461538
Pangani,Native,0.218484606,0.358572374,0.42294302,Tanzania,Afrotropic,37.40690285,-4.453596061,52446.14835,21.48448232,174.725965,0.452259295,97.82315193,39,0.39,0.717948718
Pangani,Non-native,0.493761342,0.506238658,0,Tanzania,Afrotropic,37.40690285,-4.453596061,52446.14835,21.48448232,174.725965,0.452259295,97.82315193,39,0.39,0.717948718
Paniai,Native,0.224085004,0.33779305,0.438121945,Indonesia,Australasia,136.1607836,-4.051140086,4557.697402,17.92888806,61.76687571,0.219133608,99.97013145,18,0.29,0.379310345
Pankulam.Aru,Native,0.116886926,0.370966007,0.512147067,Sri Lanka,Indo-Malay,81.00214772,8.607586941,447.7475761,27.63367461,167.5540592,2.142964214,77.0041126,31,0.55,0.472727273
Pankulam.Aru,Non-native,0.417017478,0.239760474,0.343222047,Sri Lanka,Indo-Malay,81.00214772,8.607586941,447.7475761,27.63367461,167.5540592,2.142964214,77.0041126,31,0.55,0.472727273
Pannela.Oya,Native,0.115747641,0.393418037,0.490834322,Sri Lanka,Indo-Malay,81.70363637,7.100754729,191.1634372,27.30897141,124.1172081,3.374859512,76.41038584,28,0.45,0.555555556
Pannela.Oya,Non-native,0.417017478,0.239760474,0.343222047,Sri Lanka,Indo-Malay,81.70363637,7.100754729,191.1634372,27.30897141,124.1172081,3.374859512,76.41038584,28,0.45,0.555555556
Panuco,Native,0.24775658,0.366258348,0.385985071,Mexico,Neotropic,-99.26926258,21.63474097,86623.58028,20.5847742,309.3047274,12.13821816,95.01810617,106,0.25,0.6
Panuco,Non-native,0.183573364,0.162535911,0.653890725,Mexico,Neotropic,-99.26926258,21.63474097,86623.58028,20.5847742,309.3047274,12.13821816,95.01810617,106,0.25,0.6
Paope,Native,0.143084044,0.170782111,0.686133845,Estonia,Palearctic,22.51593292,58.92912015,30.88999908,6.244483585,722.837833,0.354752924,99.8819,3,0.36,0.194444444
Papagayo,Native,0.165727906,0.357670538,0.476601556,Mexico,Neotropic,-99.39835318,17.26804242,7590.053801,23.35704204,119.4838321,3.91249907,99.88442694,40,0.58,0.793103448
Papagayo,Non-native,0.715052255,0.003787651,0.281160094,Mexico,Neotropic,-99.39835318,17.26804242,7590.053801,23.35704204,119.4838321,3.91249907,99.88442694,40,0.58,0.793103448
Papaka,Native,0.020971996,0.285663896,0.693364108,New Zealand,Australasia,171.1473479,-44.33739904,110.4772027,11.13211325,384.6511866,1.057885274,99.52732063,6,0.32,0.25
Papaloapan,Native,0.228758564,0.368888042,0.402353393,Mexico,Neotropic,-96.29582372,17.93189515,39565.18436,21.91967909,211.9061369,4.641429007,98.86114418,105,0.37,0.891891892
Papaloapan,Non-native,0.539600764,0.052279097,0.408120139,Mexico,Neotropic,-96.29582372,17.93189515,39565.18436,21.91967909,211.9061369,4.641429007,98.86114418,105,0.37,0.891891892
Paraguacu,Native,0.127759255,0.433017203,0.439223542,Brazil,Neotropic,-40.48800026,-12.33872822,54901.20807,22.25455236,152.0837981,0.859833911,96.38317234,100,0.33,0.363636364
Paraguacu,Non-native,0.46974019,0.276153922,0.254105888,Brazil,Neotropic,-40.48800026,-12.33872822,54901.20807,22.25455236,152.0837981,0.859833911,96.38317234,100,0.33,0.363636364
Paraiba,Native,0.242780443,0.380613553,0.376606005,Brazil,Neotropic,-36.31363671,-7.485424188,19716.87641,23.1878952,133.7738125,2.143353939,90.21447616,15,0.66,0.151515152
Paraiba,Non-native,0.531764085,0.217096636,0.251139278,Brazil,Neotropic,-36.31363671,-7.485424188,19716.87641,23.1878952,133.7738125,2.143353939,90.21447616,15,0.66,0.151515152
Paraiba.2,Native,0.178976425,0.377351639,0.443671936,Brazil,Neotropic,-36.33247528,-9.341921595,3660.311658,22.79745456,147.5337397,2.644151032,99.6443305,17,0.8,0.0625
Paraiba.do.Sul,Native,0.222707269,0.377009367,0.400283364,Brazil,Neotropic,-43.49801382,-22.0504075,57085.38014,20.00954185,234.6932594,26.6795373,96.2329999,240,0.36,0.916666667
Paraiba.do.Sul,Non-native,0.226936277,0.327276159,0.445787564,Brazil,Neotropic,-43.49801382,-22.0504075,57085.38014,20.00954185,234.6932594,26.6795373,96.2329999,240,0.36,0.916666667
Parana,Native,0.229274028,0.415604763,0.355121208,Paraguay,Neotropic,-56.60306071,-22.92092753,2596482.377,21.49582689,308.7424068,2.749833465,98.66771661,1003,0.25,0.56
Parana,Non-native,0.319627264,0.172547965,0.507824771,Paraguay,Neotropic,-56.60306071,-22.92092753,2596482.377,21.49582689,308.7424068,2.749833465,98.66771661,1003,0.25,0.56
Parangi.Aru,Native,0.115747641,0.393418037,0.490834322,Sri Lanka,Indo-Malay,80.39621717,8.904438219,792.7874767,27.4356368,165.9812123,2.884978205,99.18770567,28,0.66,0.303030303
Parangi.Aru,Non-native,0.417017478,0.239760474,0.343222047,Sri Lanka,Indo-Malay,80.39621717,8.904438219,792.7874767,27.4356368,165.9812123,2.884978205,99.18770567,28,0.66,0.303030303
Parawai,Native,0.025745491,0.365524522,0.608729987,New Zealand,Australasia,175.0152099,-37.8580266,181.4345373,13.32471909,335.2232066,4.709180892,99.87353143,11,0.3,0.666666667
Parawai,Non-native,0.28782068,0,0.71217932,New Zealand,Australasia,175.0152099,-37.8580266,181.4345373,13.32471909,335.2232066,4.709180892,99.87353143,11,0.3,0.666666667
Pareora,Native,0.054862466,0.392357348,0.552780186,New Zealand,Australasia,170.9542526,-44.42326251,574.0740606,9.975565114,391.255199,0.487549178,99.73639065,7,0.27,0.185185185
Pareora,Non-native,0.314149046,0,0.685850954,New Zealand,Australasia,170.9542526,-44.42326251,574.0740606,9.975565114,391.255199,0.487549178,99.73639065,7,0.27,0.185185185
Paria1,Native,0.200934643,0.436488825,0.362576533,Venezuela,Neotropic,-62.99873465,10.59676126,497.3516435,26.30267146,70.38102376,2.714154899,99.59309246,20,0.26,0.807692308
Paringa,Native,0.045598195,0.405492663,0.548909142,New Zealand,Australasia,169.5129418,-43.75855002,363.7089821,8.601379427,369.5595126,0.020543613,99.98378513,9,0.23,0.47826087
Paringa,Non-native,0.30495853,0,0.69504147,New Zealand,Australasia,169.5129418,-43.75855002,363.7089821,8.601379427,369.5595126,0.020543613,99.98378513,9,0.23,0.47826087
Parismina,Native,0.293651968,0.386364738,0.319983293,Costa Rica,Neotropic,-83.69630965,9.966450525,2778.069228,20.70532526,68.30302055,4.396127164,98.29105576,31,0.33,0.757575758
Parismina,Non-native,0.473674931,0.526325069,0,Costa Rica,Neotropic,-83.69630965,9.966450525,2778.069228,20.70532526,68.30302055,4.396127164,98.29105576,31,0.33,0.757575758
Parnaiba,Native,0.23235085,0.373003601,0.394645549,Brazil,Neotropic,-43.28120761,-7.266392544,331792.6038,25.65231856,97.72649742,0.297204714,97.60858692,112,0.37,0.540540541
Parnaiba,Non-native,0.246880671,0.388001594,0.365117734,Brazil,Neotropic,-43.28120761,-7.266392544,331792.6038,25.65231856,97.72649742,0.297204714,97.60858692,112,0.37,0.540540541
Parnu,Native,0.136909499,0.170741294,0.692349207,Estonia,Palearctic,25.28623875,58.53497801,5946.876881,5.325497015,844.6631793,0.86256288,99.91108115,25,0.23,0.52173913
Parnu,Non-native,0.199050513,0.044107084,0.756842404,Estonia,Palearctic,25.28623875,58.53497801,5946.876881,5.325497015,844.6631793,0.86256288,99.91108115,25,0.23,0.52173913
Parramatta,Native,0.081938664,0.395635069,0.522426267,Australia,Australasia,151.0246975,-33.81293492,253.9054739,17.7894184,418.9881453,59.40806866,93.55307728,41,0.3,0.266666667
Parramatta,Non-native,0.230705586,0.189557547,0.579736867,Australia,Australasia,151.0246975,-33.81293492,253.9054739,17.7894184,418.9881453,59.40806866,93.55307728,41,0.3,0.266666667
Parry.Inlet,Native,0.107396407,0.610831415,0.281772178,Australia,Australasia,117.1793154,-34.97906502,155.0884228,15.3177855,295.5452256,0.409147315,99.96811401,4,0.43,0.348837209
Parseta,Native,0.147299526,0.174095039,0.678605435,Poland,Palearctic,16.19069817,53.9417225,3337.267753,8.010464878,709.4333418,2.797582448,97.02540976,20,0.21,0.285714286
Parseta,Non-native,0.199050513,0.072598238,0.728351249,Poland,Palearctic,16.19069817,53.9417225,3337.267753,8.010464878,709.4333418,2.797582448,97.02540976,20,0.21,0.285714286
Pascagoula,Native,0.19465408,0.33710188,0.468244041,United States,Nearctic,-89.02126032,31.61682219,21758.29325,18.03598659,694.6570491,5.754778504,98.44202586,125,0.19,0.684210526
Pascoe,Native,0.09052609,0.409332971,0.500140939,Australia,Australasia,143.0917482,-12.74361761,2015.66487,25.35684882,175.8891468,0.008795769,99.97554894,16,0.63,0.428571429
Pasig,Native,0.209336037,0.356447323,0.43421664,Philippines,Indo-Malay,121.2648211,14.39005242,3914.591937,26.27316283,109.2303348,63.94275761,98.52696428,13,0.34,0.764705882
Pasig,Non-native,0.341540407,0.19608728,0.462372313,Philippines,Indo-Malay,121.2648211,14.39005242,3914.591937,26.27316283,109.2303348,63.94275761,98.52696428,13,0.34,0.764705882
Passaic,Native,0.224836013,0.246676051,0.528487936,United States,Nearctic,-74.32328802,40.96419986,2448.576425,10.28787187,911.119678,215.0250778,88.2095655,39,0.19,0.526315789
Pasvik,Native,0.162935716,0.130957114,0.70610717,Finland,Palearctic,27.45415444,68.92475291,18055.87562,-1.365184328,969.1030201,0.095788391,98.49062971,12,0.4,0.9
Pasvik,Non-native,0.264060714,0.057498905,0.678440381,Finland,Palearctic,27.45415444,68.92475291,18055.87562,-1.365184328,969.1030201,0.095788391,98.49062971,12,0.4,0.9
Patalganga.Bhogawati,Native,0.113813487,0.367553743,0.51863277,India,Indo-Malay,73.19999504,18.8127455,794.8907017,26.90867057,208.0349796,16.03449249,96.60754207,44,0.67,0.507462687
Patalganga.Bhogawati,Non-native,0.308302548,0.185942113,0.505755339,India,Indo-Malay,73.19999504,18.8127455,794.8907017,26.90867057,208.0349796,16.03449249,96.60754207,44,0.67,0.507462687
Paterson,Native,0.059416932,0.47133056,0.469252507,Australia,Australasia,145.2319359,-37.980263,778.8891165,14.52459783,379.7904551,36.16512108,96.41516082,19,0.2,0.4
Paterson,Non-native,0.21769434,0.463679443,0.318626218,Australia,Australasia,145.2319359,-37.980263,778.8891165,14.52459783,379.7904551,36.16512108,96.41516082,19,0.2,0.4
Pathanthe.Aru,Native,0.128834123,0.397256876,0.473909,Sri Lanka,Indo-Malay,81.62641966,7.606848704,101.2471599,27.99793423,156.5669186,3.374859512,86.21771694,29,0.62,0.35483871
Pathanthe.Aru,Non-native,0.417017478,0.239760474,0.343222047,Sri Lanka,Indo-Malay,81.62641966,7.606848704,101.2471599,27.99793423,156.5669186,3.374859512,86.21771694,29,0.62,0.35483871
Patia,Native,0.207203515,0.379007851,0.413788634,Colombia,Neotropic,-77.54286451,1.663396235,22332.53739,19.35570583,32.96948166,1.853896946,99.85911314,64,0.29,0.655172414
Patia,Non-native,0.429749386,0.347927008,0.222323606,Colombia,Neotropic,-77.54286451,1.663396235,22332.53739,19.35570583,32.96948166,1.853896946,99.85911314,64,0.29,0.655172414
Patriarch,Native,0.026560142,0.359853226,0.613586632,Australia,Australasia,148.081338,-40.00067292,132.669457,13.57705223,315.5816646,0.020216167,99.87909855,14,0.31,0.419354839
Pattani,Native,0.13420511,0.400440777,0.465354113,Thailand,Indo-Malay,101.2415373,6.186264263,3923.590949,25.58683638,68.71748891,3.550777614,95.63032113,69,0.38,0.552631579
Pattani,Non-native,0,0.128673395,0.871326605,Thailand,Indo-Malay,101.2415373,6.186264263,3923.590949,25.58683638,68.71748891,3.550777614,95.63032113,69,0.38,0.552631579
Patuca,Native,0.314532436,0.36187321,0.323594353,Honduras,Neotropic,-85.83805829,14.6923583,23533.32678,23.88884153,140.7544886,0.739350826,99.91108072,35,0.45,0.733333333
Patuxent,Native,0.223967087,0.258224898,0.517808015,United States,Nearctic,-76.82893179,39.0041152,1676.816843,12.76728187,874.2234577,68.51474571,91.28685856,49,0.19,0.578947368
Paya,Native,0.182666274,0.312519748,0.504813978,Malaysia,Indo-Malay,104.1358333,2.764166666,4.269143608,23.9020834,61.29104996,0.048406479,NA,8,0.45,0.444444444
Peace,Native,0.232012001,0.346226918,0.421761081,United States,Nearctic,-81.7994797,27.52350513,5870.964342,22.49620711,436.6338457,18.77185082,92.66205399,46,0.21,0.80952381
Peace,Non-native,0.461809947,0.146142995,0.392047058,United States,Nearctic,-81.7994797,27.52350513,5870.964342,22.49620711,436.6338457,18.77185082,92.66205399,46,0.21,0.80952381
Pearl,Native,0.204739204,0.330427305,0.464833491,United States,Nearctic,-89.7804037,31.9129605,21790.63225,17.827102,708.3293114,6.648777843,96.1090697,141,0.23,0.782608696
Pearl,Non-native,0.114276641,0.141701113,0.744022246,United States,Nearctic,-89.7804037,31.9129605,21790.63225,17.827102,708.3293114,6.648777843,96.1090697,141,0.23,0.782608696
Peawah,Native,0,0.404759408,0.595240592,Australia,Australasia,118.0641625,-20.95561041,2158.924024,27.35832714,479.9652881,0.156699579,99.98038643,1,0.94,0.031914894
Peconic,Native,0.187768225,0.20116594,0.611065835,United States,Nearctic,-72.78033479,40.90381175,251.1593684,10.94664287,861.5559684,13.10594273,98.87372002,14,0.32,0.34375
Peconic,Non-native,0.196013329,0.132534196,0.671452475,United States,Nearctic,-72.78033479,40.90381175,251.1593684,10.94664287,861.5559684,13.10594273,98.87372002,14,0.32,0.34375
Pedregal,Native,0.26027288,0.405713489,0.334013632,Mexico,Neotropic,-93.565289,15.91208932,260.4261558,26.35639923,88.34825452,0.710815132,99.92370744,8,0.6,0.666666667
Peedee,Native,0.22852831,0.307600497,0.463871193,United States,Nearctic,-79.92326733,34.85425814,46101.61621,15.93163451,752.6742849,20.22249651,96.96176757,104,0.22,0.409090909
Peedee,Non-native,0.177271476,0.162254536,0.660473988,United States,Nearctic,-79.92326733,34.85425814,46101.61621,15.93163451,752.6742849,20.22249651,96.96176757,104,0.22,0.409090909
Peipsi.Pskov,Native,0.102405862,0.159244929,0.73834921,Russia,Palearctic,28.01896762,57.85505828,57912.29827,5.160825419,868.2943698,0.681216568,99.94132464,39,0.23,0.52173913
Peipsi.Pskov,Non-native,0.132700342,0.077803548,0.78949611,Russia,Palearctic,28.01896762,57.85505828,57912.29827,5.160825419,868.2943698,0.681216568,99.94132464,39,0.23,0.52173913
Pelorus,Native,0.0516113,0.394012608,0.554376092,New Zealand,Australasia,173.5425897,-41.32059288,888.4317584,10.35933783,363.9976934,2.15051496,99.84299691,13,0.3,0.366666667
Pelorus,Non-native,0.342960853,0,0.657039147,New Zealand,Australasia,173.5425897,-41.32059288,888.4317584,10.35933783,363.9976934,2.15051496,99.84299691,13,0.3,0.366666667
Penang.Ara,Native,0.148084807,0.473062653,0.378852541,Malaysia,Indo-Malay,100.2719828,5.334913793,24.68457913,26.80744049,39.0181254,18.72156,97.04629292,12,0.26,0.653846154
Penang.Ara,Non-native,0.284833385,0.487912476,0.227254139,Malaysia,Indo-Malay,100.2719828,5.334913793,24.68457913,26.80744049,39.0181254,18.72156,97.04629292,12,0.26,0.653846154
Penang.Bahang,Native,0.220989715,0.42440815,0.354602135,Malaysia,Indo-Malay,100.2199561,5.434429825,16.17007778,25.76435206,42.91516452,18.72155952,99.7384,8,0.27,0.703703704
Penang.Bahang,Non-native,0.758129529,0.009934655,0.231935816,Malaysia,Indo-Malay,100.2199561,5.434429825,16.17007778,25.76435206,42.91516452,18.72155952,99.7384,8,0.27,0.703703704
Penang.Batu.Maung,Native,0.185178057,0.407018467,0.407803476,Malaysia,Indo-Malay,100.2875,5.283333333,5.107570125,27.1833334,39.96244526,18.72156,95.5472,7,0.28,0.607142857
Penang.Bayan.Lepas,Native,0.175082483,0.473352138,0.351565378,Malaysia,Indo-Malay,100.2607143,5.298214286,11.91738481,26.88809558,39.54693549,18.72156,95.694,10,0.26,0.653846154
Penang.Bayan.Lepas,Non-native,0.284833385,0.487912476,0.227254139,Malaysia,Indo-Malay,100.2607143,5.298214286,11.91738481,26.88809558,39.54693549,18.72156,95.694,10,0.26,0.653846154
Penang.Burung,Native,0.199519892,0.498546011,0.301934097,Malaysia,Indo-Malay,100.2041667,5.306547619,5.95861405,26.67152754,41.44189326,18.72156,NA,14,0.25,0.68
Penang.Burung,Non-native,0.075905427,0.469586294,0.454508279,Malaysia,Indo-Malay,100.2041667,5.306547619,5.95861405,26.67152754,41.44189326,18.72156,NA,14,0.25,0.68
Penang.Kuala.Jalan.Baharu,Native,0.123729495,0.408298271,0.467972234,Malaysia,Indo-Malay,100.2323529,5.344362745,28.94010614,26.49901951,40.05444067,18.72156,99.77472273,5,0.25,0.68
Penang.Masdij,Native,0.286002029,0.495595667,0.218402304,Malaysia,Indo-Malay,100.2782801,5.400265957,40.00186849,26.21196812,40.14790409,18.72156,85.99489885,6,0.31,0.709677419
Penang.Masdij,Non-native,0.493761342,0.506238658,0,Malaysia,Indo-Malay,100.2782801,5.400265957,40.00186849,26.21196812,40.14790409,18.72156,85.99489885,6,0.31,0.709677419
Penang.Nibung,Native,0.241406129,0.480255323,0.278338547,Malaysia,Indo-Malay,100.3041667,5.359027778,10.21391673,27.11574088,40.16479492,18.72156,95.8,5,0.27,0.666666667
Penang.Nibung,Non-native,0.075905427,0.469586294,0.454508279,Malaysia,Indo-Malay,100.3041667,5.359027778,10.21391673,27.11574088,40.16479492,18.72156,95.8,5,0.27,0.666666667
Penang.Pinang,Native,0.096772525,0.335233899,0.567993576,Malaysia,Indo-Malay,100.22,5.400833334,17.02205645,25.72171041,40.79297457,18.72155976,99.733,2,0.27,0.703703704
Penboscot,Native,0.15075051,0.1968671,0.652382389,United States,Nearctic,-68.90531105,45.59695359,22117.64958,4.659899887,1074.113952,1.323927194,94.81122601,42,0.29,0.75862069
Penboscot,Non-native,0.243008816,0.093820548,0.663170636,United States,Nearctic,-68.90531105,45.59695359,22117.64958,4.659899887,1074.113952,1.323927194,94.81122601,42,0.29,0.75862069
Penguin.creek,Native,0.258729271,0.021949835,0.719320894,Australia,Australasia,146.0419231,-41.14291828,28.72519815,12.28246123,307.3253947,1.880470008,99.854,2,0.37,0.486486486
Penguin.creek,Non-native,0.28782068,0,0.71217932,Australia,Australasia,146.0419231,-41.14291828,28.72519815,12.28246123,307.3253947,1.880470008,99.854,2,0.37,0.486486486
Penjina,Native,0.269463197,0.118309839,0.612226964,Russia,Palearctic,165.9689716,63.68288426,59474.44846,-9.616373661,1573.154096,0.0054312,99.99798368,21,0.7,0.7
Pennar,Native,0.098722538,0.348375753,0.552901708,India,Indo-Malay,78.32910586,14.45149887,54708.80602,27.31032885,285.8631961,4.359582484,90.89874331,81,0.53,0.358490566
Pennar,Non-native,0.163806632,0.100121913,0.736071454,India,Indo-Malay,78.32910586,14.45149887,54708.80602,27.31032885,285.8631961,4.359582484,90.89874331,81,0.53,0.358490566
Per.Aru,Native,0.115747641,0.393418037,0.490834322,Sri Lanka,Indo-Malay,80.65267318,9.176123711,458.0668982,27.55348372,174.1393836,1.956746429,98.65482224,28,0.62,0.403225806
Per.Aru,Non-native,0.417017478,0.239760474,0.343222047,Sri Lanka,Indo-Malay,80.65267318,9.176123711,458.0668982,27.55348372,174.1393836,1.956746429,98.65482224,28,0.62,0.403225806
Perak,Native,0.158664414,0.325162801,0.516172785,Malaysia,Indo-Malay,101.1973474,4.874817263,14857.18695,24.93733518,50.00537909,6.117245257,96.93232276,174,0.24,0.75
Perak,Non-native,0.149024615,0.145605085,0.705370299,Malaysia,Indo-Malay,101.1973474,4.874817263,14857.18695,24.93733518,50.00537909,6.117245257,96.93232276,174,0.24,0.75
Perdido,Native,0.206386649,0.363588303,0.430025048,United States,Nearctic,-87.57496897,30.74940782,2283.76374,19.05345183,645.893896,12.3118639,99.43638676,82,0.18,0.611111111
Pereque.Acu,Native,0.289885696,0.39744572,0.312668584,Brazil,Neotropic,-44.80347635,-23.22085529,167.5164784,18.56945098,239.3542251,0.792179182,99.85531326,11,0.36,0.861111111
Periyar,Native,0.123545619,0.344498584,0.531955797,India,Indo-Malay,76.95313759,9.940445127,4548.764178,22.77191186,117.0505246,12.5411166,90.39827393,62,0.41,0.902439024
Periyar,Non-native,0.334729278,0.120877496,0.544393226,India,Indo-Malay,76.95313759,9.940445127,4548.764178,22.77191186,117.0505246,12.5411166,90.39827393,62,0.41,0.902439024
Perlis,Native,0.165216904,0.36370695,0.471076145,Malaysia,Indo-Malay,100.2525584,6.534493338,716.6893991,27.13556478,60.68384367,7.886576176,95.05226132,26,0.34,0.735294118
Perlis,Non-native,0.156604448,0.229190864,0.614204688,Malaysia,Indo-Malay,100.2525584,6.534493338,716.6893991,27.13556478,60.68384367,7.886576176,95.05226132,26,0.34,0.735294118
Pernatoye,Native,0.363888291,0.182420287,0.453691422,Russia,Palearctic,155.3868902,50.0820122,22.66727719,0.400304881,610.4976777,0.028267363,99.95189929,7,0.71,0.61971831
Pero.Seco,Native,0.235700982,0.440399052,0.323899966,Trinidad and Tobago,Neotropic,-61.08892544,10.70866228,63.86268201,25.63772214,60.41977163,17.19340992,99.95178131,10,0.4,0.525
Peruipe,Native,0.194920041,0.412612186,0.392467773,Brazil,Neotropic,-39.86842878,-17.71802414,5144.655708,24.11851492,171.8355235,0.769359425,99.95014091,29,0.48,0.125
Perula,Native,0.060918191,0.362350365,0.576731444,Mexico,Neotropic,-105.0887374,19.61591985,166.3974164,25.27642327,206.9313138,0.211742882,99.8960622,27,0.54,0.5
Pestchanka,Native,0.116841032,0.098946183,0.784212785,Russia,Palearctic,49.60777706,69.00741467,373.8022381,-3.387590207,823.6451471,0.000945761,100,6,0.69,0.52173913
Petchora,Native,0.115413098,0.144712131,0.739874771,Russia,Palearctic,56.41446054,65.51234366,316659.0998,-3.093533505,1165.874638,0.174355727,99.98986718,32,0.61,0.885245902
Petchora,Non-native,0,0.128673395,0.871326605,Russia,Palearctic,56.41446054,65.51234366,316659.0998,-3.093533505,1165.874638,0.174355727,99.98986718,32,0.61,0.885245902
Petit.Mecatina,Native,0.14233905,0.131901606,0.725759344,Canada,Nearctic,-60.82294363,52.03290481,19169.38434,-1.704961643,1129.10167,0.002602729,100,18,0.5,0.84
Petit.Pabos,Native,0.181062419,0.230079154,0.588858427,Canada,Nearctic,-64.79763791,48.49637756,249.3229939,2.226941289,1032.761296,0.546743557,100,10,0.53,0.58490566
Petit.Pabos,Non-native,0.398101026,0,0.601898974,Canada,Nearctic,-64.79763791,48.49637756,249.3229939,2.226941289,1032.761296,0.546743557,100,10,0.53,0.58490566
Petitcodiac,Native,0.158543045,0.249441402,0.592015553,Canada,Nearctic,-64.96169756,45.95090315,1993.175772,5.220005747,980.2198123,2.032655567,99.80798609,21,0.25,0.72
Petitcodiac,Non-native,0.310716447,0.041691926,0.647591627,Canada,Nearctic,-64.96169756,45.95090315,1993.175772,5.220005747,980.2198123,2.032655567,99.80798609,21,0.25,0.72
Petite.Cascapedia,Native,0.246044811,0.075551809,0.67840338,Canada,Nearctic,-65.81754376,48.5515524,1467.921223,1.638545711,1065.676677,0.396666192,99.99859013,5,0.47,0.723404255
Petrohue,Native,0.108029344,0.427581102,0.464389554,Chile,Neotropic,-72.15502837,-41.12967611,2672.233864,7.851696371,384.4203214,0.798362933,99.99129643,10,0.29,0.620689655
Petronila.creek,Native,0.193641398,0.199939646,0.606418956,United States,Nearctic,-97.98231573,27.78794024,2694.15965,21.94465949,602.968721,7.416638851,99.72267184,14,0.72,0.083333333
Pha,Native,0.126013253,0.395567427,0.47841932,Vietnam,Indo-Malay,108.8042462,11.76434397,3004.58683,23.64980194,146.5549444,1.670224845,99.77112697,32,0.36,0.777777778
Phattalung,Native,0.205412638,0.341613894,0.452973469,Thailand,Indo-Malay,100.039544,7.510642566,3143.656338,26.819729,82.20978863,3.499116361,99.18748974,26,0.35,0.685714286
Phattalung,Non-native,0,0.128673395,0.871326605,Thailand,Indo-Malay,100.039544,7.510642566,3143.656338,26.819729,82.20978863,3.499116361,99.18748974,26,0.35,0.685714286
Phetchaburi,Native,0.149929427,0.326916638,0.523153936,Thailand,Indo-Malay,99.5940115,13.05100366,5428.830425,26.28542819,120.3455686,57.683981,94.77424881,16,0.56,0.696428571
Phetchaburi,Non-native,0,0.128673395,0.871326605,Thailand,Indo-Malay,99.5940115,13.05100366,5428.830425,26.28542819,120.3455686,57.683981,94.77424881,16,0.56,0.696428571
Phillips,Native,0.056497887,0.548442253,0.39505986,Australia,Australasia,119.8853142,-33.5910281,2572.156378,16.11932134,382.2631089,0.049040494,99.86499954,5,0.87,0.034482759
Phong.Nha,Native,0.129948301,0.405184124,0.464867575,Vietnam,Indo-Malay,106.2265913,17.54017065,1830.213221,23.25479993,329.7508575,0.943940714,98.9931019,51,0.31,0.709677419
Phong.Nha,Non-native,0,0.128673395,0.871326605,Vietnam,Indo-Malay,106.2265913,17.54017065,1830.213221,23.25479993,329.7508575,0.943940714,98.9931019,51,0.31,0.709677419
Phuket,Native,0.205382916,0.397239887,0.397377197,Thailand,Indo-Malay,98.37572453,7.939550079,331.9758448,27.58531337,66.31365057,2.544341892,96.31879793,9,0.4,0.775
Piako,Native,0.023625837,0.335380893,0.64099327,New Zealand,Australasia,175.5670488,-37.59537454,1365.345226,13.90418333,363.2780035,5.506458044,99.77792778,11,0.33,0.545454545
Piako,Non-native,0.18216685,0.108314923,0.709518227,New Zealand,Australasia,175.5670488,-37.59537454,1365.345226,13.90418333,363.2780035,5.506458044,99.77792778,11,0.33,0.545454545
Piasina,Native,0.174990457,0.108234687,0.716774856,Russia,Palearctic,95.00912501,72.94183728,221049.8262,-13.6032177,1492.529882,0.067707418,99.98523606,26,0.66,0.863636364
Piave,Native,0.146420232,0.212867487,0.640712281,Italy,Palearctic,12.19294078,46.24421149,4246.182386,6.836566477,686.5863758,23.00153685,92.10848483,22,0.32,0.875
Piave,Non-native,0.232120199,0.228430574,0.539449227,Italy,Palearctic,12.19294078,46.24421149,4246.182386,6.836566477,686.5863758,23.00153685,92.10848483,22,0.32,0.875
Piaxlta,Native,0.296168241,0.472302941,0.231528818,Mexico,Neotropic,-106.0856808,24.11412235,6922.861101,18.60137493,306.0230641,1.668715477,99.87313077,9,0.43,0.813953488
Picaro,Native,0.031388508,0.171314728,0.797296764,Spain,Palearctic,-5.455524358,36.11304185,13.22330725,17.77818624,425.1175519,NA,97.98953028,5,0.52,0.307692308
Picaro,Non-native,0.413734462,0.586265538,0,Spain,Palearctic,-5.455524358,36.11304185,13.22330725,17.77818624,425.1175519,NA,97.98953028,5,0.52,0.307692308
Pichin.Lora,Native,0.098795599,0.316827538,0.584376864,Afghanistan,Palearctic,66.00893206,29.98011283,37529.18411,19.85665525,870.7511364,0.508785821,99.360865,6,0.79,0.101265823
Pichin.Lora,Non-native,0.319032376,0.245304321,0.435663303,Afghanistan,Palearctic,66.00893206,29.98011283,37529.18411,19.85665525,870.7511364,0.508785821,99.360865,6,0.79,0.101265823
Pidula,Native,0.222051993,0.224128272,0.553819736,Estonia,Palearctic,22.10054961,58.39830298,7.829999172,6.66015619,726.6621094,0.354752928,NA,6,0.37,0.216216216
Pieman,Native,0.100975352,0.320604175,0.578420472,Australia,Australasia,145.4939001,-41.66334863,3889.343016,9.486669422,300.07899,0.788412541,94.8889827,9,0.31,0.774193548
Pieman,Non-native,0.314149046,0,0.685850954,Australia,Australasia,145.4939001,-41.66334863,3889.343016,9.486669422,300.07899,0.788412541,94.8889827,9,0.31,0.774193548
Pihla,Native,0.128993728,0.152524963,0.718481309,Estonia,Palearctic,22.54730889,58.95804314,24.53000165,6.27453706,723.8585748,0.354752928,99.9064567,5,0.32,0.21875
Pijijiapan,Native,0.23215707,0.398380015,0.369462915,Mexico,Neotropic,-93.178754,15.72625041,319.906295,25.84060055,86.5373582,0.520499833,99.91631831,12,0.64,0.59375
Pikasvaiam,Native,0.265324377,0.124561004,0.610114619,Russia,Palearctic,172.1215007,62.04518478,6318.722779,-7.561356444,1123.025818,0.014629913,100,17,0.72,0.666666667
Pilote,Native,0.028304046,0.350212416,0.621483538,Martinique,Neotropic,-60.89652778,14.50729167,39.75541537,25.89826397,87.99109952,NA,99.93924081,7,0.56,0.339285714
Pilote,Non-native,0.582214208,0.340473853,0.077311939,Martinique,Neotropic,-60.89652778,14.50729167,39.75541537,25.89826397,87.99109952,NA,99.93924081,7,0.56,0.339285714
Pimpama,Native,0,0.583164,0.416836,Australia,Australasia,153.2881541,-27.79661606,183.1889229,19.89031767,380.1275651,29.57940722,99.80293334,1,0.45,0.111111111
Pinan,Native,0.117039586,0.363426768,0.519533646,Taiwan,Indo-Malay,121.0297606,23.02598712,1597.214091,16.49770709,329.9785979,19.99660873,99.76106698,13,0.28,0.642857143
Pine.Valley.Wash,Native,0.128489715,0.27650056,0.595009725,United States,Nearctic,-113.7386817,38.45081843,1898.054708,8.840055004,865.2096616,0.161319401,99.65996432,2,0.66,0.121212121
Pinios.Pel,Native,0.123562747,0.318943874,0.557493379,Greece,Palearctic,21.56347908,37.87907495,888.4315528,14.79691464,615.9667903,3.92525804,85.68299441,9,0.37,0.432432432
Pinios.Pel,Non-native,0.145796319,0.224826568,0.629377113,Greece,Palearctic,21.56347908,37.87907495,888.4315528,14.79691464,615.9667903,3.92525804,85.68299441,9,0.37,0.432432432
Pinios.The,Native,0.115872911,0.2470727,0.637054389,Greece,Palearctic,22.05568548,39.56723259,9309.522124,13.69418972,740.186,7.941793442,96.82597407,28,0.26,0.615384615
Pinios.The,Non-native,0,0.145196476,0.854803524,Greece,Palearctic,22.05568548,39.56723259,9309.522124,13.69418972,740.186,7.941793442,96.82597407,28,0.26,0.615384615
Pioneer,Native,0.029423085,0.430857033,0.539719882,Australia,Australasia,148.7632294,-21.22143327,1560.789824,21.45293287,370.7999692,0.374294244,95.95690417,18,0.46,0.239130435
Pipers,Native,0.16714499,0.291623296,0.541231713,Australia,Australasia,147.1602033,-41.17620913,456.432108,11.81204232,328.163267,2.038211495,99.91791643,4,0.39,0.487179487
Pipers,Non-native,0.28782068,0,0.71217932,Australia,Australasia,147.1602033,-41.17620913,456.432108,11.81204232,328.163267,2.038211495,99.91791643,4,0.39,0.487179487
Piranhas,Native,0.19402181,0.449619551,0.356358638,Brazil,Neotropic,-37.42801244,-6.653279372,41023.4338,25.52790553,113.5765939,0.846861631,88.83663282,17,0.68,0.191176471
Piraque,Native,0.266399322,0.555695201,0.177905477,Brazil,Neotropic,-43.56316674,-22.94412566,102.748012,23.01398367,213.165784,102.8434181,97.13391644,8,0.31,0.64516129
Piraque,Non-native,0.493761342,0.506238658,0,Brazil,Neotropic,-43.56316674,-22.94412566,102.748012,23.01398367,213.165784,102.8434181,97.13391644,8,0.31,0.64516129
Piraque.Mirim,Native,0.179569461,0.459446637,0.360983901,Brazil,Neotropic,-40.32118766,-19.85221207,389.3011775,23.19458426,197.3638318,3.182930768,99.72725603,4,0.39,0.435897436
Piraque.Mirim,Non-native,0.493761342,0.506238658,0,Brazil,Neotropic,-40.32118766,-19.85221207,389.3011775,23.19458426,197.3638318,3.182930768,99.72725603,4,0.39,0.435897436
Pirita,Native,0.187865519,0.194297453,0.617837028,Estonia,Palearctic,25.07359553,59.20999112,864.2936152,5.351816499,808.1728129,3.981558859,99.82275466,16,0.28,0.428571429
Pirita,Non-native,0.398101026,0,0.601898974,Estonia,Palearctic,25.07359553,59.20999112,864.2936152,5.351816499,808.1728129,3.981558859,99.82275466,16,0.28,0.428571429
Pirris,Native,0.153333332,0.473161539,0.373505129,Costa Rica,Neotropic,-84.17360033,9.705962949,1384.111993,20.71573819,64.30101093,9.211876035,99.8298791,18,0.47,0.829787234
Pium,Native,0.215016421,0.314657237,0.470326341,Brazil,Neotropic,-35.28629729,-5.959381345,425.2506853,25.67163019,109.3460399,4.578812838,99.32449587,15,0.52,0.25
Platano,Native,0.391746301,0.326103224,0.282150475,Honduras,Neotropic,-84.73096393,15.52905768,1040.908708,26.14241345,125.1124326,0.070971839,99.99931794,21,0.41,0.682926829
Playford,Native,0.162906055,0.368628794,0.468465151,Australia,Australasia,136.3912721,-18.96431503,24539.05544,25.67202702,473.7438639,0.003718249,99.97948928,7,0.79,0.101265823
Playon.Chico,Native,0.20685457,0.380137088,0.413008343,Panama,Neotropic,-78.24050643,9.244724123,104.675913,25.74952572,46.08466277,0.285146784,99.93164325,18,0.49,0.693877551
Pleasant,Native,0,0.3390602,0.6609398,New Zealand,Australasia,170.6464449,-45.52701027,131.7071908,10.25797351,344.2152901,2.769979954,99.74374528,6,0.28,0.142857143
Plumbago,Native,0.066510854,0.371798165,0.56169098,New Zealand,Australasia,174.9686342,-41.28289707,137.4188597,11.44921012,323.2152494,5.903447032,88.85452247,12,0.34,0.470588235
Plumbago,Non-native,0.28782068,0,0.71217932,New Zealand,Australasia,174.9686342,-41.28289707,137.4188597,11.44921012,323.2152494,5.903447032,88.85452247,12,0.34,0.470588235
Plumtree.creek,Native,0.022328679,0.54273118,0.434940141,Australia,Australasia,149.2295891,-21.53218563,49.46123965,22.44062495,357.0642614,1.957947463,99.75463489,2,0.48,0.1875
Po,Native,0.127328245,0.229051328,0.643620427,Italy,Palearctic,9.126882357,45.28705948,73831.63159,9.439045846,698.5263339,63.62539196,97.47914761,42,0.24,0.708333333
Po,Non-native,0.142363752,0.141733063,0.715903186,Italy,Palearctic,9.126882357,45.28705948,73831.63159,9.439045846,698.5263339,63.62539196,97.47914761,42,0.24,0.708333333
Pocomoke,Native,0.209495049,0.285074518,0.505430433,United States,Nearctic,-75.45175022,38.23491714,1285.751968,13.45005255,819.8115582,12.22499251,99.79290068,34,0.23,0.652173913
Podoshevka,Native,0.366029598,0,0.633970402,Russia,Palearctic,147.9099146,45.28407151,49.01998905,2.404483118,770.3039157,0.01915267,99.93381282,2,0.49,0.673469388
Podragu,Native,0.143084044,0.170782111,0.686133845,Estonia,Palearctic,21.97850416,58.4819981,15.45000285,6.657661315,711.9956941,0.084302882,99.9515,3,0.35,0.228571429
Poduste.Jogi,Native,0.154469672,0.229940965,0.615589363,Estonia,Palearctic,22.50490431,58.35486991,222.2299911,6.576810865,743.0203996,0.354752928,99.85146332,8,0.36,0.25
Poerua,Native,0.033623862,0.339169903,0.627206235,New Zealand,Australasia,170.5216238,-43.18232883,208.4953972,9.231864961,359.3705353,0.127127524,99.93908172,8,0.2,0.45
Poerua,Non-native,0.28782068,0,0.71217932,New Zealand,Australasia,170.5216238,-43.18232883,208.4953972,9.231864961,359.3705353,0.127127524,99.93908172,8,0.2,0.45
Pogari,Native,0.143084044,0.170782111,0.686133845,Estonia,Palearctic,23.53846464,58.79672328,55.71743097,6.330248402,807.0868472,0.266493846,99.9475,3,0.27,0.407407407
Poison,Native,0.102256063,0.655907338,0.241836599,Australia,Australasia,123.3206651,-33.77083869,189.9629895,16.2163522,353.1066663,0.076967455,99.98057617,2,0.52,0.153846154
Pokopoko,Native,0.022462673,0.367599463,0.609937864,New Zealand,Australasia,176.4622956,-37.9037172,326.8676486,13.5001117,365.6336823,2.293577164,99.79970849,11,0.23,0.565217391
Pokopoko,Non-native,0.518082889,0.180967624,0.300949487,New Zealand,Australasia,176.4622956,-37.9037172,326.8676486,13.5001117,365.6336823,2.293577164,99.79970849,11,0.23,0.565217391
Pol.e.Rud,Native,0.129029875,0.195486392,0.675483732,Iran,Palearctic,50.19211291,36.80411089,1673.521119,10.02689549,839.9458769,6.129769564,99.82754894,16,0.36,0.75
Pol.e.Rud,Non-native,0.132140963,0.356242551,0.511616486,Iran,Palearctic,50.19211291,36.80411089,1673.521119,10.02689549,839.9458769,6.129769564,99.82754894,16,0.36,0.75
Polochic,Native,0.290978587,0.343874788,0.365146626,Guatemala,Neotropic,-89.60335321,15.45998473,8728.680555,23.19876567,137.7583947,2.335604429,99.89626265,66,0.45,0.711111111
Polonskogo.un,Native,0.269098239,0.437022589,0.293879171,Russia,Palearctic,146.3224222,43.63173484,14.77645856,5.322222233,721.6890991,0.0275108,NA,2,NA,NA
Polwatta.Ganga,Native,0.125299816,0.405938344,0.46876184,Sri Lanka,Indo-Malay,80.39444416,6.065081905,222.6149257,26.53095694,54.11481458,13.66189051,99.44187915,32,0.25,0.76
Polwatta.Ganga,Non-native,0.417017478,0.239760474,0.343222047,Sri Lanka,Indo-Malay,80.39444416,6.065081905,222.6149257,26.53095694,54.11481458,13.66189051,99.44187915,32,0.25,0.76
Ponghwa.ri,Native,0.098380081,0.271379522,0.630240398,South Korea,Palearctic,128.0303423,34.7937893,39.56894172,13.18537581,843.0838527,8.28454864,99.87115,9,0.46,0.391304348
Ponghwa.ri,Non-native,0,0.088214167,0.911785833,South Korea,Palearctic,128.0303423,34.7937893,39.56894172,13.18537581,843.0838527,8.28454864,99.87115,9,0.46,0.391304348
Pongnam.dong,Native,0.116803085,0.287399203,0.595797711,South Korea,Palearctic,128.1316781,34.93935779,56.064594,12.96261572,870.2835609,8.284548283,79.30275601,8,0.51,0.392156863
Pongnam.dong,Non-native,0,0.088214167,0.911785833,South Korea,Palearctic,128.1316781,34.93935779,56.064594,12.96261572,870.2835609,8.284548283,79.30275601,8,0.51,0.392156863
Pongola,Native,0.121997594,0.374485888,0.503516518,Swaziland,Afrotropic,31.25390008,-26.93579079,30460.84297,18.79073654,303.9230025,1.440647066,93.18349264,68,0.35,0.485714286
Pongola,Non-native,0.208517412,0.03148028,0.760002309,Swaziland,Afrotropic,31.25390008,-26.93579079,30460.84297,18.79073654,303.9230025,1.440647066,93.18349264,68,0.35,0.485714286
Ponoi,Native,0.148542027,0.134048839,0.717409134,Russia,Palearctic,40.01356454,67.14536245,4514.768188,-2.07929535,906.9905525,0.02031904,99.99436923,17,0.52,0.807692308
Pontian.Besar,Native,0.18331569,0.394208292,0.422476018,Malaysia,Indo-Malay,103.4614126,1.647913176,389.3498583,26.1385822,41.75331233,140.1348228,99.85313245,27,0.31,0.387096774
Popondetta,Native,0.023330473,0.364379857,0.612289669,Papua New Guinea,Australasia,148.3844769,-9.186684628,1030.9068,23.31000888,80.42304059,0.10214599,99.99692617,6,0.35,0.828571429
Poronai,Native,0.234022792,0.227079089,0.538898119,Russia,Palearctic,142.8481235,49.97413635,7161.185171,-1.425527163,1241.345264,0.417903215,99.9565788,28,0.49,0.87755102
Poronai,Non-native,0,0.088214167,0.911785833,Russia,Palearctic,142.8481235,49.97413635,7161.185171,-1.425527163,1241.345264,0.417903215,99.9565788,28,0.49,0.87755102
Port.Campbell.creek,Native,0.050373807,0.406348444,0.543277749,Australia,Australasia,143.0112954,-38.58717168,116.730479,13.59327706,303.0689735,1.130101576,99.86058385,3,0.37,0.432432432
Port.Campbell.creek,Non-native,0.28782068,0,0.71217932,Australia,Australasia,143.0112954,-38.58717168,116.730479,13.59327706,303.0689735,1.130101576,99.86058385,3,0.37,0.432432432
Port.Daniel,Native,0.159498839,0.243026629,0.597474532,Canada,Nearctic,-65.06072674,48.28018409,254.2628899,2.498175322,1031.38116,0.42695304,100,7,0.53,0.603773585
Potenza,Native,0.141114797,0.243815316,0.615069887,Italy,Palearctic,13.20174056,43.26079588,794.0006297,12.58195544,671.9968093,23.99927044,99.49172297,10,0.42,0.380952381
Potenza,Non-native,0.131701324,0.246593672,0.621705004,Italy,Palearctic,13.20174056,43.26079588,794.0006297,12.58195544,671.9968093,23.99927044,99.49172297,10,0.42,0.380952381
Potomac,Native,0.224246736,0.274072119,0.501681145,United States,Nearctic,-78.37098853,39.16307028,30337.15278,11.05961951,863.4157267,28.1057744,97.28825631,76,0.2,0.75
Potomac,Non-native,0.171829834,0.180609148,0.647561018,United States,Nearctic,-78.37098853,39.16307028,30337.15278,11.05961951,863.4157267,28.1057744,97.28825631,76,0.2,0.75
Pouembout,Native,0.016422106,0.342094188,0.641483706,New Caledonia,Australasia,165.0107063,-21.11286649,328.1569021,22.55432926,234.1724003,1.668757319,99.95200727,9,0.33,0.333333333
Pouembout,Non-native,0.666162585,0.253119329,0.080718086,New Caledonia,Australasia,165.0107063,-21.11286649,328.1569021,22.55432926,234.1724003,1.668757319,99.95200727,9,0.33,0.333333333
Pouso,Native,0.321532822,0.450086496,0.228380682,Brazil,Neotropic,-44.59896068,-23.30201396,135.9738699,21.32360159,225.0082004,0.792179212,100,4,0.32,0.71875
Povungnituk,Native,0.223220448,0.118917614,0.657861938,Canada,Nearctic,-75.31136447,60.57794436,28042.40167,-6.952043202,1292.19794,0.000369374,100,7,0.61,0.852459016
Powlett,Native,0.069415711,0.485675638,0.444908651,Australia,Australasia,145.6869697,-38.52417487,504.0466394,13.83466866,347.8094145,14.27349281,94.38598714,5,0.6,0.15
Powlett,Non-native,0.413734462,0.586265538,0,Australia,Australasia,145.6869697,-38.52417487,504.0466394,13.83466866,347.8094145,14.27349281,94.38598714,5,0.6,0.15
Pra,Native,0.170666582,0.416174513,0.413158905,Ghana,Afrotropic,-1.408464572,6.242545085,23420.35361,25.82969446,102.7579446,2.122131348,99.36958888,88,0.27,0.814814815
Prafi,Native,0,0.306644219,0.693355781,Indonesia,Australasia,133.7415321,-1.157000314,1531.747934,18.37653156,27.48087636,0.183945263,99.98594327,2,0.36,0.361111111
Prafi,Non-native,0.351042728,0.199263339,0.449693932,Indonesia,Australasia,133.7415321,-1.157000314,1531.747934,18.37653156,27.48087636,0.183945263,99.98594327,2,0.36,0.361111111
Pranburi,Native,0.179538168,0.334297709,0.486164123,Thailand,Indo-Malay,99.63841592,12.50204181,2867.372198,26.11585567,117.8372345,1.706985672,92.10607356,9,0.44,0.704545455
Pranburi,Non-native,0,0.128673395,0.871326605,Thailand,Indo-Malay,99.63841592,12.50204181,2867.372198,26.11585567,117.8372345,1.706985672,92.10607356,9,0.44,0.704545455
Prassi,Native,0.187440544,0.228810792,0.583748665,Estonia,Palearctic,22.62802984,58.74304112,27.98001066,6.454973175,738.0119147,0.354752928,99.93675,4,0.35,0.2
Presidio,Native,0.113963269,0.412744725,0.473292006,Mexico,Neotropic,-105.7925116,23.72756114,6001.463808,18.57310824,314.5831605,2.059033483,99.5340893,26,0.43,0.860465116
Prespa,Native,0.144716187,0.251040082,0.604243732,Macedonia,Palearctic,21.02216723,40.91613493,1395.288769,8.748253374,682.1834914,4.829558134,96.64071855,16,0.37,0.567567568
Prespa,Non-native,0.191111568,0.147807859,0.661080572,Macedonia,Palearctic,21.02216723,40.91613493,1395.288769,8.748253374,682.1834914,4.829558134,96.64071855,16,0.37,0.567567568
Presumpscot,Native,0.134768797,0.182568994,0.682662209,United States,Nearctic,-70.55880695,43.95190266,1704.267737,6.818406439,983.2049639,14.37551785,94.14326578,31,0.21,0.619047619
Priivitsa,Native,0.148338502,0.230503337,0.62115816,Estonia,Palearctic,24.57796498,57.96787107,106.3240571,5.33071053,830.2874001,3.960433543,99.9682929,8,0.27,0.296296296
Primera.Estancia,Native,0.236512956,0.461464903,0.302022141,Argentina,Neotropic,-57.42151214,-35.23113954,180.0552828,16.0253365,491.7555915,1.029666513,99.92847744,16,0.24,0.333333333
Prince.Regent,Native,0.064597757,0.406181147,0.529221096,Australia,Australasia,125.4285225,-15.68307106,3136.125229,26.45623518,270.3251714,0.027018353,100,22,0.63,0.46031746
Prinzapolka,Native,0.336137817,0.367821063,0.29604112,Nicaragua,Neotropic,-84.45149402,13.61805807,10791.42132,25.31295281,86.47041897,0.164584242,99.96711154,34,0.46,0.869565217
Progresso,Native,0.395004113,0.313190602,0.291805285,Belize,Neotropic,-88.37413439,18.15895374,568.1442273,26.01865447,167.5716979,2.045817763,99.83163734,16,0.42,0.5
Proserpine,Native,0.045049048,0.540390389,0.414560563,Australia,Australasia,148.4991089,-20.42792872,1158.140905,22.961174,344.7997061,0.761648685,87.10931377,5,0.6,0.166666667
Prosser,Native,0.024728825,0.396539807,0.578731368,Australia,Australasia,147.6940041,-42.57662596,701.4973908,10.88521627,324.2473244,4.116295338,99.9079521,9,0.85,0.023529412
Prosser,Non-native,0.14391034,0.023732495,0.832357165,Australia,Australasia,147.6940041,-42.57662596,701.4973908,10.88521627,324.2473244,4.116295338,99.9079521,9,0.85,0.023529412
Prozrachnyi,Native,0.422672859,0.148266652,0.429060488,Russia,Palearctic,145.8756772,44.11389014,35.65402381,4.509393969,797.1273981,0.242607396,100,4,0.45,0.511111111
Prunelli,Native,0.06697073,0.156030006,0.776999263,France,Palearctic,8.978786879,41.95596265,273.6145933,11.80069769,558.7098478,2.027141571,82.02785394,8,0.54,0.296296296
Prunelli,Non-native,0.120416672,0.147911771,0.731671557,France,Palearctic,8.978786879,41.95596265,273.6145933,11.80069769,558.7098478,2.027141571,82.02785394,8,0.54,0.296296296
Pual,Native,0.129637688,0.510828746,0.359533566,Papua New Guinea,Australasia,141.3288177,-2.984858145,2670.408672,25.73896266,29.15624292,0.071723576,99.87934097,16,0.33,0.212121212
Puchanquin,Native,0.418097993,0.307955868,0.273946139,Chile,Neotropic,-73.9026638,-42.69173988,856.4380375,9.384128441,264.9525433,0.454782382,99.9428231,2,0.3,0.866666667
Pudisoo,Native,0.173670083,0.217490376,0.608839541,Estonia,Palearctic,25.64183802,59.48244258,125.9946153,5.165763403,821.1030843,0.982371107,99.86959781,11,0.29,0.310344828
Puelo,Native,0.120415048,0.318561442,0.56102351,Argentina,Neotropic,-71.75059687,-41.81352441,9165.534007,6.693040596,427.0995482,0.586700387,99.96623788,9,0.3,0.7
Puelo,Non-native,0.342133039,0,0.657866961,Argentina,Neotropic,-71.75059687,-41.81352441,9165.534007,6.693040596,427.0995482,0.586700387,99.96623788,9,0.3,0.7
Puerua,Native,0.026351821,0.37974917,0.593899009,New Zealand,Australasia,169.6467301,-46.34296483,197.9388744,9.742404875,332.9640632,0.299971998,99.79127925,10,0.31,0.612903226
Puerua,Non-native,0.199403767,0.041875242,0.75872099,New Zealand,Australasia,169.6467301,-46.34296483,197.9388744,9.742404875,332.9640632,0.299971998,99.79127925,10,0.31,0.612903226
Pugu.chon,Native,0.170643013,0.335525169,0.493831818,South Korea,Palearctic,129.3168232,37.1018732,76.50054563,11.71238095,877.4550363,2.815844536,90.85689925,13,0.38,0.342105263
Pugu.chon,Non-native,0,0.088214167,0.911785833,South Korea,Palearctic,129.3168232,37.1018732,76.50054563,11.71238095,877.4550363,2.815844536,90.85689925,13,0.38,0.342105263
Puhung.josuji,Native,0.158025705,0.356767765,0.48520653,South Korea,Palearctic,126.730307,34.5357412,67.32186054,13.66496211,862.3879665,9.5270257,99.79871652,28,0.46,0.413043478
Puhung.josuji,Non-native,0.142428926,0.301261531,0.556309543,South Korea,Palearctic,126.730307,34.5357412,67.32186054,13.66496211,862.3879665,9.5270257,99.79871652,28,0.46,0.413043478
Puk,Native,0.14168413,0.331035596,0.527280275,South Korea,Palearctic,128.3849056,38.34736551,147.7498424,9.879315468,912.9303812,1.689056039,99.90153922,29,0.4,0.45
Puk,Non-native,0,0.088214167,0.911785833,South Korea,Palearctic,128.3849056,38.34736551,147.7498424,9.879315468,912.9303812,1.689056039,99.90153922,29,0.4,0.45
Pulakutti.Aru,Native,0.115747641,0.393418037,0.490834322,Sri Lanka,Indo-Malay,80.98588328,8.859229266,36.2835597,28.06288732,172.5252561,2.470878929,99.6107946,28,0.63,0.412698413
Pulakutti.Aru,Non-native,0.417017478,0.239760474,0.343222047,Sri Lanka,Indo-Malay,80.98588328,8.859229266,36.2835597,28.06288732,172.5252561,2.470878929,99.6107946,28,0.63,0.412698413
Pulau.Bintan.Island,Native,0.109250484,0.473693571,0.417055945,Indonesia,Indo-Malay,104.4862059,1.013727639,1422.605109,26.75461477,51.44691014,3.961346149,98.98181707,87,0.32,0.53125
Pulau.Langkawi.Island,Native,0.13480203,0.401323335,0.463874635,Malaysia,Indo-Malay,99.79390203,6.372350044,448.0834012,26.36346921,52.07917759,1.076091096,99.67915367,29,0.36,0.611111111
Pulau.Langkawi.Island,Non-native,0.278011652,0.202731448,0.5192569,Malaysia,Indo-Malay,99.79390203,6.372350044,448.0834012,26.36346921,52.07917759,1.076091096,99.67915367,29,0.36,0.611111111
Pulau.Tioman.Island,Native,0.094941933,0.441092854,0.463965212,Malaysia,Indo-Malay,104.1726325,2.790414158,155.1628148,24.95062495,65.16749659,0.048406481,99.94799376,47,0.43,0.511627907
Pulgap.chon,Native,0.115544661,0.370114219,0.51434112,South Korea,Palearctic,126.47589,35.23845325,165.600651,13.07814736,905.5420435,34.35796595,77.24507154,37,0.34,0.529411765
Pulgap.chon,Non-native,0.142428926,0.301261531,0.556309543,South Korea,Palearctic,126.47589,35.23845325,165.600651,13.07814736,905.5420435,34.35796595,77.24507154,37,0.34,0.529411765
Pulliyanpota.Aru,Native,0.115747641,0.393418037,0.490834322,Sri Lanka,Indo-Malay,81.4821641,7.983579004,108.0526736,28.12143361,157.7382286,2.797379971,99.73486937,28,0.68,0.323529412
Pulliyanpota.Aru,Non-native,0.417017478,0.239760474,0.343222047,Sri Lanka,Indo-Malay,81.4821641,7.983579004,108.0526736,28.12143361,157.7382286,2.797379971,99.73486937,28,0.68,0.323529412
Pulsa,Native,0.143084044,0.170782111,0.686133845,Estonia,Palearctic,22.08619476,58.23797971,12.91022075,6.857777818,736.5933004,0.354752928,NA,3,0.4,0.2
Punapea,Native,0.143414563,0.105411965,0.751173472,Estonia,Palearctic,22.5120096,58.5298719,103.7699764,6.473458137,728.5664116,0.354752928,99.97766363,5,0.31,0.225806452
Pung.ho,Native,0.149309733,0.328283678,0.522406589,South Korea,Palearctic,128.9586029,37.68142619,76.93117973,11.0584098,891.0951874,10.0122335,99.88722447,25,0.39,0.282051282
Pung.ho,Non-native,0,0.088214167,0.911785833,South Korea,Palearctic,128.9586029,37.68142619,76.93117973,11.0584098,891.0951874,10.0122335,99.88722447,25,0.39,0.282051282
Pungwe,Native,0.171641116,0.383471256,0.444887628,Mozambique,Afrotropic,33.87554052,-18.66983724,31876.25486,23.07938009,273.547266,0.241207477,99.3330697,40,0.36,0.611111111
Punta.Del.Arenal,Native,0.108812592,0.343283377,0.547904031,Trinidad and Tobago,Neotropic,-61.92916667,10.05,4.2182642,26.98749962,56.08983002,17.19340992,NA,41,NA,NA
Purari,Native,0.275191128,0.32360183,0.401207042,Papua New Guinea,Australasia,144.7444881,-6.389306909,31921.92184,18.5551319,55.80159737,0.518100224,99.9703241,46,0.39,0.384615385
Purificacion,Native,0.250531026,0.480537716,0.268931257,Mexico,Neotropic,-104.5946341,19.57228269,1563.585217,23.8776171,183.2392988,3.518882275,99.81108047,18,0.59,0.694915254
Purificacion,Non-native,0.341656424,0.267361044,0.390982532,Mexico,Neotropic,-104.5946341,19.57228269,1563.585217,23.8776171,183.2392988,3.518882275,99.81108047,18,0.59,0.694915254
Purste,Native,0.173020357,0.220384547,0.606595095,Estonia,Palearctic,27.03842941,59.29601094,723.9208244,4.800251528,863.1386134,0.674338825,99.9177191,8,0.28,0.464285714
Puski,Native,0.143084044,0.170782111,0.686133845,Estonia,Palearctic,22.44134813,58.92732842,13.90000185,6.226805528,717.6029602,0.354752921,NA,3,0.38,0.184210526
Puyallup,Native,0.315617242,0.112394427,0.571988331,United States,Nearctic,-121.8857203,47.05828605,2645.052598,7.039963759,536.1601273,39.62367678,99.04596836,26,0.3,0.833333333
Pyoktong,Native,0.118837858,0.363533651,0.517628491,South Korea,Palearctic,127.0650869,34.68007889,38.40235263,13.34017298,873.7480549,12.20229626,67.38032748,26,0.49,0.408163265
Pyoktong,Non-native,0,0.088214167,0.911785833,South Korea,Palearctic,127.0650869,34.68007889,38.40235263,13.34017298,873.7480549,12.20229626,67.38032748,26,0.49,0.408163265
Pyonggok.chi,Native,0.100082559,0.321113372,0.578804069,South Korea,Palearctic,129.3796431,36.60613212,24.42663589,12.05757583,868.0551998,9.85035789,99.875,13,0.58,0.172413793
Pyonggok.chi,Non-native,0,0.088214167,0.911785833,South Korea,Palearctic,129.3796431,36.60613212,24.42663589,12.05757583,868.0551998,9.85035789,99.875,13,0.58,0.172413793
Pyongmun.chon,Native,0.074312866,0.316499603,0.609187531,South Korea,Palearctic,126.5274789,33.43591772,56.58282894,12.27900643,771.8975165,9.196617603,99.14208812,9,0.29,0.620689655
Pyongsa.dong,Native,0.080172997,0.156169213,0.763657789,South Korea,Palearctic,126.6913542,33.49229167,57.26252021,14.14847048,771.5578853,9.196617603,99.90314522,6,0.28,0.5
Pyongsan.po,Native,0.097269575,0.377823898,0.524906527,South Korea,Palearctic,127.8622818,34.7708562,21.37222605,13.25740747,852.5553069,12.20229626,99.85,20,0.49,0.346938776
Pyongsan.po,Non-native,0,0.088214167,0.911785833,South Korea,Palearctic,127.8622818,34.7708562,21.37222605,13.25740747,852.5553069,12.20229626,99.85,20,0.49,0.346938776
Qaidam,Native,0.153277345,0.291381032,0.555341624,China,Palearctic,96.0035407,36.27040421,110063.8686,0.263475691,950.4094292,0.017109425,99.84758661,15,0.67,0.462686567
Qiantang,Native,0.101210475,0.341864022,0.556925503,China,Indo-Malay,119.2541381,29.43591347,43560.49186,15.76237313,830.2069682,10.31472284,94.20787638,200,0.32,0.78125
Qiantang,Non-native,0.279812482,0.104788556,0.615398962,China,Indo-Malay,119.2541381,29.43591347,43560.49186,15.76237313,830.2069682,10.31472284,94.20787638,200,0.32,0.78125
Qinghai,Native,0.140383535,0.243296716,0.616319749,China,Palearctic,99.52415745,37.36835176,29618.18333,-2.010161783,881.9252485,0.094735577,99.91446278,6,0.6,0.683333333
Qinjiang,Native,0.092675542,0.355159819,0.552164639,China,Indo-Malay,108.9996011,22.29074119,2352.919953,21.43004996,603.0302609,5.950026572,93.82315216,47,0.33,0.727272727
Qinjiang,Non-native,0,0.088214167,0.911785833,China,Indo-Malay,108.9996011,22.29074119,2352.919953,21.43004996,603.0302609,5.950026572,93.82315216,47,0.33,0.727272727
Qishon,Native,0.22703029,0.238712666,0.534257044,Israel,Palearctic,35.23116747,32.6560814,1123.107631,18.98920857,588.4845448,31.73361651,96.40752521,10,0.59,0.406779661
Qishon,Non-native,0,0.131834601,0.868165399,Israel,Palearctic,35.23116747,32.6560814,1123.107631,18.98920857,588.4845448,31.73361651,96.40752521,10,0.59,0.406779661
Qitai,Native,0.077803486,0.298674908,0.623521606,China,Palearctic,90.66592246,44.37933544,17005.84942,6.089639273,1323.266047,0.127413124,98.74725038,4,0.68,0.176470588
Quang.Tri,Native,0.137726478,0.40055498,0.461718542,Vietnam,Indo-Malay,106.9640679,16.6631465,2678.688818,24.10562904,306.9832916,1.164946631,98.66515521,56,0.31,0.64516129
Quang.Tri,Non-native,0,0.128673395,0.871326605,Vietnam,Indo-Malay,106.9640679,16.6631465,2678.688818,24.10562904,306.9832916,1.164946631,98.66515521,56,0.31,0.64516129
Qued.Kebir,Native,0.072770886,0.315848694,0.611380419,Tunisia,Palearctic,8.711384076,36.86456485,219.721394,16.73103584,562.1533456,5.316192985,99.45421943,2,0.49,0.469387755
Quequen.Grande,Native,0.201971176,0.383845392,0.414183432,Argentina,Neotropic,-59.39146868,-37.85331361,10052.87547,13.6285506,504.5155941,0.544927955,99.77614268,11,0.73,0.068493151
Quequen.Salado,Native,0.204261143,0.475420351,0.320318506,Argentina,Neotropic,-60.88829016,-38.02109222,9902.957052,13.8641695,531.5233314,0.415376663,99.74896181,9,0.76,0.039473684
Quinebaug,Native,0.168789911,0.255431378,0.57577871,United States,Nearctic,-71.99612615,41.74543722,4753.861315,9.024052622,907.1278284,75.1296196,96.33119578,39,0.23,0.52173913
Quinn,Native,0.174702329,0.297085884,0.528211788,United States,Nearctic,-118.5108242,41.40663242,17516.13722,8.979017042,821.8123293,0.17220925,99.68239812,6,0.6,0.233333333
Quinn,Non-native,0.274069913,0.174370836,0.551559252,United States,Nearctic,-118.5108242,41.40663242,17516.13722,8.979017042,821.8123293,0.17220925,99.68239812,6,0.6,0.233333333
Quinto,Native,0.225402731,0.424475397,0.350121872,Argentina,Neotropic,-65.27787776,-33.55259094,9303.756859,16.04549337,535.2498636,0.482980929,92.52082509,14,0.27,0.407407407
Quinto,Non-native,0.259041445,0.144705702,0.596252853,Argentina,Neotropic,-65.27787776,-33.55259094,9303.756859,16.04549337,535.2498636,0.482980929,92.52082509,14,0.27,0.407407407
Rae,Native,0.177677914,0.066442759,0.755879327,Canada,Nearctic,-116.7215408,67.71634445,4775.462328,-10.34730313,1521.821712,0.006382239,100,14,0.42,0.785714286
Raglan.creek,Native,0.054013325,0.506651117,0.439335558,Australia,Australasia,150.7479405,-23.77367995,1310.050303,21.89448788,381.8572994,2.144032747,99.93096521,8,0.76,0.078947368
Raiatea,Native,0.015523919,0.327355925,0.657120156,French Polynesia,Australasia,-151.4744792,-16.78229167,13.10886513,24.71692705,94.14111137,0.722443581,NA,10,0.48,0.3125
Raiatea,Non-native,0.493761342,0.506238658,0,French Polynesia,Australasia,-151.4744792,-16.78229167,13.10886513,24.71692705,94.14111137,0.722443581,NA,10,0.48,0.3125
Rainu,Native,0.171844579,0.496730452,0.331424969,Papua New Guinea,Australasia,142.2715373,-3.287725289,303.4207,25.50271538,21.75751077,0.096259709,99.96518535,7,0.32,0.21875
Rajang,Native,0.133896306,0.395159064,0.47094463,Malaysia,Indo-Malay,113.5360234,2.107714678,45073.76453,24.85811234,32.02747486,0.435724363,98.6002213,149,0.31,0.483870968
Rajang,Non-native,0.072207082,0.338288437,0.589504481,Malaysia,Indo-Malay,113.5360234,2.107714678,45073.76453,24.85811234,32.02747486,0.435724363,98.6002213,149,0.31,0.483870968
Rakaia,Native,0.033487898,0.423479526,0.543032576,New Zealand,Australasia,171.4225269,-43.32069549,3072.635592,7.345829953,436.3612351,1.175839812,99.94076605,17,0.27,0.666666667
Rakaia,Non-native,0.243247059,0.03540398,0.721348961,New Zealand,Australasia,171.4225269,-43.32069549,3072.635592,7.345829953,436.3612351,1.175839812,99.94076605,17,0.27,0.666666667
Ramu,Native,0.135452487,0.417813325,0.446734187,Papua New Guinea,Australasia,145.1617733,-5.254402121,17609.25388,23.39078184,34.23591994,0.338118359,99.35870638,69,0.37,0.810810811
Ramu,Non-native,0.448573827,0.115021017,0.436405156,Papua New Guinea,Australasia,145.1617733,-5.254402121,17609.25388,23.39078184,34.23591994,0.338118359,99.35870638,69,0.37,0.810810811
Rance,Native,0.105254785,0.171958214,0.722787001,France,Palearctic,-2.032468356,48.34660476,1029.07978,11.45204281,458.9472016,14.83143616,99.79416184,17,0.23,0.565217391
Rance,Non-native,0,0.088214167,0.911785833,France,Palearctic,-2.032468356,48.34660476,1029.07978,11.45204281,458.9472016,14.83143616,99.79416184,17,0.23,0.565217391
Rancheria,Native,0.190728397,0.338333932,0.47093767,Colombia,Neotropic,-72.77849009,11.0843121,4330.339105,26.34114843,78.63087872,2.688426852,99.70732314,76,0.34,0.764705882
Rancheria,Non-native,0.703714389,0,0.296285611,Colombia,Neotropic,-72.77849009,11.0843121,4330.339105,26.34114843,78.63087872,2.688426852,99.70732314,76,0.34,0.764705882
Rangitaiki,Native,0.046948838,0.380205121,0.572846041,New Zealand,Australasia,176.6238126,-38.42224461,4009.585834,11.40938357,380.6120404,1.995669454,96.53684713,17,0.26,0.538461538
Rangitaiki,Non-native,0.330996615,0.122652161,0.546351225,New Zealand,Australasia,176.6238126,-38.42224461,4009.585834,11.40938357,380.6120404,1.995669454,96.53684713,17,0.26,0.538461538
Rangitata,Native,0.040663876,0.410581844,0.54875428,New Zealand,Australasia,170.9864261,-43.66111926,2023.51226,7.079123028,448.9522444,0.3551405,99.87621764,14,0.37,0.783783784
Rangitata,Non-native,0.299123917,0.013958414,0.686917669,New Zealand,Australasia,170.9864261,-43.66111926,2023.51226,7.079123028,448.9522444,0.3551405,99.87621764,14,0.37,0.783783784
Rangitikei,Native,0.058221633,0.406862214,0.534916153,New Zealand,Australasia,175.8146539,-39.69429859,3923.575936,10.04904505,381.5014965,2.088864833,95.93882169,16,0.31,0.580645161
Rangitikei,Non-native,0.262193388,0.090036937,0.647769675,New Zealand,Australasia,175.8146539,-39.69429859,3923.575936,10.04904505,381.5014965,2.088864833,95.93882169,16,0.31,0.580645161
Rangitopuni,Native,0.022462673,0.372881796,0.604655531,New Zealand,Australasia,174.6366752,-36.73583099,186.0704819,14.72153583,313.1734789,21.7120049,99.2421513,11,0.29,0.482758621
Rangitopuni,Non-native,0.167281924,0.088026148,0.744691928,New Zealand,Australasia,174.6366752,-36.73583099,186.0704819,14.72153583,313.1734789,21.7120049,99.2421513,11,0.29,0.482758621
Rannakula,Native,0.173212794,0.214061999,0.612725208,Estonia,Palearctic,23.79596422,58.9705295,158.9386265,5.971633702,812.5367606,0.352038831,99.86672935,10,0.27,0.407407407
Rannametsa,Native,0.127950167,0.223373215,0.648676617,Estonia,Palearctic,24.64224817,58.14931186,323.9983112,5.418899857,833.007889,0.897046089,99.94533523,10,0.27,0.333333333
Raoutchoua,Native,0.217911254,0.092040698,0.690048048,Russia,Palearctic,167.5645136,68.64309391,14620.28773,-13.81387555,1566.969049,0.02337976,99.99569732,19,0.71,0.535211268
Rapel,Native,0.117463059,0.365725048,0.516811894,Chile,Neotropic,-70.91116671,-34.41476112,13783.92764,11.71550923,452.7647684,4.734576523,95.56706194,9,0.26,0.730769231
Rapel,Non-native,0.249098849,0.232846508,0.518054644,Chile,Neotropic,-70.91116671,-34.41476112,13783.92764,11.71550923,452.7647684,4.734576523,95.56706194,9,0.26,0.730769231
Rappahannock,Native,0.222354027,0.264535586,0.513110387,United States,Nearctic,-77.90731201,38.44762344,5037.202313,12.72819769,847.3305607,70.93576908,98.7683316,68,0.2,0.65
Rappahannock,Non-native,0.148295228,0.198695661,0.653009111,United States,Nearctic,-77.90731201,38.44762344,5037.202313,12.72819769,847.3305607,70.93576908,98.7683316,68,0.2,0.65
Raritan,Native,0.219904813,0.271558206,0.508536981,United States,Nearctic,-74.62797908,40.52084064,2833.968759,10.90220022,900.8648829,336.6401901,95.873871,40,0.18,0.611111111
Rasshua.un,Native,0.267859013,0,0.732140987,Russia,Palearctic,153.0016398,47.71721069,30.75893535,2.098936165,510.7550127,0.003905004,100,1,0.54,0.685185185
Ratgama.lake,Native,0.115747641,0.393418037,0.490834322,Sri Lanka,Indo-Malay,80.14636245,6.103287967,18.82485739,26.77481053,55.63853437,15.50076199,99.68268483,28,0.3,0.633333333
Ratgama.lake,Non-native,0.417017478,0.239760474,0.343222047,Sri Lanka,Indo-Malay,80.14636245,6.103287967,18.82485739,26.77481053,55.63853437,15.50076199,99.68268483,28,0.3,0.633333333
Rathambala.Oya,Native,0.115747641,0.393418037,0.490834322,Sri Lanka,Indo-Malay,79.96160556,7.771324771,240.1480737,27.48087725,105.3682198,8.056734204,84.92262834,28,0.41,0.536585366
Rathambala.Oya,Non-native,0.417017478,0.239760474,0.343222047,Sri Lanka,Indo-Malay,79.96160556,7.771324771,240.1480737,27.48087725,105.3682198,8.056734204,84.92262834,28,0.41,0.536585366
Ratmal.Oya,Native,0.108718471,0.405224968,0.486056561,Sri Lanka,Indo-Malay,79.94285847,7.373828152,319.2942675,27.3658356,80.11950755,6.790332675,99.24478896,30,0.37,0.72972973
Ratmal.Oya,Non-native,0.417017478,0.239760474,0.343222047,Sri Lanka,Indo-Malay,79.94285847,7.373828152,319.2942675,27.3658356,80.11950755,6.790332675,99.24478896,30,0.37,0.72972973
Raugi.s,Native,0.143084044,0.170782111,0.686133845,Estonia,Palearctic,23.27442164,58.62148074,46.11000944,6.555714303,793.9482887,0.266493846,99.89936125,3,0.31,0.35483871
Raukokore,Native,0,0.366642673,0.633357327,New Zealand,Australasia,177.9665524,-37.75300906,350.6854409,11.93214287,343.5047264,0.176053494,99.98362618,7,0.24,0.625
Rauma,Native,0.254104715,0.067149472,0.678745813,Norway,Palearctic,8.039207295,62.28102445,1287.897789,0.024405134,585.0597424,1.276962608,99.97696982,6,0.55,0.781818182
Rauma,Non-native,0.599142002,0,0.400857998,Norway,Palearctic,8.039207295,62.28102445,1287.897789,0.024405134,585.0597424,1.276962608,99.97696982,6,0.55,0.781818182
Rayong,Native,0.134514015,0.47471745,0.390768535,Thailand,Indo-Malay,101.2367111,12.91030729,1694.921667,27.58078266,111.8908894,9.946344852,94.00759867,11,0.45,0.777777778
Rayong,Non-native,0,0.128673395,0.871326605,Thailand,Indo-Malay,101.2367111,12.91030729,1694.921667,27.58078266,111.8908894,9.946344852,94.00759867,11,0.45,0.777777778
Rayu,Native,0.153266787,0.426051385,0.420681828,Malaysia,Indo-Malay,110.143079,1.651304346,458.6324729,26.53138948,51.79236551,4.988607645,99.97401583,25,0.31,0.709677419
Red,Native,0.198506714,0.348825127,0.452668159,United States,Nearctic,-97.19804625,33.86519666,185816.0436,16.52503911,834.4642828,5.648610473,93.08190117,153,0.21,0.571428571
Red,Non-native,0.136541409,0.169490979,0.693967612,United States,Nearctic,-97.19804625,33.86519666,185816.0436,16.52503911,834.4642828,5.648610473,93.08190117,153,0.21,0.571428571
Red.creek,Native,0.517458541,0.043899671,0.438641788,Australia,Australasia,139.3502259,-34.5012635,606.6046484,16.56591085,467.6700209,0.603446543,99.93523949,1,0.93,0.021505376
Reedy.lake,Native,0.1306007,0.470257181,0.399142119,Australia,Australasia,145.0520051,-36.70521022,164.5089621,14.85941419,496.3780608,2.849186122,99.75416229,6,0.96,0.020833333
Reedy.lake,Non-native,0.413734462,0.586265538,0,Australia,Australasia,145.0520051,-36.70521022,164.5089621,14.85941419,496.3780608,2.849186122,99.75416229,6,0.96,0.020833333
Reis.Magos,Native,0.245665972,0.402007103,0.352326925,Brazil,Neotropic,-40.43514269,-19.95242748,743.0546149,21.88442887,199.4830418,6.835392237,99.78524529,25,0.38,0.421052632
Reis.Magos,Non-native,0.456736613,0.543263387,0,Brazil,Neotropic,-40.43514269,-19.95242748,743.0546149,21.88442887,199.4830418,6.835392237,99.78524529,25,0.38,0.421052632
Rekawa.Oya,Native,0.115747641,0.393418037,0.490834322,Sri Lanka,Indo-Malay,80.80917934,6.092609166,75.53942822,27.02018517,58.04928335,15.50076222,99.44119877,28,0.37,0.486486486
Rekawa.Oya,Non-native,0.417017478,0.239760474,0.343222047,Sri Lanka,Indo-Malay,80.80917934,6.092609166,75.53942822,27.02018517,58.04928335,15.50076222,99.44119877,28,0.37,0.486486486
Restigouche,Native,0.167978957,0.233938073,0.59808297,Canada,Nearctic,-67.34604243,47.94948709,11997.64535,2.023183783,1135.233035,0.710246727,99.98852287,28,0.4,0.8
Restigouche,Non-native,0.398101026,0,0.601898974,Canada,Nearctic,-67.34604243,47.94948709,11997.64535,2.023183783,1135.233035,0.710246727,99.98852287,28,0.4,0.8
Reynolds,Native,0.083361567,0.393793668,0.522844765,Australia,Australasia,130.6907546,-13.31190957,1863.899618,26.98772541,205.2299409,0.048911645,99.97142308,18,0.61,0.573770492
Rheris,Native,0.054514,0.226811819,0.718674182,Algeria,Palearctic,-4.673795429,31.04992612,51958.68299,19.65569812,794.9164427,0.42583935,98.36319964,1,0.74,0.067567568
Rheris,Non-native,0.221869969,0.178050214,0.600079817,Algeria,Palearctic,-4.673795429,31.04992612,51958.68299,19.65569812,794.9164427,0.42583935,98.36319964,1,0.74,0.067567568
Rhine,Native,0.111795016,0.163984142,0.724220842,Germany,Palearctic,8.188752455,49.20695606,163633.2382,8.371541438,632.1469065,67.19054699,97.50840128,42,0.18,0.555555556
Rhine,Non-native,0.159003711,0.117443389,0.7235529,Germany,Palearctic,8.188752455,49.20695606,163633.2382,8.371541438,632.1469065,67.19054699,97.50840128,42,0.18,0.555555556
Rhone,Native,0.108467392,0.180002127,0.711530482,France,Palearctic,5.726256063,45.72115697,96827.05122,8.891784676,634.336569,23.03577662,96.13655679,43,0.24,0.375
Rhone,Non-native,0.164102957,0.112722671,0.723174373,France,Palearctic,5.726256063,45.72115697,96827.05122,8.891784676,634.336569,23.03577662,96.13655679,43,0.24,0.375
Rianila,Native,0.027998868,0.54081264,0.431188492,Madagascar,Afrotropic,48.72203393,-18.67373405,7622.037024,21.3623209,247.477114,0.228904575,99.95465,6,0.3,0.833333333
Rianila,Non-native,0.547314392,0.339379852,0.113305756,Madagascar,Afrotropic,48.72203393,-18.67373405,7622.037024,21.3623209,247.477114,0.228904575,99.95465,6,0.3,0.833333333
Ribble,Native,0.1173552,0.167597341,0.715047459,United Kingdom,Palearctic,-2.489457995,53.8210016,1907.702147,8.643865463,441.3618795,127.5032692,97.58585459,20,0.22,0.636363636
Ribble,Non-native,0.088296041,0.109009938,0.80269402,United Kingdom,Palearctic,-2.489457995,53.8210016,1907.702147,8.643865463,441.3618795,127.5032692,97.58585459,20,0.22,0.636363636
Ribe.aa,Native,0.093339476,0.17049027,0.736170253,Denmark,Palearctic,9.107019609,55.29503245,981.1811853,7.997071292,576.388068,13.64409208,99.79798089,26,0.2,0.45
Ribe.aa,Non-native,0.203545587,0.126551049,0.669903364,Denmark,Palearctic,9.107019609,55.29503245,981.1811853,7.997071292,576.388068,13.64409208,99.79798089,26,0.2,0.45
Ribeira.do.Iguape,Native,0.235360631,0.391468941,0.373170429,Brazil,Neotropic,-48.46834804,-24.63739155,24702.20344,19.48691824,292.7957616,9.414459229,98.41169745,153,0.24,0.625
Ribeira.do.Iguape,Non-native,0.398823064,0.205138083,0.396038853,Brazil,Neotropic,-48.46834804,-24.63739155,24702.20344,19.48691824,292.7957616,9.414459229,98.41169745,153,0.24,0.625
Ribera.da.Imbacuaba,Native,0.156417363,0.482881509,0.360701128,Brazil,Neotropic,-39.25504186,-17.10495288,197.9861084,24.33911235,156.9643591,0.82659848,99.94341968,12,0.41,0.170731707
Ribera.da.Imbacuaba,Non-native,0.419711885,0.580288115,0,Brazil,Neotropic,-39.25504186,-17.10495288,197.9861084,24.33911235,156.9643591,0.82659848,99.94341968,12,0.41,0.170731707
Ribi,Native,0.075068211,0.802022936,0.122908854,Sierra Leone,Afrotropic,-12.78063119,8.352647956,987.1229931,26.2224505,88.61755508,0.471943587,99.87354539,4,0.6,0.833333333
Ribra,Native,0.308500079,0.353038018,0.338461904,Honduras,Neotropic,-84.32699029,15.42039085,688.188107,26.50016905,116.3005398,0.070971839,99.99671521,19,0.44,0.704545455
Richmond,Native,0.075827872,0.42239863,0.501773498,Australia,Australasia,153.080088,-28.82407713,6864.988039,18.77859164,385.4490606,5.552989364,98.51561836,54,0.47,0.106382979
Richmond,Non-native,0.413734462,0.586265538,0,Australia,Australasia,153.080088,-28.82407713,6864.988039,18.77859164,385.4490606,5.552989364,98.51561836,54,0.47,0.106382979
Riddoch.Bay,Native,0.071957192,0.462978556,0.465064252,Australia,Australasia,140.7844779,-38.00210539,75.08007296,13.96930028,303.617203,0.507011712,99.84795273,4,0.42,0.30952381
Riguldi,Native,0.156580277,0.152062016,0.691357707,Estonia,Palearctic,23.57326416,59.05933269,202.0825986,6.154712635,798.0629641,0.639949679,99.96294193,7,0.27,0.407407407
Rihios,Native,0.118275099,0.261442898,0.620282003,Greece,Palearctic,23.32400173,40.68960229,2088.952236,13.39069431,756.5386173,5.483143568,99.3360386,15,0.51,0.156862745
Rihios,Non-native,0.206867231,0.337239853,0.455892916,Greece,Palearctic,23.32400173,40.68960229,2088.952236,13.39069431,756.5386173,5.483143568,99.3360386,15,0.51,0.156862745
Rikorda,Native,0.238644465,0.440763864,0.320591672,Russia,Palearctic,145.4703704,43.77733049,45.05933155,5.854745335,831.4095688,1.453057975,99.99090309,4,0.39,0.564102564
Riksu.Oja,Native,0.143458172,0.168951191,0.687590638,Estonia,Palearctic,22.15211173,58.23327803,45.74999492,6.817761021,735.0448756,0.354752921,99.9171,6,0.42,0.214285714
Rincon,Native,0.190199195,0.465495087,0.344305717,Costa Rica,Neotropic,-83.53390185,8.676012066,108.0940225,25.40813491,74.70942397,0.558464751,99.97287395,21,0.44,0.772727273
Ringarooma,Native,0.080092178,0.369173473,0.55073435,Australia,Australasia,147.8464887,-41.11532653,1194.705646,11.42878973,323.1573781,1.499827445,96.9240003,12,0.48,0.229166667
Ringarooma,Non-native,0.199403767,0.041875242,0.75872099,Australia,Australasia,147.8464887,-41.11532653,1194.705646,11.42878973,323.1573781,1.499827445,96.9240003,12,0.48,0.229166667
Rio.Consul,Native,0.1361301,0.598809118,0.265060782,Equatorial Guinea,Afrotropic,8.82331044,3.721952372,107.0764255,22.96593646,81.41180349,1.356943626,99.93126226,5,0.44,0.772727273
Rio.Cuanza,Native,0.19702159,0.356498121,0.446480289,Angola,Afrotropic,16.65115043,-10.8638446,148855.224,20.90952006,143.6537154,0.598040432,99.25147487,106,0.37,0.72972973
Rio.Cunene,Native,0.214761389,0.379592883,0.405645727,Angola,Afrotropic,14.59783173,-15.52855366,109994.9804,20.83743036,242.8575044,0.374624841,96.83506044,89,0.43,0.790697674
Rio.Cunene,Non-native,0.119226906,0.613836891,0.266936204,Angola,Afrotropic,14.59783173,-15.52855366,109994.9804,20.83743036,242.8575044,0.374624841,96.83506044,89,0.43,0.790697674
Rio.D.Una,Native,0.145661006,0.343473566,0.510865427,Brazil,Neotropic,-48.80904287,-28.22084256,1076.630208,19.17001123,304.4870478,1.280174941,99.91078091,27,0.19,0.526315789
Rio.Ecuco,Native,0.136471652,0.525909486,0.337618862,Equatorial Guinea,Afrotropic,9.928474437,1.7913766,907.9950128,24.79292497,78.05259305,1.17092571,99.96250944,35,0.4,0.6
Rio.Iladyi,Native,0.084008976,0.661533903,0.254457121,Equatorial Guinea,Afrotropic,8.78697551,3.279549204,477.7573474,22.15034515,85.76976559,1.356943626,99.98384885,1,0.4,0.725
Rio.Larde,Native,0.069911925,0.361091074,0.568997001,Mozambique,Afrotropic,39.37844072,-16.36723628,2358.030981,25.66896376,238.591822,0.120938119,99.97622326,38,0.66,0.287878788
Rio.Lopese,Native,0.103970526,0.641481598,0.254547876,Equatorial Guinea,Afrotropic,8.710011094,3.67906366,127.0267243,22.4161192,84.182169,1.356943626,99.93768513,8,0.43,0.76744186
Rio.Mbridge,Native,0.180941125,0.409996178,0.409062698,Angola,Afrotropic,14.34386009,-6.906162406,19303.87891,23.64534034,139.6174507,0.377838306,99.98609745,60,0.25,0.8
Rio.Melela,Native,0.193015704,0.469415429,0.337568867,Mozambique,Afrotropic,38.05734547,-16.38800176,8313.794611,24.39983322,257.8766486,0.104428709,99.81008198,16,0.64,0.3125
Rio.Mirupururu,Native,0.073729577,0.538083221,0.388187202,Equatorial Guinea,Afrotropic,8.735344774,3.757508971,11.44440815,25.33263906,75.46371078,1.35694363,99.99265571,10,0.46,0.739130435
Rio.Moebase,Native,0.082777434,0.417064116,0.500158451,Mozambique,Afrotropic,38.67540798,-17.00802371,297.3171277,25.35720786,232.1504572,0.039362939,99.96434757,36,0.58,0.396551724
Rio.Molocue,Native,0.1060211,0.425746095,0.468232805,Mozambique,Afrotropic,38.28242023,-16.1631845,6245.410518,24.13153218,253.190614,0.096831411,99.98357233,30,0.61,0.475409836
Rio.Ruma,Native,0.1596927,0.508131993,0.332175308,Equatorial Guinea,Afrotropic,8.722244541,3.38417371,107.1039815,22.83617258,80.88926501,1.356943626,99.93190467,9,0.42,0.738095238
Rio.Tiburones,Native,0.154866304,0.476485004,0.368648692,Equatorial Guinea,Afrotropic,8.558382016,3.507838431,128.1927704,23.25677866,79.564746,1.356943626,99.97646126,11,0.43,0.720930233
Rio.Timbabe,Native,0.141785738,0.450943315,0.407270947,Equatorial Guinea,Afrotropic,8.746546614,3.742156481,5.463046503,25.1513888,74.96396001,1.356943626,99.74606993,9,0.45,0.733333333
Rio.Ue,Native,0.066664912,0.671313368,0.26202172,Equatorial Guinea,Afrotropic,9.893190686,1.917799541,324.6174206,25.17105151,75.11595144,1.031111475,99.91975494,11,0.37,0.621621622
Rio.de.Cana,Native,0.313848444,0.373629733,0.312521822,Mexico,Neotropic,-95.17011715,18.62071575,354.4067082,23.90528183,219.7385212,3.902320385,99.93552492,12,0.38,0.789473684
Rio.de.Nizuc,Native,0.319132565,0.401261715,0.27960572,Mexico,Neotropic,-86.83862054,21.07336938,108.1852575,26.16899878,201.1659958,2.041691393,92.26410398,6,0.32,0.65625
Rio.de.la.Matanza,Native,0.137707859,0.445768817,0.416523324,Argentina,Neotropic,-58.67614364,-34.87901494,2180.456021,16.98599845,488.492089,171.6882954,98.08299597,10,0.29,0.275862069
Rio.dos.Correias,Native,0.149234847,0.578910715,0.271854439,Brazil,Neotropic,-48.54092215,-25.55512014,111.6706535,20.685247,310.9507577,3.880554855,98.27526415,14,0.33,0.515151515
Rioni,Native,0.114970282,0.184162095,0.700867622,Georgia,Palearctic,42.88037059,42.41406617,14538.44365,9.05638227,709.1889368,2.464994788,98.90471006,32,0.33,0.696969697
Rioni,Non-native,0,0.2270361,0.7729639,Georgia,Palearctic,42.88037059,42.41406617,14538.44365,9.05638227,709.1889368,2.464994788,98.90471006,32,0.33,0.696969697
Risti,Native,0.222051993,0.224128272,0.553819736,Estonia,Palearctic,22.66779989,59.0000206,10.79999642,6.277777791,727.3500366,0.241897512,99.90665,6,0.28,0.214285714
Riva,Native,0.109962248,0.220898995,0.669138758,Turkey,Palearctic,29.36827467,41.0257763,848.2981941,13.48632137,646.0075301,40.28108931,86.14494535,47,0.32,0.53125
Riva,Non-native,0.159516188,0.187964541,0.65251927,Turkey,Palearctic,29.36827467,41.0257763,848.2981941,13.48632137,646.0075301,40.28108931,86.14494535,47,0.32,0.53125
River.Charlotte,Native,0.034192311,0.437899948,0.527907741,Australia,Australasia,130.7957639,-12.75751972,118.2932206,27.26568294,167.8882566,3.08896172,99.94602391,13,0.63,0.476190476
River.Forth,Native,0.079165153,0.381531759,0.539303089,Australia,Australasia,146.0804748,-41.54501225,1143.508658,8.764914136,320.1921842,1.621667892,91.25242831,13,0.33,0.727272727
River.Forth,Non-native,0.342960853,0,0.657039147,Australia,Australasia,146.0804748,-41.54501225,1143.508658,8.764914136,320.1921842,1.621667892,91.25242831,13,0.33,0.727272727
River.Leven,Native,0.081262992,0.383166999,0.53557001,Australia,Australasia,145.9793043,-41.34894428,707.870406,9.999839749,310.2278368,1.326297313,99.95795569,10,0.34,0.705882353
River.Leven,Non-native,0.199403767,0.041875242,0.75872099,Australia,Australasia,145.9793043,-41.34894428,707.870406,9.999839749,310.2278368,1.326297313,99.95795569,10,0.34,0.705882353
River.Torrens,Native,0.030555399,0.47536477,0.49407983,Australia,Australasia,138.8042032,-34.86259402,536.6324143,14.56925076,412.9328978,19.2674036,74.6970563,12,0.41,0.219512195
River.Torrens,Non-native,0.174907106,0.252743396,0.572349498,Australia,Australasia,138.8042032,-34.86259402,536.6324143,14.56925076,412.9328978,19.2674036,74.6970563,12,0.41,0.219512195
Riviere.a.la.Baleine,Native,0.253096113,0.107804322,0.639099565,Canada,Nearctic,-73.79029469,55.06709609,41345.15186,-3.992759132,1341.773835,0.00178535,99.28682324,14,0.5,0.88
Riviere.de.Cayenne,Native,0.224722663,0.310501115,0.464776222,French Guiana,Neotropic,-52.47001579,4.828722649,805.6190069,25.71970706,40.09689067,NA,99.74901381,108,0.27,0.888888889
Riviere.de.Kaw,Native,0.250429414,0.358348079,0.391222508,French Guiana,Neotropic,-52.09144923,4.529973539,831.8681238,25.71282902,43.12533781,NA,99.99583303,83,0.33,0.787878788
Riviere.des.Coulisses,Native,0.053267681,0.462875186,0.483857133,Martinique,Neotropic,-60.94671986,14.54822695,77.84030189,26.18369172,90.03355219,NA,87.21786444,7,0.48,0.395833333
Riviere.des.Coulisses,Non-native,0.457798325,0.408735185,0.13346649,Martinique,Neotropic,-60.94671986,14.54822695,77.84030189,26.18369172,90.03355219,NA,87.21786444,7,0.48,0.395833333
Riviere.des.Galets,Native,0.041147165,0.380980446,0.577872389,Reunion,Afrotropic,55.37575898,-21.02532528,215.0016609,18.19098801,230.087394,NA,NA,5,0.68,0.220588235
Riviere.des.Pluies,Native,0.034289304,0.416077796,0.5496329,Reunion,Afrotropic,55.50271739,-20.95018116,55.176231,19.56845238,223.7542945,NA,NA,6,0.76,0.144736842
Riviere.des.Pluies,Non-native,0.493761342,0.506238658,0,Reunion,Afrotropic,55.50271739,-20.95018116,55.176231,19.56845238,223.7542945,NA,NA,6,0.76,0.144736842
Riviere.des.Remparts,Native,0.034289304,0.416077796,0.5496329,Reunion,Afrotropic,55.61940883,-21.28158832,93.3557809,17.13949431,246.7673933,NA,NA,6,0.39,0.461538462
Riviere.des.Remparts,Non-native,0.398101026,0,0.601898974,Reunion,Afrotropic,55.61940883,-21.28158832,93.3557809,17.13949431,246.7673933,NA,NA,6,0.39,0.461538462
Riviere.du.Carbet,Native,0.052632271,0.396012965,0.551354764,Martinique,Neotropic,-61.13907658,14.72353604,30.61541027,24.33558552,96.60708907,NA,99.9227447,9,0.57,0.192982456
Riviere.du.Mat,Native,0.020573583,0.336110123,0.643316294,Reunion,Afrotropic,55.63717949,-20.94070513,20.79233221,23.30681818,208.3731592,NA,NA,10,0.47,0.340425532
Riviere.du.Mat,Non-native,0.577557421,0.273126865,0.149315714,Reunion,Afrotropic,55.63717949,-20.94070513,20.79233221,23.30681818,208.3731592,NA,NA,10,0.47,0.340425532
Roanoke,Native,0.216829612,0.306576409,0.476593979,United States,Nearctic,-79.07567948,36.70460061,25274.71573,13.93242433,800.7142654,16.00195313,93.46241241,104,0.11,0.636363636
Roanoke,Non-native,0.192874944,0.151275375,0.655849681,United States,Nearctic,-79.07567948,36.70460061,25274.71573,13.93242433,800.7142654,16.00195313,93.46241241,104,0.11,0.636363636
Robe,Native,0.001893133,0.401726025,0.596380842,Australia,Australasia,116.5541397,-21.90446189,7567.85438,25.73220529,503.5539549,0.10348689,99.98343962,8,0.81,0.074074074
Robinson,Native,0.193022703,0.352573857,0.45440344,Australia,Australasia,136.9063274,-16.86692495,5675.967658,26.48422447,360.0153499,0.008966398,99.9864412,10,0.75,0.146666667
Roe,Native,0.077524689,0.489513143,0.432962168,Australia,Australasia,125.7077536,-15.46007365,3272.117404,25.97560467,289.1454744,0.027043381,99.99985803,7,0.64,0.4375
Rogaceva,Native,0.182892523,0.000125988,0.816981489,Russia,Palearctic,53.13372342,71.82967476,1411.421205,-6.490363085,873.5367127,0.001986902,100,2,0.71,0.492957746
Rogue,Native,0.27018865,0.160057446,0.569753903,United States,Nearctic,-123.1305151,42.45403269,13360.79611,10.07238923,570.1623936,3.520757139,96.86962935,20,0.31,0.838709677
Rokel,Native,0.212265534,0.397090451,0.390644015,Sierra Leone,Afrotropic,-11.95599953,9.038688409,9129.146078,25.96157403,117.8723212,0.310252205,99.84873133,88,0.64,0.78125
Rokel,Non-native,0,0.044361956,0.955638044,Sierra Leone,Afrotropic,-11.95599953,9.038688409,9129.146078,25.96157403,117.8723212,0.310252205,99.84873133,88,0.64,0.78125
Rokkaku.Saga,Native,0.111316691,0.476513343,0.412169966,Japan,Palearctic,130.1002578,33.22799292,341.7765115,15.81588982,783.6768432,128.6295185,98.95732612,4,0.32,0.625
Rolfsan,Native,0.113937701,0.082093441,0.803968858,Sweden,Palearctic,12.51574761,57.63343881,698.8811661,6.568073881,654.2294578,15.54866266,99.80754803,8,0.22,0.454545455
Rolfsan,Non-native,0.340477413,0,0.659522587,Sweden,Palearctic,12.51574761,57.63343881,698.8811661,6.568073881,654.2294578,15.54866266,99.80754803,8,0.22,0.454545455
Rollingstone.creek,Native,0.029251706,0.55539234,0.415355954,Australia,Australasia,146.3727793,-19.06822006,124.614301,22.36105558,313.7180986,3.620675683,99.95304963,6,0.64,0.1875
Rooi,Native,0.103338805,0.428383266,0.46827793,Netherlands Antilles,Neotropic,-69.11317199,12.28044606,19.90342392,27.73313477,99.00572241,1.342494011,99.6405,6,0.87,0.057471264
Rooi,Non-native,0.758129529,0.009934655,0.231935816,Netherlands Antilles,Neotropic,-69.11317199,12.28044606,19.90342392,27.73313477,99.00572241,1.342494011,99.6405,6,0.87,0.057471264
Roper,Native,0.159231934,0.334368155,0.50639991,Australia,Australasia,133.9233157,-14.82685298,68667.47371,27.08995208,327.7885312,0.030708165,99.97790079,54,0.65,0.292307692
Rosario,Native,0.252906596,0.326072319,0.421021085,Uruguay,Neotropic,-57.2832255,-34.14379765,1847.722506,16.93901608,478.7087175,1.875462532,99.850396,19,0.21,0.333333333
Rose,Native,0.014885786,0.528315621,0.456798594,Australia,Australasia,135.3342488,-13.91987599,3844.306328,26.96238939,297.7615778,0.047330658,99.99730005,3,0.6,0.366666667
Rosie.creek,Native,0.096662161,0.408525252,0.494812587,Australia,Australasia,135.8707828,-15.6710948,2144.47019,26.93309627,346.7287085,0.009004702,99.99589968,6,0.72,0.152777778
Ross,Native,0.042416598,0.46493864,0.492644762,Australia,Australasia,146.7689359,-19.47985257,1019.112443,23.56350927,334.6738168,3.642726481,89.12458589,15,0.67,0.149253731
Ross,Non-native,0.413734462,0.586265538,0,Australia,Australasia,146.7689359,-19.47985257,1019.112443,23.56350927,334.6738168,3.642726481,89.12458589,15,0.67,0.149253731
Ross.creek,Native,0.041746648,0.362048298,0.596205054,Australia,Australasia,146.781155,-19.27050848,62.51608535,24.63078703,314.3515926,3.642726481,31.10753274,24,0.54,0.333333333
Round.lake,Native,0,0.607412177,0.392587823,Australia,Australasia,143.5583883,-35.52685588,220.2741037,16.38722311,533.7434437,0.751405701,99.86796735,1,0.81,0.037037037
Rowallan.Burn,Native,0.087099635,0.391230315,0.52167005,New Zealand,Australasia,167.5139308,-46.07808589,141.4017614,10.0875525,296.5218421,0.076256201,99.90984134,3,0.19,0.421052632
Rowallan.Burn,Non-native,0.28782068,0,0.71217932,New Zealand,Australasia,167.5139308,-46.07808589,141.4017614,10.0875525,296.5218421,0.076256201,99.90984134,3,0.19,0.421052632
Roya,Native,0.175903949,0.170876194,0.653219858,France,Palearctic,7.533363703,43.9966291,678.4713013,9.007467334,593.9993091,26.48682356,99.66534394,6,0.3,0.666666667
Roya,Non-native,0.199050513,0.11351805,0.687431437,France,Palearctic,7.533363703,43.9966291,678.4713013,9.007467334,593.9993091,26.48682356,99.66534394,6,0.3,0.666666667
Ruaha,Native,0.135759875,0.453081385,0.41115874,Tanzania,Afrotropic,36.02773522,-8.23417351,181160.8426,22.30278279,160.6842387,0.219148621,99.13794286,92,0.51,0.882352941
Ruamahanga,Native,0.05111208,0.392443197,0.556444723,New Zealand,Australasia,175.5132505,-41.05064796,3387.880413,11.80841146,349.0234299,2.835635126,99.81979807,21,0.31,0.419354839
Ruamahanga,Non-native,0.132818093,0.067637539,0.799544367,New Zealand,Australasia,175.5132505,-41.05064796,3387.880413,11.80841146,349.0234299,2.835635126,99.81979807,21,0.31,0.419354839
Rubicon,Native,0.079238012,0.419862613,0.500899375,Australia,Australasia,146.6049117,-41.28794049,742.6555642,11.99565706,324.1595314,1.880470037,99.93919362,15,0.33,0.696969697
Rubicon,Non-native,0.132935845,0.07080796,0.796256195,Australia,Australasia,146.6049117,-41.28794049,742.6555642,11.99565706,324.1595314,1.880470037,99.93919362,15,0.33,0.696969697
Rufus.kulam.Aru,Native,0.115747641,0.393418037,0.490834322,Sri Lanka,Indo-Malay,81.78037164,7.07468942,53.94904834,27.62403843,127.2384145,3.374859571,99.52945,28,0.59,0.355932203
Rufus.kulam.Aru,Non-native,0.417017478,0.239760474,0.343222047,Sri Lanka,Indo-Malay,81.78037164,7.07468942,53.94904834,27.62403843,127.2384145,3.374859571,99.52945,28,0.59,0.355932203
Ruianjiang,Native,0.119099679,0.33954079,0.541359531,China,Indo-Malay,120.0876556,27.76682204,3394.607141,16.04518216,729.3698536,9.82348609,98.26561085,58,0.31,0.741935484
Ruianjiang,Non-native,0.108374111,0.115864559,0.775761329,China,Indo-Malay,120.0876556,27.76682204,3394.607141,16.04518216,729.3698536,9.82348609,98.26561085,58,0.31,0.741935484
Ruoshui,Native,0.132590351,0.286178872,0.581230777,China,Palearctic,99.80118398,39.78274127,71170.05917,3.186446564,1094.200248,0.190169254,96.95158375,9,0.54,0.907407407
Rupert,Native,0.180422406,0.161191631,0.658385963,Canada,Nearctic,-74.20404023,51.29690983,41863.54211,-1.406253164,1298.942023,0.00980767,99.99887819,24,0.44,0.75
Rurutu,Native,0,0.132953284,0.867046716,French Polynesia,Australasia,-151.3465278,-22.45138889,9.498615825,22.43541622,190.6133372,0.070163257,NA,6,0.33,0.272727273
Russian,Native,0.216547554,0.174163481,0.609288965,United States,Nearctic,-122.9838145,38.79046651,3853.127611,13.83056521,480.6218633,24.87195683,95.94277664,24,0.34,0.676470588
Russian,Non-native,0.195363477,0.112406074,0.692230449,United States,Nearctic,-122.9838145,38.79046651,3853.127611,13.83056521,480.6218633,24.87195683,95.94277664,24,0.34,0.676470588
Ruvu.River,Native,0.113769246,0.491505626,0.394725128,Tanzania,Afrotropic,38.12996831,-6.96830744,17680.43037,25.52420448,158.8082898,0.444828995,98.53786114,24,0.47,0.617021277
Ruvuma,Native,0.145510798,0.407743414,0.446745788,Mozambique,Afrotropic,36.9604654,-12.01444064,149806.2183,23.7976305,191.0317176,0.133983925,99.96567149,47,0.58,0.775862069
Saastna,Native,0.143084044,0.170782111,0.686133845,Estonia,Palearctic,23.64671073,58.69119473,143.9437541,6.364361127,812.8483038,0.266493842,99.94614496,3,0.23,0.391304348
Saba,Native,0.147122724,0.344709214,0.508168062,Japan,Palearctic,131.6710963,34.19918852,468.7950831,13.67656486,802.4870422,25.2812705,88.49625583,10,0.27,0.592592593
Sabine,Native,0.17038134,0.352359601,0.477259059,United States,Nearctic,-94.73749014,31.25197654,26853.48521,18.8018461,713.0496847,7.060988426,93.45773291,117,0.21,0.619047619
Sabine,Non-native,0.080564957,0.200585705,0.718849338,United States,Nearctic,-94.73749014,31.25197654,26853.48521,18.8018461,713.0496847,7.060988426,93.45773291,117,0.21,0.619047619
Saccione,Native,0,0.094406962,0.905593038,Italy,Palearctic,15.07791366,41.81714931,216.5121551,15.61444283,626.9938347,13.16051912,98.84256694,6,0.39,0.333333333
Sachon.Nae,Native,0.148630331,0.332485763,0.518883907,South Korea,Palearctic,128.8296326,37.78906074,111.5814477,11.58739652,879.5320738,10.50388789,99.80209025,25,0.38,0.473684211
Sachon.Nae,Non-native,0,0.088214167,0.911785833,South Korea,Palearctic,128.8296326,37.78906074,111.5814477,11.58739652,879.5320738,10.50388789,99.80209025,25,0.38,0.473684211
Saco,Native,0.141348038,0.185814376,0.672837586,United States,Nearctic,-71.00120548,43.89967742,4419.752507,6.330094671,990.0879843,12.18684077,94.94912234,30,0.23,0.695652174
Sacramento,Native,0.234732936,0.168245423,0.597021641,United States,Nearctic,-121.5296849,40.01807762,71230.11037,11.70442788,661.5560606,12.01367903,92.30933989,32,0.29,0.517241379
Sacramento,Non-native,0.188609463,0.18071094,0.630679597,United States,Nearctic,-121.5296849,40.01807762,71230.11037,11.70442788,661.5560606,12.01367903,92.30933989,32,0.29,0.517241379
Sado,Native,0.110467259,0.24629167,0.643241071,Portugal,Palearctic,-8.266871662,38.1490509,6438.089898,16.37614427,476.485545,6.2122823,88.2772588,19,0.42,0.380952381
Sado,Non-native,0.248931067,0.170621366,0.580447567,Portugal,Palearctic,-8.266871662,38.1490509,6438.089898,16.37614427,476.485545,6.2122823,88.2772588,19,0.42,0.380952381
Sadong,Native,0.123289319,0.330294831,0.546415849,South Korea,Palearctic,127.3101882,34.50349139,44.3983172,13.51243059,854.6523682,12.20229602,99.94,17,0.52,0.384615385
Sadong,Non-native,0,0.088214167,0.911785833,South Korea,Palearctic,127.3101882,34.50349139,44.3983172,13.51243059,854.6523682,12.20229602,99.94,17,0.52,0.384615385
Saektal.chon,Native,0.089122687,0.316824509,0.594052804,South Korea,Palearctic,126.4364362,33.30611702,33.71253308,12.5959219,755.8273043,9.196617365,99.76345247,8,0.35,0.542857143
Saektal.chon,Non-native,0,0.088214167,0.911785833,South Korea,Palearctic,126.4364362,33.30611702,33.71253308,12.5959219,755.8273043,9.196617365,99.76345247,8,0.35,0.542857143
Saem.mal,Native,0.098478447,0.346805319,0.554716234,South Korea,Palearctic,126.7878194,37.41286456,110.7629676,11.59594157,1032.139214,121.1980896,97.44072237,22,0.42,0.642857143
Saem.mal,Non-native,0,0.088214167,0.911785833,South Korea,Palearctic,126.7878194,37.41286456,110.7629676,11.59594157,1032.139214,121.1980896,97.44072237,22,0.42,0.642857143
Sagami,Native,0.134057928,0.333460145,0.532481927,Japan,Palearctic,139.0559333,35.53100905,1780.528555,12.04584153,783.0370716,549.521843,89.9020001,12,0.26,0.653846154
Sagami,Non-native,0.13873371,0.310172869,0.551093421,Japan,Palearctic,139.0559333,35.53100905,1780.528555,12.04584153,783.0370716,549.521843,89.9020001,12,0.26,0.653846154
Saguenay,Native,0.16486432,0.085105828,0.750029852,Canada,Nearctic,-71.89540009,49.66293656,87890.46703,-0.456608595,1263.187355,0.484930888,98.35463078,15,0.49,0.632653061
Saint.Etienne,Native,0.025716978,0.340882454,0.633400567,Reunion,Afrotropic,55.47319614,-21.19286077,261.8692443,18.05473831,240.7292716,NA,NA,8,0.51,0.37254902
Saint.Etienne,Non-native,0.532693322,0.204845149,0.262461529,Reunion,Afrotropic,55.47319614,-21.19286077,261.8692443,18.05473831,240.7292716,NA,NA,8,0.51,0.37254902
Saint.Jean.Qc,Native,0.227208057,0.194051369,0.578740574,Canada,Nearctic,-65.05222791,48.73875412,1156.34846,1.665478242,1045.916311,0.452145971,99.99644258,6,0.5,0.66
Saint.Jean.Qc,Non-native,0.398101026,0,0.601898974,Canada,Nearctic,-65.05222791,48.73875412,1156.34846,1.665478242,1045.916311,0.452145971,99.99644258,6,0.5,0.66
Saint.Jean.USA,Native,0.156841653,0.203668886,0.639489462,United States,Nearctic,-67.82696455,46.61346189,54888.62971,3.576893814,1097.277075,1.467223376,98.37984685,40,0.33,0.757575758
Saint.Jean.USA,Non-native,0.294504327,0.053771306,0.651724366,United States,Nearctic,-67.82696455,46.61346189,54888.62971,3.576893814,1097.277075,1.467223376,98.37984685,40,0.33,0.757575758
Saint.John,Native,0.212562361,0.439214677,0.348222962,Liberia,Afrotropic,-9.231565481,6.906010539,17053.21306,25.23956827,73.57377866,0.313148464,99.89172593,75,0.49,0.897959184
Saint.Johns,Native,0.213845348,0.355204016,0.430950635,United States,Nearctic,-81.55026288,29.09187098,24707.25591,21.23315981,499.1440718,26.42320585,97.43103528,82,0.3,0.5
Saint.Johns,Non-native,0.411066627,0.206879343,0.38205403,United States,Nearctic,-81.55026288,29.09187098,24707.25591,21.23315981,499.1440718,26.42320585,97.43103528,82,0.3,0.5
Saint.Laurent,Native,0.197860255,0.258269664,0.543870082,Canada,Nearctic,-81.79798526,45.5248157,1056005.322,5.179012943,1050.565584,12.1140852,97.55151165,162,0.3,0.566666667
Saint.Laurent,Non-native,0.196434907,0.223766113,0.57979898,Canada,Nearctic,-81.79798526,45.5248157,1056005.322,5.179012943,1050.565584,12.1140852,97.55151165,162,0.3,0.566666667
Saint.Marks,Native,0.224407285,0.362445055,0.413147661,United States,Nearctic,-84.13495451,30.45009508,2265.939333,19.48143452,624.288894,9.233972788,99.43451366,59,0.18,0.555555556
Saint.Mary.s,Native,0.215993284,0.334471905,0.449534812,United States,Nearctic,-82.05276907,30.53944489,3294.802691,19.89460313,593.053205,13.33939719,99.92679647,63,0.18,0.555555556
Saint.Mary.s,Non-native,0,0.435767513,0.564232487,United States,Nearctic,-82.05276907,30.53944489,3294.802691,19.89460313,593.053205,13.33939719,99.92679647,63,0.18,0.555555556
Saint.Paul,Native,0.191058178,0.431819405,0.377122417,Liberia,Afrotropic,-9.535357948,7.644873257,20629.45756,24.99879674,76.9611817,0.246373892,99.14637764,99,0.52,0.903846154
Sainte.Anne,Native,0.251528242,0.105845863,0.642625894,Canada,Nearctic,-66.21470174,48.96835599,836.1250091,0.563462188,1089.075444,0.364351623,99.97673308,8,0.52,0.75
Sainte.Anne,Non-native,0.398101026,0,0.601898974,Canada,Nearctic,-66.21470174,48.96835599,836.1250091,0.563462188,1089.075444,0.364351623,99.97673308,8,0.52,0.75
Sainte.Croix,Native,0.160871357,0.213845606,0.625283037,United States,Nearctic,-67.62520716,45.41581447,3941.73255,5.511312821,1038.873728,0.825424448,90.46010801,41,0.24,0.708333333
Sainte.Croix,Non-native,0.236113547,0.040331528,0.723554926,United States,Nearctic,-67.62520716,45.41581447,3941.73255,5.511312821,1038.873728,0.825424448,90.46010801,41,0.24,0.708333333
Saju.chon,Native,0.125544668,0.348503895,0.525951437,South Korea,Palearctic,128.1389047,35.05487277,183.4039764,12.84046262,893.6869846,101.2961884,80.18228122,22,0.46,0.456521739
Saju.chon,Non-native,0,0.088214167,0.911785833,South Korea,Palearctic,128.1389047,35.05487277,183.4039764,12.84046262,893.6869846,101.2961884,80.18228122,22,0.46,0.456521739
Sakarya,Native,0.112701203,0.205255454,0.682043343,Turkey,Palearctic,31.3100451,39.56481832,70666.64849,10.66799346,756.5633619,8.8494519,95.17038369,48,0.34,0.441176471
Sakarya,Non-native,0.159516188,0.187964541,0.65251927,Turkey,Palearctic,31.3100451,39.56481832,70666.64849,10.66799346,756.5633619,8.8494519,95.17038369,48,0.34,0.441176471
Sakinaw,Native,0.351947266,0.099774472,0.548278261,Canada,Nearctic,-123.9301654,49.64925281,285.2952676,8.625874919,526.1294257,30.14556837,99.95058386,7,0.36,0.583333333
Salaca,Native,0.116453656,0.170356599,0.713189745,Latvia,Palearctic,25.19601753,57.82048292,3344.995296,4.938188251,864.8667309,1.810600698,99.91617334,4,0.23,0.52173913
Salado,Native,0.21461899,0.343807522,0.441573488,Argentina,Neotropic,-59.99344269,-36.13588349,86125.1997,15.37800188,518.8884148,0.665842943,99.83260182,52,0.27,0.259259259
Salado,Non-native,0.011827248,0.044107084,0.944065669,Argentina,Neotropic,-59.99344269,-36.13588349,86125.1997,15.37800188,518.8884148,0.665842943,99.83260182,52,0.27,0.259259259
Salang,Native,0.194530613,0.36354522,0.441924167,Malaysia,Indo-Malay,104.1597222,2.876388889,2.561245622,25.36666584,67.23786926,0.04840648,NA,4,0.43,0.511627907
Salina.Agua.Perra,Native,0.5626039,0.4373961,0,Argentina,Neotropic,-67.63002321,-37.42520326,1595.835772,14.8276473,633.7662316,0.15160815,99.91071598,2,0.64,0.09375
Salina.Grandes,Native,0.25158185,0.397597751,0.350820399,Argentina,Neotropic,-66.27971636,-29.6059457,148822.2121,16.81832817,505.6102533,0.43391978,97.85519583,37,0.25,0.72
Salina.Grandes,Non-native,0,0.128673395,0.871326605,Argentina,Neotropic,-66.27971636,-29.6059457,148822.2121,16.81832817,505.6102533,0.43391978,97.85519583,37,0.25,0.72
Salina.de.Guayatayoc,Native,0.125576769,0.544856674,0.329566557,Argentina,Neotropic,-66.04652733,-23.37447269,17502.38788,8.638043604,344.0252052,0.138287384,99.93786285,1,0.44,0.454545455
Salina.de.Guayatayoc,Non-native,0.342960853,0,0.657039147,Argentina,Neotropic,-66.04652733,-23.37447269,17502.38788,8.638043604,344.0252052,0.138287384,99.93786285,1,0.44,0.454545455
Salina.de.Olaroz,Native,0.125576769,0.544856674,0.329566557,Argentina,Neotropic,-66.72785183,-23.53993055,5685.449651,6.245125262,336.7397263,0.027727555,99.96051774,1,0.6,0.15
Salina.de.Pozuelos,Native,0.125576769,0.544856674,0.329566557,Argentina,Neotropic,-66.05428234,-22.3186394,3922.361202,9.270512879,335.7969857,0.07717548,99.91751947,1,0.48,0.541666667
Salina.de.Uyuni,Native,0.130124609,0.611356952,0.258518439,Bolivia,Neotropic,-67.31735466,-20.77347607,47217.90097,7.657749358,360.8496886,0.062741171,99.94804985,2,0.4,0.4
Salina.del.Bebedero,Native,0.255947843,0.479367751,0.264684406,Argentina,Neotropic,-66.5007327,-33.45491834,7744.21291,17.37850141,568.46363,0.723045506,96.13157492,3,0.4,0.525
Salina.del.Bebedero,Non-native,0.638064753,0.361935247,0,Argentina,Neotropic,-66.5007327,-33.45491834,7744.21291,17.37850141,568.46363,0.723045506,96.13157492,3,0.4,0.525
Salinas,Native,0.174635294,0.226682487,0.598682219,United States,Nearctic,-120.8751828,35.94268419,11096.45309,14.34833965,487.6996514,12.77213168,94.4575686,18,0.79,0.101265823
Salinas,Non-native,0.154154335,0.182423718,0.663421947,United States,Nearctic,-120.8751828,35.94268419,11096.45309,14.34833965,487.6996514,12.77213168,94.4575686,18,0.79,0.101265823
Saloum,Native,0.109479396,0.27336216,0.617158444,Senegal,Afrotropic,-15.78374787,14.55404431,36141.60789,27.38339633,185.4611814,1.335689783,99.20009182,33,0.78,0.243589744
Salt.creek,Native,0.066142056,0.412382646,0.521475298,Australia,Australasia,135.6409214,-34.46334595,808.5199387,16.20385996,376.2659352,0.428812034,99.54987309,4,0.85,0.047058824
Saltelva,Native,0.254104715,0.067149472,0.678745813,Norway,Palearctic,15.4810627,66.82222379,1501.921084,-0.754593435,731.1735091,0.357452594,99.97169569,6,0.46,0.717391304
Saltelva,Non-native,0.599142002,0,0.400857998,Norway,Palearctic,15.4810627,66.82222379,1501.921084,-0.754593435,731.1735091,0.357452594,99.97169569,6,0.46,0.717391304
Salween,Native,0.160358301,0.350366171,0.489275528,Myanmar,Indo-Malay,96.83653701,25.31591989,265656.9131,11.63635328,493.0217417,0.290779728,99.73011654,287,0.6,0.916666667
Salween,Non-native,0.479098675,0.14379049,0.377110835,Myanmar,Indo-Malay,96.83653701,25.31591989,265656.9131,11.63635328,493.0217417,0.290779728,99.73011654,287,0.6,0.916666667
Samarga,Native,0.266156654,0.151000575,0.58284277,Russia,Palearctic,138.1757871,47.89364799,7688.930431,-1.949320723,1367.51481,0.085735058,99.99770523,18,0.53,0.811320755
Sambas,Native,0.195230934,0.309812071,0.494956995,Indonesia,Indo-Malay,109.5883491,1.254018182,7365.558421,26.49601492,44.01865254,1.588257566,99.920598,36,0.33,0.606060606
Samborombon,Native,0.29085635,0.35517215,0.3539715,Argentina,Neotropic,-57.99175141,-35.29133886,5473.856071,16.04438212,493.0389877,13.39488077,99.82023711,12,0.36,0.194444444
Samborombon,Non-native,0,0.088214167,0.911785833,Argentina,Neotropic,-57.99175141,-35.29133886,5473.856071,16.04438212,493.0389877,13.39488077,99.82023711,12,0.36,0.194444444
Sambu,Native,0.221358408,0.39663508,0.382006512,Panama,Neotropic,-78.14833202,7.87675522,1389.514161,25.15605158,43.24128085,0.087283809,99.99251952,32,0.44,0.681818182
Sampan.creek,Native,0.119896498,0.347975332,0.53212817,Australia,Australasia,131.8549984,-13.18324172,8098.550943,27.30660653,213.2948838,0.165276743,99.96423181,49,0.6,0.533333333
Sampo.chon,Native,0.129792312,0.361509478,0.50869821,South Korea,Palearctic,126.6386859,34.91353825,111.196955,13.53614588,908.1333717,9.527026057,99.78009279,38,0.34,0.794117647
Sampo.chon,Non-native,0.142428926,0.301261531,0.556309543,South Korea,Palearctic,126.6386859,34.91353825,111.196955,13.53614588,908.1333717,9.527026057,99.78009279,38,0.34,0.794117647
San.Antonio,Native,0.189995677,0.295414577,0.514589746,United States,Nearctic,-98.30764764,29.30249541,10783.72995,20.16121181,664.9903708,33.80649185,92.6401128,67,0.27,0.296296296
San.Antonio,Non-native,0.32812989,0.141779013,0.530091096,United States,Nearctic,-98.30764764,29.30249541,10783.72995,20.16121181,664.9903708,33.80649185,92.6401128,67,0.27,0.296296296
San.Antonio.creek,Native,0.271317112,0.300244258,0.42843863,United States,Nearctic,-120.3672512,34.76656193,405.7743343,14.63771163,291.1878902,8.123149276,99.43317193,7,0.63,0.126984127
San.Bernard,Native,0.184121424,0.234530868,0.581347708,United States,Nearctic,-96.03902106,29.45041776,2581.650117,20.29638504,654.5051003,60.77815247,99.95839033,18,0.18,0.611111111
San.Bernard,Non-native,0.082287724,0.173527944,0.744184332,United States,Nearctic,-96.03902106,29.45041776,2581.650117,20.29638504,654.5051003,60.77815247,99.95839033,18,0.18,0.611111111
San.Carlos,Native,0.071917313,0.37795713,0.550125558,Falkland Islands,Neotropic,-58.81358347,-51.580531,549.1929033,6.24801801,285.0504396,NA,99.99661359,2,0.2,0.5
San.Carlos,Non-native,0.28782068,0,0.71217932,Falkland Islands,Neotropic,-58.81358347,-51.580531,549.1929033,6.24801801,285.0504396,NA,99.99661359,2,0.2,0.5
San.Diego,Native,0.254028485,0.204624755,0.54134676,United States,Nearctic,-116.8744756,32.90755868,1275.838574,16.89766752,462.22565,40.1206913,77.48266134,6,0.51,0.196078431
San.Diego,Non-native,0.192060191,0.222816258,0.585123551,United States,Nearctic,-116.8744756,32.90755868,1275.838574,16.89766752,462.22565,40.1206913,77.48266134,6,0.51,0.196078431
San.Fernando,Native,0.2398173,0.345699512,0.414483189,Mexico,Nearctic,-98.89845226,24.97163462,18933.4459,22.59396022,510.1728727,2.921387792,96.46397285,22,0.53,0.132075472
San.Fernando,Non-native,0.173095411,0.042478146,0.784426443,Mexico,Nearctic,-98.89845226,24.97163462,18933.4459,22.59396022,510.1728727,2.921387792,96.46397285,22,0.53,0.132075472
San.Gabriel,Native,0.257117635,0.279177299,0.463705066,United States,Nearctic,-117.9220539,34.0967472,2100.586456,16.44648707,475.4077142,136.6533966,88.18307427,8,0.4,0.3
San.Giovanni,Native,0.016014295,0.231597234,0.75238847,Italy,Palearctic,9.412688322,41.03785821,181.2182607,15.8453837,567.9503729,2.579740286,99.45182386,2,0.42,0.214285714
San.Giovanni,Non-native,0.215035894,0.224826568,0.560137537,Italy,Palearctic,9.412688322,41.03785821,181.2182607,15.8453837,567.9503729,2.579740286,99.45182386,2,0.42,0.214285714
San.Ignacio,Native,0.157167627,0.369744183,0.47308819,Mexico,Nearctic,-113.256214,27.28112873,2589.069472,20.99133303,420.1672596,0.239956979,99.97197529,2,0.93,0.032258065
San.Ignacio,Non-native,0.324847578,0.299220036,0.375932386,Mexico,Nearctic,-113.256214,27.28112873,2589.069472,20.99133303,420.1672596,0.239956979,99.97197529,2,0.93,0.032258065
San.Jacinto,Native,0.202866197,0.310463971,0.486669832,United States,Nearctic,-95.49876183,30.31209403,7398.111436,19.60323127,684.0452667,40.72884893,95.23922817,58,0.19,0.526315789
San.Javier,Native,0.314335254,0.531914827,0.153749919,Mexico,Nearctic,-111.6049514,25.53170897,4171.577359,21.53654196,446.2385924,0.53998363,99.86661402,1,0.96,0.020833333
San.Javier,Non-native,0.493761342,0.506238658,0,Mexico,Nearctic,-111.6049514,25.53170897,4171.577359,21.53654196,446.2385924,0.53998363,99.86661402,1,0.96,0.020833333
San.Joaquin,Native,0.186318449,0.196481392,0.617200159,United States,Nearctic,-120.106459,37.29613595,46151.23747,13.06625765,657.1479243,20.1251173,89.12813141,26,0.23,0.565217391
San.Joaquin,Non-native,0.208100611,0.196759298,0.595140091,United States,Nearctic,-120.106459,37.29613595,46151.23747,13.06625765,657.1479243,20.1251173,89.12813141,26,0.23,0.565217391
San.Jose.del.Cabo,Native,0.056029383,0.318855146,0.625115471,Mexico,Neotropic,-109.7770633,23.25183337,1267.619888,21.4875699,401.3464852,1.127829835,99.54532546,13,0.89,0.056179775
San.Jose.del.Cabo,Non-native,0.565913047,0.434086953,0,Mexico,Neotropic,-109.7770633,23.25183337,1267.619888,21.4875699,401.3464852,1.127829835,99.54532546,13,0.89,0.056179775
San.Juan.Colombia,Native,0.255673451,0.376976894,0.367349655,Colombia,Neotropic,-76.59466679,4.637141233,15330.18119,23.18208727,28.03410146,4.079758704,99.6383567,84,0.37,0.702702703
San.Juan.Island,Native,0.328282131,0.033369682,0.638348188,United States,Nearctic,-123.0865494,48.54137189,178.8163287,9.890503124,424.7088848,13.56936264,99.86396852,8,0.5,0.58
San.Juan.Nicaragua,Native,0.242809752,0.404306709,0.352883539,Nicaragua,Neotropic,-85.17392766,11.44874705,40975.39899,25.45419692,78.92557515,2.59474805,99.25854201,93,0.37,0.72972973
San.Juan.Nicaragua,Non-native,0.556176971,0.183361613,0.260461417,Nicaragua,Neotropic,-85.17392766,11.44874705,40975.39899,25.45419692,78.92557515,2.59474805,99.25854201,93,0.37,0.72972973
San.Juan.Venezuela,Native,0.203038704,0.389351525,0.407609771,Venezuela,Neotropic,-63.23482206,10.04668259,8477.856018,24.97675528,63.41468075,4.216730118,97.25082381,155,0.3,0.8
San.Leonardo,Native,0.035806156,0.181455904,0.78273794,Italy,Palearctic,13.5167892,37.82686596,517.5090609,14.88686954,597.4727769,12.44338965,82.9691361,7,0.54,0.259259259
San.Leonardo,Non-native,0.319032376,0.225074707,0.455892916,Italy,Palearctic,13.5167892,37.82686596,517.5090609,14.88686954,597.4727769,12.44338965,82.9691361,7,0.54,0.259259259
San.Lorenzo,Native,0.256204145,0.423245848,0.320550006,Mexico,Neotropic,-106.2662887,24.69436633,10046.70948,17.61577796,327.3549947,1.336088061,95.57416652,11,0.41,0.731707317
San.Luis.Obispo,Native,0.186960756,0.217753681,0.595285563,United States,Nearctic,-120.6732196,35.26341432,214.6724958,14.69166666,295.5402269,8.370650649,96.89249547,7,0.68,0.132352941
San.Luis.Obispo,Non-native,0.222403949,0.161336977,0.616259074,United States,Nearctic,-120.6732196,35.26341432,214.6724958,14.69166666,295.5402269,8.370650649,96.89249547,7,0.68,0.132352941
San.Luis.Rey,Native,0.242628939,0.357238285,0.400132776,United States,Nearctic,-116.9299677,33.29378917,1469.671886,15.75500932,520.6878627,96.7422142,83.1895485,5,0.73,0.136986301
San.Luis.Rey,Non-native,0.168862823,0.22247723,0.608659947,United States,Nearctic,-116.9299677,33.29378917,1469.671886,15.75500932,520.6878627,96.7422142,83.1895485,5,0.73,0.136986301
San.Martin,Native,0,0.273820396,0.726179604,Mexico,Nearctic,-112.3452508,26.51549736,961.6922825,21.83286258,462.5047486,0.206508577,99.61678522,2,0.86,0.069767442
San.Mateo.creek,Native,0.229000494,0.351694573,0.419304932,United States,Nearctic,-117.4453724,33.5063231,346.0604577,16.32273198,441.1772835,195.1062698,99.81176863,6,0.57,0.140350877
San.Nicolas,Native,0.258981262,0.364312627,0.376706111,Mexico,Neotropic,-93.08216866,15.59168115,773.2356982,26.62272448,83.74703009,1.042204946,99.94305587,14,0.63,0.80952381
San.Pedro.Ivory.Coast,Native,0.170538079,0.394411813,0.435050108,Côte d'Ivoire,Afrotropic,-6.765407848,5.177160658,3369.985945,25.93392453,90.74264718,1.206884056,97.65724209,47,0.32,0.65625
San.Pedro.Mexico,Native,0.078583814,0.418815513,0.502600673,Mexico,Nearctic,-111.1943378,24.75551616,1649.088633,22.22542999,435.0985025,0.91813764,99.93474285,4,0.95,0.031578947
San.Pedro.Mexico,Non-native,0.487271367,0.40472297,0.108005663,Mexico,Nearctic,-111.1943378,24.75551616,1649.088633,22.22542999,435.0985025,0.91813764,99.93474285,4,0.95,0.031578947
San.Pedro.Mezquital,Native,0.167626564,0.367258575,0.465114861,Mexico,Neotropic,-104.5580237,23.50086262,25676.40489,16.96150013,323.0080987,1.736050904,95.16471145,37,0.46,0.717391304
San.Pedro.Panama,Native,0.228935484,0.42821122,0.342853296,Panama,Neotropic,-81.06989488,8.063040641,910.6086212,26.62796286,69.34120413,1.409078881,99.89732458,26,0.53,0.679245283
Sanaga,Native,0.150002199,0.409497946,0.440499854,Cameroon,Afrotropic,12.34344028,5.610692447,133071.5578,23.41814151,98.26084361,0.711945727,98.68912752,221,0.47,0.936170213
Sanaga,Non-native,0,0.169262423,0.830737577,Cameroon,Afrotropic,12.34344028,5.610692447,133071.5578,23.41814151,98.26084361,0.711945727,98.68912752,221,0.47,0.936170213
Sandon,Native,0.048976973,0.368931039,0.582091988,Australia,Australasia,153.2621759,-29.69133862,134.6913779,19.00768516,358.7997499,0.844904676,100,18,0.52,0.115384615
Sandy.creek,Native,0.132213748,0.314396813,0.553389438,Australia,Australasia,129.2656859,-15.50134929,1242.557129,27.82128857,294.3135088,0.005566363,99.99058563,20,0.74,0.216216216
Sandy.creek.1,Native,0,0.291214567,0.708785433,Australia,Australasia,145.4872519,-31.83878847,12742.95136,18.57554111,615.9205815,0.044923324,99.92115492,2,0.8,0.025
Sandy.creek.2,Native,0.037540873,0.544957939,0.417501188,Australia,Australasia,148.9824627,-21.25944098,468.8590835,22.48479556,359.4159772,0.879751086,87.16548499,6,0.49,0.204081633
Sangam.dong,Native,0.147455728,0.396069241,0.456475032,South Korea,Palearctic,127.7383214,34.82218391,50.24404062,13.44653847,844.3573975,12.20229626,99.21745,19,0.48,0.479166667
Sangam.dong,Non-native,0,0.088214167,0.911785833,South Korea,Palearctic,127.7383214,34.82218391,50.24404062,13.44653847,844.3573975,12.20229626,99.21745,19,0.48,0.479166667
Sangdo.josuji,Native,0.128964007,0.379931362,0.491104632,South Korea,Palearctic,126.5398062,36.88377461,74.32891233,11.53385886,988.6143227,15.00964975,99.77337291,36,0.42,0.476190476
Sangdo.josuji,Non-native,0.142428926,0.301261531,0.556309543,South Korea,Palearctic,126.5398062,36.88377461,74.32891233,11.53385886,988.6143227,15.00964975,99.77337291,36,0.42,0.476190476
Santa.Ana,Native,0.249416409,0.29880457,0.45177902,United States,Nearctic,-117.2731557,33.93931592,6411.859796,16.02131768,541.3588727,118.6123047,87.71883611,7,0.43,0.279069767
Santa.Ana,Non-native,0.24447981,0.215912566,0.539607625,United States,Nearctic,-117.2731557,33.93931592,6411.859796,16.02131768,541.3588727,118.6123047,87.71883611,7,0.43,0.279069767
Santa.Clara,Native,0.192649914,0.25360518,0.553744906,United States,Nearctic,-118.7691155,34.5327003,4223.51514,14.70613753,557.6663512,159.8787689,87.21667954,9,0.64,0.171875
Santa.Clara,Non-native,0.15071043,0.248270223,0.601019347,United States,Nearctic,-118.7691155,34.5327003,4223.51514,14.70613753,557.6663512,159.8787689,87.21667954,9,0.64,0.171875
Santa.Cruz,Native,0.121521269,0.319860986,0.558617745,Argentina,Neotropic,-71.90191349,-49.98983726,27134.63308,5.520202624,423.5217693,0.058064936,99.95871874,7,0.37,0.918918919
Santa.Cruz,Non-native,0.290304,0,0.709696,Argentina,Neotropic,-71.90191349,-49.98983726,27134.63308,5.520202624,423.5217693,0.058064936,99.95871874,7,0.37,0.918918919
Santa.Inez,Native,0.190521364,0.248813185,0.560665451,United States,Nearctic,-119.9870762,34.62185051,2334.070881,14.17857198,388.2378404,17.55189586,85.68774485,8,0.85,0.070588235
Santa.Inez,Non-native,0.151287047,0.243550901,0.605162052,United States,Nearctic,-119.9870762,34.62185051,2334.070881,14.17857198,388.2378404,17.55189586,85.68774485,8,0.85,0.070588235
Santa.Lucia,Native,0.241591053,0.391409554,0.366999393,Uruguay,Neotropic,-56.11721522,-34.18254029,13460.11077,16.54544135,471.9315931,7.282657862,99.06544023,58,0.16,0.625
Santa.Lucia,Non-native,0,0.088214167,0.911785833,Uruguay,Neotropic,-56.11721522,-34.18254029,13460.11077,16.54544135,471.9315931,7.282657862,99.06544023,58,0.16,0.625
Santa.Margarita,Native,0.196286138,0.310385013,0.493328849,United States,Nearctic,-117.0060971,33.49570024,1891.356968,16.37631155,545.3799093,108.0636864,80.70262364,7,0.61,0.163934426
Santa.Margarita,Non-native,0.205266115,0.142693657,0.652040228,United States,Nearctic,-117.0060971,33.49570024,1891.356968,16.37631155,545.3799093,108.0636864,80.70262364,7,0.61,0.163934426
Santa.Maria,Native,0.232727082,0.403493431,0.363779486,Mexico,Nearctic,-107.4142812,29.90108662,11655.03191,15.68497554,638.519037,1.00229989,94.01132307,5,0.8,0.125
Santa.Maria.Brazil,Native,0.171199688,0.368268782,0.46053153,Brazil,Neotropic,-40.61305588,-20.13733947,1780.907205,20.56099795,202.409857,14.742836,95.34005578,12,0.39,0.461538462
Santa.Maria.Brazil,Non-native,0.419711885,0.580288115,0,Brazil,Neotropic,-40.61305588,-20.13733947,1780.907205,20.56099795,202.409857,14.742836,95.34005578,12,0.39,0.461538462
Santa.Maria.Cal,Native,0.219595156,0.294286598,0.486118246,United States,Nearctic,-119.9116623,34.91835555,4726.923193,13.61489186,475.3461236,17.3808012,98.56559527,10,0.86,0.069767442
Santa.Maria.Cal,Non-native,0.2521761,0.249054933,0.498768967,United States,Nearctic,-119.9116623,34.91835555,4726.923193,13.61489186,475.3461236,17.3808012,98.56559527,10,0.86,0.069767442
Santa.Maria.Pan,Native,0.142010068,0.362357744,0.495632188,Panama,Neotropic,-80.87449519,8.275363793,3321.065827,25.62726163,61.88894275,2.223240346,99.66170846,64,0.45,0.8
Santee,Native,0.223882739,0.310332149,0.465785113,United States,Nearctic,-81.39479244,34.7520839,39531.78697,15.59285333,756.4273759,21.03393698,93.22296088,112,0.15,0.6
Santee,Non-native,0.143397327,0.156521391,0.700081282,United States,Nearctic,-81.39479244,34.7520839,39531.78697,15.59285333,756.4273759,21.03393698,93.22296088,112,0.15,0.6
Santiago,Native,0.200068203,0.383509879,0.416421918,Ecuador,Neotropic,-78.84576496,0.797984143,6062.905109,23.23777318,32.25440641,2.121279567,99.99186937,37,0.27,0.407407407
Santo,Native,0.197075734,0.409340939,0.393583328,Panama,Neotropic,-79.19800978,9.100654105,195.6047824,26.83065863,67.96521804,9.047283888,99.94857094,29,0.53,0.735849057
Santo.Antonio,Native,0.258599238,0.410920027,0.330480735,Brazil,Neotropic,-39.20252611,-16.11626802,717.614323,23.81382213,157.015071,0.894056752,99.93715552,6,0.33,0.212121212
Santo.Antonio.Grande,Native,0.314794309,0.311692715,0.373512976,Brazil,Neotropic,-35.65771311,-9.261043299,796.6102218,24.19083155,117.1215611,4.738894105,99.91226962,4,0.82,0.073170732
Sanyang.ni,Native,0.121014681,0.404853932,0.474131387,South Korea,Palearctic,128.6346875,34.79270949,173.4501621,13.66774393,790.8301454,8.284548283,62.69294774,17,0.46,0.347826087
Sanyang.ni,Non-native,0,0.088214167,0.911785833,South Korea,Palearctic,128.6346875,34.79270949,173.4501621,13.66774393,790.8301454,8.284548283,62.69294774,17,0.46,0.347826087
Sao.Francisco,Native,0.212431656,0.43615231,0.351416034,Brazil,Neotropic,-43.24977358,-13.44937695,634688.567,23.18721002,144.9632603,1.348045141,97.96648802,283,0.46,0.543478261
Sao.Francisco,Non-native,0.305971005,0.216841313,0.477187682,Brazil,Neotropic,-43.24977358,-13.44937695,634688.567,23.18721002,144.9632603,1.348045141,97.96648802,283,0.46,0.543478261
Sao.Joao,Native,0.184092561,0.422492373,0.393415066,Brazil,Neotropic,-42.34799777,-22.59988426,2105.541634,22.35700064,223.9173865,10.75907385,96.8762824,89,0.37,0.756756757
Sao.Joao,Non-native,0.493761342,0.506238658,0,Brazil,Neotropic,-42.34799777,-22.59988426,2105.541634,22.35700064,223.9173865,10.75907385,96.8762824,89,0.37,0.756756757
Sao.Mateus,Native,0.198099675,0.384079101,0.417821224,Brazil,Neotropic,-40.88953551,-18.45931074,13048.5614,23.11498316,185.6518997,1.383541644,99.89983705,60,0.25,0.52
Sao.Mateus,Non-native,0.348206541,0.282386039,0.36940742,Brazil,Neotropic,-40.88953551,-18.45931074,13048.5614,23.11498316,185.6518997,1.383541644,99.89983705,60,0.25,0.52
Sapgyocheon,Native,0.129115171,0.387301346,0.483583483,South Korea,Palearctic,126.7775657,36.64236664,960.1916498,11.62891595,991.1624355,15.00964975,92.7050476,75,0.27,0.851851852
Sapgyocheon,Non-native,0.32952408,0.20084102,0.469634899,South Korea,Palearctic,126.7775657,36.64236664,960.1916498,11.62891595,991.1624355,15.00964975,92.7050476,75,0.27,0.851851852
Saramacca,Native,0.230363343,0.376019699,0.393616958,Suriname,Neotropic,-55.61324129,4.867743192,9544.282454,26.44823247,67.97714761,0.793652341,99.99171705,140,0.31,0.677419355
Sarandi,Native,0.262686155,0.427252159,0.310061686,Uruguay,Neotropic,-55.45658756,-34.53815638,1351.020079,16.26391435,442.6192111,3.049348474,99.82478702,10,0.2,0.6
Sarapiku,Native,0.143084044,0.170782111,0.686133845,Estonia,Palearctic,21.98568597,58.45308893,23.53564169,6.651822915,719.2462934,0.155074917,99.93105,3,0.34,0.235294118
Sarawak,Native,0.14625513,0.377453836,0.476291035,Malaysia,Indo-Malay,110.2039128,1.36958317,1447.436639,26.13564212,47.76131806,5.584985018,99.80795495,76,0.32,0.65625
Sarawak,Non-native,0.229893043,0.133892832,0.636214125,Malaysia,Indo-Malay,110.2039128,1.36958317,1447.436639,26.13564212,47.76131806,5.584985018,99.80795495,76,0.32,0.65625
Sarbad,Native,0.124418155,0.179434223,0.696147622,Iran,Palearctic,51.33637152,36.36151797,1742.542944,10.14871059,879.7898567,7.04528594,99.72528902,31,0.36,0.805555556
Sarbad,Non-native,0.149962296,0.230737649,0.619300055,Iran,Palearctic,51.33637152,36.36151797,1742.542944,10.14871059,879.7898567,7.04528594,99.72528902,31,0.36,0.805555556
Sarbaz,Native,0.0790333,0.441838816,0.479127884,Iran,Palearctic,61.11760016,26.12900716,20639.60573,25.19210936,576.913867,0.422245912,98.39695353,9,0.77,0.103896104
Sarbaz,Non-native,0.176187951,0.370409132,0.453402917,Iran,Palearctic,61.11760016,26.12900716,20639.60573,25.19210936,576.913867,0.422245912,98.39695353,9,0.77,0.103896104
Saru,Native,0.131789954,0.368210917,0.499999129,Japan,Palearctic,142.4501054,42.76947161,1342.408742,4.19730773,972.9063037,4.358636022,93.59989638,6,0.39,0.871794872
Sassandra,Native,0.150830637,0.412098268,0.437071095,Côte d'Ivoire,Afrotropic,-7.14025972,7.380865157,74563.06236,25.22967089,105.0228168,0.953617871,98.78275505,88,0.44,0.818181818
Sassandra,Non-native,0.351857194,0.022180978,0.625961828,Côte d'Ivoire,Afrotropic,-7.14025972,7.380865157,74563.06236,25.22967089,105.0228168,0.953617871,98.78275505,88,0.44,0.818181818
Satilla,Native,0.219312892,0.327820838,0.45286627,United States,Nearctic,-82.38082968,31.38962232,8886.893941,19.18252838,639.9126148,6.581579566,98.81303769,59,0.2,0.45
Satilla,Non-native,0,0.435767513,0.564232487,United States,Nearctic,-82.38082968,31.38962232,8886.893941,19.18252838,639.9126148,6.581579566,98.81303769,59,0.2,0.45
Sauce.Grande,Native,0.187503389,0.431434765,0.381061846,Argentina,Neotropic,-61.55639896,-38.49697251,4636.335427,14.03344035,526.9948249,0.839015052,94.67568335,12,0.75,0.04
Sauga,Native,0.143084044,0.170782111,0.686133845,Estonia,Palearctic,24.66725462,58.57102628,592.8754825,5.760712483,823.5958363,0.897046074,99.93682992,3,0.26,0.384615385
Savannah,Native,0.220231929,0.318953402,0.460814668,United States,Nearctic,-82.4398122,33.84531568,27164.03952,16.42970368,731.3100524,15.79580522,93.5460183,122,0.18,0.555555556
Savannah,Non-native,0.121448013,0.193592243,0.684959744,United States,Nearctic,-82.4398122,33.84531568,27164.03952,16.42970368,731.3100524,15.79580522,93.5460183,122,0.18,0.555555556
Savaran,Native,0.14041552,0.145753615,0.713830865,Sweden,Palearctic,20.17877638,64.26595367,1114.35255,1.929666837,871.1313513,1.369826317,99.96019443,12,0.39,0.487179487
Savaran,Non-native,0.340477413,0,0.659522587,Sweden,Palearctic,20.17877638,64.26595367,1114.35255,1.929666837,871.1313513,1.369826317,99.96019443,12,0.39,0.487179487
Save,Native,0.185368,0.401247584,0.413384416,Zimbabwe,Afrotropic,31.78603213,-20.19954595,103037.3714,20.63753038,316.3149262,0.052008761,94.34784007,41,0.45,0.488888889
Save,Non-native,0.227451209,0.006226672,0.766322119,Zimbabwe,Afrotropic,31.78603213,-20.19954595,103037.3714,20.63753038,316.3149262,0.052008761,94.34784007,41,0.45,0.488888889
Savina,Native,0.182892523,0.000125988,0.816981489,Russia,Palearctic,54.77642328,71.64223308,2162.754309,-7.02319178,912.4450728,0.00250391,99.99954179,2,0.7,0.514285714
Savitri,Native,0.119769549,0.366369018,0.513861433,India,Indo-Malay,73.38740403,18.13056196,2262.853022,26.21533872,189.9306538,14.14777946,98.69800671,52,0.66,0.621212121
Savitri,Non-native,0.225423942,0.159053315,0.615522743,India,Indo-Malay,73.38740403,18.13056196,2262.853022,26.21533872,189.9306538,14.14777946,98.69800671,52,0.66,0.621212121
Savory,Native,0,0.404759408,0.595240592,Australia,Australasia,122.081811,-23.72008599,31469.74857,24.2414483,637.75871,0.005356256,99.99489828,1,0.78,0.08974359
Savushkina,Native,0.281641383,0.319235503,0.399123114,Russia,Palearctic,156.0926075,50.71572581,16.9135328,0.144758055,641.690662,0.011487897,99.97135,4,0.6,0.666666667
Sawarangan,Native,0.119448364,0.438874493,0.441677143,Indonesia,Indo-Malay,114.882531,-3.931958873,349.3083135,27.20483737,39.13844292,3.261371374,99.93710511,12,0.27,0.888888889
Saymena.Aar,Native,0.115747641,0.393418037,0.490834322,Sri Lanka,Indo-Malay,81.79096074,6.958552859,116.5915842,27.47146283,122.2858987,2.302444905,99.77355306,28,0.45,0.533333333
Saymena.Aar,Non-native,0.417017478,0.239760474,0.343222047,Sri Lanka,Indo-Malay,81.79096074,6.958552859,116.5915842,27.47146283,122.2858987,2.302444905,99.77355306,28,0.45,0.533333333
Scamander,Native,0.052166204,0.245428682,0.702405114,Australia,Australasia,148.1178321,-41.44499666,350.7260436,11.77303116,322.9328389,0.100650851,99.97434003,10,0.27,0.37037037
Scamander,Non-native,0.28782068,0,0.71217932,Australia,Australasia,148.1178321,-41.44499666,350.7260436,11.77303116,322.9328389,0.100650851,99.97434003,10,0.27,0.37037037
Schelde,Native,0.113593913,0.191520188,0.694885899,Belgium,Palearctic,3.849759251,50.69199594,18961.04177,10.17153602,549.1058368,82.05417442,98.59563326,30,0.17,0.647058824
Schelde,Non-native,0.120280918,0.177787854,0.701931228,Belgium,Palearctic,3.849759251,50.69199594,18961.04177,10.17153602,549.1058368,82.05417442,98.59563326,30,0.17,0.647058824
Scott,Native,0.14256683,0.576806909,0.280626261,Australia,Australasia,115.4663468,-34.27032843,705.550145,16.29545606,327.7049102,0.205634829,99.96535734,6,0.53,0.41509434
Scott,Non-native,0.413734462,0.586265538,0,Australia,Australasia,115.4663468,-34.27032843,705.550145,16.29545606,327.7049102,0.205634829,99.96535734,6,0.53,0.41509434
Scrubby.creek,Native,0.060195961,0.610475862,0.329328177,Australia,Australasia,151.574393,-24.16824864,147.0103772,21.85120021,359.5935279,0.411174253,99.96882064,3,0.69,0.057971014
Sea.Elephant,Native,0.034562139,0.35601534,0.609422521,Australia,Australasia,144.0156752,-39.84710502,261.0289077,13.40385762,247.2245932,0.016055067,99.80821672,2,0.37,0.297297297
Seaforth,Native,0.029976512,0.300712365,0.669311124,New Zealand,Australasia,167.0672186,-45.65403345,257.8049777,7.22785241,336.1145209,0.057729361,99.99064973,4,0.23,0.52173913
Seaforth,Non-native,0.28782068,0,0.71217932,New Zealand,Australasia,167.0672186,-45.65403345,257.8049777,7.22785241,336.1145209,0.057729361,99.99064973,4,0.23,0.52173913
Searle,Native,0.067126102,0.362371895,0.570502003,New Zealand,Australasia,170.8360442,-43.00089255,198.7105246,8.826264669,358.4927458,0.109378997,99.96375077,12,0.21,0.380952381
Searle,Non-native,0.28782068,0,0.71217932,New Zealand,Australasia,170.8360442,-43.00089255,198.7105246,8.826264669,358.4927458,0.109378997,99.96375077,12,0.21,0.380952381
Sebaou,Native,0.093078566,0.343280478,0.563640956,Algeria,Palearctic,4.145175712,36.65084871,2505.479778,16.32360501,648.6362084,16.55615377,99.46706343,5,0.43,0.465116279
Sebkha.Aoueital,Native,0.076257485,0.594481783,0.329260732,Western Sahara,Afrotropic,-16.02375482,21.81109452,13553.17625,22.92195833,293.3977336,0.032143109,99.97744847,1,0.91,0.043956044
Sebkhet.Safioune,Native,0.35223059,0.209237691,0.438531719,Algeria,Palearctic,5.823698806,30.46740949,396710.7443,22.2134673,856.3051686,0.431392178,99.93590417,1,0.9,0.033333333
Sebkhet.Te.n.Dghamcha,Native,0.157882036,0.393893841,0.448224123,Mauritania,Afrotropic,-14.36516178,19.05516962,100811.032,27.95081089,413.8283218,0.152063534,99.92674567,3,0.86,0.058139535
Sebou,Native,0.084337966,0.257663233,0.6579988,Morocco,Palearctic,-5.172728335,34.107725,38395.46996,16.17377665,593.16925,3.265741229,93.75749191,9,0.29,0.655172414
Sebou,Non-native,0.318683502,0.236143673,0.445172825,Morocco,Palearctic,-5.172728335,34.107725,38395.46996,16.17377665,593.16925,3.265741229,93.75749191,9,0.29,0.655172414
Sediah,Native,0.073442579,0.487929513,0.438627908,Iran,Palearctic,58.88644634,26.20981221,4609.571567,25.51297045,539.0609092,0.398391448,99.96658262,8,0.8,0.0875
Sediah,Non-native,0.413734462,0.586265538,0,Iran,Palearctic,58.88644634,26.20981221,4609.571567,25.51297045,539.0609092,0.398391448,99.96658262,8,0.8,0.0875
Sedili,Native,0.146172917,0.39839858,0.455428503,Malaysia,Indo-Malay,103.9111785,1.981144637,1453.615865,26.30911471,51.74628479,54.77011395,99.96517546,47,0.4,0.45
Sedong.josuji,Native,0.140860559,0.35587723,0.503262211,South Korea,Palearctic,127.362757,34.54520893,27.08683086,13.58273817,854.0240461,12.2022965,99.81645,14,0.42,0.476190476
Sedong.josuji,Non-native,0,0.088214167,0.911785833,South Korea,Palearctic,127.362757,34.54520893,27.08683086,13.58273817,854.0240461,12.2022965,99.81645,14,0.42,0.476190476
Sefid,Native,0.104627477,0.239283802,0.656088721,Iran,Palearctic,48.15862688,36.56565483,58210.84626,10.40445551,912.006833,3.531342447,98.46950547,57,0.49,0.489795918
Sefid,Non-native,0.108354346,0.193182381,0.698463272,Iran,Palearctic,48.15862688,36.56565483,58210.84626,10.40445551,912.006833,3.531342447,98.46950547,57,0.49,0.489795918
Segama,Native,0.172069778,0.360768447,0.467161775,Malaysia,Indo-Malay,118.0718224,5.083817921,4023.477642,25.68141275,42.06905574,2.596512169,99.97571117,64,0.38,0.236842105
Segama,Non-native,0.758129529,0.009934655,0.231935816,Malaysia,Indo-Malay,118.0718224,5.083817921,4023.477642,25.68141275,42.06905574,2.596512169,99.97571117,64,0.38,0.236842105
Segura,Native,0.114906513,0.221154507,0.66393898,Spain,Palearctic,-1.754353293,38.19673048,14965.12141,14.33665549,687.0157628,8.251327991,87.37810932,17,0.46,0.195652174
Segura,Non-native,0.150925892,0.175668412,0.673405696,Spain,Palearctic,-1.754353293,38.19673048,14965.12141,14.33665549,687.0157628,8.251327991,87.37810932,17,0.46,0.195652174
Sehnkwehn.River,Native,0.181718447,0.413483138,0.404798414,Liberia,Afrotropic,-8.807476612,5.654588063,5787.119394,25.47228265,67.35888721,0.155140296,99.97455286,27,0.41,0.682926829
Seine,Native,0.112596068,0.16953748,0.717866452,France,Palearctic,3.241038546,48.67532517,75984.27645,10.18571911,570.8148945,60.61340046,98.3311614,30,0.18,0.777777778
Seine,Non-native,0.153745712,0.134339118,0.71191517,France,Palearctic,3.241038546,48.67532517,75984.27645,10.18571911,570.8148945,60.61340046,98.3311614,30,0.18,0.777777778
Seito.ri,Native,0.133095702,0.357783511,0.509120787,South Korea,Palearctic,126.5848849,35.66636398,78.69066746,12.39759177,919.3573407,34.35796547,65.97504989,35,0.39,0.41025641
Seito.ri,Non-native,0.142428926,0.301261531,0.556309543,South Korea,Palearctic,126.5848849,35.66636398,78.69066746,12.39759177,919.3573407,34.35796547,65.97504989,35,0.39,0.41025641
Sela.Steingrimsfirdi,Native,0.288833184,0,0.711166816,Iceland,Palearctic,-21.82215749,65.87210156,165.5010958,1.007132613,453.2102199,0.031812778,99.99954078,3,0.47,0.468085106
Sela.Vopnafirdi,Native,0.288833184,0,0.711166816,Iceland,Palearctic,-15.35725412,65.71892199,731.357096,1.394438372,439.625215,0.039711507,99.99874867,3,0.43,0.627906977
Seletar,Native,0.202225294,0.447640309,0.350134397,Singapore,Indo-Malay,103.8078649,1.430022183,77.20491312,26.61914685,46.10413669,140.1348228,77.38163592,29,0.34,0.382352941
Seletar,Non-native,0.625945436,0.258086656,0.115967908,Singapore,Indo-Malay,103.8078649,1.430022183,77.20491312,26.61914685,46.10413669,140.1348228,77.38163592,29,0.34,0.382352941
Selja,Native,0.183156525,0.206392229,0.610451246,Estonia,Palearctic,26.33435466,59.33226778,502.4748799,5.126856709,837.8984567,0.545049332,99.80048796,15,0.3,0.533333333
Selja,Non-native,0.398101026,0,0.601898974,Estonia,Palearctic,26.33435466,59.33226778,502.4748799,5.126856709,837.8984567,0.545049332,99.80048796,15,0.3,0.533333333
Semberong,Native,0.144348065,0.412809552,0.442842383,Malaysia,Indo-Malay,103.0493485,2.063280317,2080.663246,26.50360293,45.0275917,35.44438744,97.75465959,32,0.35,0.371428571
Sendai.Aomori,Native,0.258698069,0.100461071,0.640840859,Japan,Palearctic,140.9477005,41.28192614,239.8414707,8.195305461,879.3218864,9.770586491,99.95849397,2,0.33,0.636363636
Sendai.Kagoshima,Native,0.128034428,0.468534253,0.403431318,Japan,Palearctic,130.5591197,31.95998713,1600.314857,15.07612071,767.8142579,36.59900284,96.24138732,12,0.26,0.769230769
Sendai.Kagoshima,Non-native,0.19886665,0.395301743,0.405831608,Japan,Palearctic,130.5591197,31.95998713,1600.314857,15.07612071,767.8142579,36.59900284,96.24138732,12,0.26,0.769230769
Sendai.Tottori,Native,0.134397,0.415184975,0.450418025,Japan,Palearctic,134.2657933,35.35985632,1193.62546,12.06016725,850.3889861,18.35102892,99.68443821,15,0.25,0.52
Senegal,Native,0.129075179,0.361716287,0.509208534,Mauritania,Afrotropic,-10.81789,15.53238679,570538.6222,28.63535602,345.8466407,0.12743571,99.06410286,197,0.68,0.617647059
Senora.Siquijor,Native,0.047228179,0.20966656,0.743105261,Philippines,Indo-Malay,123.5886687,9.18555191,345.1416641,27.2346416,66.55947429,2.859386742,99.85966458,2,0.35,0.285714286
Sentani,Native,0.093680196,0.526195934,0.38012387,Indonesia,Australasia,140.73525,-2.86467404,4345.743035,26.01046462,34.51368863,0.655239455,99.95275056,17,0.34,0.294117647
Sentani,Non-native,0.142316052,0.265841009,0.591842939,Indonesia,Australasia,140.73525,-2.86467404,4345.743035,26.01046462,34.51368863,0.655239455,99.95275056,17,0.34,0.294117647
Sepik,Native,0.140598438,0.369265055,0.490136507,Papua New Guinea,Australasia,142.7353961,-4.411848806,79914.47583,24.2696826,27.77005319,0.211853895,99.99470178,87,0.39,0.717948718
Sepik,Non-native,0.339377658,0.191004398,0.469617944,Papua New Guinea,Australasia,142.7353961,-4.411848806,79914.47583,24.2696826,27.77005319,0.211853895,99.99470178,87,0.39,0.717948718
Serebryannoye,Native,0.18916668,0.369794266,0.441039054,Russia,Palearctic,145.8227235,44.07596328,49.27449726,4.645887446,795.4363847,0.242607396,99.98214,7,0.41,0.512195122
Sermowai,Native,0.116961239,0.48613057,0.396908192,Indonesia,Australasia,140.0864793,-2.658676263,1028.943405,25.6499273,32.79094998,0.589834444,99.99221587,9,0.26,0.269230769
Serra.Espirito.Santo,Native,0.150490231,0.372015815,0.477493954,Brazil,Neotropic,-40.2792816,-20.11471014,189.4082665,23.53854175,200.1054517,15.50561738,98.69374683,26,0.39,0.384615385
Serra.Espirito.Santo,Non-native,0.421767782,0.095560218,0.482672,Brazil,Neotropic,-40.2792816,-20.11471014,189.4082665,23.53854175,200.1054517,15.50561738,98.69374683,26,0.39,0.384615385
Serra.Negra,Native,0.18584725,0.432327832,0.381824917,Brazil,Neotropic,-48.4604732,-25.14078771,822.751913,19.97865757,299.8791866,3.830142915,99.98256402,13,0.29,0.724137931
Sesayap,Native,0.126294376,0.379560097,0.494145527,Indonesia,Indo-Malay,116.2421358,3.480288389,15809.52191,24.14309872,31.91250121,0.321257882,99.96257056,37,0.31,0.193548387
Setekwa,Native,0.160827217,0.393470037,0.445702746,Indonesia,Australasia,137.3710222,-4.459890265,1547.265212,21.92052215,71.35064503,0.054657896,100,32,0.32,0.34375
Settlement.creek,Native,0.139806977,0.260671324,0.599521699,Australia,Australasia,137.872691,-17.15907095,3927.487318,26.13499843,359.931052,0.009503845,99.97327534,30,0.76,0.144736842
Sevan,Native,0.19324769,0.110493485,0.696258825,Armenia,Palearctic,45.32607973,40.35427698,1266.671494,6.757919874,745.6737541,1.60975489,98.40524533,3,0.35,0.828571429
Sevan,Non-native,0.009140623,0.132791026,0.858068352,Armenia,Palearctic,45.32607973,40.35427698,1266.671494,6.757919874,745.6737541,1.60975489,98.40524533,3,0.35,0.828571429
Severn.Can,Native,0.17714139,0.235811264,0.587047346,Canada,Nearctic,-91.00074868,53.88997505,101776.3283,-2.297988237,1422.785332,0.013652154,99.99106186,36,0.44,0.818181818
Severn.UK,Native,0.109776254,0.175256861,0.714966885,United Kingdom,Palearctic,-2.442169498,52.35931043,11347.37078,9.119622569,449.217575,59.6650753,98.33642657,23,0.22,0.636363636
Severn.UK,Non-native,0.128610646,0.132189041,0.739200314,United Kingdom,Palearctic,-2.442169498,52.35931043,11347.37078,9.119622569,449.217575,59.6650753,98.33642657,23,0.22,0.636363636
Sevre.Niortaise,Native,0.110719839,0.178343463,0.710936697,France,Palearctic,-0.586991018,46.35656978,3583.980251,12.07963886,537.5220714,11.4556365,96.9181325,19,0.19,0.736842105
Sevre.Niortaise,Non-native,0.178726046,0.149733308,0.671540647,France,Palearctic,-0.586991018,46.35656978,3583.980251,12.07963886,537.5220714,11.4556365,96.9181325,19,0.19,0.736842105
Seyhan,Native,0.081927856,0.2690897,0.648982444,Turkey,Palearctic,35.64165664,38.04532923,15597.60691,9.426861577,785.9128447,6.625007749,97.44322757,33,0.39,0.641025641
Seyhan,Non-native,0.319032376,0.225074707,0.455892916,Turkey,Palearctic,35.64165664,38.04532923,15597.60691,9.426861577,785.9128447,6.625007749,97.44322757,33,0.39,0.641025641
Shag,Native,0.033881085,0.402508751,0.563610164,New Zealand,Australasia,170.5499025,-45.34634247,549.0902196,9.390023019,382.3975101,2.769980013,99.81018835,14,0.36,0.138888889
Shag,Non-native,0.314149046,0,0.685850954,New Zealand,Australasia,170.5499025,-45.34634247,549.0902196,9.390023019,382.3975101,2.769980013,99.81018835,14,0.36,0.138888889
Shannon.Aus,Native,0.083622816,0.480643732,0.435733452,Australia,Australasia,116.4196758,-34.77441342,859.3601788,15.16772203,299.369718,0.427060708,99.96180139,14,0.57,0.403508772
Shannon.Aus,Non-native,0.638064753,0.361935247,0,Australia,Australasia,116.4196758,-34.77441342,859.3601788,15.16772203,299.369718,0.427060708,99.96180139,14,0.57,0.403508772
Shannon.Ire,Native,0.200051731,0.097330783,0.702617485,Ireland,Palearctic,-8.042544107,53.41413867,11691.52093,9.45220442,385.6553697,4.802468657,98.71566557,7,0.27,0.555555556
Shannon.Ire,Non-native,0.076145157,0.173288513,0.75056633,Ireland,Palearctic,-8.042544107,53.41413867,11691.52093,9.45220442,385.6553697,4.802468657,98.71566557,7,0.27,0.555555556
Shark,Native,0.045927019,0.336812147,0.617260834,Trinidad and Tobago,Neotropic,-61.12284483,10.78577586,24.36259388,25.02844824,62.91251229,17.19340992,100,6,0.41,0.487804878
Shatt.al.Arab,Native,0.119587163,0.344313873,0.536098963,Iraq,Palearctic,43.2467954,33.72370371,1060910.608,19.12666153,931.7735609,2.6876176,97.67398296,90,0.42,0.761904762
Shatt.al.Arab,Non-native,0.171526143,0.173445256,0.655028602,Iraq,Palearctic,43.2467954,33.72370371,1060910.608,19.12666153,931.7735609,2.6876176,97.67398296,90,0.42,0.761904762
Sheepwash.creek,Native,0.050375788,0.484284127,0.465340085,Australia,Australasia,147.6659571,-40.93608304,109.2869933,12.97654686,327.3193866,0.066217193,99.95500773,6,0.43,0.372093023
Sheepwash.creek,Non-native,0.28782068,0,0.71217932,Australia,Australasia,147.6659571,-40.93608304,109.2869933,12.97654686,327.3193866,0.066217193,99.95500773,6,0.43,0.372093023
Shelekhova,Native,0.374366949,0.100724208,0.524908842,Russia,Palearctic,155.6992162,50.33716997,55.54440513,0.529744229,647.0054285,0.028267363,100,4,0.63,0.619047619
Sherlock,Native,0.132775566,0.286235342,0.580989092,Australia,Australasia,117.7057647,-21.3128727,7326.646694,26.80820789,494.3148968,0.122334627,99.89557876,10,0.78,0.102564103
Shi.He,Native,0.110942816,0.25852644,0.630530745,China,Palearctic,119.9006584,40.22542567,425.3544611,9.093027498,1121.629928,4.664741576,74.74910241,7,0.67,0.23880597
Shi.He,Non-native,0.020934599,0.035416107,0.943649294,China,Palearctic,119.9006584,40.22542567,425.3544611,9.093027498,1121.629928,4.664741576,74.74910241,7,0.67,0.23880597
Shiloango,Native,0.182381336,0.386174934,0.43144373,Democratic Republic of the Congo,Afrotropic,12.81720546,-5.012932944,13121.97503,24.45632977,186.1517008,1.134654373,99.97377774,108,0.29,0.517241379
Shiloango,Non-native,0,0.169262423,0.830737577,Democratic Republic of the Congo,Afrotropic,12.81720546,-5.012932944,13121.97503,24.45632977,186.1517008,1.134654373,99.97377774,108,0.29,0.517241379
Shimada,Native,0.172078123,0.454260261,0.373661617,Japan,Palearctic,132.0257456,34.060516,269.2850314,14.54174425,802.9846698,51.05108261,99.46127098,9,0.29,0.586206897
Shimano,Native,0.211655846,0.24900482,0.539339334,Japan,Palearctic,138.3790615,36.63861787,10586.29019,8.938289969,918.4206438,45.43671036,97.15450112,9,0.3,0.733333333
Shimano,Non-native,0,0.088214167,0.911785833,Japan,Palearctic,138.3790615,36.63861787,10586.29019,8.938289969,918.4206438,45.43671036,97.15450112,9,0.3,0.733333333
Shimanto,Native,0.127290938,0.325131841,0.54757722,Japan,Palearctic,132.9002053,33.22259705,2152.874361,14.42344098,772.7628296,22.32104445,99.80446078,19,0.21,0.761904762
Shimokita,Native,0.112511236,0.398156028,0.489332736,Japan,Palearctic,141.2724382,41.29803015,151.0460891,9.032464502,846.4450099,1.929596007,99.44178211,9,0.29,0.413793103
Shin,Native,0.156596951,0.110127412,0.733275637,United Kingdom,Palearctic,-4.655411388,58.05864293,1267.462659,7.038731063,395.9087931,0.825741261,96.8951082,8,0.28,0.464285714
Shin,Non-native,0.398101026,0,0.601898974,United Kingdom,Palearctic,-4.655411388,58.05864293,1267.462659,7.038731063,395.9087931,0.825741261,96.8951082,8,0.28,0.464285714
Shinano,Native,0.168467918,0.305683741,0.525848341,Japan,Palearctic,139.0421157,37.60585337,1293.215755,11.86896372,906.8627997,33.37068081,97.33115001,16,0.35,0.428571429
Shinano,Non-native,0.156099601,0.218145971,0.625754429,Japan,Palearctic,139.0421157,37.60585337,1293.215755,11.86896372,906.8627997,33.37068081,97.33115001,16,0.35,0.428571429
Shinden.ri,Native,0.083107681,0.378197651,0.538694668,South Korea,Palearctic,127.975094,34.77533901,15.62573554,12.74543644,847.0110212,12.20229626,99.9284,20,0.51,0.333333333
Shinden.ri,Non-native,0,0.088214167,0.911785833,South Korea,Palearctic,127.975094,34.77533901,15.62573554,12.74543644,847.0110212,12.20229626,99.9284,20,0.51,0.333333333
Shiribetsu,Native,0.151756708,0.293234275,0.555009018,Japan,Palearctic,140.7669305,42.81622527,1621.523855,5.707519773,965.0964079,8.63045311,99.91301736,8,0.43,0.76744186
Shiriya,Native,0.130806363,0.449734324,0.419459313,India,Indo-Malay,75.12013091,12.65457082,618.2416438,26.78617702,134.6289767,6.813215375,99.81014665,31,0.62,0.725806452
Shiriya,Non-native,0.758129529,0.009934655,0.231935816,India,Indo-Malay,75.12013091,12.65457082,618.2416438,26.78617702,134.6289767,6.813215375,99.81014665,31,0.62,0.725806452
Shiyang,Native,0.125182148,0.311308076,0.563509776,China,Palearctic,102.7342894,38.07143122,22156.97608,4.894276937,1020.270491,0.542385228,94.24590846,7,0.49,0.857142857
Shoalhaven,Native,0.031572618,0.379713099,0.588714283,Australia,Australasia,150.0440795,-35.12274181,7073.620249,13.26397891,437.847117,11.48515701,99.39500663,33,0.6,0.083333333
Shoalhaven,Non-native,0.267398975,0.13385885,0.598742175,Australia,Australasia,150.0440795,-35.12274181,7073.620249,13.26397891,437.847117,11.48515701,99.39500663,33,0.6,0.083333333
Shoalwater.creek,Native,0.05631131,0.579452042,0.364236648,Australia,Australasia,150.4485309,-22.66948993,421.2215895,22.09711238,362.4173217,0.317191079,99.91546748,4,0.71,0.098591549
Shor,Native,0.260478952,0.472602896,0.266918152,Iran,Palearctic,56.29749318,27.54701501,2024.390962,24.08145018,651.8043853,1.870134026,99.95208884,4,0.77,0.12987013
Shottegat,Native,0.103338805,0.464448161,0.432213034,Netherlands Antilles,Neotropic,-68.92278548,12.13306594,52.86142459,27.85907739,93.07346821,NA,95,6,0.48,0.333333333
Shottegat,Non-native,0.625945436,0.258086656,0.115967908,Netherlands Antilles,Neotropic,-68.92278548,12.13306594,52.86142459,27.85907739,93.07346821,NA,95,6,0.48,0.333333333
Shule,Native,0.128579541,0.2765844,0.594836059,China,Palearctic,95.4912488,39.88829905,91342.15106,4.028580363,1100.544202,0.02952965,98.2434445,8,0.63,0.619047619
Siagne,Native,0.083620927,0.177473336,0.738905736,France,Palearctic,6.80463,43.65463222,513.6595415,12.40870202,571.40142,15.56488514,95.39766564,9,0.33,0.393939394
Siagne,Non-native,0.247581159,0.143577067,0.608841774,France,Palearctic,6.80463,43.65463222,513.6595415,12.40870202,571.40142,15.56488514,95.39766564,9,0.33,0.393939394
Siak,Native,0.154369685,0.359344786,0.486285528,Indonesia,Indo-Malay,101.3703739,0.765148023,11592.49636,26.39422308,36.72983745,1.971009344,99.77501639,51,0.3,0.6
Siak,Non-native,0.703714389,0,0.296285611,Indonesia,Indo-Malay,101.3703739,0.765148023,11592.49636,26.39422308,36.72983745,1.971009344,99.77501639,51,0.3,0.6
Siantan,Native,0.236367276,0.290448488,0.473184236,Indonesia,Indo-Malay,106.2603942,3.153509226,167.1193482,26.63950414,74.39785028,NA,99.95489994,3,0.35,0.542857143
Siaton.Negros,Native,0.070435233,0.334789743,0.594775024,Philippines,Indo-Malay,123.0448196,9.209096218,242.8234331,25.42045188,62.86425496,2.710612595,99.89192196,24,0.28,0.785714286
Siaton.Negros,Non-native,0.437316642,0.231130282,0.331553075,Philippines,Indo-Malay,123.0448196,9.209096218,242.8234331,25.42045188,62.86425496,2.710612595,99.89192196,24,0.28,0.785714286
Sibede.Creek,Native,0.076764035,0.538242876,0.384993089,Papua New Guinea,Australasia,147.7079483,-8.607906437,3494.492773,21.11744054,70.62243348,0.200342514,99.98997216,8,0.37,0.783783784
Sibun,Native,0.306415563,0.420791438,0.272792998,Belize,Neotropic,-88.57606,17.21626362,1101.141047,24.89238686,169.785011,0.613208771,99.91121405,39,0.34,0.794117647
Sico,Native,0.298771618,0.335746472,0.36548191,Honduras,Neotropic,-85.6257393,15.40328745,6494.730002,23.67988925,148.9748149,0.550972424,99.98448402,42,0.38,0.605263158
Sierpe,Native,0.153587641,0.409425576,0.436986783,Costa Rica,Neotropic,-83.33904335,8.787070841,1022.62138,25.64286511,74.71229139,0.558464758,99.95155762,42,0.44,0.75
Sigi.River,Native,0.079587652,0.410369107,0.510043241,Tanzania,Afrotropic,38.78096437,-5.028713206,1118.442131,24.37514674,163.5323856,0.523104712,91.32885042,6,0.33,0.393939394
Sillim.josuji,Native,0.118399874,0.380086873,0.501513252,South Korea,Palearctic,126.6783404,35.51330117,95.40289721,12.89034239,932.9327634,34.35796547,99.79487822,28,0.38,0.526315789
Sillim.josuji,Non-native,0.142428926,0.301261531,0.556309543,South Korea,Palearctic,126.6783404,35.51330117,95.40289721,12.89034239,932.9327634,34.35796547,99.79487822,28,0.38,0.526315789
Simeto,Native,0.108941623,0.196212077,0.6948463,Italy,Palearctic,14.65266245,37.58444199,4218.952901,14.96084783,594.3867078,16.44085765,87.13373009,11,0.45,0.355555556
Simeto,Non-native,0.164982231,0.160340098,0.67467767,Italy,Palearctic,14.65266245,37.58444199,4218.952901,14.96084783,594.3867078,16.44085765,87.13373009,11,0.45,0.355555556
Simojoki,Native,0.133725122,0.163841223,0.702433654,Finland,Palearctic,26.15791906,66.00157616,3198.470836,0.55144171,976.562666,1.006480664,99.96647383,26,0.42,0.714285714
Sinaloa,Native,0.271600962,0.362679117,0.365719921,Mexico,Neotropic,-107.739651,26.01782502,12890.2317,21.34573924,413.2144458,1.725288481,92.91644261,19,0.33,0.727272727
Sinch.al,Native,0.086769049,0.335264831,0.57796612,South Korea,Palearctic,126.5846411,33.32496959,98.24759765,12.21992093,753.9342919,9.196617603,99.76332295,12,0.33,0.515151515
Sinch.al,Non-native,0,0.088214167,0.911785833,South Korea,Palearctic,126.5846411,33.32496959,98.24759765,12.21992093,753.9342919,9.196617603,99.76332295,12,0.33,0.515151515
Sinchol.li,Native,0.080172997,0.156169213,0.763657789,South Korea,Palearctic,126.6146144,33.47481343,47.9668561,13.76672896,770.2247852,9.196617603,99.87525861,6,0.3,0.466666667
Sinchon.josuji,Native,0.124339299,0.344879036,0.530781665,South Korea,Palearctic,127.0109813,34.64735474,29.78330749,13.09605851,873.0792005,11.58472586,99.8303,22,0.43,0.558139535
Sinchon.josuji,Non-native,0,0.088214167,0.911785833,South Korea,Palearctic,127.0109813,34.64735474,29.78330749,13.09605851,873.0792005,11.58472586,99.8303,22,0.43,0.558139535
Sinimodera.Oya,Native,0.115747641,0.393418037,0.490834322,Sri Lanka,Indo-Malay,80.72182004,6.02478765,56.49979833,26.57019245,56.16064095,14.91399312,99.51232657,28,0.3,0.566666667
Sinimodera.Oya,Non-native,0.417017478,0.239760474,0.343222047,Sri Lanka,Indo-Malay,80.72182004,6.02478765,56.49979833,26.57019245,56.16064095,14.91399312,99.51232657,28,0.3,0.566666667
Sinnamary,Native,0.210533199,0.37176268,0.417704122,French Guiana,Neotropic,-53.09068437,4.610657252,6520.280025,25.34272545,46.86364715,NA,98.23681334,216,0.36,0.694444444
Sinni,Native,0.117758229,0.21136776,0.670874011,Italy,Palearctic,16.24326438,40.10332028,1300.076678,12.91189425,620.5481727,11.6269362,86.52336826,5,0.36,0.527777778
Sinni,Non-native,0.162461956,0.156378007,0.681160037,Italy,Palearctic,16.24326438,40.10332028,1300.076678,12.91189425,620.5481727,11.6269362,86.52336826,5,0.36,0.527777778
Sinos,Native,0.217054566,0.433256282,0.349689153,Brazil,Neotropic,-50.9608884,-29.52509246,8751.073745,17.88583511,336.2049556,19.37250042,98.34014935,111,0.24,0.333333333
Sinos,Non-native,0.332245531,0.059873022,0.607881447,Brazil,Neotropic,-50.9608884,-29.52509246,8751.073745,17.88583511,336.2049556,19.37250042,98.34014935,111,0.24,0.333333333
Sinpyong.chon,Native,0.133890907,0.386429687,0.479679406,South Korea,Palearctic,126.8110037,35.83542251,158.8819854,12.93584103,951.6451554,34.35796595,99.85499545,41,0.28,0.821428571
Sinpyong.chon,Non-native,0.142428926,0.301261531,0.556309543,South Korea,Palearctic,126.8110037,35.83542251,158.8819854,12.93584103,951.6451554,34.35796595,99.85499545,41,0.28,0.821428571
Sinri.Sen,Native,0.164175345,0.355399742,0.480424913,South Korea,Palearctic,128.7678871,37.88316749,55.32153109,11.57338543,869.7550354,10.50388753,99.7015,22,0.41,0.487804878
Sinri.Sen,Non-native,0,0.088214167,0.911785833,South Korea,Palearctic,128.7678871,37.88316749,55.32153109,11.57338543,869.7550354,10.50388753,99.7015,22,0.41,0.487804878
Sinu,Native,0.21981835,0.35389825,0.4262834,Colombia,Neotropic,-75.98483507,8.338606128,14005.49855,26.23243142,30.37688513,2.302607596,97.64722172,85,0.46,0.760869565
Sirjan,Native,0.103246011,0.304563474,0.592190516,Iran,Palearctic,55.64072674,29.52151204,8926.172264,15.4163779,828.6654816,0.80703418,98.05259,4,0.71,0.211267606
Sirjan,Non-native,0.413734462,0.586265538,0,Iran,Palearctic,55.64072674,29.52151204,8926.172264,15.4163779,828.6654816,0.80703418,98.05259,4,0.71,0.211267606
Sistan,Native,0.124908545,0.365587767,0.509503688,Afghanistan,Palearctic,62.35494167,32.75413376,65584.70862,15.00940745,968.6556229,0.49698798,99.58953465,19,0.43,0.651162791
Sistan,Non-native,0.076942904,0.20239274,0.720664357,Afghanistan,Palearctic,62.35494167,32.75413376,65584.70862,15.00940745,968.6556229,0.49698798,99.58953465,19,0.43,0.651162791
Sittee,Native,0.531541929,0.301682054,0.166776016,Belize,Neotropic,-88.50742894,16.87454999,509.8032934,24.47592746,166.634086,0.241447855,99.90684078,6,0.35,0.8
Siuslaw,Native,0.308391139,0.158823761,0.532785099,United States,Nearctic,-123.6595538,44.02505141,2000.55378,10.56339276,454.2897398,9.96184504,99.93823403,19,0.4,0.85
Sixaola,Native,0.258092761,0.42761169,0.314295549,Costa Rica,Neotropic,-83.05646328,9.487381515,2902.756948,20.34979311,64.7802645,3.753164172,99.97719104,36,0.36,0.611111111
Skagit,Native,0.262548177,0.138584379,0.598867443,United States,Nearctic,-121.3463119,48.60613043,8208.373984,5.033446928,635.608902,2.155895501,97.29820892,32,0.4,0.675
Skeena,Native,0.209818798,0.094433648,0.695747554,Canada,Nearctic,-127.4817381,55.23187777,52178.21046,1.252351616,780.2681741,0.186014287,99.86993918,39,0.45,0.911111111
Skeena,Non-native,0.138785864,0.016844653,0.844369483,Canada,Nearctic,-127.4817381,55.23187777,52178.21046,1.252351616,780.2681741,0.186014287,99.86993918,39,0.45,0.911111111
Skeleton.creek,Native,0.029748517,0.548266818,0.421984665,Australia,Australasia,144.7054764,-37.82634146,128.0278419,14.84166664,397.1917673,32.82124233,98.37996902,4,0.21,0.428571429
Skeleton.creek,Non-native,0.21769434,0.463679443,0.318626218,Australia,Australasia,144.7054764,-37.82634146,128.0278419,14.84166664,397.1917673,32.82124233,98.37996902,4,0.21,0.428571429
Skjern.aa,Native,0.113543327,0.164109291,0.722347382,Denmark,Palearctic,8.803689373,55.9436646,2971.934352,8.305298338,596.2041352,10.28559589,99.86169374,26,0.21,0.523809524
Skjern.aa,Non-native,0.147715688,0.077984584,0.774299729,Denmark,Palearctic,8.803689373,55.9436646,2971.934352,8.305298338,596.2041352,10.28559589,99.86169374,26,0.21,0.523809524
Skokomish,Native,0.317793995,0.102535753,0.579670252,United States,Nearctic,-123.3283852,47.44503292,622.1578936,7.906883372,467.5096331,2.191298485,91.67358358,20,0.34,0.882352941
Slavnaya,Native,0.379298095,0.16948311,0.451218795,Russia,Palearctic,148.714037,45.5105463,106.3346959,1.98827812,740.645431,0.02500166,99.98692385,5,0.56,0.607142857
Sleeper.Log.creek,Native,0.087256911,0.554778884,0.357964204,Australia,Australasia,146.5080861,-19.16167126,71.89653086,23.78730612,321.5224592,3.642726541,99.4592,4,0.74,0.108108108
Slupia,Native,0.167298334,0.187845802,0.644855863,Poland,Palearctic,17.34486913,54.30800116,1774.835899,7.353877929,687.4630899,2.851317763,99.8438406,19,0.16,0.5
Slupia,Non-native,0.246192813,0.048398825,0.705408362,Poland,Palearctic,17.34486913,54.30800116,1774.835899,7.353877929,687.4630899,2.851317763,99.8438406,19,0.16,0.5
Smith,Native,0.275754874,0.180326119,0.543919007,United States,Nearctic,-123.9011116,41.8308061,1857.479116,10.71079513,438.2979405,0.803030849,99.98075339,16,0.38,0.868421053
Snohomish,Native,0.278321286,0.114012487,0.607666227,United States,Nearctic,-121.6354204,47.7493261,4545.246614,7.441785653,569.2164695,14.71407652,98.01633243,26,0.32,0.8125
Snowy,Native,0.051860107,0.403237548,0.544902346,Australia,Australasia,148.6693987,-36.89253713,15041.94911,11.11377074,451.9085873,0.485031575,94.81745358,24,0.3,0.433333333
Snowy,Non-native,0.258520073,0.133114903,0.608365025,Australia,Australasia,148.6693987,-36.89253713,15041.94911,11.11377074,451.9085873,0.485031575,94.81745358,24,0.3,0.433333333
So,Native,0.142900881,0.362737876,0.494361243,Benin,Afrotropic,2.327450368,8.62986062,51252.86976,26.74513847,156.8346893,0.767591506,99.75423322,154,0.55,0.654545455
Sobu.josuji,Native,0.095102874,0.243303893,0.661593233,South Korea,Palearctic,126.2662281,33.32149123,54.50445592,14.72817983,752.9218838,9.196617603,99.8269016,7,0.32,0.5625
Soca,Native,0.141563487,0.236191817,0.622244696,Slovenia,Palearctic,13.65822181,46.0839199,3400.575106,9.361898384,701.2385713,16.8644774,99.2924432,21,0.27,0.407407407
Soca,Non-native,0.193669749,0.11666634,0.689663911,Slovenia,Palearctic,13.65822181,46.0839199,3400.575106,9.361898384,701.2385713,16.8644774,99.2924432,21,0.27,0.407407407
Soda.lake,Native,0.199050513,0.089486586,0.711462901,United States,Nearctic,-119.8330728,35.22734117,1070.193503,15.00205875,625.845238,10.69188261,99.65236191,2,0.77,0.103896104
Sogumgang,Native,0.147790247,0.333550555,0.518659198,South Korea,Palearctic,128.7103953,37.82111874,173.9567245,9.787821757,919.1427942,10.50388777,99.85483529,24,0.4,0.525
Sogumgang,Non-native,0,0.088214167,0.911785833,South Korea,Palearctic,128.7103953,37.82111874,173.9567245,9.787821757,919.1427942,10.50388777,99.85483529,24,0.4,0.525
Sojung.chon,Native,0.079688622,0.312151728,0.60815965,South Korea,Palearctic,126.6695513,33.34528388,65.24442133,13.51968861,758.0041296,9.196617603,99.83241114,10,0.3,0.5
Sojung.chon,Non-native,0,0.088214167,0.911785833,South Korea,Palearctic,126.6695513,33.34528388,65.24442133,13.51968861,758.0041296,9.196617603,99.83241114,10,0.3,0.5
Somme,Native,0.14152079,0.167088677,0.691390533,France,Palearctic,2.460580202,49.87771053,6209.6637,9.991224074,529.3891622,30.99453592,99.62772764,26,0.2,0.6
Somme,Non-native,0.110895603,0.116098891,0.773005506,France,Palearctic,2.460580202,49.87771053,6209.6637,9.991224074,529.3891622,30.99453592,99.62772764,26,0.2,0.6
Somsok.chon,Native,0.14865569,0.345728909,0.505615401,South Korea,Palearctic,128.9106017,37.71234906,66.69413324,11.67400175,892.1612511,10.50388753,99.53868778,25,0.36,0.444444444
Somsok.chon,Non-native,0,0.088214167,0.911785833,South Korea,Palearctic,128.9106017,37.71234906,66.69413324,11.67400175,892.1612511,10.50388753,99.53868778,25,0.36,0.444444444
Sonaktong.gang,Native,0.108308071,0.40713523,0.4845567,South Korea,Palearctic,128.8703698,35.2174918,223.1907356,13.47802084,867.9102476,121.638588,99.0578207,26,0.29,0.793103448
Sonaktong.gang,Non-native,0,0.088214167,0.911785833,South Korea,Palearctic,128.8703698,35.2174918,223.1907356,13.47802084,867.9102476,121.638588,99.0578207,26,0.29,0.793103448
Sondagsrivier,Native,0.06721059,0.273736201,0.659053209,South Africa,Afrotropic,24.80306997,-32.70071362,20880.74514,16.99192976,436.0751892,2.583764434,93.99796302,54,0.64,0.046875
Sondagsrivier,Non-native,0.267155174,0.187192306,0.54565252,South Africa,Afrotropic,24.80306997,-32.70071362,20880.74514,16.99192976,436.0751892,2.583764434,93.99796302,54,0.64,0.046875
Sondang.mot,Native,0.095102874,0.243303893,0.661593233,South Korea,Palearctic,126.2472561,33.28363821,29.41624536,15.28018295,752.4447915,9.196617603,99.89183991,7,0.34,0.588235294
Song.Hong,Native,0.12687356,0.344458593,0.528667847,Vietnam,Indo-Malay,103.7147109,22.68837982,161846.4199,19.50273552,437.8643648,2.524968386,98.0374489,228,0.41,0.853658537
Song.Hong,Non-native,0.195446006,0.056705554,0.74784844,Vietnam,Indo-Malay,103.7147109,22.68837982,161846.4199,19.50273552,437.8643648,2.524968386,98.0374489,228,0.41,0.853658537
Song.Lam,Native,0.140501374,0.363317837,0.496180789,Vietnam,Indo-Malay,104.5932008,19.29639124,27352.25335,21.74390963,378.143446,1.314627394,99.69348466,63,0.41,0.87804878
Song.Lam,Non-native,0,0.128673395,0.871326605,Vietnam,Indo-Malay,104.5932008,19.29639124,27352.25335,21.74390963,378.143446,1.314627394,99.69348466,63,0.41,0.87804878
Song.Ma,Native,0.125642026,0.339868931,0.534489042,Laos,Indo-Malay,104.3663312,20.50430798,29512.30632,20.98374992,394.2277328,1.636655793,99.87387738,148,0.38,0.921052632
Song.Ma,Non-native,0,0.088214167,0.911785833,Laos,Indo-Malay,104.3663312,20.50430798,29512.30632,20.98374992,394.2277328,1.636655793,99.87387738,148,0.38,0.921052632
Song.chon,Native,0.073478406,0.316629784,0.60989181,South Korea,Palearctic,126.7221244,33.36003521,50.89652507,14.06190474,761.3566275,9.196617603,99.85380133,9,0.3,0.533333333
Song.chon,Non-native,0,0.088214167,0.911785833,South Korea,Palearctic,126.7221244,33.36003521,50.89652507,14.06190474,761.3566275,9.196617603,99.85380133,9,0.3,0.533333333
Songam.josuji,Native,0.10712869,0.369434955,0.523436355,South Korea,Palearctic,126.6405661,36.51159563,81.78214859,11.72823277,971.5668672,15.00964975,99.60697979,24,0.42,0.547619048
Songam.josuji,Non-native,0,0.088214167,0.911785833,South Korea,Palearctic,126.6405661,36.51159563,81.78214859,11.72823277,971.5668672,15.00964975,99.60697979,24,0.42,0.547619048
Songdong.ni,Native,0.062675601,0.244016775,0.693307623,South Korea,Palearctic,129.5014712,35.97051291,29.1689787,13.24418871,825.3395081,70.73008823,99.8591,8,0.5,0.2
Songdong.ni,Non-native,0,0.088214167,0.911785833,South Korea,Palearctic,129.5014712,35.97051291,29.1689787,13.24418871,825.3395081,70.73008823,99.8591,8,0.5,0.2
Songji.ri,Native,0.088901961,0.320601105,0.590496934,South Korea,Palearctic,128.0738043,35.00122828,33.95450929,12.65555556,886.5156345,65.99916458,99.24723941,8,0.49,0.387755102
Songji.ri,Non-native,0,0.088214167,0.911785833,South Korea,Palearctic,128.0738043,35.00122828,33.95450929,12.65555556,886.5156345,65.99916458,99.24723941,8,0.49,0.387755102
Sonora,Native,0.225131697,0.295412301,0.479456002,Mexico,Nearctic,-110.5820491,29.76952428,25269.48967,20.3304676,614.3498751,1.271458402,96.9045724,11,0.59,0.13559322
Sonora,Non-native,0.638064753,0.361935247,0,Mexico,Nearctic,-110.5820491,29.76952428,25269.48967,20.3304676,614.3498751,1.271458402,96.9045724,11,0.59,0.13559322
Sonoyta,Native,0.125918519,0.498561205,0.375520276,United States,Nearctic,-112.4324699,31.79948775,12542.03861,20.62602585,725.8087906,0.912916556,99.01335265,4,0.87,0.045977011
Sonoyta,Non-native,0.450028494,0,0.549971506,United States,Nearctic,-112.4324699,31.79948775,12542.03861,20.62602585,725.8087906,0.912916556,99.01335265,4,0.87,0.045977011
Sonso.ri,Native,0.105169032,0.336225425,0.558605543,South Korea,Palearctic,127.8966505,34.82203098,21.61957618,13.03077968,861.1934381,12.20229626,99.40335,11,0.49,0.387755102
Sonso.ri,Non-native,0,0.088214167,0.911785833,South Korea,Palearctic,127.8966505,34.82203098,21.61957618,13.03077968,861.1934381,12.20229626,99.40335,11,0.49,0.387755102
Soonda.Oja,Native,0.143084044,0.170782111,0.686133845,Estonia,Palearctic,23.31201125,58.56855964,7.900001198,6.608333315,795.3416443,0.266493846,NA,3,0.28,0.357142857
Sopochnoye,Native,0.295550493,0.322504525,0.381944982,Russia,Palearctic,148.504864,45.35869386,47.3121232,2.33399123,740.4774194,0.02500166,99.99577276,8,0.52,0.634615385
Sopotchnaia,Native,0.350693844,0.116996218,0.532309938,Russia,Palearctic,156.7472353,55.75685447,4025.18753,-2.118189732,1023.189588,0.021897581,99.99290792,13,0.59,0.694915254
Soppan.nae,Native,0.076606553,0.249587338,0.673806109,South Korea,Palearctic,126.5470588,33.27647059,24.39592445,14.39103528,740.462554,9.196617603,98.0971678,8,0.33,0.545454545
Soppan.nae,Non-native,0,0.088214167,0.911785833,South Korea,Palearctic,126.5470588,33.27647059,24.39592445,14.39103528,740.462554,9.196617603,98.0971678,8,0.33,0.545454545
Sorell,Native,0.029026676,0.289295838,0.681677486,Australia,Australasia,145.5093434,-42.54751241,302.1321318,11.13221459,280.2558485,0.088570623,100,5,0.36,0.694444444
Sorell,Non-native,0.28782068,0,0.71217932,Australia,Australasia,145.5093434,-42.54751241,302.1321318,11.13221459,280.2558485,0.088570623,100,5,0.36,0.694444444
Soreq,Native,0.265587678,0.179878454,0.554533867,Israel,Palearctic,34.93932438,31.81997465,781.904162,18.36371821,534.6715632,26.12243716,97.83000972,10,0.49,0.428571429
Soru,Native,0.143084044,0.170782111,0.686133845,Estonia,Palearctic,22.57066916,58.72759793,22.78000326,6.429088008,732.9501412,0.354752921,99.8357,3,0.33,0.212121212
Sosangni.po,Native,0.127283591,0.384389617,0.488326792,South Korea,Palearctic,127.8508319,34.81410405,22.44956748,12.71419278,863.2915058,12.2022965,99.7837,19,0.49,0.428571429
Sosangni.po,Non-native,0,0.088214167,0.911785833,South Korea,Palearctic,127.8508319,34.81410405,22.44956748,12.71419278,863.2915058,12.2022965,99.7837,19,0.49,0.428571429
Soto.la.Marina,Native,0.130508042,0.289906703,0.579585255,Mexico,Neotropic,-98.90102582,23.99654864,20901.85242,22.58944421,454.2786538,1.471902519,95.81717487,71,0.53,0.169811321
Soto.la.Marina,Non-native,0.211365511,0.16847481,0.62015968,Mexico,Neotropic,-98.90102582,23.99654864,20901.85242,22.58944421,454.2786538,1.471902519,95.81717487,71,0.53,0.169811321
Soumba,Native,0.243716708,0.427248418,0.329034874,Guinea,Afrotropic,-13.46662313,9.896863402,474.2157183,27.65407688,167.0154482,1.215993494,99.92639963,22,0.71,0.676056338
Soummam,Native,0.120486115,0.357714474,0.521799411,Algeria,Palearctic,4.655208919,36.26685196,9196.830784,15.48504056,726.4813038,13.53536391,94.87577257,3,0.39,0.384615385
Sous,Native,0.157956601,0.200360886,0.641682514,Morocco,Palearctic,-8.58139041,30.47451011,17401.8778,16.2917469,541.9667508,1.904019296,96.54325886,3,0.59,0.169491525
Sous,Non-native,0.413734462,0.586265538,0,Morocco,Palearctic,-8.58139041,30.47451011,17401.8778,16.2917469,541.9667508,1.904019296,96.54325886,3,0.59,0.169491525
South.Alligator,Native,0.144190392,0.35056703,0.505242578,Australia,Australasia,132.607132,-13.09043971,11576.49968,27.34459186,212.6370357,0.043606516,99.98108298,53,0.6,0.533333333
South.Johnstone,Native,0.071675464,0.391989823,0.536334713,Australia,Australasia,145.7601505,-17.54581496,1637.184515,21.51021388,289.7267081,1.533097506,99.91775439,31,0.27,0.703703704
South.Johnstone,Non-native,0.481369329,0.516872043,0.001758627,Australia,Australasia,145.7601505,-17.54581496,1637.184515,21.51021388,289.7267081,1.533097506,99.91775439,31,0.27,0.703703704
South.Stann,Native,0.493724445,0.334302069,0.171973486,Belize,Neotropic,-88.45908522,16.6650824,185.1209732,25.63806051,165.1851465,0.241447851,99.72074704,7,0.37,0.810810811
Sperchios,Native,0.147561085,0.254735745,0.59770317,Greece,Palearctic,22.18481505,38.87934552,1518.830546,12.94241156,688.0944385,6.897179484,97.9608245,16,0.35,0.514285714
Sperchios,Non-native,0.638064753,0.361935247,0,Greece,Palearctic,22.18481505,38.87934552,1518.830546,12.94241156,688.0944385,6.897179484,97.9608245,16,0.35,0.514285714
Spey,Native,0.170555315,0.110127412,0.719317273,United Kingdom,Palearctic,-3.711845089,57.21084539,2958.577111,6.090593717,425.0823718,3.079539537,99.92714238,8,0.27,0.37037037
Spey,Non-native,0.369289219,0,0.630710781,United Kingdom,Palearctic,-3.711845089,57.21084539,2958.577111,6.090593717,425.0823718,3.079539537,99.92714238,8,0.27,0.37037037
Splinter.creek,Native,0.044789605,0.329210937,0.625999458,New Zealand,Australasia,172.2006689,-41.16840644,149.6158087,10.44241594,339.8321903,0.421096705,99.95760551,9,0.23,0.52173913
Splinter.creek,Non-native,0.28782068,0,0.71217932,New Zealand,Australasia,172.2006689,-41.16840644,149.6158087,10.44241594,339.8321903,0.421096705,99.95760551,9,0.23,0.52173913
Spring.creek,Native,0.079508706,0.452021398,0.468469896,Australia,Australasia,145.4517481,-16.5941039,115.2346494,22.86172612,248.6542546,3.046901226,99.93768147,23,0.64,0.25
Sredney,Native,0.290779855,0.330408705,0.378811439,Russia,Palearctic,147.7877324,45.00909966,159.1277209,2.80396826,753.7579736,0.020522696,99.96634366,4,0.47,0.680851064
Ssaryeom,Native,0.091101782,0.335563567,0.573334651,South Korea,Palearctic,126.6165343,37.5989321,46.16420252,11.41871799,1040.154888,121.1980972,99.94745394,19,0.44,0.568181818
Ssaryeom,Non-native,0,0.088214167,0.911785833,South Korea,Palearctic,126.6165343,37.5989321,46.16420252,11.41871799,1040.154888,121.1980972,99.94745394,19,0.44,0.568181818
Stadara.Steingrimsfirdi,Native,0.288833184,0,0.711166816,Iceland,Palearctic,-21.96386846,65.75371264,241.6542005,1.03934576,461.2545348,0.042219424,99.96735755,3,0.45,0.466666667
Station.creek,Native,0.016018637,0.452847037,0.531134326,Australia,Australasia,141.5563852,-16.22186048,354.5694942,27.23498844,260.7557653,0.01569959,99.97289508,4,0.64,0.390625
Stewart.1,Native,0.122763298,0.390810077,0.486426625,Australia,Australasia,143.4191528,-14.02979202,1681.973754,25.38207626,207.5306033,0.014217606,99.96980023,11,0.64,0.34375
Stewart.2,Native,0.015145066,0.563078408,0.421776527,Australia,Australasia,123.8576201,-16.67806917,289.2056325,27.58048061,263.871279,0.012171378,99.97577674,1,0.7,0.228571429
Stikine,Native,0.255575015,0.0846162,0.659808785,Canada,Nearctic,-130.0895613,57.63692095,50918.0156,-1.133726925,839.700382,0.012700041,99.94794712,25,0.55,0.927272727
Stikine,Non-native,0.138785864,0.016844653,0.844369483,Canada,Nearctic,-130.0895613,57.63692095,50918.0156,-1.133726925,839.700382,0.012700041,99.94794712,25,0.55,0.927272727
Stillaguamish,Native,0.305852909,0.087777988,0.606369104,United States,Nearctic,-121.8760157,48.2286463,1748.8884,7.985482822,540.3232395,5.257395744,99.93805825,22,0.32,0.78125
Stillaguamish,Non-native,0.252948726,0.048339344,0.69871193,United States,Nearctic,-121.8760157,48.2286463,1748.8884,7.985482822,540.3232395,5.257395744,99.93805825,22,0.32,0.78125
Stoney,Native,0.19924972,0.137141846,0.663608434,Canada,Nearctic,-53.15826231,46.73011415,323.2465118,5.197347764,732.2605248,0.130399475,99.97725071,5,0.33,0.545454545
Stoney,Non-native,0.28782068,0,0.71217932,Canada,Nearctic,-53.15826231,46.73011415,323.2465118,5.197347764,732.2605248,0.130399475,99.97725071,5,0.33,0.545454545
Stony.creek,Native,0.049386477,0.514171329,0.436442194,Australia,Australasia,148.0707259,-37.67305677,537.8944027,14.0870275,368.8941692,0.25674485,99.97019297,10,0.32,0.25
Stour,Native,0.118352,0.1755003,0.7061477,United Kingdom,Palearctic,0.717514237,52.06720572,904.6720138,9.6503018,486.197295,35.5254817,99.52338782,24,0.22,0.409090909
Stour,Non-native,0.077259036,0.120801952,0.801939012,United Kingdom,Palearctic,0.717514237,52.06720572,904.6720138,9.6503018,486.197295,35.5254817,99.52338782,24,0.22,0.409090909
Strymon,Native,0.119601699,0.245897356,0.634500944,Bulgaria,Palearctic,23.20550224,41.70553962,16826.18541,10.33466388,747.0395981,6.043386102,94.66382225,47,0.24,0.666666667
Strymon,Non-native,0.168127581,0.208992177,0.622880242,Bulgaria,Palearctic,23.20550224,41.70553962,16826.18541,10.33466388,747.0395981,6.043386102,94.66382225,47,0.24,0.666666667
Sturt,Native,0.053601915,0.511233311,0.435164774,Australia,Australasia,138.6088771,-35.00034549,196.4050641,15.45944942,390.8647846,14.24154401,95.88726685,2,0.24,0.416666667
Sturt,Non-native,0,0.088214167,0.911785833,Australia,Australasia,138.6088771,-35.00034549,196.4050641,15.45944942,390.8647846,14.24154401,95.88726685,2,0.24,0.416666667
Styx,Native,0.087256911,0.540561614,0.372181475,Australia,Australasia,149.5762808,-22.70834047,1064.05086,22.51853566,387.6333351,0.269688349,99.89831872,4,0.78,0.064102564
Subarnarekha,Native,0.12473111,0.348252932,0.527015958,India,Indo-Malay,86.12272896,22.66058097,19390.22068,25.69162911,443.6161771,6.530539393,96.53321712,90,0.43,0.813953488
Subarnarekha,Non-native,0.319032376,0.225074707,0.455892916,India,Indo-Malay,86.12272896,22.66058097,19390.22068,25.69162911,443.6161771,6.530539393,96.53321712,90,0.43,0.813953488
Suchiate,Native,0.176357155,0.27826133,0.545381514,Mexico,Neotropic,-92.04163176,14.93574568,1409.384948,21.36094733,68.22413808,4.263502419,99.80712999,6,0.56,0.892857143
Suifen,Native,0.197486603,0.262528309,0.539985088,China,Palearctic,131.1356073,43.88086798,16785.85557,3.340297114,1299.687152,2.216464758,98.94895863,39,0.45,0.733333333
Suifen,Non-native,0.068449631,0.049058832,0.882491537,China,Palearctic,131.1356073,43.88086798,16785.85557,3.340297114,1299.687152,2.216464758,98.94895863,39,0.45,0.733333333
Sulphur.Springs.valley,Native,0.27164999,0.551650798,0.176699212,United States,Nearctic,-109.7944514,32.19774355,3955.754416,15.44848146,704.3193103,3.550547779,98.97462409,2,0.25,0.24
Sumjin,Native,0.128374112,0.392152589,0.479473299,South Korea,Palearctic,127.3196134,35.28583257,4831.43908,11.74328002,932.9968732,25.8432312,91.93993313,91,0.29,0.827586207
Sumjin,Non-native,0.094952617,0.311200254,0.593847128,South Korea,Palearctic,127.3196134,35.28583257,4831.43908,11.74328002,932.9968732,25.8432312,91.93993313,91,0.29,0.827586207
Sungai.Aiduna,Native,0.237266475,0.366090524,0.396643,Indonesia,Australasia,135.3295901,-4.146211852,1092.526822,23.11914976,68.07926825,0.040305799,99.98276259,17,0.31,0.193548387
Sungai.Aikwa,Native,0.107861377,0.386225666,0.505912957,Indonesia,Australasia,137.0130768,-4.419728306,2264.596579,22.10880664,76.15400394,0.147315139,99.97625413,108,0.29,0.517241379
Sungai.Aikwa,Non-native,0.296483609,0.247796583,0.455719809,Indonesia,Australasia,137.0130768,-4.419728306,2264.596579,22.10880664,76.15400394,0.147315139,99.97625413,108,0.29,0.517241379
Sungai.Batu.Asah,Native,0.102628698,0.478268186,0.419103116,Malaysia,Indo-Malay,99.82047428,6.338217698,19.7426712,26.50760883,51.41727049,1.076091096,99.22382886,4,0.37,0.594594595
Sungai.Bedidi,Native,0.194541867,0.401960051,0.403498083,Indonesia,Australasia,132.8529363,-3.07665658,2669.98743,26.35715402,64.97146347,0.079716511,99.96220262,12,0.37,0.486486486
Sungai.Biri,Native,0.150378735,0.479108071,0.370513194,Indonesia,Australasia,139.2574441,-2.403706911,1853.132079,26.32750423,27.96816759,0.050056019,99.99068291,7,0.32,0.21875
Sungai.Davur,Native,0.105205585,0.462561797,0.432232619,Indonesia,Australasia,132.3893883,-1.6054389,2869.202034,26.2736422,46.30524487,0.144574096,99.9572204,11,0.42,0.19047619
Sungai.Davur,Non-native,0.037952714,0.278900231,0.683147056,Indonesia,Australasia,132.3893883,-1.6054389,2869.202034,26.2736422,46.30524487,0.144574096,99.9572204,11,0.42,0.19047619
Sungai.Gurun,Native,0.140729549,0.364754066,0.494516386,Malaysia,Indo-Malay,100.4570709,5.847405213,141.9128652,26.97855388,54.57398044,18.72156072,99.8358226,23,0.32,0.78125
Sungai.Gurun,Non-native,0.246880671,0.317456026,0.435663303,Malaysia,Indo-Malay,100.4570709,5.847405213,141.9128652,26.97855388,54.57398044,18.72156072,99.8358226,23,0.32,0.78125
Sungai.Kamora,Native,0.105261833,0.404950252,0.489787915,Indonesia,Australasia,136.7696105,-4.356367473,2336.634432,22.06083455,76.69469371,0.261974756,99.95782602,72,0.28,0.571428571
Sungai.Kamundan,Native,0.204414977,0.368635626,0.426949397,Indonesia,Australasia,132.6961575,-1.209869383,5615.027364,23.83880364,35.96333203,0.104808067,99.99132222,11,0.49,0.163265306
Sungai.Kisap,Native,0.116100009,0.435517044,0.448382947,Malaysia,Indo-Malay,99.86796231,6.374961922,46.28866651,26.34550659,50.82499934,1.076091096,99.85505639,7,0.36,0.638888889
Sungai.Kubang.Badak,Native,0.13062523,0.380496393,0.488878377,Malaysia,Indo-Malay,99.71118765,6.401031666,30.13901982,25.92171721,51.75642129,1.076091096,99.84064227,16,0.44,0.545454545
Sungai.Kumbe,Native,0.289586298,0.310630302,0.3997834,Indonesia,Australasia,140.5337827,-7.86998524,4247.817706,26.7900016,88.42088685,0.180363372,99.96515978,40,0.28,0.928571429
Sungai.Kumbe,Non-native,0.008384005,0.468343403,0.523272592,Indonesia,Australasia,140.5337827,-7.86998524,4247.817706,26.7900016,88.42088685,0.180363372,99.96515978,40,0.28,0.928571429
Sungai.Limbong,Native,0.113595559,0.383030922,0.503373518,Malaysia,Indo-Malay,99.76762022,6.358170299,71.533308,26.50020082,54.0319685,1.076091111,99.54817437,11,0.33,0.727272727
Sungai.Merbok,Native,0.181149656,0.358435045,0.460415299,Malaysia,Indo-Malay,100.4927632,5.705527695,382.862504,27.26202134,47.49899966,18.72156,99.63032757,23,0.31,0.774193548
Sungai.Merbok,Non-native,0.493761342,0.506238658,0,Malaysia,Indo-Malay,100.4927632,5.705527695,382.862504,27.26202134,47.49899966,18.72156,99.63032757,23,0.31,0.774193548
Sungai.Muturi,Native,0.212707382,0.41310936,0.374183258,Indonesia,Australasia,133.8267761,-1.739945534,2032.779945,23.92158995,31.40044437,0.169890488,99.93433131,16,0.4,0.375
Sungai.Rittowe,Native,0.191281618,0.393184581,0.415533801,Indonesia,Australasia,133.5154416,-1.765557676,2933.645304,24.33575266,35.34380975,0.172492944,99.97816333,10,0.45,0.177777778
Sungai.Sentiung,Native,0.083190447,0.390854953,0.5259546,Indonesia,Indo-Malay,115.6282987,-3.361145567,1938.858078,26.32710918,34.09038751,0.860390171,99.9363923,25,0.28,0.821428571
Sungai.Singkir,Native,0.186163864,0.382408288,0.431427848,Malaysia,Indo-Malay,100.3997357,5.733750731,117.1143295,26.48311578,47.22570806,18.72156,99.8369524,14,0.34,0.735294118
Sungai.Titi.Lubuk.Panjang,Native,0.120403939,0.400951875,0.478644186,Malaysia,Indo-Malay,100.3987778,5.803947167,25.61566086,26.04347223,49.96982956,18.72156,99.91052683,11,0.35,0.714285714
Sungai.Tok.Puteri,Native,0.140457078,0.338338427,0.521204494,Malaysia,Indo-Malay,99.83407376,6.420531752,33.46876687,26.34725862,53.07011675,1.076091096,99.91394471,9,0.39,0.564102564
Sungai.Tor,Native,0.162437178,0.480830595,0.356732227,Indonesia,Australasia,138.8444271,-2.342943793,2087.85926,25.37135138,24.69529465,0.053571348,99.98020896,7,0.24,0.375
Sungai.Wiriagar,Native,0.204414977,0.368635626,0.426949397,Indonesia,Australasia,132.9278509,-1.444399254,3746.961817,23.34349684,36.14557393,0.154674532,99.99539056,11,0.48,0.166666667
Sungai.Wiru,Native,0.174131534,0.497551506,0.328316961,Indonesia,Australasia,139.56126,-2.621935088,2096.941885,26.1913608,30.01300996,0.050056022,99.97989681,9,0.3,0.2
Suo.chon,Native,0.113888261,0.355412248,0.530699492,South Korea,Palearctic,127.6842254,35.02640687,119.445002,12.53348127,886.6753724,23.00047731,73.25563288,27,0.42,0.547619048
Suo.chon,Non-native,0,0.088214167,0.911785833,South Korea,Palearctic,127.6842254,35.02640687,119.445002,12.53348127,886.6753724,23.00047731,73.25563288,27,0.42,0.547619048
Supsa,Native,0.132925957,0.223058588,0.644015455,Georgia,Palearctic,42.2935468,41.93755786,1115.186465,10.06279319,672.3979516,1.931937873,99.96476491,26,0.34,0.735294118
Supsa,Non-native,0,0.2270361,0.7729639,Georgia,Palearctic,42.2935468,41.93755786,1115.186465,10.06279319,672.3979516,1.931937873,99.96476491,26,0.34,0.735294118
Surinam,Native,0.206287259,0.377115154,0.416597587,Suriname,Neotropic,-55.37573004,4.397720281,16743.20928,26.32721899,66.86035445,0.353635266,97.40408837,292,0.27,0.777777778
Surinam,Non-native,0.327186689,0.432950149,0.239863162,Suriname,Neotropic,-55.37573004,4.397720281,16743.20928,26.32721899,66.86035445,0.353635266,97.40408837,292,0.27,0.777777778
Surrey,Native,0.066694007,0.464588818,0.468717175,Australia,Australasia,141.5127905,-38.20913167,363.2060199,13.42417907,294.3833603,0.47030516,99.90102974,6,0.35,0.4
Susan.chon,Native,0.087550347,0.27631015,0.636139503,South Korea,Palearctic,126.4002551,33.4252551,35.09991487,13.58940975,763.6214689,9.196617603,99.82926422,7,0.33,0.484848485
Susan.chon,Non-native,0,0.088214167,0.911785833,South Korea,Palearctic,126.4002551,33.4252551,35.09991487,13.58940975,763.6214689,9.196617603,99.82926422,7,0.33,0.484848485
Susitna,Native,0.295822837,0.026610864,0.677566299,United States,Nearctic,-149.8264559,62.47967321,50228.61315,-2.629759772,968.9534489,0.509115323,99.99828339,13,0.61,0.93442623
Susquehanna,Native,0.213593432,0.240903625,0.545502943,United States,Nearctic,-76.90414317,41.2588822,71075.52655,8.663773232,925.9109448,19.01282787,96.91928,82,0.22,0.636363636
Susquehanna,Non-native,0.213289544,0.159678682,0.627031774,United States,Nearctic,-76.90414317,41.2588822,71075.52655,8.663773232,925.9109448,19.01282787,96.91928,82,0.22,0.636363636
Susurluk.Cayi,Native,0.116945613,0.240306874,0.642747513,Turkey,Palearctic,28.61514554,39.68640645,23768.99736,11.98094189,684.0789246,10.86074829,96.06860398,46,0.31,0.903225806
Susurluk.Cayi,Non-native,0.159516188,0.187964541,0.65251927,Turkey,Palearctic,28.61514554,39.68640645,23768.99736,11.98094189,684.0789246,10.86074829,96.06860398,46,0.31,0.903225806
Suuremoisa,Native,0.143084044,0.170782111,0.686133845,Estonia,Palearctic,23.22678042,58.57282396,12.3800013,6.504647347,791.0480722,0.266493838,100,3,0.32,0.3125
Suurissoo,Native,0.143084044,0.170782111,0.686133845,Estonia,Palearctic,22.05944096,58.27818972,46.28999064,6.809365109,737.041365,0.337257911,99.78275,3,0.41,0.219512195
Suwannee,Native,0.220788008,0.360485626,0.418726366,United States,Nearctic,-82.97411509,30.66042908,26532.87138,19.56988307,611.4746304,5.623641849,98.92975393,77,0.22,0.409090909
Suwannee,Non-native,0.399953869,0.086280573,0.513765558,United States,Nearctic,-82.97411509,30.66042908,26532.87138,19.56988307,611.4746304,5.623641849,98.92975393,77,0.22,0.409090909
Suzuka,Native,0.18340557,0.364566978,0.452027452,Japan,Palearctic,136.4642652,34.90577937,389.5660372,14.21818044,820.5357466,62.38747406,97.08763657,8,0.31,0.548387097
Suzuka,Non-native,0.284857852,0.514308894,0.200833253,Japan,Palearctic,136.4642652,34.90577937,389.5660372,14.21818044,820.5357466,62.38747406,97.08763657,8,0.31,0.548387097
Svobodnaya,Native,0.337053545,0.279381744,0.383564711,Russia,Palearctic,146.8086778,43.85456618,53.99254697,4.898793835,734.4805667,0.0275108,100,6,0.42,0.619047619
Swakop,Native,0.614194718,0.160128837,0.225676445,Namibia,Afrotropic,16.16142667,-22.20033212,29673.39838,20.25465998,316.6168567,0.339541953,97.18073591,2,0.7,0.185714286
Swakop,Non-native,0.227451209,0.006226672,0.766322119,Namibia,Afrotropic,16.16142667,-22.20033212,29673.39838,20.25465998,316.6168567,0.339541953,97.18073591,2,0.7,0.185714286
Swan,Native,0.064635131,0.431751777,0.503613092,Australia,Australasia,118.0515602,-31.53713532,81991.04125,17.78128548,540.3788794,1.017025068,99.42680375,26,0.56,0.142857143
Swan,Non-native,0.28626367,0.312348972,0.401387357,Australia,Australasia,118.0515602,-31.53713532,81991.04125,17.78128548,540.3788794,1.017025068,99.42680375,26,0.56,0.142857143
Swan.Tasma,Native,0.029296052,0.292082738,0.67862121,Australia,Australasia,148.0514883,-41.95654574,945.4599119,11.42659515,321.8369253,1.200457007,99.93459451,9,0.72,0.083333333
Swan.Tasma,Non-native,0.14391034,0.023732495,0.832357165,Australia,Australasia,148.0514883,-41.95654574,945.4599119,11.42659515,321.8369253,1.200457007,99.93459451,9,0.72,0.083333333
Swartkopsrivier,Native,0.078838913,0.274821161,0.646339926,South Africa,Afrotropic,25.24194915,-33.73421147,1267.173934,17.06805087,322.1011477,9.075122476,86.44567762,64,0.56,0.089285714
Swartkopsrivier,Non-native,0.169275654,0.077982646,0.7527417,South Africa,Afrotropic,25.24194915,-33.73421147,1267.173934,17.06805087,322.1011477,9.075122476,86.44567762,64,0.56,0.089285714
Swartrivier,Native,0.142799056,0.507363602,0.349837342,South Africa,Afrotropic,22.52160155,-33.92644446,133.5061991,15.82109926,273.0345886,1.519201398,82.17240189,3,0.45,0.111111111
Syr.Darya,Native,0.064532029,0.14417113,0.791296841,Kazakhstan,Palearctic,69.51581943,42.24134896,320011.1584,7.961610374,1112.847431,1.123046845,96.54688462,21,0.34,0.882352941
Syr.Darya,Non-native,0.078926737,0.108196542,0.812876722,Kazakhstan,Palearctic,69.51581943,42.24134896,320011.1584,7.961610374,1112.847431,1.123046845,96.54688462,21,0.34,0.882352941
Taan,Native,0.153714068,0.326465648,0.519820284,Taiwan,Indo-Malay,120.9952406,24.37444105,778.5404546,15.11933416,404.586513,40.35455704,99.51842842,25,0.33,0.666666667
Tabasara,Native,0.250634565,0.3463664,0.402999035,Panama,Neotropic,-81.60322151,8.368172794,1195.422007,23.22059709,59.14207748,1.453096032,99.97054996,9,0.44,0.772727273
Tabou,Native,0.101943795,0.538121429,0.359934776,C¶te d'Ivoire,Afrotropic,-7.374715169,4.698991951,899.2695917,25.52758052,88.61752232,0.279812202,99.95283215,20,0.31,0.548387097
Tachia,Native,0.121610973,0.350798654,0.527590372,Taiwan,Indo-Malay,121.0821325,24.26663842,1237.086262,13.87952549,390.4635151,41.84625244,91.13069051,45,0.31,0.677419355
Tachia,Non-native,0.34911237,0.214553209,0.436334421,Taiwan,Indo-Malay,121.0821325,24.26663842,1237.086262,13.87952549,390.4635151,41.84625244,91.13069051,45,0.31,0.677419355
Tacina,Native,0.071040372,0.218006442,0.710953186,Italy,Palearctic,16.76343877,39.11559888,562.851056,12.7336508,598.2910278,12.08225513,84.95406471,5,0.29,0.517241379
Tacina,Non-native,0.204142018,0.200207952,0.595650031,Italy,Palearctic,16.76343877,39.11559888,562.851056,12.7336508,598.2910278,12.08225513,84.95406471,5,0.29,0.517241379
Tadu,Native,0.170203879,0.359558937,0.470237184,Taiwan,Indo-Malay,120.8519569,24.05078302,2036.96138,19.68549204,407.6937605,40.97436905,98.60622885,36,0.29,0.655172414
Taedong,Native,0.126449753,0.348680536,0.52486971,North Korea,Palearctic,126.2078438,39.12560434,19421.30239,8.305463058,1096.780575,2.507731915,93.31685248,51,0.39,0.871794872
Taedong,Non-native,0,0.088214167,0.911785833,North Korea,Palearctic,126.2078438,39.12560434,19421.30239,8.305463058,1096.780575,2.507731915,93.31685248,51,0.39,0.871794872
Taegok.che,Native,0.147147164,0.305948327,0.546904509,South Korea,Palearctic,127.2388759,34.79981584,58.5534095,13.25492887,886.8983966,12.20229626,99.77972425,24,0.44,0.477272727
Taegok.che,Non-native,0,0.088214167,0.911785833,South Korea,Palearctic,127.2388759,34.79981584,58.5534095,13.25492887,886.8983966,12.20229626,99.77972425,24,0.44,0.477272727
Taehwagang,Native,0.125015303,0.376685973,0.498298724,South Korea,Palearctic,129.2196142,35.60578025,665.4170179,12.67789437,863.732366,76.24979115,93.24987668,57,0.37,0.459459459
Taehwagang,Non-native,0.097176565,0.294377594,0.608445842,South Korea,Palearctic,129.2196142,35.60578025,665.4170179,12.67789437,863.732366,76.24979115,93.24987668,57,0.37,0.459459459
Taesong.josuji,Native,0.128396032,0.291293737,0.580310231,South Korea,Palearctic,126.8470784,37.17543754,88.20795438,11.52764545,1028.775631,121.1980972,98.54923596,21,0.44,0.613636364
Taesong.josuji,Non-native,0,0.088214167,0.911785833,South Korea,Palearctic,126.8470784,37.17543754,88.20795438,11.52764545,1028.775631,121.1980972,98.54923596,21,0.44,0.613636364
Tagliamento,Native,0.123904697,0.213794417,0.662300885,Italy,Palearctic,13.01626306,46.33808974,2946.276813,8.107208274,705.9069643,16.23501587,98.72370455,26,0.3,0.7
Tagliamento,Non-native,0.160074735,0.103662313,0.736262953,Italy,Palearctic,13.01626306,46.33808974,2946.276813,8.107208274,705.9069643,16.23501587,98.72370455,26,0.3,0.7
Tagus,Native,0.102898473,0.223848774,0.673252753,Spain,Palearctic,-5.159389718,40.08473113,71216.07416,13.87007156,627.1476551,26.1749301,89.05274073,27,0.37,0.459459459
Tagus,Non-native,0.194826817,0.142169769,0.663003415,Spain,Palearctic,-5.159389718,40.08473113,71216.07416,13.87007156,627.1476551,26.1749301,89.05274073,27,0.37,0.459459459
Tahaa,Native,0.015523919,0.327355925,0.657120156,French Polynesia,Australasia,-151.48125,-16.63229167,6.559458141,25.56093717,91.86758041,0.722443581,NA,10,0.51,0.294117647
Tahaa,Non-native,0.528161079,0.471838921,0,French Polynesia,Australasia,-151.48125,-16.63229167,6.559458141,25.56093717,91.86758041,0.722443581,NA,10,0.51,0.294117647
Tahakopa,Native,0.056804823,0.362283393,0.580911785,New Zealand,Australasia,169.3313324,-46.47167798,312.7950978,9.035632177,316.0079801,0.299971998,99.8765742,7,0.22,0.363636364
Tahakopa,Non-native,0.28782068,0,0.71217932,New Zealand,Australasia,169.3313324,-46.47167798,312.7950978,9.035632177,316.0079801,0.299971998,99.8765742,7,0.22,0.363636364
Tahiti.un.1,Native,0.031997151,0.283225926,0.684776922,French Polynesia,Australasia,-149.5235294,-17.56776961,55.48285489,22.37071079,126.4924413,5.182930946,NA,10,0.41,0.317073171
Tahiti.un.1,Non-native,0.625945436,0.258086656,0.115967908,French Polynesia,Australasia,-149.5235294,-17.56776961,55.48285489,22.37071079,126.4924413,5.182930946,NA,10,0.41,0.317073171
Tahiti.un.2,Native,0.015523919,0.327355925,0.657120156,French Polynesia,Australasia,-149.4361407,-17.60056147,115.0249504,21.75842319,134.1065804,5.182930946,NA,10,0.28,0.607142857
Tahiti.un.2,Non-native,0.625945436,0.258086656,0.115967908,French Polynesia,Australasia,-149.4361407,-17.60056147,115.0249504,21.75842319,134.1065804,5.182930946,NA,10,0.28,0.607142857
Tahiti.un.3,Native,0.015523919,0.327355925,0.657120156,French Polynesia,Australasia,-149.2547222,-17.81361111,12.22253437,21.87972209,135.6436951,5.182930946,NA,10,0.34,0.382352941
Tahiti.un.3,Non-native,0.625945436,0.258086656,0.115967908,French Polynesia,Australasia,-149.2547222,-17.81361111,12.22253437,21.87972209,135.6436951,5.182930946,NA,10,0.34,0.382352941
Taieri,Native,0.043661691,0.41008221,0.546256099,New Zealand,Australasia,170.0912198,-45.50194688,5709.716046,8.341131632,417.2687502,1.819370747,96.42363937,18,0.2,0.45
Taieri,Non-native,0.291896471,0.016750097,0.691353432,New Zealand,Australasia,170.0912198,-45.50194688,5709.716046,8.341131632,417.2687502,1.819370747,96.42363937,18,0.2,0.45
Taimyr,Native,0.188486245,0.055702583,0.755811172,Russia,Palearctic,96.08489402,75.12260059,19706.88079,-15.30728606,1432.425675,0.000498858,100,12,0.7,0.671428571
Taipa,Native,0.013322894,0.373211129,0.613465977,New Zealand,Australasia,173.4982588,-35.0881014,139.6300186,15.00723229,282.0635691,0.801052839,99.77327829,9,0.3,0.633333333
Taipa,Non-native,0.638064753,0.361935247,0,New Zealand,Australasia,173.4982588,-35.0881014,139.6300186,15.00723229,282.0635691,0.801052839,99.77327829,9,0.3,0.633333333
Tairua,Native,0.035316569,0.370083577,0.594599854,New Zealand,Australasia,175.7650414,-37.1022208,275.617753,13.43822092,339.378613,5.400316834,99.82692008,11,0.26,0.653846154
Tairua,Non-native,0.518082889,0.180967624,0.300949487,New Zealand,Australasia,175.7650414,-37.1022208,275.617753,13.43822092,339.378613,5.400316834,99.82692008,11,0.26,0.653846154
Taiyang.He,Native,0.078830358,0.35674882,0.564420822,China,Indo-Malay,110.2011348,18.74656427,586.9747029,24.50904303,323.8967851,0.926976934,99.82843705,24,0.36,0.611111111
Taiyang.He,Non-native,0.142428926,0.301261531,0.556309543,China,Indo-Malay,110.2011348,18.74656427,586.9747029,24.50904303,323.8967851,0.926976934,99.82843705,24,0.36,0.611111111
Tajan,Native,0.117781648,0.169822466,0.712395886,Iran,Palearctic,53.45284807,36.32879769,4515.813014,14.04791539,871.5396872,4.306615293,94.37785766,23,0.28,0.642857143
Tajan,Non-native,0.116941523,0.230737649,0.652320828,Iran,Palearctic,53.45284807,36.32879769,4515.813014,14.04791539,871.5396872,4.306615293,94.37785766,23,0.28,0.642857143
Takahashi.Okayama,Native,0.169999771,0.453329455,0.376670774,Japan,Palearctic,133.4508492,34.84626537,2640.408929,12.88663,853.4583244,64.03772259,93.56526781,7,0.21,0.619047619
Takaka,Native,0.040791523,0.36282464,0.596383837,New Zealand,Australasia,172.7133914,-41.01015517,882.6650815,9.171360297,367.6434689,0.281632639,96.25926028,13,0.22,0.681818182
Takaka,Non-native,0.336006029,0,0.663993971,New Zealand,Australasia,172.7133914,-41.01015517,882.6650815,9.171360297,367.6434689,0.281632639,96.25926028,13,0.22,0.681818182
Takamprimili,Native,0.057188204,0.373161414,0.569650382,Australia,Australasia,130.8127371,-11.75551159,248.5264869,27.00568937,156.0008053,0.043925903,99.98006836,10,0.64,0.453125
Takase,Native,0.104247884,0.398211158,0.497540958,Japan,Palearctic,141.1997283,40.75257937,853.986606,9.13904697,875.8589353,15.30008936,95.85129917,4,0.28,0.392857143
Takasu,Native,0.046683864,0.372844459,0.580471677,Japan,Palearctic,130.7915775,31.41117969,72.74492581,15.78407896,731.9085957,30.67394972,99.86159291,4,0.27,0.740740741
Takasu,Non-native,0.19886665,0.395301743,0.405831608,Japan,Palearctic,130.7915775,31.41117969,72.74492581,15.78407896,731.9085957,30.67394972,99.86159291,4,0.27,0.740740741
Takatsu,Native,0.188276493,0.421371564,0.390351943,Japan,Palearctic,131.8924252,34.51107806,1088.548613,12.80892818,806.6792497,32.86280584,99.82973036,13,0.25,0.6
Takiritawai,Native,0.014139286,0.361161657,0.624699057,New Zealand,Australasia,172.7995655,-43.76921545,112.1283649,10.68158754,372.7592528,9.174983263,99.15089137,10,0.33,0.181818182
Takiritawai,Non-native,0.099701884,0.06928796,0.831010156,New Zealand,Australasia,172.7995655,-43.76921545,112.1283649,10.68158754,372.7592528,9.174983263,99.15089137,10,0.33,0.181818182
Takoandra,Native,0.317135292,0.358112267,0.324752442,Madagascar,Afrotropic,47.76156473,-22.98997392,167.7027736,23.52007012,234.1587125,0.304358669,99.98741743,4,0.46,0.413043478
Takoandra,Non-native,0.758129529,0.009934655,0.231935816,Madagascar,Afrotropic,47.76156473,-22.98997392,167.7027736,23.52007012,234.1587125,0.304358669,99.98741743,4,0.46,0.413043478
Taku,Native,0.267669355,0.074760598,0.657570047,Canada,Nearctic,-132.5663251,58.72725518,17513.43939,-0.860322171,851.5320656,0.046943257,99.99999593,24,0.5,0.96
Taku,Non-native,0.138785864,0.016844653,0.844369483,Canada,Nearctic,-132.5663251,58.72725518,17513.43939,-0.860322171,851.5320656,0.046943257,99.99999593,24,0.5,0.96
Tallebudgera.creek,Native,0.044705703,0.640951439,0.314342858,Australia,Australasia,153.3979511,-28.1754405,160.6425676,19.15048785,354.7310667,11.29133558,99.0795012,8,0.46,0.108695652
Tallebudgera.creek,Non-native,0.413734462,0.586265538,0,Australia,Australasia,153.3979511,-28.1754405,160.6425676,19.15048785,354.7310667,11.29133558,99.0795012,8,0.46,0.108695652
Tama,Native,0.136662112,0.305321283,0.558016606,Japan,Palearctic,139.2140618,35.7328477,1211.952451,12.35459896,795.6623237,781.7244873,90.1288536,8,0.29,0.655172414
Tama,Non-native,0.19886665,0.395301743,0.405831608,Japan,Palearctic,139.2140618,35.7328477,1211.952451,12.35459896,795.6623237,781.7244873,90.1288536,8,0.29,0.655172414
Tama.Indonesia,Native,0,0.608139381,0.391860619,Indonesia,Australasia,130.0672295,-1.867996288,803.4870577,26.51934649,49.42408568,0.023962693,99.99953837,3,0.23,0.565217391
Tamar,Native,0.075159738,0.413959421,0.510880842,Australia,Australasia,147.3467154,-41.7019379,11206.08306,10.47775829,351.1495551,2.231180727,95.45895785,26,0.43,0.279069767
Tamar,Non-native,0.239162219,0.103637353,0.657200428,Australia,Australasia,147.3467154,-41.7019379,11206.08306,10.47775829,351.1495551,2.231180727,95.45895785,26,0.43,0.279069767
Tambre,Native,0.173748558,0.18236106,0.643890381,Spain,Palearctic,-8.463853229,43.01391781,1567.129943,12.6426439,388.0639048,17.71865201,94.81967143,5,0.31,0.709677419
Tamiang,Native,0.143511037,0.349259219,0.507229745,Indonesia,Indo-Malay,97.74072897,4.154738277,4833.097275,22.55973374,50.18455005,1.345837265,99.96519043,20,0.31,0.64516129
Tamiang,Non-native,0.075905427,0.469586294,0.454508279,Indonesia,Indo-Malay,97.74072897,4.154738277,4833.097275,22.55973374,50.18455005,1.345837265,99.96519043,20,0.31,0.64516129
Tamiraparani,Native,0.108098882,0.398012089,0.493889029,India,Indo-Malay,77.58764477,8.824317888,5600.47219,27.81806415,156.6248952,10.7829777,90.57283377,50,0.42,0.595238095
Tamiraparani,Non-native,0.362948799,0.086744213,0.550306988,India,Indo-Malay,77.58764477,8.824317888,5600.47219,27.81806415,156.6248952,10.7829777,90.57283377,50,0.42,0.595238095
Tamshui,Native,0.145145718,0.369134776,0.485719505,Taiwan,Indo-Malay,121.4962519,24.86962745,2697.153053,18.58628237,456.0080743,52.8417511,93.49809129,40,0.26,0.615384615
Tana,Native,0.125005244,0.403287799,0.471706957,Kenya,Afrotropic,38.74705561,-1.23506192,95574.77188,24.51242806,123.5725601,0.438642338,98.04681123,51,0.24,0.583333333
Tana,Non-native,0.412598626,0.194270961,0.393130414,Kenya,Afrotropic,38.74705561,-1.23506192,95574.77188,24.51242806,123.5725601,0.438642338,98.04681123,51,0.24,0.583333333
Tana.lake,Native,0.115252809,0.269959462,0.614787729,Ethiopia,Afrotropic,37.39873034,11.82853007,16254.21633,18.39604221,114.4699941,0.805488437,99.93583419,29,0.57,0.947368421
Tandiadi.Aar,Native,0.115747641,0.393418037,0.490834322,Sri Lanka,Indo-Malay,81.85086801,6.990674877,45.20933898,27.71406233,121.5620047,2.641290605,99.7185,28,NA,NA
Tandiadi.Aar,Non-native,0.417017478,0.239760474,0.343222047,Sri Lanka,Indo-Malay,81.85086801,6.990674877,45.20933898,27.71406233,121.5620047,2.641290605,99.7185,28,NA,NA
Tangahoe,Native,0.058034758,0.351776393,0.590188849,New Zealand,Australasia,174.3682298,-39.52827741,285.1652773,12.68656129,323.6766381,2.024806291,99.81897777,9,0.36,0.611111111
Tangahoe,Non-native,0.19922714,0.05310597,0.74766689,New Zealand,Australasia,174.3682298,-39.52827741,285.1652773,12.68656129,323.6766381,2.024806291,99.81897777,9,0.36,0.611111111
Tanganyika,Native,0.396552357,0.305493353,0.29795429,Tanzania,Afrotropic,30.97050761,-5.591524209,232510.0285,22.52257562,95.3622104,0.299308714,99.62943078,435,0.32,0.84375
Tanganyika,Non-native,0.351857194,0.022180978,0.625961828,Tanzania,Afrotropic,30.97050761,-5.591524209,232510.0285,22.52257562,95.3622104,0.299308714,99.62943078,435,0.32,0.84375
Tangdu.ri,Native,0.121519209,0.367067417,0.511413374,South Korea,Palearctic,126.4190618,34.97699064,73.96192351,13.66406773,896.2021962,15.37729096,99.91933557,42,0.46,0.347826087
Tangdu.ri,Non-native,0.142428926,0.301261531,0.556309543,South Korea,Palearctic,126.4190618,34.97699064,73.96192351,13.66406773,896.2021962,15.37729096,99.91933557,42,0.46,0.347826087
Tangjong.josuji,Native,0.141277065,0.377007842,0.481715093,South Korea,Palearctic,126.8176846,34.51472616,28.89321968,13.19465821,864.4649423,9.527025938,99.9281,27,0.49,0.346938776
Tangjong.josuji,Non-native,0,0.088214167,0.911785833,South Korea,Palearctic,126.8176846,34.51472616,28.89321968,13.19465821,864.4649423,9.527025938,99.9281,27,0.49,0.346938776
Tangmi,Native,0.108765772,0.359692938,0.53154129,South Korea,Palearctic,126.7568136,37.54022105,151.6776776,11.68714342,1031.711615,121.1980972,97.06022147,26,0.36,0.75
Tangmi,Non-native,0,0.088214167,0.911785833,South Korea,Palearctic,126.7568136,37.54022105,151.6776776,11.68714342,1031.711615,121.1980972,97.06022147,26,0.36,0.75
Taninnim,Native,0.196487216,0.234611482,0.568901302,Israel,Palearctic,35.01503201,32.53507135,186.9493609,19.15481267,556.3919401,34.59375954,96.56764304,12,0.67,0.328358209
Tanjiang,Native,0.126643251,0.356290072,0.517066676,China,Indo-Malay,112.5493682,22.38395499,5086.882674,22.18241188,540.2816731,7.592684865,91.64818937,37,0.34,0.764705882
Tanjiang,Non-native,0.011827248,0.044107084,0.944065669,China,Indo-Malay,112.5493682,22.38395499,5086.882674,22.18241188,540.2816731,7.592684865,91.64818937,37,0.34,0.764705882
Tano,Native,0.167400025,0.410616937,0.421983038,Ghana,Afrotropic,-2.487969897,6.332060231,16079.34314,26.25839031,109.9825576,0.857713372,99.96395285,85,0.22,0.681818182
Tapdong.ni,Native,0.114864192,0.427662231,0.457473576,South Korea,Palearctic,127.8800262,34.89499485,17.54148575,13.25036244,861.6099455,12.20229626,99.698,14,0.49,0.489795918
Tapdong.ni,Non-native,0,0.088214167,0.911785833,South Korea,Palearctic,127.8800262,34.89499485,17.54148575,13.25036244,861.6099455,12.20229626,99.698,14,0.49,0.489795918
Tapi,Native,0.139656788,0.3843282,0.476015012,Thailand,Indo-Malay,99.09783217,8.746853821,13249.62579,26.57980403,76.82367576,3.167600036,98.61330411,135,0.32,0.9375
Tapi,Non-native,0.055066926,0.124309761,0.820623314,Thailand,Indo-Malay,99.09783217,8.746853821,13249.62579,26.57980403,76.82367576,3.167600036,98.61330411,135,0.32,0.9375
Tar,Native,0.227877745,0.295278525,0.47684373,United States,Nearctic,-77.87069079,36.03687226,8114.346164,15.18628558,785.628261,13.86405873,99.80974615,79,0.18,0.666666667
Tar,Non-native,0.152992983,0.180608878,0.666398139,United States,Nearctic,-77.87069079,36.03687226,8114.346164,15.18628558,785.628261,13.86405873,99.80974615,79,0.18,0.666666667
Tara.creek,Native,0.011164339,0.523354677,0.465480984,Australia,Australasia,149.180644,-21.4407348,158.5218901,22.3341708,354.3285929,1.957947433,99.91456625,4,0.65,0.123076923
Tarago,Native,0.08303139,0.363391176,0.553577434,Australia,Australasia,145.7211724,-38.05898164,1244.845687,13.69127577,378.7928104,25.07776213,93.42579184,12,0.29,0.344827586
Tarago,Non-native,0.28782068,0,0.71217932,Australia,Australasia,145.7211724,-38.05898164,1244.845687,13.69127577,378.7928104,25.07776213,93.42579184,12,0.29,0.344827586
Taramakau,Native,0.05963076,0.398968636,0.541400604,New Zealand,Australasia,171.4850432,-42.77048473,1044.150603,8.216930859,380.9390645,0.447984822,99.29153396,18,0.19,0.526315789
Taramakau,Non-native,0.223800988,0.042484776,0.733714236,New Zealand,Australasia,171.4850432,-42.77048473,1044.150603,8.216930859,380.9390645,0.447984822,99.29153396,18,0.19,0.526315789
Taravo,Native,0.107153169,0.221156411,0.671690421,France,Palearctic,9.025674345,41.86035818,483.9917856,12.26621966,557.5609648,1.958389133,99.6743616,5,0.38,0.368421053
Taravo,Non-native,0.288481841,0.200460363,0.511057796,France,Palearctic,9.025674345,41.86035818,483.9917856,12.26621966,557.5609648,1.958389133,99.6743616,5,0.38,0.368421053
Tarcoles,Native,0.161725154,0.427309713,0.410965133,Costa Rica,Neotropic,-84.27244018,9.969139488,2138.763451,21.20466615,66.46516007,8.428672552,99.11740993,61,0.4,0.875
Tarcoles,Non-native,0.493761342,0.506238658,0,Costa Rica,Neotropic,-84.27244018,9.969139488,2138.763451,21.20466615,66.46516007,8.428672552,99.11740993,61,0.4,0.875
Tarim,Native,0.141834806,0.232098569,0.626066625,China,Palearctic,82.65315424,39.2374351,916215.6759,6.167682189,1145.077205,0.179409225,98.74379064,17,0.61,0.868852459
Tarim,Non-native,0.0687587,0.208656068,0.722585232,China,Palearctic,82.65315424,39.2374351,916215.6759,6.167682189,1145.077205,0.179409225,98.74379064,17,0.61,0.868852459
Tarra,Native,0.079332074,0.358318313,0.562349613,Australia,Australasia,146.6725123,-38.49830432,306.1733952,13.23628205,355.5865352,2.840979517,99.88063696,31,0.24,0.333333333
Tarrabool.lake,Native,0.008931471,0.485485716,0.505582813,Australia,Australasia,135.7141224,-17.97669818,21071.45668,26.02842051,436.0020929,0.005112313,99.94956617,5,0.75,0.133333333
Tarwin,Native,0.080487188,0.379481494,0.540031318,Australia,Australasia,146.0282223,-38.52446135,1592.926633,13.51067961,360.19903,7.762055039,99.72358696,13,0.72,0.138888889
Tassili,Native,0.164307168,0.331498737,0.504194095,Algeria,Palearctic,7.454023665,26.22187424,232268.9683,23.2731242,801.9952476,0.023862035,99.96302877,3,0.5,0.04
Tassili,Non-native,0.319032376,0.265598835,0.415368788,Algeria,Palearctic,7.454023665,26.22187424,232268.9683,23.2731242,801.9952476,0.023862035,99.96302877,3,0.5,0.04
Tataragawa,Native,0.081830917,0.633716522,0.284452561,Japan,Palearctic,130.5164902,33.61853693,172.7206606,14.94922203,786.3321052,140.6259251,91.02550423,1,0.3,0.633333333
Tategami.un.1,Native,0.087760452,0.482477616,0.429761932,Japan,Palearctic,136.8413893,34.31937482,6.660946582,15.96964264,738.8367658,62.14790344,NA,11,0.33,0.393939394
Tategami.un.1,Non-native,0,0.128673395,0.871326605,Japan,Palearctic,136.8413893,34.31937482,6.660946582,15.96964264,738.8367658,62.14790344,NA,11,0.33,0.393939394
Tategami.un.2,Native,0.078369086,0.503569968,0.418060946,Japan,Palearctic,136.8469433,34.29241505,19.47334302,16.05219289,732.8045301,62.14790249,99.92463786,7,0.34,0.323529412
Tategami.un.2,Non-native,0,0.128673395,0.871326605,Japan,Palearctic,136.8469433,34.29241505,19.47334302,16.05219289,732.8045301,62.14790249,99.92463786,7,0.34,0.323529412
Tatiara.creek,Native,0,0.543536688,0.456463312,Australia,Australasia,140.8492056,-36.34212092,1725.177589,14.95399798,438.4025199,0.328182794,97.98748118,1,0.68,0.073529412
Tauro,Native,0.17534024,0.41067051,0.41398925,Nicaragua,Neotropic,-83.7985582,10.86114309,450.8183517,25.9597921,74.85649255,2.45207876,99.99687372,17,0.34,0.852941176
Tauro,Non-native,0.647694139,0.352305861,0,Nicaragua,Neotropic,-83.7985582,10.86114309,450.8183517,25.9597921,74.85649255,2.45207876,99.99687372,17,0.34,0.852941176
Taute,Native,0.116433454,0.174924659,0.708641887,France,Palearctic,-1.421768503,49.33676729,1454.403571,11.10388931,423.4421107,7.175699234,99.79145113,21,0.34,0.588235294
Taute,Non-native,0.079396305,0.197516917,0.723086778,France,Palearctic,-1.421768503,49.33676729,1454.403571,11.10388931,423.4421107,7.175699234,99.79145113,21,0.34,0.588235294
Tauton,Native,0.094255251,0.043387535,0.862357214,United States,Nearctic,-71.05190357,41.94225618,1373.929073,9.863001427,892.8243686,78.07328415,99.15230407,8,0.23,0.565217391
Tavignano,Native,0.083820038,0.19737232,0.718807642,France,Palearctic,9.230549128,42.21491888,796.3857607,12.1407655,568.7987086,2.181720436,99.76117951,9,0.28,0.678571429
Tavignano,Non-native,0.155647003,0.13542976,0.708923238,France,Palearctic,9.230549128,42.21491888,796.3857607,12.1407655,568.7987086,2.181720436,99.76117951,9,0.28,0.678571429
Tay,Native,0.082475246,0.151460405,0.766064349,United Kingdom,Palearctic,-3.896913925,56.64277811,4965.654602,6.393625304,428.1037926,10.05508828,94.47908769,19,0.29,0.413793103
Tay,Non-native,0.159758284,0.075789275,0.764452441,United Kingdom,Palearctic,-3.896913925,56.64277811,4965.654602,6.393625304,428.1037926,10.05508828,94.47908769,19,0.29,0.413793103
Taz,Native,0.135926828,0.145877527,0.718195646,Russia,Palearctic,82.24055576,65.98969309,98056.89664,-7.313558107,1526.58954,0.019428865,99.9990992,33,0.56,0.910714286
Tchad,Native,0.153620347,0.391883384,0.454496269,Chad,Afrotropic,17.33703746,13.77682849,1942315.303,26.9579838,350.2809434,0.241870862,99.69063142,206,0.48,0.791666667
Tchegitun,Native,0.263824963,0.081558024,0.654617013,Russia,Palearctic,-171.5635275,66.27583678,6058.21096,-7.956593646,1126.377777,0.013580188,99.99843093,21,0.67,0.582089552
Te.Awa.Kairangi,Native,0.046880194,0.41770553,0.535414276,New Zealand,Australasia,175.0994627,-41.08550483,604.6209932,10.91101574,334.4543016,2.593205333,95.33264716,14,0.31,0.419354839
Te.Awa.Kairangi,Non-native,0.28782068,0,0.71217932,New Zealand,Australasia,175.0994627,-41.08550483,604.6209932,10.91101574,334.4543016,2.593205333,95.33264716,14,0.31,0.419354839
Te.Awainanga,Native,0.05591289,0.332362139,0.61172497,New Zealand,Australasia,-176.4776383,-43.9911754,141.7445383,10.93444898,276.7265296,NA,NA,10,0.29,0.827586207
Tech,Native,0.070797073,0.219025094,0.710177833,France,Palearctic,2.667927576,42.46903964,736.1756776,11.19853215,564.8549945,13.21829009,99.54149221,12,0.17,0.647058824
Tech,Non-native,0.227381387,0.133457451,0.639161162,France,Palearctic,2.667927576,42.46903964,736.1756776,11.19853215,564.8549945,13.21829009,99.54149221,12,0.17,0.647058824
Tecolutla,Native,0.23647431,0.406625419,0.356900271,Mexico,Neotropic,-97.67925104,20.00993675,7793.720068,18.00071919,240.8803664,18.29514575,96.80568048,16,0.35,0.6
Tees,Native,0.092740594,0.15326452,0.753994886,United Kingdom,Palearctic,-1.707346062,54.56042445,1826.959932,8.144323057,429.3088508,36.83001423,93.4086985,21,0.22,0.545454545
Tees,Non-native,0.108571844,0.127178261,0.764249894,United Kingdom,Palearctic,-1.707346062,54.56042445,1826.959932,8.144323057,429.3088508,36.83001423,93.4086985,21,0.22,0.545454545
Tehuantepec,Native,0.256358359,0.348915951,0.39472569,Mexico,Neotropic,-95.9929379,16.53695049,10133.91001,22.26829791,115.4880503,1.853081822,98.02607563,35,0.5,0.68
Tehuantepec,Non-native,0.554927158,0.168004796,0.277068046,Mexico,Neotropic,-95.9929379,16.53695049,10133.91001,22.26829791,115.4880503,1.853081822,98.02607563,35,0.5,0.68
Teifi,Native,0.102163573,0.131150981,0.766685447,United Kingdom,Palearctic,-4.246280261,52.10709357,994.7850641,9.095148867,390.3318921,4.206858277,99.87276581,17,0.22,0.727272727
Teifi,Non-native,0.139202219,0.042672348,0.818125433,United Kingdom,Palearctic,-4.246280261,52.10709357,994.7850641,9.095148867,390.3318921,4.206858277,99.87276581,17,0.22,0.727272727
Tekek,Native,0.164171746,0.441553204,0.39427505,Malaysia,Indo-Malay,104.1527778,2.8,5.122820664,24.14916649,63.59572906,0.04840648,NA,9,0.41,0.512195122
Tellaro,Native,0.140976093,0.152438921,0.706584986,Italy,Palearctic,14.92449058,36.91353192,399.5605059,16.51682389,566.0568204,6.401206851,94.02480234,5,0.48,0.208333333
Tellaro,Non-native,0.405917744,0.293132769,0.300949487,Italy,Palearctic,14.92449058,36.91353192,399.5605059,16.51682389,566.0568204,6.401206851,94.02480234,5,0.48,0.208333333
Telwatta.Ganga,Native,0.115747641,0.393418037,0.490834322,Sri Lanka,Indo-Malay,80.11276428,6.168794859,64.73879736,26.78833335,55.98363119,15.50076199,99.41501776,28,0.3,0.833333333
Telwatta.Ganga,Non-native,0.417017478,0.239760474,0.343222047,Sri Lanka,Indo-Malay,80.11276428,6.168794859,64.73879736,26.78833335,55.98363119,15.50076199,99.41501776,28,0.3,0.833333333
Temash,Native,0.439932171,0.346850553,0.213217276,Belize,Neotropic,-89.08454776,16.02594561,421.1093965,25.2928467,149.0035389,1.027259499,99.8097174,16,0.34,0.882352941
Temburong.Belalong,Native,0.124690437,0.406211536,0.469098027,Brunei,Indo-Malay,115.1543436,4.543545836,1202.568723,25.84517201,37.33379082,1.998149872,99.97831566,39,0.23,0.47826087
Tempasuk,Native,0.106267186,0.375495877,0.518236937,Malaysia,Indo-Malay,116.5119987,6.222809427,852.8315422,23.98895939,45.59309411,3.3837412,99.9621636,24,0.22,0.409090909
Tempisque,Native,0.266845171,0.372331658,0.360823171,Costa Rica,Neotropic,-85.50073982,10.50610101,3231.434037,26.48355233,84.54908679,1.85962674,99.84258043,34,0.44,0.886363636
Tengqiao.Dong.He,Native,0.126618706,0.414378672,0.459002622,China,Indo-Malay,109.647069,18.50879565,700.7983232,24.37369033,305.2095583,2.281521231,96.83782082,22,0.47,0.70212766
Tengqiao.Dong.He,Non-native,0.142428926,0.301261531,0.556309543,China,Indo-Malay,109.647069,18.50879565,700.7983232,24.37369033,305.2095583,2.281521231,96.83782082,22,0.47,0.70212766
Tenjin,Native,0.172681521,0.349194465,0.478124013,Japan,Palearctic,133.8141322,35.3702678,494.2898591,12.43001543,846.348319,17.25378752,99.72065499,8,0.29,0.448275862
Tenjin,Non-native,0,0.088214167,0.911785833,Japan,Palearctic,133.8141322,35.3702678,494.2898591,12.43001543,846.348319,17.25378752,99.72065499,8,0.29,0.448275862
Tenna,Native,0.101198814,0.25115813,0.647643057,Italy,Palearctic,13.42805423,43.04606824,486.846495,11.80211817,658.0249987,22.03349638,99.36769072,9,0.36,0.5
Tenryu,Native,0.100226425,0.491835389,0.407938185,Japan,Palearctic,137.9359434,35.49592809,5155.117155,9.979845953,843.1253951,71.50566673,94.11646464,3,0.23,0.695652174
Tenryu,Non-native,0,0.128673395,0.871326605,Japan,Palearctic,137.9359434,35.49592809,5155.117155,9.979845953,843.1253951,71.50566673,94.11646464,3,0.23,0.695652174
Tensift,Native,0.084426401,0.223898537,0.691675063,Morocco,Palearctic,-8.398992159,31.52926958,20496.27278,16.47166652,559.6643075,3.30726099,97.75928307,6,0.33,0.393939394
Tensift,Non-native,0.206867231,0.337239853,0.455892916,Morocco,Palearctic,-8.398992159,31.52926958,20496.27278,16.47166652,559.6643075,3.30726099,97.75928307,6,0.33,0.393939394
Ter,Native,0.131316812,0.266111075,0.602572113,Spain,Palearctic,2.472268435,42.07476713,2969.367498,11.44532079,582.3290416,50.33140469,91.5631282,9,0.13,0.692307692
Ter,Non-native,0.139148928,0.183134692,0.67771638,Spain,Palearctic,2.472268435,42.07476713,2969.367498,11.44532079,582.3290416,50.33140469,91.5631282,9,0.13,0.692307692
Terek,Native,0.106986897,0.255168044,0.637845059,Russia,Palearctic,45.20981192,43.0586893,56521.72186,6.468625767,829.094939,2.555984616,99.30153316,57,0.5,0.96
Terek,Non-native,0.007884832,0.042891132,0.949224037,Russia,Palearctic,45.20981192,43.0586893,56521.72186,6.468625767,829.094939,2.555984616,99.30153316,57,0.5,0.96
Terengganu,Native,0.145360141,0.394816593,0.459823266,Malaysia,Indo-Malay,102.7898564,5.096135865,4537.051712,24.95599542,82.72354923,4.36827451,97.53319177,107,0.36,0.694444444
Terengganu,Non-native,0.112556592,0.218090722,0.669352686,Malaysia,Indo-Malay,102.7898564,5.096135865,4537.051712,24.95599542,82.72354923,4.36827451,97.53319177,107,0.36,0.694444444
Terraba,Native,0.203117809,0.467851258,0.329030933,Costa Rica,Neotropic,-83.31772501,9.136956586,4865.471476,20.93884261,64.30230297,4.326842308,99.92275652,43,0.47,0.723404255
Teshio,Native,0.180163146,0.297553965,0.52228289,Japan,Palearctic,142.2973996,44.52662052,5578.420613,4.789729363,1007.559481,2.707276404,97.74543494,8,0.41,0.87804878
Tet,Native,0.109359795,0.234373674,0.656266531,France,Palearctic,2.456743885,42.59891513,1402.920032,9.876370762,578.71592,13.25345063,92.64913086,23,0.25,0.88
Tet,Non-native,0.161244033,0.128752874,0.710003094,France,Palearctic,2.456743885,42.59891513,1402.920032,9.876370762,578.71592,13.25345063,92.64913086,23,0.25,0.88
Tevere,Native,0.085212753,0.192341381,0.722445866,Italy,Palearctic,12.61578268,42.59507165,17830.47591,12.3341385,656.0866085,32.4050951,95.79877009,15,0.27,0.888888889
Tevere,Non-native,0.156809768,0.223546229,0.619644003,Italy,Palearctic,12.61578268,42.59507165,17830.47591,12.3341385,656.0866085,32.4050951,95.79877009,15,0.27,0.888888889
Tha.Chin,Native,0.098317221,0.448539053,0.453143726,Thailand,Indo-Malay,99.93228262,14.44470798,12643.07302,27.91019982,158.6378905,34.89982939,96.98666698,18,0.55,0.836363636
Thames.UK,Native,0.097406394,0.16720317,0.735390436,United Kingdom,Palearctic,-0.803769399,51.59485228,13442.32055,9.872690404,475.2951178,219.5816917,98.50486596,25,0.17,0.529411765
Thames.UK,Non-native,0.137048892,0.136580016,0.726371092,United Kingdom,Palearctic,-0.803769399,51.59485228,13442.32055,9.872690404,475.2951178,219.5816917,98.50486596,25,0.17,0.529411765
Thames.USA,Native,0.176718155,0.283040276,0.540241569,United States,Nearctic,-72.12370585,41.3408306,46.0814699,10.2848484,873.6421546,84.5288105,98.75427895,43,0.24,0.416666667
Thames.USA,Non-native,0.201698317,0.071807163,0.72649452,United States,Nearctic,-72.12370585,41.3408306,46.0814699,10.2848484,873.6421546,84.5288105,98.75427895,43,0.24,0.416666667
Thelon,Native,0.223896282,0.077271127,0.698832591,Canada,Nearctic,-101.4569892,62.84220604,259931.1412,-9.558773333,1590.035951,0.000777036,99.99997939,14,0.55,0.854545455
Thio,Native,0.011077489,0.265252786,0.723669724,New Caledonia,Australasia,166.1187322,-21.69609838,394.1614677,20.92207742,248.4006285,1.102296948,99.9451094,9,0.31,0.322580645
Thjorsa,Native,0.237401919,0.080579367,0.682018715,Iceland,Palearctic,-18.78616346,64.39440588,7880.763931,0.237519527,466.250496,0.034166491,98.31357905,5,0.34,0.617647059
Thlewiasa,Native,0.225056232,0.130595395,0.644348372,Canada,Nearctic,-98.75577542,60.43217842,60233.38969,-7.927111153,1567.406644,4.65E-05,100,14,0.48,0.8125
Thomas,Native,0.070622359,0.596250884,0.333126757,Australia,Australasia,123.001319,-33.4304468,1870.021022,16.34753912,386.899099,0.080840149,99.94738807,4,0.91,0.032967033
Thompson,Native,0.082022482,0.337819139,0.580158379,Australia,Australasia,128.0224627,-14.99967955,160.948267,28.12191755,286.8486467,0.01767602,99.85339972,4,0.73,0.178082192
Thompson.creek,Native,0.046238242,0.392975451,0.560786306,Australia,Australasia,144.1964912,-38.26567861,308.0931093,14.14687044,362.4065248,6.661511779,99.87687258,6,0.25,0.36
Thompson.creek,Non-native,0.413734462,0.586265538,0,Australia,Australasia,144.1964912,-38.26567861,308.0931093,14.14687044,362.4065248,6.661511779,99.87687258,6,0.25,0.36
Thu.Bon,Native,0.108804544,0.360883582,0.530311874,Vietnam,Indo-Malay,107.8721268,15.56861302,9534.168922,23.17222486,254.5226223,1.309789285,97.6765585,233,0.31,0.709677419
Thu.Bon,Non-native,0.184322843,0.172902227,0.64277493,Vietnam,Indo-Malay,107.8721268,15.56861302,9534.168922,23.17222486,254.5226223,1.309789285,97.6765585,233,0.31,0.709677419
Thumpankeni.Tank,Native,0.115747641,0.393418037,0.490834322,Sri Lanka,Indo-Malay,81.73998788,7.524521727,11.82259889,28.03630965,140.5497894,3.374859512,99.53315,28,0.66,0.287878788
Thumpankeni.Tank,Non-native,0.417017478,0.239760474,0.343222047,Sri Lanka,Indo-Malay,81.73998788,7.524521727,11.82259889,28.03630965,140.5497894,3.374859512,99.53315,28,0.66,0.287878788
Thurra,Native,0.023565476,0.259789613,0.716644911,Australia,Australasia,149.2869588,-37.56099074,408.4261149,14.0042156,360.1508622,0.391228244,99.97747534,6,0.24,0.25
Tigil,Native,0.350693844,0.116996218,0.532309938,Russia,Palearctic,158.8922348,57.27008199,17961.91839,-3.30722633,1108.720603,0.031005886,99.99287358,13,0.62,0.725806452
Tigil,Non-native,0,0.108443781,0.891556219,Russia,Palearctic,158.8922348,57.27008199,17961.91839,-3.30722633,1108.720603,0.031005886,99.99287358,13,0.62,0.725806452
Tikhaya,Native,0.268405786,0.23185415,0.499740064,Russia,Palearctic,147.2632071,44.74556302,125.8635364,3.579186704,757.2024034,0.022523634,99.98087823,8,0.46,0.739130435
Tingalpa.creek,Native,0,0.69249726,0.30750274,Australia,Australasia,153.1812631,-27.56224855,121.2080185,19.88122396,379.6837248,29.57940722,72.72534738,2,0.43,0.186046512
Tingalpa.creek,Non-native,0.585931995,0.298100096,0.115967908,Australia,Australasia,153.1812631,-27.56224855,121.2080185,19.88122396,379.6837248,29.57940722,72.72534738,2,0.43,0.186046512
Tirtsi,Native,0.174081879,0.226580521,0.5993376,Estonia,Palearctic,22.28994686,58.43063181,39.17105405,6.517170351,729.4545617,0.354752924,99.92067616,6,0.34,0.235294118
Tiskre,Native,0.143084044,0.170782111,0.686133845,Estonia,Palearctic,24.58071253,59.41982462,76.86016848,5.816485523,794.9710667,8.474461675,99.29076496,3,0.28,0.357142857
Titicaca,Native,0.139105235,0.642714693,0.218180072,Bolivia,Neotropic,-68.77175137,-17.22831055,145064.866,7.120877595,227.0949578,0.501874112,99.45853714,35,0.35,0.914285714
Titicaca,Non-native,0.229199894,0.065914446,0.70488566,Bolivia,Neotropic,-68.77175137,-17.22831055,145064.866,7.120877595,227.0949578,0.501874112,99.45853714,35,0.35,0.914285714
Titiroa,Native,0.022722476,0.418762492,0.558515032,New Zealand,Australasia,168.8802163,-46.51859942,131.8663082,10.01359745,316.0248596,1.631922126,99.78255301,6,0.2,0.35
Titiroa,Non-native,0.28782068,0,0.71217932,New Zealand,Australasia,168.8802163,-46.51859942,131.8663082,10.01359745,316.0248596,1.631922126,99.78255301,6,0.2,0.35
Tiwaka,Native,0.031914991,0.345602789,0.622482221,New Caledonia,Australasia,165.1072652,-20.89907419,378.3326889,21.49785057,231.7892245,0.487986028,99.95573781,17,0.29,0.482758621
Tiwaka,Non-native,0.604368854,0.269815313,0.125815832,New Caledonia,Australasia,165.1072652,-20.89907419,378.3326889,21.49785057,231.7892245,0.487986028,99.95573781,17,0.29,0.482758621
Tiwi,Native,0.061229618,0.542504176,0.396266206,Australia,Australasia,130.7471046,-11.59292958,166.4701516,27.07178319,152.3265772,0.043925904,99.98221308,5,0.63,0.476190476
Tlachimala,Native,0.269127968,0.430755411,0.300116621,Mexico,Neotropic,-99.16076515,16.9226249,1261.006559,25.63823785,90.22788055,3.165678144,96.33757774,4,0.61,0.672131148
Tocantins,Native,0.214942248,0.413964054,0.371093698,Brazil,Neotropic,-49.49953393,-11.2851018,769598.561,24.9794935,89.90789958,0.689432904,99.38511067,595,0.48,0.854166667
Tocantins,Non-native,0.456736613,0.543263387,0,Brazil,Neotropic,-49.49953393,-11.2851018,769598.561,24.9794935,89.90789958,0.689432904,99.38511067,595,0.48,0.854166667
Tocuyo,Native,0.128743762,0.396475518,0.47478072,Venezuela,Neotropic,-69.70945099,10.32838452,17650.40025,23.68540127,58.38696893,7.13218987,92.41067138,111,0.25,0.56
Tocuyo,Non-native,0.271093545,0.088370083,0.640536371,Venezuela,Neotropic,-69.70945099,10.32838452,17650.40025,23.68540127,58.38696893,7.13218987,92.41067138,111,0.25,0.56
Todje,Native,0.188491477,0.403996542,0.407511981,Ghana,Afrotropic,0.712456707,6.421096403,3686.078661,26.69906509,119.1218017,0.975163206,99.9584999,25,0.32,0.78125
Togun,Native,0.071146148,0.222850144,0.706003707,South Korea,Palearctic,126.4695937,33.42000689,86.6804354,12.14225694,771.6462916,9.196617603,99.85763852,7,0.32,0.5
Togyang.ni,Native,0.129483665,0.351161252,0.519355083,South Korea,Palearctic,127.6370809,34.80695461,65.33281704,13.68562739,870.4898592,12.20229626,98.17590909,18,0.42,0.523809524
Togyang.ni,Non-native,0,0.088214167,0.911785833,South Korea,Palearctic,127.6370809,34.80695461,65.33281704,13.68562739,870.4898592,12.20229626,98.17590909,18,0.42,0.523809524
Tokachi,Native,0.248753979,0.194711568,0.556534454,Japan,Palearctic,143.2739586,43.11960514,9009.887987,4.527335868,1037.133815,6.647060871,96.85700227,5,0.38,0.815789474
Tokai,Native,0.117558771,0.391528454,0.490912775,Japan,Palearctic,136.8702228,34.32550435,11.76609346,16.05803571,720.2634103,62.14790154,99.91,4,0.35,0.371428571
Tokai,Non-native,0,0.128673395,0.871326605,Japan,Palearctic,136.8702228,34.32550435,11.76609346,16.05803571,720.2634103,62.14790154,99.91,4,0.35,0.371428571
Tokomairiro,Native,0.017493352,0.391805531,0.590701117,New Zealand,Australasia,169.9310749,-46.08918675,413.8437145,9.754811885,346.660935,0.257147364,99.78779494,11,0.19,0.421052632
Tokomairiro,Non-native,0.199403767,0.041875242,0.75872099,New Zealand,Australasia,169.9310749,-46.08918675,413.8437145,9.754811885,346.660935,0.257147364,99.78779494,11,0.19,0.421052632
Tolten,Native,0.081076647,0.400194648,0.518728704,Chile,Neotropic,-72.09391327,-39.12063905,8607.26831,9.565740778,378.2163355,0.66278667,99.81162281,12,0.31,0.806451613
Tolten,Non-native,0.228640569,0.029404722,0.741954709,Chile,Neotropic,-72.09391327,-39.12063905,8607.26831,9.565740778,378.2163355,0.66278667,99.81162281,12,0.31,0.806451613
Tomaga,Native,0.040968985,0.587767319,0.371263696,Australia,Australasia,150.1485169,-35.80277384,188.9569538,15.82419301,348.193397,1.613398463,99.88346186,13,0.49,0.102040816
Tomahawk,Native,0.0493758,0.326696894,0.623927306,Australia,Australasia,147.7442654,-40.96778062,129.1714229,12.62550506,321.7271715,0.77985771,99.91131077,6,0.41,0.390243902
Tompire,Native,0.193406592,0.39324027,0.413353138,Trinidad and Tobago,Neotropic,-60.98968254,10.78888889,35.28340124,25.81865075,60.46541169,5.766278386,99.98515205,8,0.37,0.540540541
Tonala,Native,0.27307953,0.369835559,0.357084911,Mexico,Neotropic,-93.82190828,17.75748628,5279.492491,25.92583041,226.0598429,3.241980433,99.90823279,52,0.46,0.652173913
Tonala,Non-native,0.703714389,0,0.296285611,Mexico,Neotropic,-93.82190828,17.75748628,5279.492491,25.92583041,226.0598429,3.241980433,99.90823279,52,0.46,0.652173913
Tonbetsu,Native,0.078784299,0.263981075,0.657234626,Japan,Palearctic,142.291198,44.95478229,601.4479438,4.678807464,990.8716397,1.890809864,99.92891951,8,0.44,0.727272727
Tonda,Native,0.081951768,0.391266206,0.526782026,Japan,Palearctic,135.5030567,33.76928253,256.2138171,14.61306871,765.2959114,7.404889345,99.80096094,4,0.26,0.538461538
Tone,Native,0.147955294,0.358259278,0.493785429,Japan,Palearctic,139.5453561,36.37668604,15948.33448,11.76969661,830.8057534,114.7965698,92.23856896,39,0.31,0.741935484
Tone,Non-native,0.173953986,0.221508273,0.604537741,Japan,Palearctic,139.5453561,36.37668604,15948.33448,11.76969661,830.8057534,114.7965698,92.23856896,39,0.31,0.741935484
Tonekabon,Native,0.123333543,0.179748769,0.696917688,Iran,Palearctic,50.5651996,36.7467161,426.3970178,9.246875008,847.3731786,6.616527677,99.44663777,35,0.37,0.810810811
Tonekabon,Non-native,0.151979615,0.262102935,0.58591745,Iran,Palearctic,50.5651996,36.7467161,426.3970178,9.246875008,847.3731786,6.616527677,99.44663777,35,0.37,0.810810811
Tong,Native,0.112592848,0.37872546,0.508681692,South Korea,Palearctic,129.1180731,35.25827465,203.1411722,13.378867,841.3240229,76.24979019,81.76761379,27,0.38,0.5
Tonggimnyong,Native,0.080172997,0.156169213,0.763657789,South Korea,Palearctic,126.7574346,33.50433007,36.49987417,14.34166668,773.0263513,9.196617603,99.985,6,0.28,0.464285714
Tongil.li,Native,0.073408617,0.270386596,0.656204787,South Korea,Palearctic,126.2820833,33.27354167,28.70203144,15.16406255,751.2733704,9.196617603,99.86715474,7,0.35,0.542857143
Tonija,Native,0.149952435,0.185991332,0.664056233,Estonia,Palearctic,22.89215692,58.41691262,42.980008,6.46271932,762.7524131,0.354752921,99.91294823,5,0.35,0.257142857
Tonje.ri,Native,0.132216632,0.369378169,0.4984052,South Korea,Palearctic,126.4912021,37.62948187,59.69692168,11.09604975,1024.9722,121.1980972,99.55594171,23,0.54,0.388888889
Tonje.ri,Non-native,0,0.088214167,0.911785833,South Korea,Palearctic,126.4912021,37.62948187,59.69692168,11.09604975,1024.9722,121.1980972,99.55594171,23,0.54,0.388888889
Tonji,Native,0.129788343,0.345779984,0.524431673,South Korea,Palearctic,126.4558149,36.85977075,75.35925726,11.67660548,978.7621734,15.00965023,99.96606574,31,0.43,0.534883721
Tonji,Non-native,0.142428926,0.301261531,0.556309543,South Korea,Palearctic,126.4558149,36.85977075,75.35925726,11.67660548,978.7621734,15.00965023,99.96606574,31,0.43,0.534883721
Tontouta,Native,0.033232468,0.234520054,0.732247478,New Caledonia,Australasia,166.3228309,-21.94882997,505.625084,20.45721785,259.4854935,2.394498825,99.99544006,3,0.24,0.375
Tontouta,Non-native,0.493761342,0.506238658,0,New Caledonia,Australasia,166.3228309,-21.94882997,505.625084,20.45721785,259.4854935,2.394498825,99.99544006,3,0.24,0.375
Toolse,Native,0.129929859,0.216061196,0.654008945,Estonia,Palearctic,26.44418457,59.49630824,63.7594126,5.358872928,817.3866366,0.545049332,99.88705,9,0.28,0.5
Toomuc.creek,Native,0.052320558,0.510825736,0.436853707,Australia,Australasia,145.4235035,-38.05310863,332.4856451,14.099729,373.0716472,25.40015841,78.20507861,5,0.27,0.407407407
Torbay,Native,0.107396407,0.610831415,0.281772178,Australia,Australasia,117.8289833,-35.02545176,37.4876748,15.29705887,285.941496,0.441860683,99.92116167,4,0.38,0.447368421
Torbay,Non-native,0.413734462,0.586265538,0,Australia,Australasia,117.8289833,-35.02545176,37.4876748,15.29705887,285.941496,0.441860683,99.92116167,4,0.38,0.447368421
Tornealven,Native,0.137938743,0.153212841,0.708848416,Sweden,Palearctic,22.12593359,67.87551417,39671.53771,-1.444572811,972.4871236,0.200496547,99.97191287,28,0.48,0.895833333
Touchien,Native,0.160832703,0.332494231,0.506673067,Taiwan,Indo-Malay,121.1403962,24.67215128,563.6879615,18.12211449,447.6925306,45.97667313,98.98149225,28,0.3,0.666666667
Tougur,Native,0.243014569,0.159111152,0.597874279,Russia,Palearctic,135.8386829,53.3810789,11902.7626,-5.552645587,1574.068282,0.006227733,100,22,0.58,0.844827586
Touloubre,Native,0.102049727,0.19160039,0.706349883,France,Palearctic,5.308766714,43.51589328,1680.54205,14.17120608,624.6225099,53.86405277,94.64925742,22,0.35,0.428571429
Touloubre,Non-native,0.168679928,0.169202508,0.662117564,France,Palearctic,5.308766714,43.51589328,1680.54205,14.17120608,624.6225099,53.86405277,94.64925742,22,0.35,0.428571429
Touques,Native,0.170325012,0.212603912,0.617071076,France,Palearctic,0.296732257,49.10179892,1285.29171,10.46780087,468.7615626,17.81296825,99.70807906,12,0.22,0.636363636
Touques,Non-native,0.115226205,0.083321106,0.801452689,France,Palearctic,0.296732257,49.10179892,1285.29171,10.46780087,468.7615626,17.81296825,99.70807906,12,0.22,0.636363636
Towamba,Native,0.025421582,0.439625881,0.534952537,Australia,Australasia,149.585131,-37.00629161,1094.534335,13.08073308,382.5314918,0.710125491,99.90794795,15,0.72,0.055555556
Towamba,Non-native,0.405917744,0.293132769,0.300949487,Australia,Australasia,149.585131,-37.00629161,1094.534335,13.08073308,382.5314918,0.710125491,99.90794795,15,0.72,0.055555556
Towns,Native,0.107970899,0.392191333,0.499837768,Australia,Australasia,134.9131213,-15.29534852,4514.251394,27.35823347,350.7405908,0.012718497,99.99516085,21,0.77,0.12987013
Towon.Josuji,Native,0.150208296,0.379941772,0.469849932,South Korea,Palearctic,128.4850744,38.28509763,87.30188539,10.71507453,892.4001624,1.689056039,78.00725755,32,0.42,0.333333333
Towon.Josuji,Non-native,0,0.088214167,0.911785833,South Korea,Palearctic,128.4850744,38.28509763,87.30188539,10.71507453,892.4001624,1.689056039,78.00725755,32,0.42,0.333333333
Tra.Khuc,Native,0.130891532,0.408583849,0.460524618,Vietnam,Indo-Malay,108.4631194,14.95211977,3452.482262,23.29374351,242.2388694,1.916298687,99.77748775,48,0.27,0.740740741
Tra.Khuc,Non-native,0.413734462,0.586265538,0,Vietnam,Indo-Malay,108.4631194,14.95211977,3452.482262,23.29374351,242.2388694,1.916298687,99.77748775,48,0.27,0.740740741
Tram,Native,0.127311318,0.451326149,0.421362533,Vietnam,Indo-Malay,103.988243,10.39984245,60.11106419,26.87236508,79.4874005,0.541736469,99.88170448,17,0.51,0.68627451
Trang,Native,0.140256165,0.355048214,0.50469562,Thailand,Indo-Malay,99.57599907,7.829788217,3559.545219,26.97367855,72.66531332,3.430942237,99.83012244,31,0.33,0.848484848
Trang,Non-native,0,0.128673395,0.871326605,Thailand,Indo-Malay,99.57599907,7.829788217,3559.545219,26.97367855,72.66531332,3.430942237,99.83012244,31,0.33,0.848484848
Transquaking,Native,0.201964714,0.255109843,0.542925444,United States,Nearctic,-75.93845423,38.48784533,333.0146293,13.51875836,844.7505461,17.52403641,99.94081846,33,0.24,0.583333333
Trat,Native,0.155940939,0.368957276,0.475101785,Thailand,Indo-Malay,102.5161735,12.4966837,1676.002023,26.79243252,100.1238353,2.15719524,98.59904542,39,0.54,0.796296296
Trat,Non-native,0,0.128673395,0.871326605,Thailand,Indo-Malay,102.5161735,12.4966837,1676.002023,26.79243252,100.1238353,2.15719524,98.59904542,39,0.54,0.796296296
Trent.Aus,Native,0.079878838,0.559594362,0.360526799,Australia,Australasia,123.6979036,-16.60176997,105.0703802,27.31383592,246.4612572,0.012171378,100,4,0.73,0.191780822
Trent.UK,Native,0.097976345,0.154779706,0.747243949,United Kingdom,Palearctic,-1.435790606,52.95174057,10324.05415,9.077098216,460.1017437,95.36167717,96.41474319,29,0.21,0.476190476
Trent.UK,Non-native,0.123363641,0.135902924,0.740733435,United Kingdom,Palearctic,-1.435790606,52.95174057,10324.05415,9.077098216,460.1017437,95.36167717,96.41474319,29,0.21,0.476190476
Tres.Arroyos,Native,0.27887106,0.460014034,0.261114906,Argentina,Neotropic,-60.24357982,-38.17508717,2929.141737,13.89578049,512.8729787,0.328369077,99.69956721,6,0.66,0.075757576
Trial.Well,Native,0.145574155,0,0.854425845,Australia,Australasia,131.3129223,-31.00196606,3056.748585,18.29735863,427.7523967,0.003399707,99.97961369,1,0.79,0.063291139
Trial.Well,Non-native,0,0.088214167,0.911785833,Australia,Australasia,131.3129223,-31.00196606,3056.748585,18.29735863,427.7523967,0.003399707,99.97961369,1,0.79,0.063291139
Trieux,Native,0.153875893,0.17632221,0.669801898,France,Palearctic,-3.086024248,48.55988716,843.8812788,10.94387354,404.3282146,8.097929835,99.46632504,9,0.27,0.62962963
Trieux,Non-native,0.398101026,0,0.601898974,France,Palearctic,-3.086024248,48.55988716,843.8812788,10.94387354,404.3282146,8.097929835,99.46632504,9,0.27,0.62962963
Trigno,Native,0.08266251,0.21977636,0.69756113,Italy,Palearctic,14.52534662,41.83057922,1217.344563,12.61041119,638.8302159,21.0190444,99.47300185,7,0.38,0.5
Trigno,Non-native,0.095940227,0.072295854,0.831763919,Italy,Palearctic,14.52534662,41.83057922,1217.344563,12.61041119,638.8302159,21.0190444,99.47300185,7,0.38,0.5
Triigi.Sadam,Native,0.187440544,0.228810792,0.583748665,Estonia,Palearctic,22.67899876,58.49609842,67.84999342,6.48909816,747.062449,0.354752924,99.91174528,4,0.35,0.228571429
Trinity,Native,0.188236725,0.327095964,0.484667311,United States,Nearctic,-96.54657771,32.28304071,45791.82631,18.44454044,781.4856775,40.11089182,90.03124053,99,0.19,0.631578947
Trinity,Non-native,0.131967043,0.103898129,0.764134829,United States,Nearctic,-96.54657771,32.28304071,45791.82631,18.44454044,781.4856775,40.11089182,90.03124053,99,0.19,0.631578947
Trinity.Inlet,Native,0.0279005,0.377675961,0.594423539,Australia,Australasia,145.7692872,-17.0136757,263.8036403,24.0256856,252.8956276,2.177611202,99.58249659,15,0.49,0.346938776
Truckee,Native,0.212835315,0.127183077,0.659981608,United States,Nearctic,-119.7761907,39.55367481,7169.799701,8.543416661,734.8739675,11.36318207,91.87368011,9,0.28,0.464285714
Truckee,Non-native,0.238246873,0.099321097,0.66243203,United States,Nearctic,-119.7761907,39.55367481,7169.799701,8.543416661,734.8739675,11.36318207,91.87368011,9,0.28,0.464285714
Truxton.Wash,Native,0.125962059,0.520639516,0.353398425,United States,Nearctic,-113.8203412,35.47874639,3674.573404,15.34628343,811.3964735,1.364765286,99.94454694,1,0.81,0.074074074
Tsengwen,Native,0.155570951,0.343346136,0.501082913,Taiwan,Indo-Malay,120.4909705,23.20901929,1375.51266,21.38624428,387.4635177,53.81553268,87.09898892,29,0.38,0.736842105
Tsubai,Native,0.253147032,0.071053231,0.675799737,Japan,Palearctic,139.9994068,40.46409824,42.29375333,8.42753908,893.6380491,11.5521419,99.9619735,2,0.28,0.607142857
Tsurumi,Native,0.083014747,0.491219642,0.425765611,Japan,Palearctic,139.5673681,35.54907762,310.9513944,15.41968227,775.9535425,960.2621307,92.70127088,2,0.29,0.551724138
Tuam.josuji,Native,0.069738395,0.42156062,0.508700985,South Korea,Palearctic,126.4773793,35.39201549,67.46274832,13.13691754,913.8996667,34.35796595,99.58494047,11,0.36,0.5
Tuam.josuji,Non-native,0.142428926,0.301261531,0.556309543,South Korea,Palearctic,126.4773793,35.39201549,67.46274832,13.13691754,913.8996667,34.35796595,99.58494047,11,0.36,0.5
Tubuai,Native,0.020206154,0.341074534,0.638719312,French Polynesia,Australasia,-149.4908333,-23.38805556,11.79333286,22.36071437,200.8853989,0.067554042,NA,10,0.29,0.310344828
Tucacas1,Native,0.19167386,0.460690361,0.347635778,Venezuela,Neotropic,-68.38453178,10.84633962,81.97654839,26.28016516,60.19267734,10.51899409,99.7,21,0.34,0.264705882
Tucacas1,Non-native,0.259729408,0.25972778,0.480542811,Venezuela,Neotropic,-68.38453178,10.84633962,81.97654839,26.28016516,60.19267734,10.51899409,99.7,21,0.34,0.264705882
Tucacas2,Native,0.19167386,0.460690361,0.347635778,Venezuela,Neotropic,-68.37917056,10.79499509,87.84151482,26.75375817,59.58396134,10.51899385,99.24964543,21,0.25,0.52
Tucacas2,Non-native,0.259729408,0.25972778,0.480542811,Venezuela,Neotropic,-68.37917056,10.79499509,87.84151482,26.75375817,59.58396134,10.51899385,99.24964543,21,0.25,0.52
Tucacas3,Native,0.19167386,0.460690361,0.347635778,Venezuela,Neotropic,-68.38666101,10.74695134,85.45104048,26.8818729,58.2820116,10.51899409,99.66711493,21,0.23,0.565217391
Tucacas3,Non-native,0.259729408,0.25972778,0.480542811,Venezuela,Neotropic,-68.38666101,10.74695134,85.45104048,26.8818729,58.2820116,10.51899409,99.66711493,21,0.23,0.565217391
Tuchon.chon,Native,0.132701604,0.309638187,0.55766021,South Korea,Palearctic,129.320148,37.0268986,125.7343083,11.44678443,887.5005178,3.753386557,99.87247359,18,0.42,0.214285714
Tuchon.chon,Non-native,0,0.088214167,0.911785833,South Korea,Palearctic,129.320148,37.0268986,125.7343083,11.44678443,887.5005178,3.753386557,99.87247359,18,0.42,0.214285714
Tugela,Native,0.070811367,0.324854978,0.604333655,South Africa,Afrotropic,30.09277963,-28.50302726,29160.36938,16.7271391,366.7700031,2.542050183,90.74510924,47,0.39,0.717948718
Tugela,Non-native,0.203444264,0.06767009,0.728885646,South Africa,Afrotropic,30.09277963,-28.50302726,29160.36938,16.7271391,366.7700031,2.542050183,90.74510924,47,0.39,0.717948718
Tuhai.Majia.He,Native,0.117270341,0.303935684,0.578793976,China,Palearctic,116.8317207,36.99410135,14365.33364,13.27920845,1077.911831,12.89939845,99.37735375,47,0.34,0.647058824
Tuhai.Majia.He,Non-native,0.142428926,0.301261531,0.556309543,China,Palearctic,116.8317207,36.99410135,14365.33364,13.27920845,1077.911831,12.89939845,99.37735375,47,0.34,0.647058824
Tuira,Native,0.243667434,0.364109675,0.392222891,Panama,Neotropic,-77.72501433,8.230769171,10734.51984,25.41765609,41.54199912,0.259024963,99.99522787,109,0.5,0.64
Tuira,Non-native,0.647694139,0.352305861,0,Panama,Neotropic,-77.72501433,8.230769171,10734.51984,25.41765609,41.54199912,0.259024963,99.99522787,109,0.5,0.64
Tukituki,Native,0.025577082,0.399879614,0.574543305,New Zealand,Australasia,176.5011704,-39.90455703,2500.686771,12.0553573,373.6269938,2.101130277,99.79301443,16,0.3,0.3
Tukituki,Non-native,0.228640569,0.042891132,0.7284683,New Zealand,Australasia,176.5011704,-39.90455703,2500.686771,12.0553573,373.6269938,2.101130277,99.79301443,16,0.3,0.3
Tule.valley,Native,0.128489715,0.27650056,0.595009725,United States,Nearctic,-113.5278473,39.35458481,2200.073217,10.75331647,941.4685794,0.062573782,99.94385186,2,0.81,0.049382716
Tully.Murray,Native,0.077445394,0.378449947,0.544104659,Australia,Australasia,145.7405004,-17.87901809,1503.675475,21.84009712,299.8757919,1.483490109,95.98407444,39,0.29,0.689655172
Tulufan,Native,0.156863269,0.411878787,0.431257944,China,Palearctic,89.01703464,42.85078194,34921.17351,8.002022976,1271.090215,0.673936211,98.58989882,7,0.63,0.904761905
Tulum,Native,0.379691139,0.332822907,0.287485954,Mexico,Neotropic,-87.50342536,20.35155762,609.1112369,25.60147681,173.2641961,1.928582668,99.83913507,4,0.35,0.714285714
Tumbez,Native,0.163227431,0.369480237,0.467292332,Ecuador,Neotropic,-80.03151181,-3.860943593,5372.051867,22.19295851,67.52070915,2.615840852,99.72323526,24,0.33,0.848484848
Tumbez,Non-native,0.703714389,0,0.296285611,Ecuador,Neotropic,-80.03151181,-3.860943593,5372.051867,22.19295851,67.52070915,2.615840852,99.72323526,24,0.33,0.848484848
Tumen,Native,0.144495375,0.265546478,0.589958147,China,Palearctic,129.5930071,42.75654374,33191.36213,3.18691055,1220.566676,1.083756149,96.36453002,86,0.52,0.788461538
Tumen,Non-native,0,0.044107084,0.955892916,China,Palearctic,129.5930071,42.75654374,33191.36213,3.18691055,1220.566676,1.083756149,96.36453002,86,0.52,0.788461538
Tunaicha,Native,0.183734069,0.399066983,0.417198947,Russia,Palearctic,143.1397471,46.75437792,646.8331818,2.392049255,1010.057555,0.503257021,99.95435466,4,0.44,0.613636364
Tunisia.un.1,Native,0.218614499,0.423720638,0.357664863,Tunisia,Palearctic,10.07006657,33.62940782,616.0906864,20.33502708,653.6268494,1.387979954,99.64243423,1,0.6,0.066666667
Tunisia.un.1,Non-native,0.413734462,0.586265538,0,Tunisia,Palearctic,10.07006657,33.62940782,616.0906864,20.33502708,653.6268494,1.387979954,99.64243423,1,0.6,0.066666667
Tunisia.un.2,Native,0.218614499,0.423720638,0.357664863,Tunisia,Palearctic,10.25742694,33.51608886,228.4223674,20.93217809,650.8715263,1.431760654,99.68919029,1,0.66,0.060606061
Turakina,Native,0,0.408659711,0.591340289,New Zealand,Australasia,175.4900978,-39.82739019,984.5290554,11.84658126,362.846594,1.679585516,99.86325732,10,0.3,0.333333333
Turakina,Non-native,0.16969596,0.07080796,0.75949608,New Zealand,Australasia,175.4900978,-39.82739019,984.5290554,11.84658126,362.846594,1.679585516,99.86325732,10,0.3,0.333333333
Turama,Native,0.430143977,0.187010062,0.382845961,Papua New Guinea,Australasia,143.2833085,-7.079086767,4026.480659,25.06293652,91.86079723,0.092510678,99.94296735,23,0.33,0.242424242
Turanganui,Native,0.011990605,0.392300009,0.595709387,New Zealand,Australasia,178.0415876,-38.56361472,313.7542256,13.72322445,349.1370858,0.56046854,99.57003849,10,0.39,0.307692308
Turanganui,Non-native,0.319032376,0.245304321,0.435663303,New Zealand,Australasia,178.0415876,-38.56361472,313.7542256,13.72322445,349.1370858,0.56046854,99.57003849,10,0.39,0.307692308
Turia,Native,0.126320426,0.200358902,0.673320672,Spain,Palearctic,-1.064608451,40.10495989,6305.995801,11.5882703,655.0868019,14.99097395,91.10661655,9,0.33,0.212121212
Turia,Non-native,0.177001353,0.162828252,0.660170394,Spain,Palearctic,-1.064608451,40.10495989,6305.995801,11.5882703,655.0868019,14.99097395,91.10661655,9,0.33,0.212121212
Turkana,Native,0.185329123,0.33656555,0.478105327,Ethiopia,Afrotropic,36.54653066,5.151155841,184419.6698,22.7003572,85.82516834,0.47291667,99.60545383,70,0.44,0.863636364
Turkana,Non-native,0.001508679,0.208835506,0.789655815,Ethiopia,Afrotropic,36.54653066,5.151155841,184419.6698,22.7003572,85.82516834,0.47291667,99.60545383,70,0.44,0.863636364
Turner,Native,0.006644714,0.357487324,0.635867962,Australia,Australasia,118.7132592,-20.98725431,4919.930363,26.95314754,486.6035465,0.178938288,99.97878678,9,0.81,0.086419753
Tuross,Native,0.036950378,0.443944506,0.519105117,Australia,Australasia,149.7427157,-36.19506848,1815.047871,13.31639945,391.3683427,1.096233502,99.93826271,23,0.47,0.085106383
Tuross,Non-native,0.350777571,0.293132769,0.35608966,Australia,Australasia,149.7427157,-36.19506848,1815.047871,13.31639945,391.3683427,1.096233502,99.93826271,23,0.47,0.085106383
Tutong,Native,0.158881804,0.333188357,0.507929838,Brunei,Indo-Malay,114.7250056,4.596454509,1012.187612,26.91006304,40.35331141,14.52497482,98.13000789,41,0.25,0.44
Tutong,Non-native,0.075905427,0.469586294,0.454508279,Brunei,Indo-Malay,114.7250056,4.596454509,1012.187612,26.91006304,40.35331141,14.52497482,98.13000789,41,0.25,0.44
Tuudi,Native,0.143084044,0.170782111,0.686133845,Estonia,Palearctic,23.84920462,58.62063628,197.6409869,6.192931022,812.3935875,0.271776244,99.94055195,3,0.23,0.347826087
Tuxpan,Native,0.127377173,0.348965635,0.523657193,Mexico,Neotropic,-97.94111441,20.74558899,5891.924203,21.95115385,286.0954103,7.839084148,99.83444171,24,0.28,0.428571429
Tuy,Native,0.242433654,0.404397789,0.353168557,Venezuela,Neotropic,-66.65684479,10.25660912,6577.911429,23.39630606,80.79317986,42.60966301,96.36944725,49,0.3,0.866666667
Tuy,Non-native,0.051924203,0.482930161,0.465145636,Venezuela,Neotropic,-66.65684479,10.25660912,6577.911429,23.39630606,80.79317986,42.60966301,96.36944725,49,0.3,0.866666667
Tuz,Native,0.103097338,0.309311087,0.587591575,Turkey,Palearctic,33.5194812,38.47440211,18643.32922,10.49289897,790.3126886,5.771798134,97.40522698,10,0.58,0.293103448
Tweed.Aus,Native,0.060414944,0.502631302,0.436953753,Australia,Australasia,153.319961,-28.35404979,1095.103829,18.76302694,367.0710775,11.29133582,97.61469096,23,0.48,0.125
Tweed.Aus,Non-native,0.413734462,0.586265538,0,Australia,Australasia,153.319961,-28.35404979,1095.103829,18.76302694,367.0710775,11.29133582,97.61469096,23,0.48,0.125
Tweed.UK,Native,0.098990455,0.126419921,0.774589624,United Kingdom,Palearctic,-2.706389506,55.58417028,5010.713144,7.264597539,425.4984737,13.06418228,97.53057152,14,0.21,0.571428571
Tweed.UK,Non-native,0.129036065,0.193216911,0.677747024,United Kingdom,Palearctic,-2.706389506,55.58417028,5010.713144,7.264597539,425.4984737,13.06418228,97.53057152,14,0.21,0.571428571
Tyne,Native,0.108019731,0.153811598,0.738168671,United Kingdom,Palearctic,-2.19283484,55.0192241,2891.860012,7.720277164,425.8150002,14.97434497,93.65427703,19,0.22,0.590909091
Tyne,Non-native,0.10932173,0.116681809,0.773996461,United Kingdom,Palearctic,-2.19283484,55.0192241,2891.860012,7.720277164,425.8150002,14.97434497,93.65427703,19,0.22,0.590909091
Ua.Huka1,Native,0.086219794,0.517904729,0.395875477,French Polynesia,Australasia,-139.5639881,-8.916964286,23.65264452,25.69241067,54.00935418,0.021561749,NA,9,0.62,0.112903226
Ua.Huka2,Native,0.090023476,0.48445728,0.425519244,French Polynesia,Australasia,-139.5269444,-8.918055556,12.67102267,25.51190499,52.23607472,0.021561749,NA,8,0.6,0.116666667
Ua.Pou1,Native,0.019605997,0.521980536,0.458413467,French Polynesia,Australasia,-140.0475,-9.386944444,12.65476245,25.54523781,52.42398453,0.069198191,NA,5,0.65,0.107692308
Ua.Pou2,Native,0.114213125,0.402553974,0.483232901,French Polynesia,Australasia,-140.04375,-9.407291667,6.748820548,25.6339283,53.57583836,0.069198191,NA,6,0.62,0.112903226
Uaso.Nyiro.River,Native,0.177805367,0.267389932,0.554804701,Kenya,Afrotropic,38.09505388,1.044737283,77914.98826,23.8601449,84.85615513,0.246220674,99.94988889,27,0.26,0.461538462
Uaso.Nyiro.River,Non-native,0.703714389,0,0.296285611,Kenya,Afrotropic,38.09505388,1.044737283,77914.98826,23.8601449,84.85615513,0.246220674,99.94988889,27,0.26,0.461538462
Ubatiba,Native,0.22808068,0.504418393,0.267500927,Brazil,Neotropic,-42.55084489,-22.8619234,159.2769495,22.50704813,216.418203,10.76472855,99.51789776,24,0.28,0.357142857
Ubatiba,Non-native,0.493761342,0.506238658,0,Brazil,Neotropic,-42.55084489,-22.8619234,159.2769495,22.50704813,216.418203,10.76472855,99.51789776,24,0.28,0.357142857
Uda,Native,0.274463618,0.150500871,0.575035512,Russia,Palearctic,133.0402596,54.49775639,61239.26971,-6.298704427,1637.351003,0.008293806,99.99994834,17,0.58,0.896551724
Udobnaya,Native,0.390842789,0.063389925,0.545767286,Russia,Palearctic,147.9822018,45.29595713,62.68142427,2.910076532,734.3690522,0.020456931,99.90359508,3,0.52,0.576923077
Uisin.chon,Native,0.115499903,0.378747587,0.50575251,South Korea,Palearctic,126.30573,34.42774735,91.78994928,13.88040548,827.3111297,9.527026057,99.9316638,28,0.46,0.326086957
Uisin.chon,Non-native,0,0.088214167,0.911785833,South Korea,Palearctic,126.30573,34.42774735,91.78994928,13.88040548,827.3111297,9.527026057,99.9316638,28,0.46,0.326086957
Ulja,Native,0.313024644,0.138659344,0.548316013,Russia,Palearctic,140.1656942,58.76413458,15476.85946,-7.404292496,1515.19164,0.007427838,99.99997802,13,0.62,0.612903226
Ulla,Native,0.135078981,0.169800597,0.695120422,Spain,Palearctic,-8.225975049,42.78040304,2794.439881,12.46849594,430.3334446,19.66907024,96.4829988,9,0.3,0.666666667
Ulla,Non-native,0.398101026,0,0.601898974,Spain,Palearctic,-8.225975049,42.78040304,2794.439881,12.46849594,430.3334446,19.66907024,96.4829988,9,0.3,0.666666667
Ulua,Native,0.294109808,0.347857183,0.358033009,Honduras,Neotropic,-87.89669925,14.78615551,21809.95354,22.12093118,145.6836378,3.264697134,97.88589314,57,0.45,0.822222222
Ulua,Non-native,0.492790369,0.008080663,0.499128967,Honduras,Neotropic,-87.89669925,14.78615551,21809.95354,22.12093118,145.6836378,3.264697134,97.88589314,57,0.45,0.822222222
Ulungur,Native,0.067547146,0.14700162,0.785451234,China,Palearctic,89.56427383,46.68646315,39869.43992,1.525193137,1379.158262,0.056804508,99.73613773,11,0.58,0.689655172
Ulungur,Non-native,0.027325815,0.068354414,0.90431977,China,Palearctic,89.56427383,46.68646315,39869.43992,1.525193137,1379.158262,0.056804508,99.73613773,11,0.58,0.689655172
Umbuluzi.River,Native,0.12910639,0.374764057,0.496129553,Swaziland,Afrotropic,31.89554708,-26.08797923,5493.094804,21.7370768,271.4615633,1.906019121,91.18365998,41,0.58,0.293103448
Umealven,Native,0.154827519,0.14513136,0.700041121,Sweden,Palearctic,17.19760424,65.34472598,26996.56903,-0.206274203,885.6634087,0.211634759,95.55340707,24,0.38,0.868421053
Umealven,Non-native,0.340477413,0,0.659522587,Sweden,Palearctic,17.19760424,65.34472598,26996.56903,-0.206274203,885.6634087,0.211634759,95.55340707,24,0.38,0.868421053
Umpqua,Native,0.256857028,0.179791026,0.563351946,United States,Nearctic,-123.1428391,43.27794486,12093.58815,10.29476298,527.9929058,2.574412435,98.26028743,25,0.37,0.810810811
Unare,Native,0.12757251,0.433675136,0.438752354,Venezuela,Neotropic,-65.27538624,9.401401662,22228.09254,26.3960588,56.90372578,1.948299557,92.28473005,20,0.42,0.619047619
Ungdong.man,Native,0.117117322,0.354210832,0.528671846,South Korea,Palearctic,128.7709857,35.13902485,25.05236069,12.68333334,849.9832548,121.638588,99.91267674,17,0.38,0.421052632
Ungdong.man,Non-native,0,0.088214167,0.911785833,South Korea,Palearctic,128.7709857,35.13902485,25.05236069,12.68333334,849.9832548,121.638588,99.91267674,17,0.38,0.421052632
Unjon.josuji,Native,0.137213882,0.362100146,0.500685972,South Korea,Palearctic,126.6862883,34.46416316,71.77698354,13.69722223,852.0645676,9.527026057,99.9489587,29,0.51,0.31372549
Unjon.josuji,Non-native,0.142428926,0.301261531,0.556309543,South Korea,Palearctic,126.6862883,34.46416316,71.77698354,13.69722223,852.0645676,9.527026057,99.9489587,29,0.51,0.31372549
Uppala,Native,0.148134184,0.43123204,0.420633776,India,Indo-Malay,75.03349955,12.7569754,258.9308684,26.88823215,133.0908974,5.227433801,99.83623177,22,0.58,0.74137931
Uppala,Non-native,0.758129529,0.009934655,0.231935816,India,Indo-Malay,75.03349955,12.7569754,258.9308684,26.88823215,133.0908974,5.227433801,99.83623177,22,0.58,0.74137931
Ural,Native,0.104965816,0.196028619,0.699005565,Russia,Palearctic,55.67341058,51.03603404,252983.638,4.609889467,1348.978096,1.08044225,98.31873334,48,0.43,0.674418605
Ural,Non-native,0,0,1,Russia,Palearctic,55.67341058,51.03603404,252983.638,4.609889467,1348.978096,1.08044225,98.31873334,48,0.43,0.674418605
Urama,Native,0.221982871,0.430188436,0.347828693,Venezuela,Neotropic,-68.34070728,10.34994778,587.9391842,24.00977998,50.35186855,10.51899409,91.25271349,32,0.3,0.8
Urama,Non-native,0.259729408,0.25972778,0.480542811,Venezuela,Neotropic,-68.34070728,10.34994778,587.9391842,24.00977998,50.35186855,10.51899409,91.25271349,32,0.3,0.8
Uramura.un,Native,0.093989254,0.523462168,0.382548578,Japan,Palearctic,136.8898938,34.43494627,17.54109959,15.5835317,739.3539748,62.14790249,99.90490508,10,0.31,0.322580645
Uranchab,Native,0.122725197,0.394819795,0.482455008,China,Palearctic,111.4456292,41.89224489,12039.95452,3.719881317,1306.390498,0.619039774,98.02110783,6,0.9,0.055555556
Urbina,Native,0.239749834,0.373443367,0.386806799,Mexico,Neotropic,-93.46014176,15.84917349,346.2494514,26.91667664,86.86191199,0.520499833,99.93338156,13,0.55,0.818181818
Urubokka.Oya,Native,0.116886926,0.370966007,0.512147067,Sri Lanka,Indo-Malay,80.75769923,6.201119161,385.8253684,26.54155622,58.02926938,15.50076222,85.85349014,31,0.32,0.53125
Urubokka.Oya,Non-native,0.417017478,0.239760474,0.343222047,Sri Lanka,Indo-Malay,80.75769923,6.201119161,385.8253684,26.54155622,58.02926938,15.50076222,85.85349014,31,0.32,0.53125
Uruguay,Native,0.264712652,0.37039699,0.364890358,Brazil,Neotropic,-54.90130971,-29.20087141,272718.2304,18.67751322,409.9561073,1.527102858,96.94177131,408,0.19,0.473684211
Uruguay,Non-native,0.225486853,0.01574014,0.758773007,Brazil,Neotropic,-54.90130971,-29.20087141,272718.2304,18.67751322,409.9561073,1.527102858,96.94177131,408,0.19,0.473684211
Usoriyama.ko,Native,0.111955368,0.142106461,0.74593817,Japan,Palearctic,141.1284385,41.34203656,85.31441249,8.544061665,856.0319435,1.929595917,99.94609151,1,0.33,0.575757576
Usumacinta,Native,0.313924363,0.347561636,0.338514001,Mexico,Neotropic,-91.71439527,16.63930585,125683.9719,23.33678721,169.8166575,2.809926867,98.70271074,124,0.44,0.818181818
Usumacinta,Non-native,0.426574271,0.058649854,0.514775876,Mexico,Neotropic,-91.71439527,16.63930585,125683.9719,23.33678721,169.8166575,2.809926867,98.70271074,124,0.44,0.818181818
Vaana,Native,0.179450271,0.189828211,0.630721518,Estonia,Palearctic,24.60721141,59.3452017,293.2376865,5.680031337,795.5476508,8.474462152,99.64864287,14,0.25,0.44
Vado.Ancho,Native,0.278669834,0.347681771,0.373648395,Mexico,Neotropic,-92.90825033,15.54528042,401.5146636,24.70971942,90.70412804,3.055894613,99.93208018,12,0.68,0.632352941
Vailala,Native,0.231162864,0.265310576,0.50352656,Papua New Guinea,Australasia,145.627063,-7.36699675,5701.752941,22.97706937,74.71606107,0.150088944,99.9885302,9,0.25,0.28
Vainupea,Native,0.190960342,0.249766126,0.559273532,Estonia,Palearctic,26.26555895,59.53823012,81.48696728,5.319067815,811.3078241,0.545049332,99.92498153,7,0.32,0.28125
Vaiste.Laht,Native,0.176593786,0.239649652,0.583756562,Estonia,Palearctic,23.79340926,58.41534092,77.31040546,6.281666652,806.6151397,0.266493846,99.94954513,9,0.3,0.3
Vaivara,Native,0.294729101,0.429526464,0.275744435,Estonia,Palearctic,27.71367203,59.36933097,105.9483482,4.804479106,872.2241684,0.765712649,99.84237872,1,0.28,0.392857143
Valapattanam,Native,0.122151297,0.394617053,0.48323165,India,Indo-Malay,75.69191669,12.01973687,1794.617617,25.13977487,139.2760881,7.934702039,97.51981146,62,0.59,0.762711864
Valapattanam,Non-native,0.625945436,0.258086656,0.115967908,India,Indo-Malay,75.69191669,12.01973687,1794.617617,25.13977487,139.2760881,7.934702039,97.51981146,62,0.59,0.762711864
Valcheta,Native,0.298429881,0.462571409,0.238998709,Argentina,Neotropic,-66.08722323,-40.87254356,2471.211808,13.72089807,578.8825309,0.039980125,99.93587745,4,0.49,0.102040816
Valcheta,Non-native,0.398101026,0,0.601898974,Argentina,Neotropic,-66.08722323,-40.87254356,2471.211808,13.72089807,578.8825309,0.039980125,99.93587745,4,0.49,0.102040816
Valdivia,Native,0.094525306,0.413429073,0.492045621,Chile,Neotropic,-72.37648641,-39.76264707,10238.93669,9.637818409,362.4988423,0.683404565,99.90597437,11,0.32,0.875
Valdivia,Non-native,0.347544184,0.20728299,0.445172825,Chile,Neotropic,-72.37648641,-39.76264707,10238.93669,9.637818409,362.4988423,0.683404565,99.90597437,11,0.32,0.875
Valgejogi,Native,0.161658929,0.188728546,0.649612526,Estonia,Palearctic,25.92579428,59.34383204,299.4201381,5.065998771,831.0016724,0.850453451,99.89225179,17,0.29,0.482758621
Valkla,Native,0.132551691,0.197329186,0.670119122,Estonia,Palearctic,25.38825922,59.44565796,138.4745783,5.264129163,817.4113254,0.982371092,99.86663429,9,0.28,0.428571429
Valle,Native,0.134130404,0.231616142,0.634253453,Spain,Palearctic,-5.767146542,36.11803469,146.6599937,17.5315594,455.0540058,NA,99.08882878,8,0.62,0.225806452
Valle.de.Mexico,Native,0.157987615,0.402125542,0.439886843,Mexico,Neotropic,-98.83179687,19.68860899,7822.55333,14.44971865,180.5528517,148.3348999,93.19066611,9,0.38,0.710526316
Valle.de.Mexico,Non-native,0.480781392,0.303207283,0.216011325,Mexico,Neotropic,-98.83179687,19.68860899,7822.55333,14.44971865,180.5528517,148.3348999,93.19066611,9,0.38,0.710526316
Vamanapuram,Native,0.134380974,0.371546608,0.494072418,India,Indo-Malay,76.96998344,8.720564312,708.6015017,26.76554255,91.07987021,8.272507191,98.76031072,25,0.39,0.794871795
Van,Native,0.10962692,0.265646863,0.624726217,Turkey,Palearctic,43.36089102,38.71780471,17059.13469,6.885519095,938.1111882,1.451880813,96.19221174,10,0.36,0.638888889
Van,Non-native,0,0.088214167,0.911785833,Turkey,Palearctic,43.36089102,38.71780471,17059.13469,6.885519095,938.1111882,1.451880813,96.19221174,10,0.36,0.638888889
Vanajogi,Native,0.179268203,0.128086583,0.692645214,Estonia,Palearctic,22.44878102,58.86795257,11.93999744,6.231388887,717.2387166,0.354752928,NA,4,0.4,0.175
Var,Native,0.09277089,0.176026021,0.73120309,France,Palearctic,6.989787552,44.02466098,2831.301195,8.188841566,604.3597275,14.07543683,99.68245273,17,0.25,0.6
Var,Non-native,0.195712173,0.071653193,0.732634634,France,Palearctic,6.989787552,44.02466098,2831.301195,8.188841566,604.3597275,14.07543683,99.68245273,17,0.25,0.6
Vargas.creek,Native,0.20194744,0.164886582,0.633165978,United States,Nearctic,-98.30390137,26.84269278,5452.832643,22.62926892,583.5897346,8.045080781,99.39585733,10,0.93,0.032258065
Vasalemma,Native,0.187865519,0.194297453,0.617837028,Estonia,Palearctic,24.34240037,59.20178132,429.4030831,5.95291495,808.612426,8.474462032,99.91566633,16,0.25,0.44
Vashon.Island,Native,0.261919243,0.126561745,0.611519012,United States,Nearctic,-122.4702545,47.41137291,114.3622592,10.26302712,435.1161867,134.0558987,99.86107082,21,0.51,0.568627451
Vasiku,Native,0.174081879,0.226580521,0.5993376,Estonia,Palearctic,22.05481556,58.32163299,37.96998584,6.727447903,732.4017311,0.295902159,99.8972,6,0.38,0.236842105
Vasse,Native,0.072508991,0.511291739,0.41619927,Australia,Australasia,115.2212945,-33.77134216,471.3620619,17.01358751,370.0746186,2.243588686,99.83598969,7,0.43,0.418604651
Vasse,Non-native,0.206867231,0.357469466,0.435663303,Australia,Australasia,115.2212945,-33.77134216,471.3620619,17.01358751,370.0746186,2.243588686,99.83598969,7,0.43,0.418604651
Vatnsdalsa,Native,0.216624888,0,0.783375112,Iceland,Palearctic,-19.99104641,65.20050187,1180.951907,0.75351227,507.4878569,0.083868125,98.28416718,4,0.28,0.464285714
Ve,Native,0.13168203,0.424707214,0.443610756,Vietnam,Indo-Malay,108.7197701,14.80027109,888.0239079,24.65517548,252.4551343,1.211253971,99.68537625,44,0.27,0.740740741
Ve,Non-native,0.413734462,0.586265538,0,Vietnam,Indo-Malay,108.7197701,14.80027109,888.0239079,24.65517548,252.4551343,1.211253971,99.68537625,44,0.27,0.740740741
Vefsna,Native,0.254104715,0.067149472,0.678745813,Norway,Palearctic,13.85935204,65.45561091,4241.348565,0.519509676,723.6234194,0.303227574,99.97290963,6,0.36,0.777777778
Vefsna,Non-native,0.599142002,0,0.400857998,Norway,Palearctic,13.85935204,65.45561091,4241.348565,0.519509676,723.6234194,0.303227574,99.97290963,6,0.36,0.777777778
Vega,Native,0.123386888,0.291936431,0.584676681,Spain,Palearctic,-5.57987964,36.04781995,28.73792419,17.204266,450.5112232,5.371624112,98.91745,10,0.7,0.185714286
Veleka,Native,0.15080866,0.203687846,0.645503494,Bulgaria,Palearctic,27.48990957,42.06229399,1075.328687,11.80250149,703.0887549,4.225294292,99.80045363,15,0.5,0.28
Vem,Native,0.102429455,0.501490102,0.396080443,Vietnam,Indo-Malay,103.9369552,10.35373378,10.93934116,26.93429477,78.36467684,0.233856045,99.7348,22,0.5,0.7
Ventura,Native,0.254028485,0.321329638,0.424641877,United States,Nearctic,-119.3056407,34.45350972,593.3839932,14.63203627,425.1132781,26.70926046,92.58278599,6,0.89,0.056179775
Verde,Native,0.221904826,0.462336377,0.315758797,Mexico,Neotropic,-97.20562465,16.78898893,18284.13277,19.82750347,128.2491926,1.891899318,99.74655683,20,0.56,0.714285714
Verde,Non-native,0.53493562,0.294756547,0.170307833,Mexico,Neotropic,-97.20562465,16.78898893,18284.13277,19.82750347,128.2491926,1.891899318,99.74655683,20,0.56,0.714285714
Verlorenvlei,Native,0.089869872,0.418198337,0.491931791,South Africa,Afrotropic,18.71626344,-32.57861189,1922.68408,18.03200694,414.9526967,0.733537063,99.87857414,5,0.41,0.43902439
Verlorenvlei,Non-native,0.241236368,0.138422236,0.620341396,South Africa,Afrotropic,18.71626344,-32.57861189,1922.68408,18.03200694,414.9526967,0.733537063,99.87857414,5,0.41,0.43902439
Vesturdalsa,Native,0.288833184,0,0.711166816,Iceland,Palearctic,-15.20790802,65.65062724,182.489487,2.436553036,449.0177428,0.043406534,100,3,0.42,0.5
Vett.Aru,Native,0.115747641,0.393418037,0.490834322,Sri Lanka,Indo-Malay,81.64561368,7.680724948,39.62590522,28.18695649,154.8667062,3.374859691,99.465424,28,0.56,0.446428571
Vett.Aru,Non-native,0.417017478,0.239760474,0.343222047,Sri Lanka,Indo-Malay,81.64561368,7.680724948,39.62590522,28.18695649,154.8667062,3.374859691,99.465424,28,0.56,0.446428571
Victoria,Native,0.148281087,0.32967044,0.522048473,Australia,Australasia,130.817767,-16.61072722,89248.88481,27.02413859,386.990192,0.005929734,99.96800967,54,0.65,0.276923077
Victoria.lake,Native,0.488212482,0.281829169,0.229958349,Tanzania,Afrotropic,32.82499142,-1.505700465,251428.6753,20.82047633,55.51637772,1.077430904,99.68908928,281,0.22,0.636363636
Victoria.lake,Non-native,0.436060072,0.207807475,0.356132452,Tanzania,Afrotropic,32.82499142,-1.505700465,251428.6753,20.82047633,55.51637772,1.077430904,99.68908928,281,0.22,0.636363636
Vidaa,Native,0.087031955,0.159400086,0.753567959,Denmark,Palearctic,9.07869361,54.94107596,1353.273727,8.262475539,576.1627054,13.3147037,99.82564415,26,0.22,0.409090909
Vidaa,Non-native,0.18464461,0.078812567,0.736542824,Denmark,Palearctic,9.07869361,54.94107596,1353.273727,8.262475539,576.1627054,13.3147037,99.82564415,26,0.22,0.409090909
Vididalsa.Fitja,Native,0.288833184,0,0.711166816,Iceland,Palearctic,-20.51697241,65.27767068,731.5786305,1.638574135,493.4610281,0.088846285,99.97845126,3,0.31,0.451612903
Vignola,Native,0.010676197,0.17021982,0.819103984,Italy,Palearctic,9.058977777,41.02346466,138.3292433,14.59473378,553.6369482,2.978749156,99.30311663,3,0.44,0.204545455
Vignola,Non-native,0.413734462,0.586265538,0,Italy,Palearctic,9.058977777,41.02346466,138.3292433,14.59473378,553.6369482,2.978749156,99.30311663,3,0.44,0.204545455
Vihterpalu,Native,0.142904941,0.21030336,0.646791699,Estonia,Palearctic,23.96712453,59.12227551,465.3602706,6.106640643,814.7021046,3.504736066,99.95772845,11,0.25,0.4
Vilaine,Native,0.114020482,0.173470219,0.712509298,France,Palearctic,-1.936915653,47.91941037,10489.65903,11.49470741,469.379922,19.10416365,98.35216907,24,0.21,0.666666667
Vilaine,Non-native,0.130097254,0.123076497,0.746826249,France,Palearctic,-1.936915653,47.91941037,10489.65903,11.49470741,469.379922,19.10416365,98.35216907,24,0.21,0.666666667
Vinh.Tanh,Native,0.133869494,0.40651126,0.459619246,Vietnam,Indo-Malay,108.8311008,14.11176195,2947.145225,24.24035129,228.7866287,1.080315918,98.62494192,42,0.31,0.709677419
Vire,Native,0.137078673,0.186952781,0.675968546,France,Palearctic,-0.933036826,49.07863453,1964.702563,10.75965058,457.3179046,10.7189157,98.93132888,17,0.22,0.727272727
Vire,Non-native,0.199050513,0.044107084,0.756842404,France,Palearctic,-0.933036826,49.07863453,1964.702563,10.75965058,457.3179046,10.7189157,98.93132888,17,0.22,0.727272727
Viskan,Native,0.138431475,0.135624901,0.725943624,Sweden,Palearctic,12.77581793,57.50317147,2416.613031,6.390613395,658.1045156,13.13699913,99.80211008,16,0.19,0.473684211
Viskan,Non-native,0.340477413,0,0.659522587,Sweden,Palearctic,12.77581793,57.50317147,2416.613031,6.390613395,658.1045156,13.13699913,99.80211008,16,0.19,0.473684211
Vistre,Native,0.063825931,0.211776952,0.724397117,France,Palearctic,4.355735921,43.71504828,1061.338645,14.81440636,631.2350008,20.90327024,94.47067836,15,0.23,0.434782609
Vistre,Non-native,0.156499647,0.140485902,0.703014451,France,Palearctic,4.355735921,43.71504828,1061.338645,14.81440636,631.2350008,20.90327024,94.47067836,15,0.23,0.434782609
Volga,Native,0.110003126,0.209155926,0.680840949,Russia,Palearctic,47.34630059,56.01238982,1390950.843,3.390855351,1130.922916,3.368459642,98.57991206,67,0.5,0.62
Volga,Non-native,0.151063685,0.126404,0.722532315,Russia,Palearctic,47.34630059,56.01238982,1390950.843,3.390855351,1130.922916,3.368459642,98.57991206,67,0.5,0.62
Volta,Native,0.165051418,0.39382721,0.441121372,Ghana,Afrotropic,-1.438316772,10.48558704,407855.2495,27.64253385,194.7777387,0.497508593,98.03306449,197,0.48,0.895833333
Volturno,Native,0.094591792,0.274258179,0.631150029,Italy,Palearctic,14.57779515,41.2370377,5932.146466,12.83835104,629.1581023,23.98049498,98.11269299,6,0.31,0.774193548
Volturno,Non-native,0.180134748,0.07851977,0.741345482,Italy,Palearctic,14.57779515,41.2370377,5932.146466,12.83835104,629.1581023,23.98049498,98.11269299,6,0.31,0.774193548
Vonnu,Native,0.143084044,0.170782111,0.686133845,Estonia,Palearctic,23.63676436,58.93639827,57.01564355,6.182166656,806.4672769,0.266493846,99.87319153,3,0.22,0.5
Voronia,Native,0.167827447,0.131214502,0.700958051,Russia,Palearctic,35.24189199,68.26990563,9434.514964,-1.288340178,887.1604787,0.111554703,98.07474497,15,0.51,0.843137255
Vosu,Native,0.160001171,0.247766261,0.592232568,Estonia,Palearctic,25.98819241,59.56246826,86.77134192,5.292809115,809.9706329,0.824234337,99.79615,10,0.31,0.35483871
Vouga,Native,0.10845214,0.219222451,0.672325409,Portugal,Palearctic,-8.236270092,40.66690995,2380.371596,13.85944824,448.1557843,15.87471652,99.63350115,20,0.3,0.6
Vouga,Non-native,0.208450927,0.17223132,0.619317753,Portugal,Palearctic,-8.236270092,40.66690995,2380.371596,13.85944824,448.1557843,15.87471652,99.63350115,20,0.3,0.6
Vung.Bau,Native,0.204555592,0.564986527,0.230457881,Vietnam,Indo-Malay,103.8818182,10.33152406,18.93442527,27.00520821,80.53988266,0.233856045,99.87442035,9,0.5,0.66
Vyvenka,Native,0.277092674,0.140903995,0.582003331,Russia,Palearctic,166.8804564,61.08005685,13533.66349,-6.726915126,1315.025472,0.013666042,99.99535407,16,0.62,0.725806452
Vyvenka,Non-native,0.138785864,0.016844653,0.844369483,Russia,Palearctic,166.8804564,61.08005685,13533.66349,-6.726915126,1315.025472,0.013666042,99.99535407,16,0.62,0.725806452
Waanje,Native,0.208536042,0.408013604,0.383450354,Sierra Leone,Afrotropic,-11.62719406,7.520838547,4460.54081,26.55050679,91.55567836,0.359966084,99.86230739,79,0.51,0.941176471
Waccasassa,Native,0.229630779,0.358856292,0.41151293,United States,Nearctic,-82.70463407,29.34076972,1666.827556,20.71199527,537.0999295,12.60183573,99.93173827,60,0.21,0.476190476
Wadi.Abadilah,Native,0.06453575,0.483619532,0.451844719,United Arab Emirates,Afrotropic,56.1967063,25.51005495,236.567189,26.6533333,575.2793727,8.009025574,99.86804257,1,0.81,0.024691358
Wadi.Al.Ramthah,Native,0.06453575,0.483619532,0.451844719,United Arab Emirates,Afrotropic,55.30400334,24.38802213,2586.456307,27.66432978,644.5585843,22.70507113,99.7256792,1,0.9,0.033333333
Wadi.Bowa,Native,0.073142914,0.448524167,0.478332919,Oman,Afrotropic,59.35120669,21.49267252,64.56498209,27.22251164,318.1643948,0.591573097,99.85355,1,0.95,0.021052632
Wadi.Dhahr,Native,0.06453575,0.483619532,0.451844719,United Arab Emirates,Afrotropic,55.4530708,24.20284239,5215.757262,27.81794335,649.5297388,22.08442179,99.43844205,1,0.86,0.058139535
Wadi.Fayah,Native,0.065549239,0.484710472,0.449740288,United Arab Emirates,Afrotropic,56.07699018,25.66209969,1631.981725,25.96874604,602.962808,15.42336146,99.02075552,2,0.8,0.1
Wadi.Fayd,Native,0.09904806,0.527118804,0.373833136,Oman,Afrotropic,56.32179767,24.71160723,134.8027875,26.77153957,568.6673532,5.317964077,99.7984553,3,0.8,0.0375
Wadi.Hadramaut,Native,0.090022278,0.42666545,0.483312273,Yemen,Afrotropic,49.28683462,15.73892178,46187.44961,25.61968499,465.407783,0.189595575,99.85634009,6,0.96,0.020833333
Wadi.Halfain,Native,0.063017263,0.482852151,0.454130586,Oman,Afrotropic,57.55990201,21.02632657,17117.06096,28.07957009,453.795724,0.218976229,99.98032936,2,0.9,0.044444444
Wadi.Ham,Native,0.115290726,0.547777499,0.336931775,United Arab Emirates,Afrotropic,56.23123004,25.16456445,307.4175352,26.65974303,564.8592514,8.009025415,99.40241544,2,0.82,0.024390244
Wadi.Hatta,Native,0.102059107,0.507059204,0.390881689,United Arab Emirates,Afrotropic,56.20326111,24.89856004,482.2521836,27.18318571,572.3489047,5.537583669,99.89609608,4,0.85,0.035294118
Wadi.Hatta,Non-native,0.758129529,0.009934655,0.231935816,United Arab Emirates,Afrotropic,56.20326111,24.89856004,482.2521836,27.18318571,572.3489047,5.537583669,99.89609608,4,0.85,0.035294118
Wadi.Hiluw,Native,0.166045702,0.611935467,0.222018831,United Arab Emirates,Afrotropic,56.30346968,25.02729263,129.2147327,27.5740963,542.08767,7.462375482,97.97724541,1,0.88,0.034090909
Wadi.Jizzi,Native,0.06453575,0.483619532,0.451844719,Oman,Afrotropic,56.35441007,24.23671096,1023.129348,26.04784351,592.9055931,5.317963918,99.94228189,1,0.88,0.056818182
Wadi.Khulais,Native,0.166045702,0.611935467,0.222018831,Saudi Arabia,Afrotropic,39.81915506,22.26040772,5207.762037,27.04841085,492.5054646,5.831323624,99.3486591,1,0.86,0.069767442
Wadi.Madha,Native,0.115290726,0.547777499,0.336931775,United Arab Emirates,Afrotropic,56.3097071,25.31253798,203.8070477,26.87050523,551.3927615,8.009025574,99.08527182,2,0.77,0.038961039
Wadi.Maur,Native,0.070384582,0.377881935,0.551733484,Yemen,Afrotropic,43.592621,16.05877658,8728.255078,23.4901127,346.2149294,3.091960043,97.93378929,3,0.36,0.388888889
Wadi.Muqayleet,Native,0.06453575,0.483619532,0.451844719,Oman,Afrotropic,55.71656242,23.69788588,4832.355622,27.82229502,650.4252989,4.02368325,99.95276211,1,0.93,0.032258065
Wadi.Nashu,Non-native,0.51273775,0.48726225,0,Libya,Palearctic,13.14983653,26.17981543,374986.0776,22.38016618,732.9257625,0.046468568,99.92938198,0,0.16,0.125
Wadi.Qwar,Native,0.115290726,0.547777499,0.336931775,United Arab Emirates,Afrotropic,56.24241194,24.97767727,220.7537815,26.72249411,566.6870211,6.161717733,99.69058996,2,0.83,0.024096386
Wadi.Rabigh,Native,0.166045702,0.611935467,0.222018831,Saudi Arabia,Afrotropic,39.68703086,23.0557793,5334.179915,26.9942311,542.1003999,4.274697423,99.80289303,1,0.86,0.058139535
Wadi.SA1,Native,0.072901249,0.453430603,0.473668148,Saudi Arabia,Afrotropic,45.33258566,20.98014161,240229.9959,27.04737914,623.1598057,2.661666989,99.62745275,2,0.54,0.185185185
Wadi.SA2,Native,0.166045702,0.611935467,0.222018831,Saudi Arabia,Afrotropic,41.1439582,19.88461472,1399.126614,28.99376202,406.7907266,5.938676476,99.87023569,1,0.73,0.082191781
Wadi.Safad,Native,0.166045702,0.611935467,0.222018831,United Arab Emirates,Afrotropic,56.32388639,25.1895248,109.3846544,27.40474869,537.8261149,8.009025574,99.00449312,1,0.78,0.038461538
Wadi.Sharm,Native,0.065549239,0.484710472,0.449740288,United Arab Emirates,Afrotropic,55.82938504,24.92815584,2191.526205,27.1375325,614.9014713,29.37328021,99.77036047,2,0.89,0.04494382
Wadi.Shawkah,Native,0.115290726,0.547777499,0.336931775,United Arab Emirates,Afrotropic,55.94064315,25.2836896,1999.832375,27.17563855,604.0846679,25.23370425,99.28408086,2,0.85,0.070588235
Wadi.Wurayyah,Native,0.06453575,0.483619532,0.451844719,United Arab Emirates,Afrotropic,56.27331214,25.40140338,147.9409291,26.3720431,562.745448,8.009025574,99.1769094,1,0.77,0.038961039
Wadi.Zikt,Native,0.06453575,0.483619532,0.451844719,United Arab Emirates,Afrotropic,56.30098235,25.53007075,213.5399192,27.18822877,553.816992,8.009025574,99.87411499,1,0.79,0.037974684
Wadi.ad.Dawasir,Native,0.088249627,0.3950905,0.516659872,Saudi Arabia,Afrotropic,49.00297426,19.9739296,134421.2792,28.38393716,630.1143865,0.992313147,99.9398369,3,0.6,0.15
Wadi.al.Bahr,Native,0.07039892,0.341966612,0.587634468,Yemen,Afrotropic,43.85239297,13.30753814,1522.883653,24.69647332,270.7440319,3.019189715,99.45941692,2,0.43,0.186046512
Wadi.al.Hamd,Native,0.104479515,0.502597029,0.392923456,Saudi Arabia,Afrotropic,39.36696417,25.2222571,104326.0312,24.92789853,669.3541106,1.647040248,99.89604248,3,0.85,0.058823529
Wadi.al.Qabaili,Native,0.154936711,0.542832242,0.302231047,Libya,Palearctic,23.74610547,29.51071506,389958.8371,20.87414459,595.920851,0.642449245,99.83421851,3,0.97,0.010309278
Wai Bian,Native,0.303951968,0.292560962,0.40348707,Indonesia,Australasia,140.3743897,-7.327525622,8010.632671,26.79276438,85.2568256,0.107549638,99.99018327,39,0.31,0.774193548
Wai Bian,Non-native,0.008384005,0.468343403,0.523272592,Indonesia,Australasia,140.3743897,-7.327525622,8010.632671,26.79276438,85.2568256,0.107549638,99.99018327,39,0.31,0.774193548
Waianakarua,Native,0.029085487,0.407705208,0.563209305,New Zealand,Australasia,170.6538245,-45.25954244,265.2883343,8.983813386,369.0586395,2.769980013,99.86322291,13,0.31,0.193548387
Waianakarua,Non-native,0.28782068,0,0.71217932,New Zealand,Australasia,170.6538245,-45.25954244,265.2883343,8.983813386,369.0586395,2.769980013,99.86322291,13,0.31,0.193548387
Waiapu,Native,0.029033212,0.350767891,0.620198897,New Zealand,Australasia,178.1357608,-37.95532792,1691.393432,12.03775917,351.6730877,0.257353108,99.92045896,9,0.3,0.433333333
Waiapu,Non-native,0.398101026,0,0.601898974,New Zealand,Australasia,178.1357608,-37.95532792,1691.393432,12.03775917,351.6730877,0.257353108,99.92045896,9,0.3,0.433333333
Waiatoto,Native,0.048560282,0.383492665,0.567947053,New Zealand,Australasia,168.8236995,-44.15780404,533.0592204,7.291559307,398.6445841,0.117033057,99.99091185,8,0.33,0.666666667
Waiatoto,Non-native,0.28782068,0,0.71217932,New Zealand,Australasia,168.8236995,-44.15780404,533.0592204,7.291559307,398.6445841,0.117033057,99.99091185,8,0.33,0.666666667
Waiau,Native,0.05014308,0.408189635,0.541667285,New Zealand,Australasia,172.7612111,-42.5477706,3391.948072,8.640440809,419.2029718,0.146723688,99.9172397,19,0.3,0.533333333
Waiau,Non-native,0.207752298,0.051194321,0.741053381,New Zealand,Australasia,172.7612111,-42.5477706,3391.948072,8.640440809,419.2029718,0.146723688,99.9172397,19,0.3,0.533333333
Waiau.2,Native,0.033610915,0.402345697,0.564043387,New Zealand,Australasia,167.7133751,-45.45616831,8219.779535,8.142661136,359.1195287,0.094448585,98.04066278,15,0.24,0.458333333
Waiau.2,Non-native,0.294529424,0.016750097,0.688720479,New Zealand,Australasia,167.7133751,-45.45616831,8219.779535,8.142661136,359.1195287,0.094448585,98.04066278,15,0.24,0.458333333
Waigeo,Native,0.009263129,0.50145198,0.489284891,Indonesia,Australasia,130.9977309,-0.136012301,374.6420663,26.02613027,30.49177458,0.15713411,99.99728065,5,0.24,0.5
Waihao,Native,0.022058582,0.404354509,0.573586908,New Zealand,Australasia,170.8874771,-44.70419747,635.9467074,9.64929617,390.0586984,0.369453199,99.83817016,11,0.27,0.222222222
Waihao,Non-native,0.099701884,0.064972217,0.835325899,New Zealand,Australasia,170.8874771,-44.70419747,635.9467074,9.64929617,390.0586984,0.369453199,99.83817016,11,0.27,0.222222222
Waiho,Native,0.029033212,0.327805075,0.643161714,New Zealand,Australasia,170.2057688,-43.41728798,294.2199944,6.450035526,384.2993752,0.127127524,99.95837286,9,0.34,0.764705882
Waiho,Non-native,0.28782068,0,0.71217932,New Zealand,Australasia,170.2057688,-43.41728798,294.2199944,6.450035526,384.2993752,0.127127524,99.95837286,9,0.34,0.764705882
Waihopai,Native,0.035298486,0.407095214,0.5576063,New Zealand,Australasia,168.5480311,-46.36916818,223.4544687,10.25048632,327.3088175,1.640613228,99.33494716,7,0.15,0.6
Waihopai,Non-native,0.28782068,0,0.71217932,New Zealand,Australasia,168.5480311,-46.36916818,223.4544687,10.25048632,327.3088175,1.640613228,99.33494716,7,0.15,0.6
Waihou,Native,0.057923218,0.399277193,0.542799588,New Zealand,Australasia,175.7943075,-37.66699604,2112.315736,13.1126271,364.5980272,4.712372303,99.7755959,14,0.22,0.772727273
Waihou,Non-native,0.188990966,0.087957639,0.723051395,New Zealand,Australasia,175.7943075,-37.66699604,2112.315736,13.1126271,364.5980272,4.712372303,99.7755959,14,0.22,0.772727273
Waikanae,Native,0.067084605,0.389931926,0.542983469,New Zealand,Australasia,175.0907793,-40.91061082,147.0446707,11.41220505,330.0903023,4.754751384,99.70335909,16,0.24,0.708333333
Waikanae,Non-native,0.28782068,0,0.71217932,New Zealand,Australasia,175.0907793,-40.91061082,147.0446707,11.41220505,330.0903023,4.754751384,99.70335909,16,0.24,0.708333333
Waikari,Native,0.012853896,0.392978684,0.59416742,New Zealand,Australasia,176.9520396,-39.12338019,321.0606214,12.68589211,366.6425097,2.003487051,99.85127105,11,0.31,0.387096774
Waikari,Non-native,0.398101026,0,0.601898974,New Zealand,Australasia,176.9520396,-39.12338019,321.0606214,12.68589211,366.6425097,2.003487051,99.85127105,11,0.31,0.387096774
Waikato,Native,0.037237109,0.368616597,0.594146294,New Zealand,Australasia,175.6171774,-38.24919219,14411.09085,12.17363317,368.4487694,2.595318854,96.2880099,18,0.26,0.461538462
Waikato,Non-native,0.275011124,0.141910177,0.583078698,New Zealand,Australasia,175.6171774,-38.24919219,14411.09085,12.17363317,368.4487694,2.595318854,96.2880099,18,0.26,0.461538462
Waikawa,Native,0.037645458,0.330726925,0.631627617,New Zealand,Australasia,169.113967,-46.53163421,208.8175874,9.598046147,314.5435218,0.338047363,99.82289231,7,0.22,0.318181818
Waikawa,Non-native,0.28782068,0,0.71217932,New Zealand,Australasia,169.113967,-46.53163421,208.8175874,9.598046147,314.5435218,0.338047363,99.82289231,7,0.22,0.318181818
Waikou,Native,0.038523497,0.370056017,0.591420486,New Zealand,Australasia,173.6368518,-35.27883788,749.0496258,14.567821,288.6795358,0.808234259,99.85757724,14,0.26,0.615384615
Waikou,Non-native,0.206388636,0.085265281,0.708346084,New Zealand,Australasia,173.6368518,-35.27883788,749.0496258,14.567821,288.6795358,0.808234259,99.85757724,14,0.26,0.615384615
Waikouaiti,Native,0.027501751,0.404511123,0.567987126,New Zealand,Australasia,170.5173378,-45.55469408,435.1743549,9.313168271,361.5854006,2.769979954,99.8022141,13,0.25,0.24
Waikouaiti,Non-native,0.28782068,0,0.71217932,New Zealand,Australasia,170.5173378,-45.55469408,435.1743549,9.313168271,361.5854006,2.769979954,99.8022141,13,0.25,0.24
Waima,Native,0.025612856,0.390913447,0.583473697,New Zealand,Australasia,173.7196047,-35.47313482,563.7737044,14.29503423,293.3607938,0.808234245,99.8041555,10,0.32,0.5625
Waima,Non-native,0.319032376,0.245304321,0.435663303,New Zealand,Australasia,173.7196047,-35.47313482,563.7737044,14.29503423,293.3607938,0.808234245,99.8041555,10,0.32,0.5625
Waimai,Native,0.017129435,0.336560304,0.646310261,New Zealand,Australasia,174.8824249,-37.64658999,107.9449503,13.98333329,332.880041,3.15011549,99.87411627,7,0.36,0.638888889
Waimakariri,Native,0.038441017,0.413975081,0.547583902,New Zealand,Australasia,172.014456,-43.15172265,3641.609684,8.515720291,421.0677426,3.698883832,99.87286761,19,0.26,0.538461538
Waimakariri,Non-native,0.182435294,0.050728154,0.766836551,New Zealand,Australasia,172.014456,-43.15172265,3641.609684,8.515720291,421.0677426,3.698883832,99.87286761,19,0.26,0.538461538
Waimamaku,Native,0.067184408,0.352144918,0.580670674,New Zealand,Australasia,173.5196932,-35.5607922,141.0964722,13.38120876,292.6004592,0.808234245,99.8182977,6,0.35,0.685714286
Waimatuku,Native,0,0.402849145,0.597150855,New Zealand,Australasia,168.1430998,-46.15468674,246.0665176,10.37333538,334.438962,1.562863976,99.77678054,10,0.19,0.421052632
Waimatuku,Non-native,0.28782068,0,0.71217932,New Zealand,Australasia,168.1430998,-46.15468674,246.0665176,10.37333538,334.438962,1.562863976,99.77678054,10,0.19,0.421052632
Waimea,Native,0.043754847,0.40222647,0.554018682,New Zealand,Australasia,173.0965586,-41.45273476,819.1505345,10.40990159,373.082243,1.764390916,99.69987611,15,0.31,0.35483871
Waimea,Non-native,0.30495853,0,0.69504147,New Zealand,Australasia,173.0965586,-41.45273476,819.1505345,10.40990159,373.082243,1.764390916,99.69987611,15,0.31,0.35483871
Wainui,Native,0.02019898,0.345944036,0.633856985,New Zealand,Australasia,176.5089798,-40.44640015,100.5738536,12.69749997,338.3673444,0.408047549,99.82713517,7,0.41,0.243902439
Waioeka,Native,0.040791523,0.386921494,0.572286983,New Zealand,Australasia,177.3405373,-38.2664591,1224.620787,11.45286991,364.9264637,0.529390335,99.91212975,13,0.28,0.535714286
Waioeka,Non-native,0.330996615,0.122652161,0.546351225,New Zealand,Australasia,177.3405373,-38.2664591,1224.620787,11.45286991,364.9264637,0.529390335,99.91212975,13,0.28,0.535714286
Waiongana,Native,0.044789605,0.325596867,0.629613527,New Zealand,Australasia,174.186954,-39.11046616,136.6399536,12.91268115,317.3302027,2.012894958,99.72128041,9,0.33,0.636363636
Waiongana,Non-native,0.14391034,0.064336697,0.791752963,New Zealand,Australasia,174.186954,-39.11046616,136.6399536,12.91268115,317.3302027,2.012894958,99.72128041,9,0.33,0.636363636
Waiotahi,Native,0,0.39276249,0.60723751,New Zealand,Australasia,177.1918941,-38.1342017,147.3610222,12.76212655,357.7970539,0.529190093,99.85005644,9,0.27,0.481481481
Waiotahi,Non-native,0.398101026,0,0.601898974,New Zealand,Australasia,177.1918941,-38.1342017,147.3610222,12.76212655,357.7970539,0.529190093,99.85005644,9,0.27,0.481481481
Waipaoa,Native,0,0.402157308,0.597842692,New Zealand,Australasia,177.804142,-38.4591306,2199.537803,12.79136076,361.8637943,0.534582615,99.8667161,11,0.39,0.358974359
Waipaoa,Non-native,0.319032376,0.245304321,0.435663303,New Zealand,Australasia,177.804142,-38.4591306,2199.537803,12.79136076,361.8637943,0.534582615,99.8667161,11,0.39,0.358974359
Waipara,Native,0.031509277,0.400869301,0.567621421,New Zealand,Australasia,172.6211297,-43.01761761,725.4877356,10.75188279,404.9808575,5.821371913,99.83154567,12,0.39,0.179487179
Waipara,Non-native,0.30495853,0,0.69504147,New Zealand,Australasia,172.6211297,-43.01761761,725.4877356,10.75188279,404.9808575,5.821371913,99.83154567,12,0.39,0.179487179
Waipoua,Native,0.040310645,0.350794557,0.608894798,New Zealand,Australasia,173.5733163,-35.64136211,110.9824794,13.44054684,291.6536697,0.808234259,99.86279611,10,0.34,0.647058824
Waipoua,Non-native,0.638064753,0.361935247,0,New Zealand,Australasia,173.5733163,-35.64136211,110.9824794,13.44054684,291.6536697,0.808234259,99.86279611,10,0.34,0.647058824
Waipu,Native,0.013322894,0.379667313,0.607009793,New Zealand,Australasia,174.4126931,-35.9999136,201.0977229,14.64657788,298.7560328,11.7107029,99.74840135,9,0.32,0.4375
Waipu,Non-native,0,0.088214167,0.911785833,New Zealand,Australasia,174.4126931,-35.9999136,201.0977229,14.64657788,298.7560328,11.7107029,99.74840135,9,0.32,0.4375
Wairau,Native,0.051550063,0.402524973,0.545924964,New Zealand,Australasia,173.3298717,-41.72381611,3624.049578,8.62679826,410.861927,1.846055865,98.59593446,22,0.28,0.464285714
Wairau,Non-native,0.252004521,0.032168349,0.71582713,New Zealand,Australasia,173.3298717,-41.72381611,3624.049578,8.62679826,410.861927,1.846055865,98.59593446,22,0.28,0.464285714
Wairaurahiri,Native,0.017674107,0.36430368,0.618022213,New Zealand,Australasia,167.2245749,-45.94234447,718.8218561,7.86425182,311.6888006,0.069715789,99.98732532,8,0.29,0.310344828
Wairaurahiri,Non-native,0.28782068,0,0.71217932,New Zealand,Australasia,167.2245749,-45.94234447,718.8218561,7.86425182,311.6888006,0.069715789,99.98732532,8,0.29,0.310344828
Waireka,Native,0.053700882,0.369353257,0.576945861,New Zealand,Australasia,174.5175962,-39.38201591,1055.136373,12.28677709,332.3647503,2.024806291,93.99869788,15,0.31,0.483870968
Waireka,Non-native,0.159381712,0.071672049,0.768946239,New Zealand,Australasia,174.5175962,-39.38201591,1055.136373,12.28677709,332.3647503,2.024806291,93.99869788,15,0.31,0.483870968
Wairoa.1,Native,0.038791758,0.352927284,0.608280959,New Zealand,Australasia,174.0241199,-35.77474202,3466.944306,14.40886192,297.7750189,2.579243869,99.79971909,14,0.32,0.53125
Wairoa.1,Non-native,0.266607881,0.106271033,0.627121086,New Zealand,Australasia,174.0241199,-35.77474202,3466.944306,14.40886192,297.7750189,2.579243869,99.79971909,14,0.32,0.53125
Wairoa.2,Native,0.018664207,0.39676795,0.584567843,New Zealand,Australasia,177.3002831,-38.78280545,3642.845226,11.54974251,370.8212394,0.740851492,99.90037517,14,0.28,0.392857143
Wairoa.2,Non-native,0.252004521,0.032168349,0.71582713,New Zealand,Australasia,177.3002831,-38.78280545,3642.845226,11.54974251,370.8212394,0.740851492,99.90037517,14,0.28,0.392857143
Wairoa.3,Native,0.020099916,0.35198595,0.627914134,New Zealand,Australasia,175.0766655,-37.04722913,282.4970848,13.91077235,328.7599676,4.223165929,88.80804783,13,0.31,0.64516129
Wairoa.3,Non-native,0.195271346,0.080939638,0.723789017,New Zealand,Australasia,175.0766655,-37.04722913,282.4970848,13.91077235,328.7599676,4.223165929,88.80804783,13,0.31,0.64516129
Waita,Native,0.043164695,0.329256359,0.627578946,New Zealand,Australasia,169.1587992,-43.84113135,137.1778132,10.37621448,342.3876259,0.020543613,99.99837857,9,0.22,0.318181818
Waita,Non-native,0.28782068,0,0.71217932,New Zealand,Australasia,169.1587992,-43.84113135,137.1778132,10.37621448,342.3876259,0.020543613,99.99837857,9,0.22,0.318181818
Waitaha,Native,0.061962556,0.36302855,0.575008894,New Zealand,Australasia,170.7402359,-43.07263229,427.5222265,8.588354374,364.7666924,0.123119753,99.94594462,13,0.26,0.576923077
Waitaha,Non-native,0.28782068,0,0.71217932,New Zealand,Australasia,170.7402359,-43.07263229,427.5222265,8.588354374,364.7666924,0.123119753,99.94594462,13,0.26,0.576923077
Waitahanui,Native,0.011990605,0.345503363,0.642506032,New Zealand,Australasia,176.5805307,-37.93264283,120.5711074,13.28285986,362.4477128,2.270332962,99.78976134,10,0.27,0.481481481
Waitahanui,Non-native,0.398101026,0,0.601898974,New Zealand,Australasia,176.5805307,-37.93264283,120.5711074,13.28285986,362.4477128,2.270332962,99.78976134,10,0.27,0.481481481
Waitakaruru,Native,0.023981209,0.243657017,0.732361773,New Zealand,Australasia,175.3722242,-37.28178256,133.9433043,14.13487969,351.3010952,5.506458044,99.73554453,5,0.37,0.513513514
Waitaki,Native,0.03912315,0.432975468,0.527901383,New Zealand,Australasia,170.2646403,-44.28052999,11952.68185,7.250291395,465.7326966,0.182011932,95.64362398,20,0.39,0.564102564
Waitaki,Non-native,0.281576587,0.030346268,0.688077144,New Zealand,Australasia,170.2646403,-44.28052999,11952.68185,7.250291395,465.7326966,0.182011932,95.64362398,20,0.39,0.564102564
Waitangi,Native,0.036009701,0.394839985,0.569150314,New Zealand,Australasia,173.9374293,-35.32630057,310.6253025,14.78292705,292.3907051,0.906177178,96.14971183,11,0.26,0.576923077
Waitangi,Non-native,0.212688251,0.185112201,0.602199548,New Zealand,Australasia,173.9374293,-35.32630057,310.6253025,14.78292705,292.3907051,0.906177178,96.14971183,11,0.26,0.576923077
Waitangitaona,Native,0.067126102,0.359834248,0.57303965,New Zealand,Australasia,170.2323521,-43.28711062,129.0899053,11.02656764,327.2468366,0.127127524,99.93897778,12,0.22,0.454545455
Waitangitaona,Non-native,0.30495853,0,0.69504147,New Zealand,Australasia,170.2323521,-43.28711062,129.0899053,11.02656764,327.2468366,0.127127524,99.93897778,12,0.22,0.454545455
Waitara,Native,0.029460544,0.384661094,0.585878362,New Zealand,Australasia,174.4496654,-39.13998911,1122.992007,12.36216556,330.0358615,1.834911674,99.51480317,18,0.28,0.607142857
Waitara,Non-native,0.207374457,0.144059098,0.648566444,New Zealand,Australasia,174.4496654,-39.13998911,1122.992007,12.36216556,330.0358615,1.834911674,99.51480317,18,0.28,0.607142857
Waitiki,Native,0.028876023,0.374177917,0.59694606,New Zealand,Australasia,172.9026821,-34.51668148,473.375973,15.99111161,261.2593696,0.034926442,99.87200996,9,0.41,0.341463415
Waitiki,Non-native,0.638064753,0.361935247,0,New Zealand,Australasia,172.9026821,-34.51668148,473.375973,15.99111161,261.2593696,0.034926442,99.87200996,9,0.41,0.341463415
Waitotara,Native,0.030886175,0.317261517,0.651852308,New Zealand,Australasia,174.8068655,-39.58153791,1142.665421,11.95340009,338.9434855,2.024806291,99.92490175,8,0.3,0.533333333
Waitotara,Non-native,0.16969596,0.07080796,0.75949608,New Zealand,Australasia,174.8068655,-39.58153791,1142.665421,11.95340009,338.9434855,2.024806291,99.92490175,8,0.3,0.533333333
Waituna.creek,Native,0.015897919,0.354733397,0.629368684,New Zealand,Australasia,168.5939594,-46.46146413,107.3378762,10.20730338,317.1199072,1.640613198,99.76872203,8,0.15,0.533333333
Waituna.creek,Non-native,0.28782068,0,0.71217932,New Zealand,Australasia,168.5939594,-46.46146413,107.3378762,10.20730338,317.1199072,1.640613198,99.76872203,8,0.15,0.533333333
Waitutu,Native,0.075755686,0.354884911,0.569359403,New Zealand,Australasia,167.0816485,-46.03158032,482.9960942,8.351745986,293.6039363,0.070496511,99.99368052,7,0.27,0.296296296
Waitutu,Non-native,0.342960853,0,0.657039147,New Zealand,Australasia,167.0816485,-46.03158032,482.9960942,8.351745986,293.6039363,0.070496511,99.99368052,7,0.27,0.296296296
Waiwawa,Native,0.036646041,0.374179191,0.589174769,New Zealand,Australasia,175.6774117,-36.93019464,439.0096098,13.65572256,337.7251567,1.160667673,99.86246521,11,0.28,0.607142857
Waiwawa,Non-native,0.518082889,0.180967624,0.300949487,New Zealand,Australasia,175.6774117,-36.93019464,439.0096098,13.65572256,337.7251567,1.160667673,99.86246521,11,0.28,0.607142857
Walawe.Ganga,Native,0.125585788,0.365821818,0.508592394,Sri Lanka,Indo-Malay,80.8439987,6.499882742,2502.187546,25.43465986,67.50486877,14.33980393,92.05107145,38,0.33,0.696969697
Walawe.Ganga,Non-native,0.302167347,0.226748382,0.471084271,Sri Lanka,Indo-Malay,80.8439987,6.499882742,2502.187546,25.43465986,67.50486877,14.33980393,92.05107145,38,0.33,0.696969697
Walkabout.creek,Native,0.07152314,0.430544303,0.497932557,Australia,Australasia,135.4034589,-20.34049688,8757.549087,25.01997097,527.5470411,0.005026302,99.97774938,8,0.82,0.085365854
Walker.Aus,Native,0.069805529,0.40715249,0.523041982,Australia,Australasia,135.5088314,-13.5126534,2277.432772,26.82084093,271.7292479,0.060930204,99.9952075,5,0.62,0.35483871
Walker.USA,Native,0.236228235,0.163521099,0.600250666,United States,Nearctic,-119.0314286,38.59918379,9319.263928,8.218791465,756.2321138,2.427542865,94.17232576,7,0.51,0.31372549
Walker.USA,Non-native,0.250921242,0.099344861,0.649733897,United States,Nearctic,-119.0314286,38.59918379,9319.263928,8.218791465,756.2321138,2.427542865,94.17232576,7,0.51,0.31372549
Wami.River,Native,0.152229942,0.503403781,0.344366277,Tanzania,Afrotropic,36.99746144,-6.205845053,40925.90015,22.50837167,164.6617883,0.320065621,99.19841831,29,0.28,0.892857143
Wami.River,Non-native,0.35223059,0.209237691,0.438531719,Tanzania,Afrotropic,36.99746144,-6.205845053,40925.90015,22.50837167,164.6617883,0.320065621,99.19841831,29,0.28,0.892857143
Wandandian.creek,Native,0.005852665,0.482821996,0.511325339,Australia,Australasia,150.5058109,-35.10729197,368.2102618,16.02808351,355.8380144,1.613398433,99.90632073,10,0.32,0.125
Wandandian.creek,Non-native,0.413734462,0.586265538,0,Australia,Australasia,150.5058109,-35.10729197,368.2102618,16.02808351,355.8380144,1.613398433,99.90632073,10,0.32,0.125
Wanganui,Native,0.031008188,0.405825487,0.563166325,New Zealand,Australasia,175.1864078,-39.11686681,7120.640491,11.39029352,366.2896566,1.225372553,99.79804351,13,0.22,0.681818182
Wanganui,Non-native,0.275841572,0.085771879,0.638386549,New Zealand,Australasia,175.1864078,-39.11686681,7120.640491,11.39029352,366.2896566,1.225372553,99.79804351,13,0.22,0.681818182
Wanganui.2,Native,0.038848226,0.333421565,0.627730209,New Zealand,Australasia,170.6851535,-43.18465017,529.2348407,7.484773374,383.1264188,0.127127524,99.96187552,10,0.3,0.666666667
Wanganui.2,Non-native,0.28782068,0,0.71217932,New Zealand,Australasia,170.6851535,-43.18465017,529.2348407,7.484773374,383.1264188,0.127127524,99.96187552,10,0.3,0.666666667
Wanglou.He,Native,0.124273625,0.355215835,0.52051054,China,Indo-Malay,109.0060474,18.59319583,654.5728271,24.30511903,324.1851719,1.464982077,84.85683582,26,0.46,0.739130435
Wanglou.He,Non-native,0.379064764,0.049074411,0.571860825,China,Indo-Malay,109.0060474,18.59319583,654.5728271,24.30511903,324.1851719,1.464982077,84.85683582,26,0.46,0.739130435
Wanquan,Native,0.114939265,0.335574315,0.54948642,China,Indo-Malay,110.1232542,19.08862499,3971.115711,23.79678665,347.8138041,2.944427222,95.77349653,68,0.32,0.78125
Wanquan,Non-native,0.340941326,0.194878593,0.464180081,China,Indo-Malay,110.1232542,19.08862499,3971.115711,23.79678665,347.8138041,2.944427222,95.77349653,68,0.32,0.78125
Wapoga,Native,0.04702853,0.454944899,0.498026571,Indonesia,Australasia,136.5357142,-2.958076711,5531.741937,24.70752649,32.7228456,0.154883454,99.98630018,44,0.33,0.272727273
Warenai,Native,0,0.567768917,0.432231083,Indonesia,Australasia,136.5503896,-3.568258408,4314.902165,17.05801486,40.01845303,0.25509062,99.99990005,3,0.35,0.2
Waria,Native,0.375408801,0.285950474,0.338640725,Papua New Guinea,Australasia,147.1824911,-7.952235754,3904.109813,18.33852788,69.59265868,0.182151649,99.99919779,1,0.35,0.685714286
Warner.valley,Native,0.201543132,0.205270695,0.593186173,United States,Nearctic,-119.9083165,42.41923287,4552.797566,7.387235518,730.6652538,0.093505992,96.05133363,5,0.34,0.294117647
Warren,Native,0.229070928,0.479097243,0.291831829,Australia,Australasia,116.4321062,-34.28231112,4365.407327,15.09868895,359.9780766,0.413166411,99.91232536,10,0.68,0.205882353
Warren,Non-native,0.387595357,0.343983757,0.268420887,Australia,Australasia,116.4321062,-34.28231112,4365.407327,15.09868895,359.9780766,0.413166411,99.91232536,10,0.68,0.205882353
Warrigal.creek,Native,0.050528134,0.473851736,0.47562013,Australia,Australasia,146.946353,-38.4533221,323.6592928,13.94015153,361.2127897,2.489085138,99.95250411,3,0.29,0.206896552
Warsamson,Native,0,0.598786843,0.401213157,Indonesia,Australasia,131.7718036,-0.817500816,1406.27433,26.26206889,35.54415045,0.207516555,99.98463114,1,0.34,0.294117647
Warunta,Native,0.361289839,0.343204066,0.295506095,Honduras,Neotropic,-84.45624657,15.1460203,1331.576257,25.87250726,114.1661918,0.076864226,99.99720902,21,0.43,0.790697674
Watchie.Swamp,Native,0.040835532,0.586543001,0.372621467,Australia,Australasia,136.1563124,-29.87963353,392.9987111,20.16245294,605.4765787,0.00305159,99.98595573,3,0.95,0.021052632
Water.Park.creek,Native,0.087795725,0.513410173,0.398794101,Australia,Australasia,150.6805863,-22.80366253,437.8084259,21.78033244,360.8701976,0.317191079,99.93323047,16,0.63,0.111111111
Wattle.Hill.creek,Native,0.133808589,0.353235769,0.512955642,Australia,Australasia,141.5369924,-38.31347241,111.5383453,13.72388211,291.1772465,0.470305167,99.40429902,5,0.37,0.351351351
Waverley.creek,Native,0,0.588697307,0.411302693,Australia,Australasia,149.501047,-22.46894553,523.9209017,22.80428756,376.438608,0.269688349,99.90364609,3,0.65,0.092307692
Wawa,Native,0.36774663,0.352571122,0.279682248,Nicaragua,Neotropic,-83.9274664,14.20213434,7689.440498,25.07328484,98.77356806,0.097674122,99.97429181,24,0.48,0.833333333
Wawoi,Native,0.353081509,0.236831009,0.410087481,Papua New Guinea,Australasia,142.6353699,-7.507260785,18000.03907,26.23205681,89.55119799,0.034086563,99.94093598,30,0.31,0.548387097
Waychinicup,Native,0.038988655,0.292317993,0.668693352,Australia,Australasia,118.2369129,-34.8191805,241.1254625,15.20175245,301.7127286,0.338713415,99.94569053,2,0.4,0.375
Wear,Native,0.111766857,0.159616515,0.728616628,United Kingdom,Palearctic,-1.77941383,54.75662586,1181.202117,8.080652758,415.8506417,40.83950901,96.69943342,21,0.19,0.578947368
Wear,Non-native,0.136652162,0.113683912,0.749663925,United Kingdom,Palearctic,-1.77941383,54.75662586,1181.202117,8.080652758,415.8506417,40.83950901,96.69943342,21,0.19,0.578947368
Wearyan,Native,0.135136959,0.384784917,0.480078124,Australia,Australasia,136.6484916,-16.58665015,3730.728388,26.85271254,352.8502902,0.011146423,99.97800244,9,0.75,0.146666667
Welcome,Native,0.0329172,0.376601332,0.590481468,Australia,Australasia,144.7917769,-40.87909349,277.8931816,12.60207845,258.3023834,0.043590992,99.94184036,9,0.46,0.608695652
Wen.He,Native,0.112303102,0.297309552,0.590387346,China,Palearctic,119.1897858,36.19808988,6603.683137,12.38658818,1008.503711,15.25256312,86.44305949,59,0.26,0.846153846
Wen.He,Non-native,0.142428926,0.301261531,0.556309543,China,Palearctic,119.1897858,36.19808988,6603.683137,12.38658818,1008.503711,15.25256312,86.44305949,59,0.26,0.846153846
Wenlock,Native,0.146881778,0.365803053,0.487315169,Australia,Australasia,142.6063818,-12.67222848,7385.829431,25.92339061,170.4855979,0.021396306,99.98243767,49,0.62,0.435483871
Werribee,Native,0.069677246,0.394937871,0.535384883,Australia,Australasia,144.4072068,-37.62145019,1454.367847,12.84014123,404.210087,32.82124186,90.21261513,14,0.44,0.227272727
Werribee,Non-native,0.151330378,0.140983497,0.707686125,Australia,Australasia,144.4072068,-37.62145019,1454.367847,12.84014123,404.210087,32.82124186,90.21261513,14,0.44,0.227272727
Wes.Kleinemonderivier,Native,0.10447879,0.289630318,0.605890892,South Africa,Afrotropic,26.92516452,-33.47577348,108.1553131,18.39986289,239.9136223,0.744925663,99.89616934,39,0.4,0.125
Weser,Native,0.088582341,0.16827371,0.743143949,Germany,Palearctic,9.580247854,51.97269533,45059.15319,8.563922665,621.1972892,41.06521797,97.42416099,26,0.19,0.684210526
Weser,Non-native,0.233972058,0.022363181,0.743664761,Germany,Palearctic,9.580247854,51.97269533,45059.15319,8.563922665,621.1972892,41.06521797,97.42416099,26,0.19,0.684210526
West.Alligator,Native,0.1559549,0.311618176,0.532426924,Australia,Australasia,132.2490722,-12.66432949,1365.230369,27.49010509,198.7398932,0.079804264,99.98136115,21,0.62,0.483870968
West.lakes,Native,0.13269888,0.368289736,0.499011384,Australia,Australasia,138.5379824,-34.84112522,154.8741241,16.58192271,403.0142622,21.08714485,94.84024335,20,0.22,0.636363636
West.river,Native,0.1687172,0.259206526,0.572076274,United States,Nearctic,-72.85326993,41.50829073,428.9611109,10.20401673,921.1101735,84.5288105,97.51492143,30,0.21,0.571428571
West.river,Non-native,0.087504318,0.137845303,0.774650378,United States,Nearctic,-72.85326993,41.50829073,428.9611109,10.20401673,921.1101735,84.5288105,97.51492143,30,0.21,0.571428571
Western.creek,Native,0.022328679,0.56114221,0.416529112,Australia,Australasia,132.4832827,-15.94145835,2881.720707,26.45788402,367.5483515,0.011314446,99.97622276,2,0.78,0.153846154
Whakatane,Native,0.044190817,0.37499509,0.580814094,New Zealand,Australasia,177.0203487,-38.34433039,1743.501935,11.61812476,371.8123517,1.208380282,99.8874869,12,0.26,0.5
Whakatane,Non-native,0.330996615,0.122652161,0.546351225,New Zealand,Australasia,177.0203487,-38.34433039,1743.501935,11.61812476,371.8123517,1.208380282,99.8874869,12,0.26,0.5
Whangaehu,Native,0.023565476,0.307684891,0.668749633,New Zealand,Australasia,175.4102148,-39.5695699,2001.859758,10.62961537,377.8150672,1.100862786,99.84321433,6,0.28,0.607142857
Whangaehu,Non-native,0.132818093,0.058017173,0.809164734,New Zealand,Australasia,175.4102148,-39.5695699,2001.859758,10.62961537,377.8150672,1.100862786,99.84321433,6,0.28,0.607142857
Whangaparaoa,Native,0.027454378,0.358155781,0.614389841,New Zealand,Australasia,178.0704445,-37.63708727,180.1533612,13.41745959,329.9720785,0.061216917,99.94945806,9,0.24,0.708333333
Wharekahika,Native,0.014131484,0.394213774,0.591654742,New Zealand,Australasia,178.1893158,-37.60327299,152.4661271,13.54027777,320.5366458,0.054050525,99.90054285,9,0.27,0.666666667
Whataroa,Native,0.08296321,0.292969325,0.624067465,New Zealand,Australasia,170.4386917,-43.32261999,763.1172892,7.343944357,384.8161912,0.127127524,99.96385368,8,0.3,0.666666667
Whataroa,Non-native,0.28782068,0,0.71217932,New Zealand,Australasia,170.4386917,-43.32261999,763.1172892,7.343944357,384.8161912,0.127127524,99.96385368,8,0.3,0.666666667
White.Woman.creek,Native,0.322823529,0.32650854,0.350667931,United States,Nearctic,-101.6300308,38.47324507,3703.398113,11.318223,971.4150264,0.430310898,99.02414697,4,0.81,0.061728395
Whitewater,Native,0.01110703,0,0.98889297,United States,Nearctic,-115.8810113,33.19203201,20417.21171,20.73778844,718.3177511,11.38054705,99.70675456,2,0.82,0.06097561
Whitewater,Non-native,0.28941072,0.273002255,0.437587024,United States,Nearctic,-115.8810113,33.19203201,20417.21171,20.73778844,718.3177511,11.38054705,99.70675456,2,0.82,0.06097561
Whompoe,Native,0.17427798,0.428141818,0.397580203,Singapore,Indo-Malay,103.8439043,1.333610965,104.7909649,26.88997945,46.38276808,140.1348209,75.30143862,30,0.34,0.352941176
Whompoe,Non-native,0.472589279,0.355799698,0.171611024,Singapore,Indo-Malay,103.8439043,1.333610965,104.7909649,26.88997945,46.38276808,140.1348209,75.30143862,30,0.34,0.352941176
Wicomico,Native,0.201964714,0.255109843,0.542925444,United States,Nearctic,-75.62524095,38.34687296,443.8535979,13.54913596,835.5154343,12.90392566,99.35010444,33,0.22,0.454545455
Wila.Oya,Native,0.114766487,0.395500423,0.48973309,Sri Lanka,Indo-Malay,81.6139233,6.775025711,484.0616637,27.18852879,112.1524267,2.139389753,99.71340475,29,0.47,0.446808511
Wila.Oya,Non-native,0.417017478,0.239760474,0.343222047,Sri Lanka,Indo-Malay,81.6139233,6.775025711,484.0616637,27.18852879,112.1524267,2.139389753,99.71340475,29,0.47,0.446808511
Wildman,Native,0.163733953,0.334715685,0.501550362,Australia,Australasia,132.0341507,-12.70317815,2483.940873,27.4076699,197.3362666,0.189376481,99.99089923,38,0.61,0.524590164
William.creek,Native,0.061253298,0.677434798,0.261311904,Australia,Australasia,136.3527154,-28.91759838,435.5717334,21.28436958,629.9049167,0.002833093,99.96272227,2,0.95,0.031578947
Winapsonggae,Native,0.126046424,0.312990717,0.560962858,South Korea,Palearctic,126.4713922,37.76822737,62.58175639,10.91133722,1019.588634,121.1980972,99.33310411,22,0.53,0.41509434
Winapsonggae,Non-native,0,0.088214167,0.911785833,South Korea,Palearctic,126.4713922,37.76822737,62.58175639,10.91133722,1019.588634,121.1980972,99.33310411,22,0.53,0.41509434
Wingan,Native,0.025005009,0.430430648,0.544564342,Australia,Australasia,149.4493752,-37.5855279,440.3683299,14.31678999,354.614614,0.391228244,99.9597333,16,0.28,0.214285714
Wingan,Non-native,0.413734462,0.586265538,0,Australia,Australasia,149.4493752,-37.5855279,440.3683299,14.31678999,354.614614,0.391228244,99.9597333,16,0.28,0.214285714
Wisla,Native,0.131614843,0.165596084,0.702789073,Poland,Palearctic,21.43868499,51.74576247,193659.0699,7.528628754,777.829102,9.035250187,97.6012142,34,0.24,0.458333333
Wisla,Non-native,0.219444294,0.092046107,0.688509599,Poland,Palearctic,21.43868499,51.74576247,193659.0699,7.528628754,777.829102,9.035250187,97.6012142,34,0.24,0.458333333
Withlacoochee,Native,0.219640439,0.372807625,0.407551936,United States,Nearctic,-82.15176852,28.67371466,4717.727107,21.51248871,491.8206644,40.06273317,95.34683524,56,0.21,0.666666667
Withlacoochee,Non-native,0.541691671,0.074832244,0.383476086,United States,Nearctic,-82.15176852,28.67371466,4717.727107,21.51248871,491.8206644,40.06273317,95.34683524,56,0.21,0.666666667
Woleu,Native,0.155806648,0.456882238,0.387311114,Equatorial Guinea,Afrotropic,10.71952864,1.629752594,13743.37562,23.27564429,78.73386646,1.292523094,99.97158922,41,0.43,0.558139535
Wolga.je,Native,0.147104504,0.339338402,0.513557093,South Korea,Palearctic,126.2969895,34.52610159,122.2081728,13.91891234,839.485805,9.527025819,99.96729581,20,0.38,0.342105263
Wolga.je,Non-native,0,0.088214167,0.911785833,South Korea,Palearctic,126.2969895,34.52610159,122.2081728,13.91891234,839.485805,9.527025819,99.96729581,20,0.38,0.342105263
Wollae,Native,0.079666227,0.325408639,0.594925134,South Korea,Palearctic,129.2543919,35.35478714,43.38720107,13.52625003,813.3815358,76.24979115,99.81786017,8,0.47,0.319148936
Wolli.creek,Native,0.041268353,0.522859554,0.435872094,Australia,Australasia,151.1742381,-33.91869569,258.9127244,17.88742332,387.632485,71.78606796,93.35559959,13,0.23,0.304347826
Wolli.creek,Non-native,0.413734462,0.586265538,0,Australia,Australasia,151.1742381,-33.91869569,258.9127244,17.88742332,387.632485,71.78606796,93.35559959,13,0.23,0.304347826
Wolp.yong,Native,0.144379084,0.322066508,0.533554408,South Korea,Palearctic,127.1612204,34.7570994,58.89001247,13.29518848,884.0180889,12.2022965,99.83294661,30,0.42,0.595238095
Wolp.yong,Non-native,0.142428926,0.301261531,0.556309543,South Korea,Palearctic,127.1612204,34.7570994,58.89001247,13.29518848,884.0180889,12.2022965,99.83294661,30,0.42,0.595238095
Wombat.creek,Native,0.027939631,0.342521957,0.629538412,Australia,Australasia,148.2515799,-37.72751096,430.6660186,14.43334001,354.2017556,0.16798193,99.96195133,10,0.32,0.1875
Wombat.creek,Non-native,0,0.088214167,0.911785833,Australia,Australasia,148.2515799,-37.72751096,430.6660186,14.43334001,354.2017556,0.16798193,99.96195133,10,0.32,0.1875
Wonboyn,Native,0.015195102,0.32971844,0.655086458,Australia,Australasia,149.8345559,-37.25668323,326.0961976,14.46233154,348.6901631,0.391228244,99.93826936,17,0.32,0.15625
Wood,Native,0.38924242,0.010981741,0.599775839,United States,Nearctic,-158.8157045,59.5649716,3093.846147,-0.271187231,955.073005,0.064973196,99.99898129,10,0.35,0.8
Wooli.Wooli,Native,0.053560526,0.522357437,0.424082037,Australia,Australasia,153.2040051,-29.84733562,196.9892714,18.82124366,364.5233531,0.844904676,99.96396069,19,0.49,0.102040816
Woomera.creek,Native,0.116342548,0.496834397,0.386823055,Australia,Australasia,142.5034076,-10.84212876,272.2595986,26.57269442,116.0076988,0.200894028,99.95935488,3,0.65,0.4
Wooramel,Native,0,0.555026542,0.444973458,Australia,Australasia,115.7539473,-25.7976669,13102.12694,23.33283281,608.4518641,0.014583334,99.97970354,3,0.84,0.05952381
Wouri,Native,0.231852176,0.398049584,0.37009824,Cameroon,Afrotropic,9.913305414,4.705199037,17637.09696,24.8292314,96.8589092,2.114350915,99.92997846,156,0.51,0.745098039
Woyla,Native,0.139740894,0.303902368,0.556356739,Indonesia,Indo-Malay,96.25827596,4.621434375,2445.318028,23.34707695,40.12558527,1.133623734,99.95262411,5,0.32,0.625
Wuerhe.He,Native,0.134150394,0.336692498,0.529157108,China,Palearctic,85.93906822,45.03560214,81707.90232,4.975931379,1380.597968,1.047737628,96.61182089,3,0.58,0.965517241
Wulagai,Native,0.082945548,0.35926108,0.557793371,China,Palearctic,116.5425381,45.57422527,119727.1173,1.072639034,1476.885919,0.07637767,99.5923906,9,0.52,0.442307692
Wulagai,Non-native,0,0.088214167,0.911785833,China,Palearctic,116.5425381,45.57422527,119727.1173,1.072639034,1476.885919,0.07637767,99.5923906,9,0.52,0.442307692
Wulumuqi,Native,0.118713953,0.364197059,0.517088989,China,Palearctic,88.78041703,41.91369798,14182.96399,8.536585299,1258.025752,0.110850899,98.45674005,7,0.53,0.452830189
Wye,Native,0.107292388,0.164459313,0.728248299,United Kingdom,Palearctic,-3.066680558,52.11663357,4133.17099,8.810141379,441.5139813,32.34981108,98.05859487,17,0.24,0.666666667
Wye,Non-native,0.113820151,0.143918166,0.742261683,United Kingdom,Palearctic,-3.066680558,52.11663357,4133.17099,8.810141379,441.5139813,32.34981108,98.05859487,17,0.24,0.666666667
Wyong,Native,0.023302828,0.374901882,0.601795291,Australia,Australasia,151.3404615,-33.23484823,643.8656641,16.90495086,388.9220866,72.20037842,99.72045429,26,0.69,0.086956522
Wyong,Non-native,0.413734462,0.586265538,0,Australia,Australasia,151.3404615,-33.23484823,643.8656641,16.90495086,388.9220866,72.20037842,99.72045429,26,0.69,0.086956522
Xanthos,Native,0.110550461,0.242961771,0.646487768,Turkey,Palearctic,29.46011628,36.65983853,2612.891231,13.2801965,705.8749883,4.813102424,99.3777261,26,0.54,0.333333333
Xanthos,Non-native,0.319032376,0.225074707,0.455892916,Turkey,Palearctic,29.46011628,36.65983853,2612.891231,13.2801965,705.8749883,4.813102424,99.3777261,26,0.54,0.333333333
Xiaoling.He,Native,0.115333858,0.357767019,0.526899124,China,Palearctic,120.6569975,41.14457301,5042.668352,8.528319841,1211.194746,5.302237868,94.05695337,23,0.59,0.389830508
Xiaoling.He,Non-native,0.051337223,0.036794124,0.911868653,China,Palearctic,120.6569975,41.14457301,5042.668352,8.528319841,1211.194746,5.302237868,94.05695337,23,0.59,0.389830508
Xingcheng.He,Native,0.094507826,0.297745071,0.607747103,China,Palearctic,120.550865,40.70904814,695.7783007,8.630050045,1175.159645,4.414384305,92.00674616,8,0.67,0.253731343
Xingcheng.He,Non-native,0.020934599,0.035416107,0.943649294,China,Palearctic,120.550865,40.70904814,695.7783007,8.630050045,1175.159645,4.414384305,92.00674616,8,0.67,0.253731343
Yakati,Native,0.162940095,0.386670899,0.450389006,Indonesia,Australasia,134.0272875,-2.091177648,627.741186,25.32261584,32.57554387,0.086452867,99.98882719,11,0.34,0.352941176
Yalu,Native,0.116945552,0.326333612,0.556720836,North Korea,Palearctic,126.3169824,41.09404837,62295.45831,3.993671912,1246.06227,2.709600747,93.54466538,139,0.51,0.862745098
Yalu,Non-native,0,0.044107084,0.955892916,North Korea,Palearctic,126.3169824,41.09404837,62295.45831,3.993671912,1246.06227,2.709600747,93.54466538,139,0.51,0.862745098
Yan.Oya,Native,0.116348465,0.374137439,0.509514095,Sri Lanka,Indo-Malay,80.81560043,8.488874748,1572.144894,27.45864025,159.1159378,3.414650857,94.32770229,32,0.65,0.230769231
Yan.Oya,Non-native,0.417017478,0.239760474,0.343222047,Sri Lanka,Indo-Malay,80.81560043,8.488874748,1572.144894,27.45864025,159.1159378,3.414650857,94.32770229,32,0.65,0.230769231
Yana,Native,0.173061691,0.123813398,0.703124911,Russia,Palearctic,134.3722189,67.27485718,232325.0917,-14.85734616,2055.301015,0.013524824,99.99500727,33,0.72,0.583333333
Yanbetsu,Native,0.267859013,0,0.732140987,Japan,Palearctic,144.4608914,43.79102952,181.3310695,6.120386384,957.7810225,8.192888379,99.87070823,1,0.39,0.538461538
Yang,Native,0.132205321,0.333939616,0.533855064,South Korea,Palearctic,126.5687831,34.54213507,176.745693,13.64343335,861.8460715,9.527025938,91.64621004,29,0.43,0.372093023
Yang,Non-native,0.142428926,0.301261531,0.556309543,South Korea,Palearctic,126.5687831,34.54213507,176.745693,13.64343335,861.8460715,9.527025938,91.64621004,29,0.43,0.372093023
Yanggil.li,Native,0.11637961,0.344092388,0.539528002,South Korea,Palearctic,126.3692396,36.82702825,39.3093406,11.66674831,963.4710538,15.00964975,100,27,0.48,0.395833333
Yanggil.li,Non-native,0.142428926,0.301261531,0.556309543,South Korea,Palearctic,126.3692396,36.82702825,39.3093406,11.66674831,963.4710538,15.00964975,100,27,0.48,0.395833333
Yangpo.hang,Native,0.090139037,0.296658853,0.61320211,South Korea,Palearctic,129.4794892,35.87624266,76.13278205,13.12536062,827.650741,76.24979115,99.72682004,10,0.52,0.211538462
Yangpo.hang,Non-native,0,0.088214167,0.911785833,South Korea,Palearctic,129.4794892,35.87624266,76.13278205,13.12536062,827.650741,76.24979115,99.72682004,10,0.52,0.211538462
Yangsan,Native,0.116617582,0.405597936,0.477784482,South Korea,Palearctic,126.8123212,35.13401606,2882.575227,12.83426164,919.7031486,27.86279106,94.09508719,89,0.27,0.851851852
Yangsan,Non-native,0.097176565,0.294377594,0.608445842,South Korea,Palearctic,126.8123212,35.13401606,2882.575227,12.83426164,919.7031486,27.86279106,94.09508719,89,0.27,0.851851852
Yangtse,Native,0.121727232,0.346482172,0.531790596,China,Palearctic,107.6352238,30.37852354,1913756.208,11.47310997,774.1988324,4.502457082,96.05259418,430,0.46,0.913043478
Yangtse,Non-native,0.351700499,0.196068862,0.452230639,China,Palearctic,107.6352238,30.37852354,1913756.208,11.47310997,774.1988324,4.502457082,96.05259418,430,0.46,0.913043478
Yaqui,Native,0.179196833,0.303194897,0.51760827,Mexico,Nearctic,-109.0638371,29.43376719,72941.28589,17.67595438,590.0212256,0.93264541,96.39922731,35,0.21,0.80952381
Yaqui,Non-native,0.248747588,0.140605185,0.610647227,Mexico,Nearctic,-109.0638371,29.43376719,72941.28589,17.67595438,590.0212256,0.93264541,96.39922731,35,0.21,0.80952381
Yaracuy,Native,0.215256118,0.439722246,0.345021636,Venezuela,Neotropic,-68.64962533,10.32372424,2470.530996,24.91769377,49.18735461,10.50716496,94.22844296,33,0.28,0.821428571
Yaracuy,Non-native,0.259729408,0.25972778,0.480542811,Venezuela,Neotropic,-68.64962533,10.32372424,2470.530996,24.91769377,49.18735461,10.50716496,94.22844296,33,0.28,0.821428571
Yarquon,Native,0.295097421,0.192917432,0.511985147,Palestina,Palearctic,35.05637878,32.02956359,1783.058107,18.26454425,552.3930407,28.8398304,97.84733478,9,0.61,0.37704918
Yarquon,Non-native,0.212688251,0.170892355,0.616419394,Palestina,Palearctic,35.05637878,32.02956359,1783.058107,18.26454425,552.3930407,28.8398304,97.84733478,9,0.61,0.37704918
Yarra,Native,0.059247108,0.419176646,0.521576247,Australia,Australasia,145.4216506,-37.68436053,3886.716466,12.99102609,405.4753852,48.08650208,91.83574977,27,0.19,0.631578947
Yarra,Non-native,0.144294466,0.172953171,0.682752363,Australia,Australasia,145.4216506,-37.68436053,3886.716466,12.99102609,405.4753852,48.08650208,91.83574977,27,0.19,0.631578947
Yate,Native,0.015510456,0.336640675,0.647848869,New Caledonia,Australasia,166.7814729,-22.15507159,498.5119136,21.08715391,247.0894654,7.593833923,99.98418587,12,0.2,0.6
Yate,Non-native,0.608048189,0.005387109,0.386564702,New Caledonia,Australasia,166.7814729,-22.15507159,498.5119136,21.08715391,247.0894654,7.593833923,99.98418587,12,0.2,0.6
Yelcho,Native,0.154819347,0.337504875,0.507675777,Argentina,Neotropic,-71.81360549,-42.96019668,11409.21118,6.733452176,425.7107339,0.120211013,97.99792776,7,0.24,0.666666667
Yelcho,Non-native,0.342133039,0,0.657866961,Argentina,Neotropic,-71.81360549,-42.96019668,11409.21118,6.733452176,425.7107339,0.120211013,97.99792776,7,0.24,0.666666667
Yellow,Native,0.205303995,0.365093191,0.429602814,United States,Nearctic,-86.47132108,30.94281411,3506.315233,18.71009285,654.3711939,5.398263454,98.31791047,88,0.19,0.526315789
Yellow.Gin.creek,Native,0,0.614855471,0.385144529,Australia,Australasia,147.4760379,-19.74537547,333.4902245,23.90738633,330.1082268,0.400161691,99.87286323,3,0.72,0.125
Yenice,Native,0.118994476,0.213925501,0.667080022,Turkey,Palearctic,32.52008431,41.03084854,13354.52789,9.197297228,711.627145,5.780234337,99.25336159,39,0.28,0.785714286
Yenice,Non-native,0.212688251,0.174940689,0.612371061,Turkey,Palearctic,32.52008431,41.03084854,13354.52789,9.197297228,711.627145,5.780234337,99.25336159,39,0.28,0.785714286
Yenisey,Native,0.219166761,0.159859015,0.620974224,Russia,Palearctic,97.89140674,58.65801232,2552472.672,-5.474754209,1516.270685,0.191358939,99.42939716,83,0.57,0.877192982
Yenisey,Non-native,0.098331908,0.121556351,0.780111741,Russia,Palearctic,97.89140674,58.65801232,2552472.672,-5.474754209,1516.270685,0.191358939,99.42939716,83,0.57,0.877192982
Yesilirmak,Native,0.101852281,0.221440294,0.676707425,Turkey,Palearctic,36.71851928,40.3135316,36141.64644,9.157573114,763.5562088,3.175882638,95.17462891,37,0.39,0.769230769
Yesilirmak,Non-native,0.212688251,0.174940689,0.612371061,Turkey,Palearctic,36.71851928,40.3135316,36141.64644,9.157573114,763.5562088,3.175882638,95.17462891,37,0.39,0.769230769
Yewa,Native,0.132596311,0.499226692,0.368176997,Nigeria,Afrotropic,2.866945851,7.033940932,4756.880949,27.02243365,139.1752408,3.008929789,99.96800787,47,0.45,0.755555556
Yi.Shu.He,Native,0.112215061,0.316815891,0.570969048,China,Palearctic,117.438394,35.05362745,58809.82253,13.61998789,998.9725741,17.49755919,92.39802417,85,0.35,0.742857143
Yi.Shu.He,Non-native,0.119205792,0.221740527,0.659053681,China,Palearctic,117.438394,35.05362745,58809.82253,13.61998789,998.9725741,17.49755919,92.39802417,85,0.35,0.742857143
Yingna.He,Native,0.0996189,0.310874142,0.589506958,China,Palearctic,123.0321695,40.03569132,862.401756,8.781189303,1139.463338,4.650825024,87.13806677,30,0.41,0.707317073
Yingna.He,Non-native,0.020934599,0.035416107,0.943649294,China,Palearctic,123.0321695,40.03569132,862.401756,8.781189303,1139.463338,4.650825024,87.13806677,30,0.41,0.707317073
Yok,Native,0.152159881,0.328375378,0.519464741,South Korea,Palearctic,126.6216971,36.84794948,167.3496522,11.42093455,993.0071221,15.00964975,99.61406262,41,0.41,0.463414634
Yok,Non-native,0.142428926,0.301261531,0.556309543,South Korea,Palearctic,126.6216971,36.84794948,167.3496522,11.42093455,993.0071221,15.00964975,99.61406262,41,0.41,0.463414634
Yondung.chon,Native,0.127535658,0.368721666,0.503742677,South Korea,Palearctic,127.6991763,34.7426117,43.02245154,13.87029323,850.0793717,12.2022965,95.8417,17,0.47,0.446808511
Yondung.chon,Non-native,0,0.088214167,0.911785833,South Korea,Palearctic,127.6991763,34.7426117,43.02245154,13.87029323,850.0793717,12.2022965,95.8417,17,0.47,0.446808511
Yoneshiro,Native,0.201321702,0.28089483,0.517783468,Japan,Palearctic,140.5396394,40.18038721,4073.78964,8.898825636,934.7307837,22.83907652,96.89327191,3,0.29,0.655172414
Yongdae.josuji,Native,0.063926862,0.391682025,0.544391112,South Korea,Palearctic,126.4587142,35.43921539,51.60685876,13.12981769,911.4286242,34.35796499,99.64659306,12,0.46,0.413043478
Yongdae.josuji,Non-native,0.142428926,0.301261531,0.556309543,South Korea,Palearctic,126.4587142,35.43921539,51.60685876,13.12981769,911.4286242,34.35796499,99.64659306,12,0.46,0.413043478
Yonghae.gang,Native,0.119097426,0.354254077,0.526648497,South Korea,Palearctic,129.3077607,36.58307485,238.1641999,11.26518892,912.253701,9.85035789,90.01712267,20,0.44,0.295454545
Yonghae.gang,Non-native,0,0.088214167,0.911785833,South Korea,Palearctic,129.3077607,36.58307485,238.1641999,11.26518892,912.253701,9.85035789,90.01712267,20,0.44,0.295454545
Yongjiang,Native,0.099146052,0.326925664,0.573928285,China,Indo-Malay,121.3850329,29.78865775,3060.988239,15.92630086,829.0273634,25.32331264,87.17762491,98,0.29,0.586206897
Yongjiang,Non-native,0.032138006,0.050304229,0.917557765,China,Indo-Malay,121.3850329,29.78865775,3060.988239,15.92630086,829.0273634,25.32331264,87.17762491,98,0.29,0.586206897
Yongjon.josuji,Native,0.102953559,0.349807807,0.547238635,South Korea,Palearctic,126.5611812,36.51731096,72.24307651,12.00643938,966.914946,15.00964975,99.80332745,24,0.4,0.5
Yongjon.josuji,Non-native,0,0.088214167,0.911785833,South Korea,Palearctic,126.5611812,36.51731096,72.24307651,12.00643938,966.914946,15.00964975,99.80332745,24,0.4,0.5
Yongju.josuji,Native,0.144832793,0.340212716,0.514954491,South Korea,Palearctic,126.8366361,34.56782607,50.88934925,13.1469595,871.9605647,9.527025938,80.7437197,33,0.42,0.428571429
Yongju.josuji,Non-native,0,0.088214167,0.911785833,South Korea,Palearctic,126.8366361,34.56782607,50.88934925,13.1469595,871.9605647,9.527025938,80.7437197,33,0.42,0.428571429
Yongp.o,Native,0.153820456,0.354830502,0.491349041,South Korea,Palearctic,128.5208738,38.22170271,100.1466822,11.04219485,891.0088987,1.689056039,99.54721197,27,0.42,0.357142857
Yongp.o,Non-native,0,0.088214167,0.911785833,South Korea,Palearctic,128.5208738,38.22170271,100.1466822,11.04219485,891.0088987,1.689056039,99.54721197,27,0.42,0.357142857
York.Can,Native,0.229523724,0.166329745,0.604146531,Canada,Nearctic,-65.0815524,48.88202444,1037.158146,1.507912113,1046.813615,0.447089389,99.9606139,7,0.52,0.615384615
York.Can,Non-native,0.342960853,0,0.657039147,Canada,Nearctic,-65.0815524,48.88202444,1037.158146,1.507912113,1046.813615,0.447089389,99.9606139,7,0.52,0.615384615
York.USA,Native,0.206960315,0.269168781,0.523870904,United States,Nearctic,-77.65545959,37.89241592,3800.168806,13.64772639,832.5178532,50.14759541,94.64253617,60,0.2,0.7
York.USA,Non-native,0.125162231,0.225746061,0.649091708,United States,Nearctic,-77.65545959,37.89241592,3800.168806,13.64772639,832.5178532,50.14759541,94.64253617,60,0.2,0.7
Yoshii.Okayama,Native,0.149426452,0.365877618,0.48469593,Japan,Palearctic,133.9452347,34.99694959,4235.379093,13.00529718,852.3052939,45.93878841,95.47685752,37,0.21,0.619047619
Yoshii.Okayama,Non-native,0.141225123,0.292324227,0.56645065,Japan,Palearctic,133.9452347,34.99694959,4235.379093,13.00529718,852.3052939,45.93878841,95.47685752,37,0.21,0.619047619
Yosul.bangjuk,Native,0.116149666,0.362248675,0.52160166,South Korea,Palearctic,126.5603575,36.61248984,131.8801912,11.74455298,970.9328855,15.00964975,99.72643258,30,0.41,0.512195122
Yosul.bangjuk,Non-native,0,0.088214167,0.911785833,South Korea,Palearctic,126.5603575,36.61248984,131.8801912,11.74455298,970.9328855,15.00964975,99.72643258,30,0.41,0.512195122
Young,Native,0.070622359,0.596250884,0.333126757,Australia,Australasia,121.1087055,-33.36055088,4668.862642,16.42456797,399.881432,0.065580099,99.92430271,4,0.56,0.071428571
Yubetsu,Native,0.446168968,0.201002772,0.352828261,Japan,Palearctic,143.3323271,43.93084108,1483.824346,3.626330194,1017.174651,4.810784221,97.73165749,1,0.44,0.840909091
Yudong.josuji,Native,0.13055394,0.354446383,0.514999676,South Korea,Palearctic,126.5021937,36.75246547,232.3863182,11.64813989,976.9447537,15.00964975,99.76791647,30,0.42,0.571428571
Yudong.josuji,Non-native,0.142428926,0.301261531,0.556309543,South Korea,Palearctic,126.5021937,36.75246547,232.3863182,11.64813989,976.9447537,15.00964975,99.76791647,30,0.42,0.571428571
Yui,Native,0.114518014,0.473670963,0.411811023,Japan,Palearctic,138.5597685,35.12093729,36.56407894,14.62181379,726.0799872,74.34729004,99.7165,8,0.25,0.52
Yukon,Native,0.212472344,0.120591922,0.666935734,United States,Nearctic,-144.7275517,64.47676407,842330.392,-5.308447402,1341.450833,0.039348701,99.9367299,33,0.66,0.909090909
Yukon,Non-native,0.239537023,0.177190076,0.583272901,United States,Nearctic,-144.7275517,64.47676407,842330.392,-5.308447402,1341.450833,0.039348701,99.9367299,33,0.66,0.909090909
Yule,Native,0.042991034,0.221014773,0.735994193,Australia,Australasia,118.5582632,-21.50389769,9268.749674,26.57775513,519.6139548,0.073999526,99.98682717,13,0.79,0.088607595
Zambezi,Native,0.229217902,0.375310593,0.395471504,Zambia,Afrotropic,27.17816456,-15.33267569,1286489.589,21.47464835,278.398296,0.13509069,98.03579346,256,0.41,0.731707317
Zambezi,Non-native,0.346162656,0.24405134,0.409786004,Zambia,Afrotropic,27.17816456,-15.33267569,1286489.589,21.47464835,278.398296,0.13509069,98.03579346,256,0.41,0.731707317
Zarrine,Native,0.084939186,0.333440544,0.581620269,Iran,Palearctic,46.0168515,37.35911855,52399.25149,10.06768497,961.3156595,5.510039449,98.21386843,15,0.48,0.5625
Zarrine,Non-native,0.137489242,0.151958313,0.710552445,Iran,Palearctic,46.0168515,37.35911855,52399.25149,10.06768497,961.3156595,5.510039449,98.21386843,15,0.48,0.5625
Zerout,Native,0.136564249,0.325266228,0.538169522,Tunisia,Palearctic,9.44095169,35.52948296,15727.68495,18.19885358,695.3329491,4.174084067,91.70945984,2,0.63,0.126984127
Zerout,Non-native,0.525899607,0.474100393,0,Tunisia,Palearctic,9.44095169,35.52948296,15727.68495,18.19885358,695.3329491,4.174084067,91.70945984,2,0.63,0.126984127
Zhubijiang,Native,0.127083504,0.334107164,0.538809331,China,Indo-Malay,109.2163653,19.36769291,970.0318602,24.12648093,377.2687259,2.885602415,99.92291953,14,0.45,0.6
Zhubijiang,Non-native,0.142428926,0.301261531,0.556309543,China,Indo-Malay,109.2163653,19.36769291,970.0318602,24.12648093,377.2687259,2.885602415,99.92291953,14,0.45,0.6
Zhujiang,Native,0.109845795,0.358148708,0.532005497,China,Indo-Malay,108.8899287,24.20869301,449493.7396,18.83653751,601.9034155,8.379320264,95.82753298,427,0.33,0.878787879
Zhujiang,Non-native,0.307275171,0.120340988,0.572383841,China,Indo-Malay,108.8899287,24.20869301,449493.7396,18.83653751,601.9034155,8.379320264,95.82753298,427,0.33,0.878787879
Ziatine,Native,0.035514073,0.231483902,0.733002026,Tunisia,Palearctic,9.157970562,37.14737379,113.8649358,17.30522087,551.065454,1.798557758,98.00515396,5,0.47,0.361702128
Zimatlan,Native,0.179860212,0.408967114,0.411172674,Mexico,Neotropic,-96.04237711,16.01893573,473.7640147,23.72352687,72.39537421,1.439074248,99.86827439,16,0.48,0.8125
Zingwe.Zingwe.River,Native,0.261837581,0.480822382,0.257340037,Tanzania,Afrotropic,39.2448202,-6.038825203,398.0252065,26.24773077,127.587561,1.786806792,99.94460003,3,0.48,0.354166667
Zio,Native,0.147891621,0.382911586,0.469196793,Togo,Afrotropic,1.142689554,6.687330559,7264.048191,26.42571059,119.7923616,1.954465657,99.9678946,80,0.33,0.878787879
Zio,Non-native,0.683312848,0.001428299,0.315258853,Togo,Afrotropic,1.142689554,6.687330559,7264.048191,26.42571059,119.7923616,1.954465657,99.9678946,80,0.33,0.878787879
Ziway.Hayk,Native,0.142978601,0.354719707,0.502301692,Ethiopia,Afrotropic,38.84986662,7.932806083,7469.552832,15.89010866,84.76930321,1.339633614,99.93715927,9,0.45,0.888888889
Zohreh,Native,0.069174483,0.322070167,0.60875535,Iran,Palearctic,50.9580953,30.34035826,14256.69054,20.52997543,884.2704175,6.992278337,99.76011931,15,0.55,0.545454545
Zohreh,Non-native,0.413734462,0.586265538,0,Iran,Palearctic,50.9580953,30.34035826,14256.69054,20.52997543,884.2704175,6.992278337,99.76011931,15,0.55,0.545454545
Zotsha,Native,0.05206492,0.350213176,0.597721903,South Africa,Afrotropic,30.36982075,-30.75872933,138.4997561,20.60988733,226.9284357,4.655367911,99.75624037,30,0.34,0.647058824
Zrmanja,Native,0.166704948,0.270218124,0.563076928,Croatia,Palearctic,15.90475268,44.18801269,827.8829192,10.96131748,679.9238805,3.162546158,93.74292766,11,0.25,0.84
uMngeni,Native,0.112179064,0.357866077,0.529954859,South Africa,Afrotropic,30.41209186,-29.52628298,4468.908902,17.03363913,333.5509107,27.53335094,84.33897524,50,0.3,0.466666667
uMngeni,Non-native,0.243533731,0.137913898,0.618552371,South Africa,Afrotropic,30.41209186,-29.52628298,4468.908902,17.03363913,333.5509107,27.53335094,84.33897524,50,0.3,0.466666667
