"","Life.span","Fecundity","Parental.care","Age.at.maturation","Offspring.size","Max.total.length","Trophic.level","K.value"
"Tellia_apoda",0,0,0,0,0,0,0,0
"Rhexipanchax_schiotzi",8.80389844311721,100134.39858239,0.744968873751657,0.28413417758981,0.699597176519552,0,0,1.96915554521065
"Rhexipanchax_nimbaensis",0,0,0,0,0,0,0,1.70500316088964
"Rhexipanchax_lamberti",9.53787847332512,121648.139287748,0.741306488025621,0.290903805514186,0.692564733956514,0,0,1.66432899304981
"Rhexipanchax_kabae",9.53787847332512,121648.139287748,0.741306488025621,0.290903805514186,0.692564733956514,0,0,1.66432899304981
"Procatopus_similis",0,0,0,0,0,0,0,0.990374192900413
"Procatopus_nototaenia",0,0,0,0,0,0,0,1.01526608273614
"Procatopus_aberrans",0,0,0,0,0,0,0,1.12926749575301
"Poropanchax_stigmatopygus",7.20968270529849,61638.6236180079,0.754212257309273,0.268123759371011,0.718136224023726,0,0,3.03337405824031
"Poropanchax_scheeli",0,0,0,0,0,0,0,2.33674605415731
"Poropanchax_rancureli",10.2238048145967,143996.28463687,0.738132854300402,0.296807849161422,0.686234798469754,0,0,1.4305226658157
"Poropanchax_normani",0,0,0,0,0,0,0,2.03373366890789
"Poropanchax_luxophthalmus",0,0,0,0,0,0,0,1.73668243610598
"Platypanchax_modestus",0,0,0,0,0,0,0,1.30388576418673
"Plataplochilus_terveri",10.8927154144235,167960.728201959,0.735251675977502,0.302326079817223,0.680583399391483,0,0,1.24774168599557
"Plataplochilus_ngaensis",0,0,0,0,0,0,0,1.71920552557102
"Plataplochilus_miltotaenia",10.2238048112913,143996.284590309,0.738132854061777,0.29680784906547,0.686234798247908,0,0,1.43052266536029
"Plataplochilus_cabindae",10.2238048112913,143996.284590309,0.738132854061777,0.29680784906547,0.686234798247908,0,0,1.43052266536029
"Paraphanius_mento",0,0,0,0,0,0,0,0
"Pantanodon_stuhlmanni",0,0,0,0,0,0,0,1.65464623051562
"Micropanchax_rudolfianus",7.26801630595727,62853.6700280705,0.753832328969308,0.268716690291103,0.717259201698835,0,0,2.97442399299601
"Micropanchax_pfaffi",8.04921047171075,80541.1295151155,0.749095689505647,0.276792743176052,0.707710741779408,0,0,2.38398619133759
"Micropanchax_loati",8.8038984345783,100134.398485255,0.744968873029154,0.284134177314245,0.699597175841057,0,0,1.96915554332997
"Micropanchax_kingii",0,0,0,0,0,0,0,2.34170023693404
"Micropanchax_keilhacki",6.43114773907714,46692.9659224443,0.759538333919714,0.259285886699403,0.728642756763057,0,0,3.86161365654201
"Micropanchax_johnstoni",0,0,0,0,0,0,0,0.566576396215615
"Micropanchax_fuelleborni",0,0,0,0,0,0,0,2.86675429718349
"Micropanchax_ehrichi",8.8038984345783,100134.398485255,0.744968873029154,0.284134177314245,0.699597175841057,0,0,1.96915554332997
"Micropanchax_camerunensis",7.26801630595727,62853.6700280705,0.753832328969308,0.268716690291103,0.717259201698835,0,0,2.97442399299601
"Micropanchax_bracheti",8.8038984345783,100134.398485255,0.744968873029154,0.284134177314245,0.699597175841057,0,0,1.96915554332997
"Micropanchax_antinorii",0,0,0,0,0,0,0,1.96134864824072
"Lamprichthys_tanganicanus",0,0,0,0,0,0,0,0.228444803793091
"Lacustricola_vitschumbaensis",0,0,0,0,0,0,0,1.05161579782835
"Lacustricola_usanguensis",7.01231108915056,57488.6348291194,0.755295254447949,0.264472635075265,0.715561597622585,0,0,2.92902277402978
"Lacustricola_pumilus",0,0,0,0,0,0,0,1.05638460372302
"Lacustricola_omoculatus",7.66672702429142,71342.3307706963,0.751072414854318,0.270867403985564,0.705434902667601,0,0,2.33465947078436
"Lacustricola_nigrolateralis",0,0,0,0,0,0,0,2.29884169532801
"Lacustricola_myaposae",0,0,0,0,0,0,0,1.35875753013038
"Lacustricola_moeruensis",0,0,0,0,0,0,0,1.68822375332539
"Lacustricola_mediolateralis",0,0,0,0,0,0,0,1.65869652047518
"Lacustricola_matthesi",0,0,0,0,0,0,0,2.4276139063328
"Lacustricola_macrurus",0,0,0,0,0,0,0,1.22126984366454
"Lacustricola_lualabaensis",8.27900138126104,85916.7288946853,0.747451941551679,0.276475674374606,0.696757679187793,0,0,1.91785029200428
"Lacustricola_kongoranensis",8.27900138126104,85916.7288946853,0.747451941551679,0.276475674374606,0.696757679187793,0,0,1.91785029200428
"Lacustricola_katangae",0,0,0,0,0,0,0,1.1256534422036
"Lacustricola_jeanneli",7.66672702429142,71342.3307706963,0.751072414854318,0.270867403985564,0.705434902667601,0,0,2.33465947078436
"Lacustricola_hutereaui",0,0,0,0,0,0,0,2.78877348620998
"Lacustricola_centralis",0,0,0,0,0,0,0,3.08177355503448
"Lacustricola_bukobanus",0,0,0,0,0,0,0,1.21185091780766
"Laciris_pelagica",14.0171075889663,309974.211144331,0.723914499691591,0.325471555999605,0.65894588927451,0,0,0.729943247306719
"Kosswigichthys_asquamatus",0,0,0,0,0,0,0,0
"Hypsopanchax_zebra",0,0,0,0,0,0,0,1.48944404225718
"Hypsopanchax_platysternus",10.8927154097279,167960.728129546,0.735251675660578,0.302326079686908,0.680583399098125,0,0,1.24774168546594
"Hypsopanchax_jubbi",0,0,0,0,0,0,0,1.71375402309682
"Hypsopanchax_jobaerti",9.53787846407432,121648.139169744,0.741306487306669,0.290903805232055,0.69256473328484,0,0,1.66432899146027
"Hylopanchax_stictopleuron",8.04921047171075,80541.1295151155,0.749095689505647,0.276792743176052,0.707710741779408,0,0,2.38398619133759
"Hylopanchax_silvestris",10.0757827103617,138997.987186308,0.738806256410286,0.295623656825955,0.687754111220355,0,0,1.48224383112053
"Fluviphylax_zonatus",5.45022973827934,31236.2166120675,0.767333519108044,0.24709761531143,0.744506990177246,0,0,5.51424422054173
"Fluviphylax_simplex",5.45022973827934,31236.2166120675,0.767333519108044,0.24709761531143,0.744506990177246,0,0,5.51424422054173
"Fluviphylax_pygmaeus",0,0,0,0,0,0,0,4.88784240766951
"Fluviphylax_palikur",6.21445907371564,42943.9878123553,0.761105403915785,0.256434182563361,0.730883221631817,0,0,4.08194850133096
"Fluviphylax_obscurus",0,0,0,0,0,0,0,5.59673107687595
"Esmaeilius_vladykovi",0,0,0,0,0,0,0,0
"Esmaeilius_sophiae",0,0,0,0,0,0,0,0
"Esmaeilius_persicus",0,0,0,0,0,0,0,0
"Esmaeilius_isfahanensis",0,0,0,0,0,0,0,0
"Congopanchax_myersi",6.07750688056441,40696.4359994671,0.762187531762766,0.255014410472514,0.733879111696784,0,0,4.35011261369475
"Congopanchax_brichardi",7.26801630595727,62853.6700280705,0.753832328969308,0.268716690291103,0.717259201698835,0,0,2.97442399299601
"Apricaphanius_saourensis",0,0,0,0,0,0,0,0
"Apricaphanius_iberus",0,0,0,0,0,0,0,0
"Apricaphanius_baeticus",0,0,0,0,0,0,0,0
"Aplocheilichthys_spilauchen",0,0,0,0,0,0,0,0.629104762646729
"Aphaniops_stiassnyae",0,0,0,0,0,0,0,0
"Aphaniops_sirhani",0,0,0,0,0,0,0,0
"Aphaniops_richardsoni",12.7842929193128,0,0.613023434071389,0.332661585056778,0.728333977664431,0,0,0
"Aphaniops_ginaonis",0,0,0,0,0,0,0,0
"Aphaniops_dispar",0,0,0,0,0,0,0,0
"Anatolichthys_sureyanus",0,0,0,0,0,0,0,0
"Anatolichthys_anatoliae",0,0,0,0,0,0,0,0
"Tomeurus_gracilis",0,0,0,0,0,0,0,0
"Phallotorynus_victoriae",2.30090146448987,8361.1623273409,1.24502941735612,0.105764237717026,0.299745170206628,0,0,0
"Phallotorynus_psittakos",2.35813824920729,8779.30418066937,1.24266876589344,0.106536216650614,0.299336300195419,0,0,0
"Phallotorynus_pankalos",2.58394363144158,10694.9543400739,1.23455382949229,0.10930971764778,0.296558771818631,0,0,0
"Phallotorynus_jucundus",2.41898641135641,9291.89501402493,1.24045810268186,0.107247790257566,0.298278414650926,0,0,0
"Phallotorynus_dispilos",2.43431163788179,9404.65707042512,1.23983309388597,0.107451030147179,0.298205314639423,0,0,0
"Phallotorynus_fasciolatus",0,0,0,0,0,0,0,0
"Phalloceros_uai",2.04140090269917,12303.6085780719,1.24286144949892,0.0938399664302423,0.304216092622169,0,0,0
"Phalloceros_tupinamba",2.40755438654778,17186.5004479063,1.22737248307622,0.0984462131195056,0.300770384098936,0,0,0
"Phalloceros_spiloura",2.03658335968928,12185.2334548967,1.24287977561325,0.0937977404153112,0.304589559296846,0,0,0
"Phalloceros_reisi",2.60268858595233,20409.0840626616,1.22070919776946,0.100657264029322,0.298346971138433,0,0,0
"Phalloceros_ocellatus",1.70086257625992,8440.92606422858,1.2599207914161,0.0890208931584532,0.308527137235611,0,0,0
"Phalloceros_mikrommatos",1.77915217698791,9186.50109018547,1.25534884415797,0.090235905386905,0.30807761980279,0,0,0
"Phalloceros_megapolos",2.26232306374351,15119.7256036951,1.23312069889931,0.0967279443206883,0.302349232117793,0,0,0
"Phalloceros_lucenorum",2.16077275819757,13869.3373185858,1.23770678413103,0.0953986351739883,0.302795271297332,0,0,0
"Phalloceros_leticiae",1.3200835419984,4964.79320283457,1.28369324806618,0.0827959528421765,0.315278913721852,0,0,0
"Phalloceros_leptokeras",2.14199002694465,13645.4150316627,1.23858606240972,0.0951473756138731,0.302871298425881,0,0,0
"Phalloceros_harpagos",2.50081082572761,18691.7285365717,1.22412497649677,0.0995175144842974,0.299576088354562,0,0,0
"Phalloceros_elachistos",1.81138074284409,9596.39704097979,1.25394746876816,0.0906803097637668,0.307228914418687,0,0,0
"Phalloceros_aspilos",2.2076866530578,14553.4464265212,1.23588378728453,0.0959806559828883,0.302068855144098,0,0,0
"Phalloceros_caudimaculatus",0,0,0,0,0,0,0,0
"Gambusia_senilis",0,0,0,0,0,0,0,0
"Gambusia_nobilis",0,0,0,0,0,0,0,0
"Gambusia_longispinis",0,0,0,0,0,0,0,0
"Gambusia_georgei",0,0,0,0,0,0,0,0
"Gambusia_echeagarayi",0,0,0,0,0,0,0,0
"Gambusia_dominicensis",0,0,0,0,0,0,0,0
"Gambusia_amistadensis",0,0,0,0,0,0,0,0
"Gambusia_alvarezi",0,0,0,0,0,0,0,0
"Gambusia_marshi",0,0,0,0,0,0,0,0
"Gambusia_panuco",0,0,0,0,0,0,0,0
"Gambusia_regani",0,0,0,0,0,0,0,0
"Gambusia_aurata",0,0,0,0,0,0,0,0
"Gambusia_hurtadoi",0,0,0,0,0,0,0,0
"Gambusia_gaigei",0,0,0,0,0,0,0,0
"Gambusia_vittata",0,0,0,0,0,0,0,0
"Gambusia_atrora",0,0,0,0,0,0,0,0
"Gambusia_zarskei",0,0,0,0,0,0,0,0
"Gambusia_geiseri",0,0,0,0,0,0,0,0
"Gambusia_speciosa",0,0,0,0,0,0,0,0
"Gambusia_heterochir",0,0,0,0,0,0,0,0
"Gambusia_clarkhubbsi",0,0,0,0,0,0,0,0
"Gambusia_krumholzi",0,0,0,0,0,0,0,0
"Gambusia_holbrooki",0,0,0,0,0,0,0,0
"Gambusia_affinis",0,0,0,0,0,0,0,0
"Gambusia_yucatana",0,0,0,0,0,0,0,0
"Gambusia_nicaraguensis",0,0,0,0,0,0,0,0
"Gambusia_eurystoma",0,0,0,0,0,0,0,0
"Gambusia_sexradiata",0,0,0,0,0,0,0,0
"Heterophallus_milleri",0.288815107726513,0,0.459020275706215,0.0261316299413095,0.100092280016276,0,0,0
"Heterophallus_rachovii",0,0,0,0,0,0,0,0
"Gambusia_luma",0,0,0,0,0,0,0,0
"Belonesox_belizanus",0,0,0,0,0,0,0,0
"Xiphophorus_multilineatus",0,0,0,0,0,0,0,0
"Xiphophorus_birchmanni",0,0,0,0,0,0,0,0
"Xiphophorus_malinche",0,0,0,0,0,0,0,0
"Xiphophorus_continens",0,0,0,0,0,0,0,0
"Xiphophorus_nezahualcoyotl",0,0,0,0,0,0,0,0
"Xiphophorus_montezumae",0,0,0,0,0,0,0,0
"Xiphophorus_cortezi",0,0,0,0,0,0,0,0
"Xiphophorus_nigrensis",0,0,0,0,0,0,0,0
"Xiphophorus_pygmaeus",0,0,0,0,0,0,0,0
"Xiphophorus_andersi",0,0,0,0,0,0,0,0
"Xiphophorus_couchianus",0,0,0,0,0,0,0,0
"Xiphophorus_gordoni",0,0,0,0,0,0,0,0
"Xiphophorus_meyeri",0,0,0,0,0,0,0,0
"Xiphophorus_evelynae",0,0,0,0,0,0,0,0
"Xiphophorus_variatus",0,0,0,0,0,0,0,0
"Xiphophorus_milleri",0,0,0,0,0,0,0,0
"Xiphophorus_maculatus",0,0,0,0,0,0,0,0
"Xiphophorus_xiphidium",0,0,0,0,0,0,0,0
"Xiphophorus_clemenciae",0,0,0,0,0,0,0,0
"Xiphophorus_alvarezi",0,0,0,0,0,0,0,0
"Xiphophorus_hellerii",0,0,0,0,0,0,0,0
"Xiphophorus_mayae",0,0,0,0,0,0,0,0
"Xiphophorus_mixei",0,0,0,0,0,0,0,0
"Xiphophorus_monticolus",0,0,0,0,0,0,0,0
"Pseudoxiphophorus_litoperas",0,0,0,0,0,0,0,0
"Pseudoxiphophorus_anzuetoi",1.62746753634234,2090.06081230621,0.238669201271559,0.0316847252700668,0.0475803354247486,0,0,0
"Pseudoxiphophorus_bimaculatus",0,0,0,0,0,0,0,0
"Pseudoxiphophorus_jonesii",0,0,0,0,0,0,0,0
"Priapella_bonita",0,0,0,0,0,0,0,0
"Priapella_compressa",0,0,0,0,0,0,0,0
"Priapella_lacandonae",0,0,0,0,0,0,0,0
"Priapella_chamulae",0,0,0,0,0,0,0,0
"Priapella_olmecae",0,0,0,0,0,0,0,0
"Priapella_intermedia",0,0,0,0,0,0,0,0
"Scolichthys_greenwayi",0,0,0,0,0,0,0,0
"Carlhubbsia_kidderi",0,0,0,0,0,0,0,0
"Carlhubbsia_stuarti",0,0,0,0,0,0,0,0
"Poeciliopsis_lutzi",1.67525883437247,4353.65054404692,1.34937798267215,0.0823864448734307,0.280377159944965,0,0,0
"Poeciliopsis_balsas",0,0,0,0,0,0,0,0
"Poeciliopsis_occidentalis",0,0,0,0,0,0,0,0
"Poeciliopsis_lucida",0,0,0,0,0,0,0,0
"Poeciliopsis_prolifica",0,0,0,0,0,0,0,0
"Poeciliopsis_infans",0,0,0,0,0,0,0,0
"Poeciliopsis_viriosa",0,0,0,0,0,0,0,0
"Poeciliopsis_monacha",0,0,0,0,0,0,0,0
"Poeciliopsis_latidens",0,0,0,0,0,0,0,0
"Poeciliopsis_fasciata",0,0,0,0,0,0,0,0
"Poeciliopsis_baenschi",0,0,0,0,0,0,0,0
"Poeciliopsis_catemaco",0,0,0,0,0,0,0,0
"Poeciliopsis_hnilickai",0,0,0,0,0,0,0,0
"Poeciliopsis_gracilis",0,0,0,0,0,0,0,0
"Poeciliopsis_pleurospilus",0.000529882658638796,7.77989608583067,0.000491410209813327,1.25542150905473e-05,0.000111302732600985,0,0,0
"Poeciliopsis_turneri",0,0,0,0,0,0,0,0
"Poeciliopsis_presidionis",0,0,0,0,0,0,0,0
"Poeciliopsis_turrubarensis",0,0,0,0,0,0,0,0
"Poeciliopsis_elongata",0,0,0,0,0,0,0,0
"Poeciliopsis_retropinna",0,0,0,0,0,0,0,0
"Poeciliopsis_paucimaculata",0,0,0,0,0,0,0,0
"Neoheterandria_cana",0,0,0,0,0,0,0,0
"Neoheterandria_elegans",0,0,0,0,0,0,0,0
"Neoheterandria_tridentiger",0,0,0,0,0,0,0,0
"Phallichthys_fairweatheri",0,0,0,0,0,0,0,0
"Brachyrhaphis_punctifer",0,0,0,0,0,0,0,0
"Brachyrhaphis_olomina",0,0,0,0,0,0,0,0
"Priapichthys_panamensis",0,0,0,0,0,0,0,0
"Priapichthys_nigroventralis",0.538190172107034,1661.8618878607,0.522867569646457,0.0321516144427643,0.0971463551220506,0,0,0
"Priapichthys_darienensis",0.643286658658663,2402.07856689636,0.515948403199883,0.0338511583223513,0.0958154622775352,0,0,0
"Priapichthys_chocoensis",0.692822375583996,2805.31994510268,0.513136418545356,0.0345890192727608,0.0952565487867496,0,0,0
"Priapichthys_caliensis",0.584927686570025,1968.14386816042,0.519581125173691,0.0329477147822728,0.096617884682587,0,0,0
"Priapichthys_annectens",0,0,0,0,0,0,0,0
"Brachyrhaphis_cascajalensis",0,0,0,0,0,0,0,0
"Brachyrhaphis_parismina",0,0,0,0,0,0,0,0
"Xenophallus_umbratilis",0,0,0,0,0,0,0,0
"Phallichthys_quadripunctatus",0,0,0,0,0,0,0,0
"Phallichthys_tico",0,0,0,0,0,0,0,0
"Brachyrhaphis_roseni",0,0,0,0,0,0,0,0
"Brachyrhaphis_terrabensis",0,0,0,0,0,0,0,0
"Brachyrhaphis_rhabdophora",0,0,0,0,0,0,0,0
"Brachyrhaphis_episcopi",0,0,0,0,0,0,0,0
"Brachyrhaphis_holdridgei",0,0,0,0,0,0,0,0
"Phallichthys_amates",0,0,0,0,0,0,0,0
"Brachyrhaphis_hartwegi",0,0,0,0,0,0,0,0
"Alfaro_huberi",0,0,0,0,0,0,0,0
"Alfaro_cultratus",0,0,0,0,0,0,0,0
"Heterandria_formosa",0,0,0,0,0,0,0,0
"Pseudopoecilia_fria",1.97533334966302,9022.69653587118,0.977575052296033,0.070322883805921,0.180484114876564,0,0,0
"Pseudopoecilia_austrocolumbiana",0,0,0,0,0,0,0,0
"Poecilia_vandepolli",1.42949112347073,9038.42117913581,0.906432863976224,0.0508240388563786,0.247917378572726,0,0,0
"Poecilia_teresae",1.66410584670127,12320.4304413177,0.895896545072491,0.05280407856826,0.243319485278521,0,0,0
"Poecilia_sarrafae",0,0,0,0,0,0,0,0
"Poecilia_salvatoris",0,0,0,0,0,0,0,0
"Poecilia_rositae",0,0,0,0,0,0,0,0
"Poecilia_picta",0,0,0,0,0,0,0,0
"Poecilia_maylandi",0,0,0,0,0,0,0,0
"Poecilia_marcellinoi",1.87543984340506,15861.9005816625,0.887974545365482,0.0544135827276689,0.239420287022059,0,0,0
"Poecilia_koperi",1.87662356819536,15902.9060599775,0.887971048777469,0.0544201234202331,0.239341855009027,0,0,0
"Poecilia_hondurensis",0,0,0,0,0,0,0,0
"Poecilia_formosa",0,0,0,0,0,0,0,0
"Poecilia_chica",0,0,0,0,0,0,0,0
"Poecilia_boesemani",1.87425529254914,15820.9465138621,0.887978046617352,0.0544070341244222,0.239498849094025,0,0,0
"Limia_heterandria",0,0,0,0,0,0,0,0
"Pamphorichthys_pertapeh",0,0,0,0,0,0,0,0
"Pamphorichthys_scalpridens",0,0,0,0,0,0,0,0
"Pamphorichthys_minor",0,0,0,0,0,0,0,0
"Pamphorichthys_hollandi",0,0,0,0,0,0,0,0
"Pamphorichthys_araguaiensis",0.571579270348099,3532.67464916593,0.298495490353443,0.0221231721091059,0.0578391583982631,0,0,0
"Pamphorichthys_hasemani",0,0,0,0,0,0,0,0
"Poecilia_gillii",0,0,0,0,0,0,0,0
"Poecilia_orri",0,0,0,0,0,0,0,0
"Poecilia_sulphuraria",0,0,0,0,0,0,0,0
"Poecilia_mexicana",0,0,0,0,0,0,0,0
"Poecilia_butleri",0,0,0,0,0,0,0,0
"Poecilia_sphenops",0,0,0,0,0,0,0,0
"Poecilia_catemaconis",0,0,0,0,0,0,0,0
"Poecilia_velifera",0,0,0,0,0,0,0,0
"Poecilia_latipinna",0,0,0,0,0,0,0,0
"Poecilia_petenensis",0.753072600899222,3003.50642403984,0.244797377083715,0.0157218672671804,0.0739556589119331,0,0,0
"Poecilia_latipunctata",0,0,0,0,0,0,0,0
"Poecilia_caucana",0,0,0,0,0,0,0,0
"Poecilia_vivipara",0,0,0,0,0,0,0,0
"Micropoecilia_branneri",0.855152141773374,6968.82095248883,0.573641834869036,0.0307099992536046,0.173657235427132,0,0,0
"Micropoecilia_bifurca",0.715442287142034,4821.33186810371,0.581334703596918,0.0291681615777245,0.176069363559008,0,0,0
"Poecilia_parae",0,0,0,0,0,0,0,0
"Poecilia_obscura",0,0,0,0,0,0,0,0
"Poecilia_reticulata",0,0,0,0,0,0,0,0
"Cnesterodon_septentrionalis",0.82151276621109,712.779898163318,0.59489561625954,0.0361027063402783,0.113474213008989,0,0,0
"Cnesterodon_raddai",0.701727966871165,509.584816430013,0.60173543863168,0.0345161641739348,0.115131260770511,0,0,0
"Cnesterodon_pirai",0,0,0,0,0,0,0,0
"Cnesterodon_omorgmatos",0.831126564933477,723.524858036132,0.594198071996814,0.0362420252069083,0.113604464611672,0,0,0
"Cnesterodon_iguape",0.731798419077779,554.906102626207,0.599814200044705,0.0349241171231554,0.114727422173489,0,0,0
"Cnesterodon_holopteros",0.839204585948627,740.328741980127,0.593829390466423,0.0363391015511731,0.113449722413653,0,0,0
"Cnesterodon_carnegiei",0,0,0,0,0,0,0,0
"Cnesterodon_brevirostratus",1.03986276399163,1147.8406480337,0.584304744568831,0.0386502306851521,0.111618907794256,0,0,0
"Cnesterodon_decemmaculatus",0,0,0,0,0,0,0,0
"Cnesterodon_hypselurus",0.831126549244497,723.524844378324,0.594198060780277,0.0362420245227762,0.113604462467187,0,0,0
"Phalloptychus_januarius",0,0,0,0,0,0,0,0
"Xenodexia_ctenolepis",0,0,0,0,0,0,0,0
"Jenynsia_unitaenia",0,0,0,0,0,0,0,0
"Jenynsia_tucumana",0,0,0,0,0,0,0,0
"Jenynsia_obscura",6.53547130411089,36063.4640927806,1.5122941756544,0.256486498893909,0.526132323157001,0,0,0
"Jenynsia_eirmostigma",0,0,0,0,0,0,0,0
"Jenynsia_eigenmanni",6.63274809245487,36818.2615370741,1.51012992799881,0.257721941142272,0.526700615123129,0,0,0
"Jenynsia_diphyes",7.55689552243727,48423.8910031087,1.49571388243946,0.26750791713683,0.520767689865995,0,0,0
"Jenynsia_alternimaculata",0,0,0,0,0,0,0,0
"Jenynsia_onca",0,0,0,0,0,0,0,0
"Anableps_microlepis",0,0,0,0,0,0,0,0
"Anableps_anableps",0,0,0,0,0,0,0,0
"Anableps_dowii",0,0,0,0,0,0,0,0
"Jenynsia_maculata",0.00131826463109178,6.61539728241448,0.000611859887019108,0.000271219751881921,0.000175794367130755,0,0,0
"Jenynsia_lineata",0,0,0,0,0,0,0,0
"Oxyzygonectes_dovii",0,0,0,0,0,0,0,0
"Orestias_ututo",0,0,0,0,0,0,0,0.564879381618271
"Orestias_uruni",0,0,0,0,0,0,0,0.49039591975256
"Orestias_tutini",0,0,0,0,0,0,0,0.760529652674329
"Orestias_tschudii",0,0,0,0,0,0,0,0.0826117413925472
"Orestias_tomcooni",0,0,0,0,0,0,0,0.436949267168783
"Orestias_tchernavini",0,0,0,0,0,0,0,0.494726597807561
"Orestias_taquiri",0,0,0,0,0,0,0,1.10207767493299
"Orestias_robustus",0,0,0,0,0,0,0,0.393674433422589
"Orestias_richersoni",0,0,0,0,0,0,0,0.231222136753112
"Orestias_polonorum",0,0,0,0,0,0,0,0.132600233861562
"Orestias_pentlandii",0,0,0,0,0,0,0,0.0650960337683267
"Orestias_olivaceus",0,0,0,0,0,0,0,0.355745719120702
"Orestias_mundus",0,0,0,0,0,0,0,0.494248704601355
"Orestias_multiporis",0,0,0,0,0,0,0,0.2322449263608
"Orestias_mulleri",0,0,0,0,0,0,0,0.763145875651268
"Orestias_mooni",0,0,0,0,0,0,0,0.758201253230847
"Orestias_minimus",0,0,0,0,0,0,0,1.10185689066669
"Orestias_jussiei",0,0,0,0,0,0,0,0.29346189858424
"Orestias_gymnota",0,0,0,0,0,0,0,0.322254010487263
"Orestias_gracilis",0,0,0,0,0,0,0,0.646921552763719
"Orestias_frontosus",0,0,0,0,0,0,0,0.126117548518143
"Orestias_forgeti",0,0,0,0,0,0,0,0.177879963660465
"Orestias_empyraeus",0,0,0,0,0,0,0,0.230995397783015
"Orestias_cuvieri",0,0,0,0,0,0,0,0.0552477798881655
"Orestias_ctenolepis",0,0,0,0,0,0,0,0.325391625787953
"Orestias_crawfordi",0,0,0,0,0,0,0,0.322121918352819
"Orestias_albus",0,0,0,0,0,0,0,0.0962771621330291
"Orestias_parinacotensis",0,0,0,0,0,0,0,0.293676632328913
"Orestias_laucaensis",0,0,0,0,0,0,0,0.200979953110405
"Orestias_puni",0,0,0,0,0,0,0,0.127363598964323
"Orestias_agassizii",0,0,0,0,0,0,0,0.393170923885752
"Orestias_gilsoni",0,0,0,0,0,0,0,0.75898495870011
"Orestias_imarpe",0,0,0,0,0,0,0,0.355658406051163
"Orestias_luteus",0,0,0,0,0,0,0,0.105342865107943
"Orestias_ispi",0,0,0,0,0,0,0,0.273078255980886
"Cyprinodon_variegatus",0,0,0,0,0,0,0,0.315479767075633
"Cyprinodon_salvadori",0,0,0,0,0,0,0,0.617872591305341
"Cyprinodon_salinus",0,0,0,0,0,0,0,0.431922392898296
"Cyprinodon_nevadensis",0,0,0,0,0,0,0,0.3763025728614
"Cyprinodon_longidorsalis",0,0,0,0,0,0,0,0.522309941037044
"Cyprinodon_latifasciatus",0,0,0,0,0,0,0,0.644658929097601
"Cyprinodon_julimes",0,0,0,0,0,0,0,0.614394949194009
"Cyprinodon_inmemoriam",0,0,0,0,0,0,0,0.398744271100559
"Cyprinodon_ceciliae",0,0,0,0,0,0,0,0.440125789429126
"Cyprinodon_bobmilleri",0,0,0,0,0,0,0,0.951838408372093
"Cyprinodon_arcuatus",0,0,0,0,0,0,0,0.630703995950193
"Cyprinodon_albivelis",0,0,0,0,0,0,0,0.497582651874822
"Cyprinodon_pisteri",0,0,0,0,0,0,0,0.671635894993698
"Cyprinodon_macularius",0,0,0,0,0,0,0,0.424781750693569
"Cyprinodon_eremus",0,0,0,0,0,0,0,0.744811931862813
"Cyprinodon_radiosus",0,0,0,0,0,0,0,0.53477758261274
"Cyprinodon_diabolis",0,0,0,0,0,0,0,0.80563901824425
"Cyprinodon_fontinalis",0,0,0,0,0,0,0,0.561669494622851
"Cyprinodon_meeki",0,0,0,0,0,0,0,0.744655718051095
"Cyprinodon_nazas",0,0,0,0,0,0,0,0.751194767439733
"Cyprinodon_bifasciatus",0,0,0,0,0,0,0,0.563268624469176
"Cyprinodon_atrorus",0,0,0,0,0,0,0,1.05256008421682
"Cyprinodon_macrolepis",0,0,0,0,0,0,0,0.748566993734632
"Cyprinodon_eximius",0,0,0,0,0,0,0,0.747452682472562
"Cyprinodon_pachycephalus",0,0,0,0,0,0,0,0.748815527016416
"Cyprinodon_alvarezi",0,0,0,0,0,0,0,0.746506333059225
"Cyprinodon_veronicae",0,0,0,0,0,0,0,0.646214206207341
"Cyprinodon_dearborni",0,0,0,0,0,0,0,1.0507939077555
"Cyprinodon_bovinus",0,0,0,0,0,0,0,0.728947342883149
"Cyprinodon_pecosensis",0,0,0,0,0,0,0,0.727544125067627
"Cyprinodon_elegans",0,0,0,0,0,0,0,0.615846720232233
"Cyprinodon_rubrofluviatilis",0,0,0,0,0,0,0,0.528116629456154
"Cyprinodon_artifrons",0,0,0,0,0,0,0,0.560765881414486
"Jordanella_floridae",0,0,0,0,0,0,0,0.457957376396424
"Cualac_tessellatus",0,0,0,0,0,0,0,0.376682449578157
"Floridichthys_polyommus",0,0,0,0,0,0,0,0.0698348093296642
"Floridichthys_carpio",0,0,0,0,0,0,0,0.392816430342179
"Garmanella_pulchra",0,0,0,0,0,0,0,1.24910931455193
"Leptolucania_ommata",0,0,0,0,0,0,0,0
"Fundulus_xenicus",0,0,0,0,0,0,0,0
"Fundulus_heteroclitus",0,0,0,0,0,0,0,0
"Fundulus_diaphanus",0,0,0,0,0,0,0,0
"Fundulus_albolineatus",0,0,0,0,0,0,0,0
"Fundulus_grandis",0,0,0,0,0,0,0,0
"Fundulus_jenkinsi",0,0,0,0,0,0,0,0
"Fundulus_pulvereus",0,0,0,0,0,0,0,0
"Fundulus_confluentus",0,0,0,0,0,0,0,0
"Fundulus_bifax",2.76637800831619,0,0.0251190501372086,0,0.126319862381103,0,0,0
"Fundulus_stellifer",0,0,0,0,0,0,0,0
"Fundulus_catenatus",0,0,0,0,0,0,0,0
"Fundulus_waccamensis",0,0,0,0,0,0,0,0
"Fundulus_rathbuni",0,0,0,0,0,0,0,0
"Fundulus_seminolis",0,0,0,0,0,0,0,0
"Fundulus_julisia",0,0,0,0,0,0,0,0
"Fundulus_majalis",0,0,0,0,0,0,0,0
"Fundulus_escambiae",0,0,0,0,0,0,0,0
"Fundulus_nottii",0,0,0,0,0,0,0,0
"Fundulus_lineolatus",0,0,0,0,0,0,0,0
"Fundulus_blairae",0,0,0,0,0,0,0,0
"Fundulus_dispar",0,0,0,0,0,0,0,0
"Fundulus_olivaceus",0,0,0,0,0,0,0,0
"Fundulus_euryzonus",0.429029537720899,0,0.0314645254576705,0.0650506413229891,0.132125374177804,0,0,0
"Fundulus_notatus",0,0,0,0,0,0,0,0
"Fundulus_cingulatus",0,0,0,0,0,0,0,0
"Fundulus_rubrifrons",0,0,0,0,0,0,0,0
"Fundulus_luciae",0,0,0,0,0,0,0,0
"Fundulus_chrysotus",0,0,0,0,0,0,0,0
"Fundulus_zebrinus",0,0,0,0,0,0,0,0
"Fundulus_kansae",0,0,0,0,0,0,0,0
"Fundulus_sciadicus",0,0,0,0,0,0,0,0
"Lucania_interioris",0,0,0,0,0,0,0,0
"Lucania_goodei",0,0,0,0,0,0,0,0
"Lucania_parva",0,0,0,0,0,0,0,0
"Fundulus_lima",0,0,0,0,0,0,0,0
"Allotoca_diazi",0,0,0,0,0,0,0,0.0223226274006227
"Allotoca_meeki",0,0,0,0,0,0,0,0.448527292270372
"Allotoca_catarinae",0,0,0,0,0,0,0,0.669517538042104
"Allotoca_dugesii",0,0,0,0,0,0,0,0.489340065457378
"Allotoca_goslinei",0.678147596177615,618.108838659672,0.244967543204707,0.0187016403151742,0.0773466861047954,0,0,0.547569413473994
"Allotoca_maculata",0,0,0,0,0,0,0,0.0209891797566771
"Allotoca_regalis",0,0,0,0,0,0,0,0.404024779825826
"Skiffia_multipunctata",0,0,0,0,0,0,0,0.547966730676623
"Skiffia_francesae",0,0,0,0,0,0,0,0.755932151690881
"Skiffia_lermae",0,0,0,0,0,0,0,0.585876647228818
"Hubbsina_turneri",0,0,0,0,0,0,0,0.457446061853858
"Skiffia_bilineata",1.30721420240453,1466.40401555522,0.459796972166696,0.0371319081965946,0.151807403292097,0,0,0.550421010761606
"Girardinichthys_viviparus",0,0,0,0,0,0,0,0.506118771174653
"Girardinichthys_multiradiatus",0,0,0,0,0,0,0,0.658261549900872
"Ataeniobius_toweri",0,0,0,0,0,0,0,0.252820235251211
"Chapalichthys_peraticus",0,0,0,0,0,0,0,0.39175649934332
"Chapalichthys_pardalis",0,0,0,0,0,0,0,0.430433912941694
"Chapalichthys_encaustus",0,0,0,0,0,0,0,0.341357039845971
"Xenotoca_variata",0,0,0,0,0,0,0,0.453168683060106
"Alloophorus_robustus",0,0,0,0,0,0,0,0.209480566565324
"Zoogoneticus_purhepechus",0,0,0,0,0,0,0,0.682849578251531
"Zoogoneticus_quitzeoensis",0,0,0,0,0,0,0,0.877857541435247
"Zoogoneticus_tequila",0,0,0,0,0,0,0,0.360887382048474
"Xenoophorus_captivus",0,0,0,0,0,0,0,0.474168278721676
"Xenotoca_melanosoma",0,0,0,0,0,0,0,0.36080740655973
"Xenotoca_eiseni",0,0,0,0,0,0,0,0.437062223866966
"Goodea_luitpoldii",0.211814467881521,1218.17638454437,0.0772007139356519,0.00614267443474837,0.0244686912832225,0,0,0.190875504974303
"Goodea_gracilis",0,0,0,0,0,0,0,0.194241312835887
"Goodea_atripinnis",0,0,0,0,0,0,0,0.100335569703175
"Allodontichthys_hubbsi",0,0,0,0,0,0,0,0.562922888795864
"Allodontichthys_tamazulae",0,0,0,0,0,0,0,0.549624607655816
"Allodontichthys_polylepis",0,0,0,0,0,0,0,0.542903608341478
"Allodontichthys_zonistius",0,0,0,0,0,0,0,0.554206699700513
"Xenotaenia_resolanae",0,0,0,0,0,0,0,0.712746888072378
"Ilyodon_lennoni",0,0,0,0,0,0,0,0.387535248649237
"Ilyodon_cortesae",0,0,0,0,0,0,0,0.510912177656428
"Ilyodon_xantusi",0,0,0,0,0,0,0,0.38409494736273
"Ilyodon_furcidens",0,0,0,0,0,0,0,0.299765081000753
"Ilyodon_whitei",0,0,0,0,0,0,0,0.2500241983904
"Ameca_splendens",0,0,0,0,0,0,0,0.175741177234234
"Characodon_garmani",0,0,0,0,0,0,0,0.634465656898095
"Characodon_lateralis",0,0,0,0,0,0,0,0.506593638463654
"Empetrichthys_merriami",4.77477449019592,45753.5235210639,0.0917710926225365,0.065526887521028,0.235596021756831,0,0,0.558944058750211
"Empetrichthys_latos",0,0,0.0813618087741437,0,0.222747301508933,0,0,0.421374608706493
"Crenichthys_nevadae",0,0,0,0,0,0,0,0.406642513796474
"Crenichthys_baileyi",0,0,0,0,0,0,0,0.172461596940131
"Tlaloc_portillorum",0,0,0,0,0,0,0,0.260507723462465
"Tlaloc_labialis",0,0,0,0,0,0,0,0.200905174890753
"Tlaloc_candalarius",2.29676993974507,37165.0917587302,0.0584121886215491,0.059639179681866,0.151660226333485,0,0,0.345896204434464
"Tlaloc_hildebrandi",0,0,0,0,0,0,0,0.232936488342635
"Profundulus_punctatus",0,0,0,0,0,0,0,0.249283511409196
"Profundulus_oaxacae",0.77834150471191,15453.6138275603,0.0174602334095082,0.0195135384291466,0.0460312493193063,0,0,0.301339830649609
"Profundulus_guatemalensis",0,0,0,0,0,0,0,0.374885399720561
"Aphanius_punctatus",0,0,0,0,0,0,0,0
"Aphanius_desioi",0,0,0,0,0,0,0,0
"Aphanius_fasciatus",0,0,0,0,0,0,0,0
"Aphanius_chantrei",0,0,0,0,0,0,0,0
"Valencia_letourneuxi",0,0,0,0,0,0,0,0
"Valencia_hispanica",0,0,0,0,0,0,0,0
"Xenurolebias_izecksohni",0,0,0,0,0,0,0,0
"Xenurolebias_myersi",0,0,0,0,0,0,0,0
"Stenolebias_bellus",2.98271758152516,21964.8239330949,0.319431088820362,0.105528424143633,0.621371144040077,0,0,0
"Stenolebias_damascenoi",3.64745845332795,33501.672873664,0.314781389013663,0.112248168805261,0.614139328661868,0,0,0
"Spectrolebias_semiocellatus",2.3769776923626,18944.4317041878,0.215022369688291,0.0757884087030262,0.465143790468246,0,0,0
"Spectrolebias_reticulatus",0,0,0,0,0,0,0,0
"Spectrolebias_inaequipinnatus",2.78335402650638,26373.4141584739,0.21255835480976,0.0795212706828342,0.460699916556502,0,0,0
"Spectrolebias_filamentosus",3.65325695418588,46574.8073633712,0.208368599344512,0.0863954069660836,0.453276252830703,0,0,0
"Spectrolebias_chacoensis",4.15176612056342,60898.1161871657,0.206433763733631,0.0898595769822241,0.449972354766742,0,0,0
"Spectrolebias_costai",3.13202208630222,33766.2863509738,0.210732020175207,0.0824324266840615,0.457426104601827,0,0,0
"Millerichthys_robustus",0,0,0,0,0,0,0,0
"Cynolebias_vazabarrisensis",0,0,0,0,0,0,0,0
"Cynolebias_porosus",0,0,0,0,0,0,0,0
"Cynolebias_perforatus",0,0,0,0,0,0,0,0
"Cynolebias_parnaibensis",0,0,0,0,0,0,0,0
"Cynolebias_paraguassuensis",2.28218336510868,23872.4258800085,0.144112483253576,0.0625891183040389,0.341826230983197,0,0,0
"Cynolebias_leptocephalus",0,0,0,0,0,0,0,0
"Cynolebias_griseus",0,0,0,0,0,0,0,0
"Cynolebias_gilbertoi",0,0,0,0,0,0,0,0
"Cynolebias_gibbus",0,0,0,0,0,0,0,0
"Cynolebias_altus",0,0,0,0,0,0,0,0
"Cynolebias_attenuatus",0,0,0,0,0,0,0,0
"Plesiolebias_xavantei",4.26778673229832,46537.0675491259,0.311190563013042,0.117810254388424,0.608776507063973,0,0,0
"Plesiolebias_lacerdai",2.63224022124562,16902.1009599736,0.32236160448931,0.101594694207915,0.626186229282734,0,0,0
"Plesiolebias_fragilis",0,0,0,0,0,0,0,0
"Plesiolebias_filamentosus",2.65225231071453,17164.9831695049,0.322177330509944,0.101820697710667,0.625868867067598,0,0,0
"Plesiolebias_canabravensis",0,0,0,0,0,0,0,0
"Plesiolebias_altamira",0,0,0,0,0,0,0,0
"Anablepsoides_xinguensis",2.74063209755743,27323.5181474498,0.190320169112499,0.0783080260670624,0.472969172475184,0,0,0
"Anablepsoides_xanthonotus",3.21025429471168,38195.7146863909,0.188159026443589,0.0821924461538844,0.468340973871412,0,0,0
"Anablepsoides_tocantinensis",2.74063209755743,27323.5181474498,0.190320169112499,0.0783080260670624,0.472969172475184,0,0,0
"Anablepsoides_tessellatus",2.24623248780175,18041.362212148,0.193115057863126,0.0736660052238034,0.478259933631128,0,0,0
"Anablepsoides_taeniatus",2.74644550953053,27441.9443551012,0.190289770855861,0.0783566953666036,0.47290136357384,0,0,0
"Anablepsoides_speciosus",1.88641969731906,12487.7318063063,0.195577952543928,0.0698391824121896,0.483403774743249,0,0,0
"Anablepsoides_peruanus",2.59080226365697,24335.3282882668,0.191118026737502,0.0769906774367146,0.474543831034219,0,0,0
"Anablepsoides_parlettei",0,0,0,0,0,0,0,0
"Anablepsoides_ornatus",0,0,0,0,0,0,0,0
"Anablepsoides_monticola",2.08188370546366,15375.4107434251,0.194185404856591,0.0719817806517693,0.480532562555527,0,0,0
"Anablepsoides_micropus",3.05597876139352,34311.8565221227,0.188809215870788,0.0809559149477343,0.469935216309566,0,0,0
"Anablepsoides_mazaruni",2.74644550953053,27441.9443551012,0.190289770855861,0.0783566953666036,0.47290136357384,0,0,0
"Anablepsoides_lungi",0,0,0,0,0,0,0,0
"Anablepsoides_limoncochae",3.21025429471168,38195.7146863909,0.188159026443589,0.0821924461538844,0.468340973871412,0,0,0
"Anablepsoides_lanceolatus",2.59080226365697,24335.3282882668,0.191118026737502,0.0769906774367146,0.474543831034219,0,0,0
"Anablepsoides_intermittens",3.21025429471168,38195.7146863909,0.188159026443589,0.0821924461538844,0.468340973871412,0,0,0
"Anablepsoides_igneus",0,0,0,0,0,0,0,0
"Anablepsoides_holmiae",3.35432202847774,41853.8919823604,0.18755258323302,0.083293192439084,0.467088695420053,0,0,0
"Anablepsoides_gaucheri",0,0,0,0,0,0,0,0
"Anablepsoides_erberi",2.74644550953053,27441.9443551012,0.190289770855861,0.0783566953666036,0.47290136357384,0,0,0
"Anablepsoides_elongatus",2.42463271337985,21143.9669497248,0.192034043936268,0.0754476123693145,0.476545551554464,0,0,0
"Anablepsoides_derhami",2.42463271337985,21143.9669497248,0.192034043936268,0.0754476123693145,0.476545551554464,0,0,0
"Anablepsoides_christinae",2.90625809487733,30958.4479978068,0.189520024887683,0.0797312696654002,0.471233763591926,0,0,0
"Anablepsoides_caurae",0,0,0,0,0,0,0,0
"Anablepsoides_cajariensis",0,0,0,0,0,0,0,0
"Anablepsoides_beniensis",2.07220919997124,15221.3770393381,0.194249920156749,0.0718855605849622,0.480743518410009,0,0,0
"Anablepsoides_bahianus",2.59080226365697,24335.3282882668,0.191118026737502,0.0769906774367146,0.474543831034219,0,0,0
"Anablepsoides_atratus",2.07220919997124,15221.3770393381,0.194249920156749,0.0718855605849622,0.480743518410009,0,0,0
"Anablepsoides_amanan",1.86241544121661,12164.3566369305,0.195766206090201,0.06957776326216,0.483833310913904,0,0,0
"Pterolebias_zonatus",0,0,0,0,0,0,0,0
"Austrofundulus_leoni",0.41558658164238,3833.7956807928,0.0265022856408331,0.0108641609385779,0.068431311604823,0,0,0
"Austrofundulus_limnaeus",0,0,0,0,0,0,0,0
"Austrofundulus_transilis",0,0,0,0,0,0,0,0
"Austrofundulus_rupununi",0.506355039213005,4127.90823737428,0.0345781811231322,0.0141555528571892,0.0870878027863193,0,0,0
"Austrofundulus_leohoignei",1.19181498612005,10854.9941836421,0.0766449102578366,0.0316239474809883,0.194262443714845,0,0,0
"Austrofundulus_guajira",1.46249008227982,13689.5480845756,0.0926998057718649,0.0383845852104218,0.234402914500965,0,0,0
"Rachovia_hummelincki",1.278047580166,8581.21329432271,0.114578485307012,0.0401260111603296,0.278748272954021,0,0,0
"Rachovia_pyropunctata",1.05027702226868,7069.04941443505,0.093850765329106,0.0328672074900941,0.227647833221013,0,0,0
"Rachovia_brevis",0,0,0,0,0,0,0,0
"Rachovia_maculipinnis",0,0,0,0,0,0,0,0
"Pterolebias_hoignei",0,0,0,0,0,0,0,0
"Llanolebias_stellifer",0,0,0,0,0,0,0,0
"Micromoema_xiphophora",2.19113165446669,19869.6376121691,0.157730509110777,0.0625537821355973,0.392525663704492,0,0,0
"Terranatos_dolichopterus",0,0,0,0,0,0,0,0
"Pterolebias_longipinnis",0,0,0,0,0,0,0,0
"Pterolebias_phasianus",0,0,0,0,0,0,0,0
"Renova_oscari",1.81915945272083,14400.0165780816,0.152845810398326,0.0573097463409049,0.381083711527628,0,0,0
"Trigonectes_strigabundus",4.02374167966784,64542.1631223872,0.173813715677805,0.0834205369677967,0.43602154765526,0,0,0
"Trigonectes_rogoaguae",3.55245102924397,49854.7753611377,0.175420899796632,0.0803204286382431,0.439186887731981,0,0,0
"Trigonectes_macrophthalmus",3.03900305044074,35900.0469835221,0.177422981575886,0.0765650059495639,0.44325871165702,0,0,0
"Trigonectes_aplocheiloides",3.5524509415641,49854.7741306421,0.175420895466985,0.080320426655815,0.439186876892199,0,0,0
"Trigonectes_balzanii",4.91371295950671,97967.6946067724,0.171288129001964,0.0886813692240647,0.431020841877609,0,0,0
"Trigonectes_rubromarginatus",4.02374158035593,64542.161529391,0.173813711387825,0.0834205349088543,0.436021536893604,0,0,0
"Neofundulus_parvipinnis",2.48826920565627,23538.2430762277,0.180012333796434,0.0720272644076438,0.448774824578868,0,0,0
"Neofundulus_guaporensis",1.53525936734234,8560.01134994475,0.18647293335116,0.062123034430721,0.461589082526903,0,0,0
"Neofundulus_acutirostratus",2.90847820433266,32762.2563884174,0.177996669619365,0.0755531741574704,0.444447097390154,0,0,0
"Neofundulus_ornatipinnis",2.76870511235679,29430.8885623546,0.178611739836037,0.0744165252301194,0.445959997415678,0,0,0
"Neofundulus_paraguayensis",2.76870511235679,29430.8885623546,0.178611739836037,0.0744165252301194,0.445959997415678,0,0,0
"Moema_quiii",3.21977955497359,45209.7297031458,0.159846356144613,0.0725497016406705,0.401035165756295,0,0,0
"Moema_portugali",3.63520839967613,58166.7880105902,0.158422310140593,0.0752773539909217,0.398198975719233,0,0,0
"Moema_pepotei",3.63520839967613,58166.7880105902,0.158422310140593,0.0752773539909217,0.398198975719233,0,0,0
"Moema_nudifrontata",3.21977955497359,45209.7297031458,0.159846356144613,0.0725497016406705,0.401035165756295,0,0,0
"Moema_heterostigma",2.97095917930877,38042.5697770847,0.160763898738521,0.070778675011573,0.403134022292697,0,0,0
"Moema_hellneri",3.21977955497359,45209.7297031458,0.159846356144613,0.0725497016406705,0.401035165756295,0,0,0
"Moema_apurinan",3.21977955497359,45209.7297031458,0.159846356144613,0.0725497016406705,0.401035165756295,0,0,0
"Moema_piriana",3.63520833978119,58166.7870522143,0.158422307530372,0.0752773527506263,0.398198969158371,0,0,0
"Moema_staecki",3.63520833978119,58166.7870522143,0.158422307530372,0.0752773527506263,0.398198969158371,0,0,0
"Aphyolebias_wischmanni",2.35024285193411,39790.2379835595,0.0980837651488606,0.0466897499073051,0.247802762783,0,0,0
"Aphyolebias_schleseri",1.78250404028757,22301.6432550113,0.100085905380205,0.0429084026058869,0.251903887995139,0,0,0
"Aphyolebias_rubrocaudatus",1.37325492088895,12895.3750266895,0.102005272291191,0.0396124292947234,0.255812161123164,0,0,0
"Aphyolebias_obliquus",0,0,0,0,0,0,0,0
"Aphyolebias_manuensis",1.78250404028757,22301.6432550113,0.100085905380205,0.0429084026058869,0.251903887995139,0,0,0
"Aphyolebias_claudiae",1.78250404028757,22301.6432550113,0.100085905380205,0.0429084026058869,0.251903887995139,0,0,0
"Aphyolebias_peruensis",1.96056792059764,27312.8293061772,0.0994035019596936,0.0441733734829138,0.250346808720027,0,0,0
"Aphyolebias_boticarioi",1.78250404028757,22301.6432550113,0.100085905380205,0.0429084026058869,0.251903887995139,0,0,0
"Anablepsoides_ophiomimus",3.47148719160199,44888.1470340376,0.186412494869486,0.0838916316161619,0.465005666315198,0,0,0
"Anablepsoides_rubrolineatus",2.88433936042938,30525.820658865,0.188969832053527,0.0792761717048594,0.46998310870386,0,0,0
"Anablepsoides_iridescens",3.18604284854984,37661.9505130348,0.187612784704269,0.0817233000488051,0.467097996450209,0,0,0
"Anablepsoides_jucundus",2.40634635379184,20848.4916030013,0.191476552689894,0.0750169650880025,0.47528079917574,0,0,0
"Anablepsoides_cryptocallus",0,0,0,0,0,0,0,0
"Anablepsoides_deltaphilus",0.312550523639503,2859.23057474386,0.023881273599958,0.00969801179771556,0.0593789538865993,0,0,0
"Anablepsoides_urophthalmus",0.487277631853749,5053.29721604462,0.0327961940776832,0.0139185217315874,0.0817434024607176,0,0,0
"Anablepsoides_stagnatus",0.567788817679982,5290.53130247261,0.0422869907664789,0.0173035008012272,0.105343195896421,0,0,0
"Anablepsoides_waimacui",0.806740338907587,10802.3425798972,0.0397189457680415,0.0187112867439677,0.100030444659497,0,0,0
"Anablepsoides_amphoreus",0,0,0,0,0,0,0,0
"Anablepsoides_immaculatus",2.15302788207805,30073.1806446512,0.107029417046927,0.0502391019631456,0.269787618186566,0,0,0
"Anablepsoides_hartii",0,0,0,0,0,0,0,0
"Melanorivulus_zygonectes",0.538718914311569,3332.44424315765,0.0447236810130871,0.0147821903673816,0.109653343230006,0,0,0
"Melanorivulus_vittatus",0.50875113484821,2951.23767627659,0.0449082786218831,0.0145236272834644,0.11002997225313,0,0,0
"Melanorivulus_schuncki",0,0,0,0,0,0,0,0
"Melanorivulus_scalaris",0.50875113484821,2951.23767627659,0.0449082786218831,0.0145236272834644,0.11002997225313,0,0,0
"Melanorivulus_salmonicaudus",0.448520366517467,2267.94333352618,0.0453248222182383,0.0139779254512855,0.110876156624491,0,0,0
"Melanorivulus_rutilicaudus",0.50875113484821,2951.23767627659,0.0449082786218831,0.0145236272834644,0.11002997225313,0,0,0
"Melanorivulus_rubromarginatus",0.484178153684116,2663.16510928622,0.0450727874032345,0.014307626364856,0.110358097563585,0,0,0
"Melanorivulus_rossoi",0,0,0,0,0,0,0,0
"Melanorivulus_planaltinus",0,0,0,0,0,0,0,0
"Melanorivulus_pinima",0.506097240001896,2920.86661666328,0.0449264888793707,0.0145011309787978,0.110060904204059,0,0,0
"Melanorivulus_parnaibensis",0.50875113484821,2951.23767627659,0.0449082786218831,0.0145236272834644,0.11002997225313,0,0,0
"Melanorivulus_paresi",0,0,0,0,0,0,0,0
"Melanorivulus_paracatuensis",0.50875113484821,2951.23767627659,0.0449082786218831,0.0145236272834644,0.11002997225313,0,0,0
"Melanorivulus_modestus",0,0,0,0,0,0,0,0
"Melanorivulus_megaroni",0.50875113484821,2951.23767627659,0.0449082786218831,0.0145236272834644,0.11002997225313,0,0,0
"Melanorivulus_litteratus",0,0,0,0,0,0,0,0
"Melanorivulus_kayapo",0.50875113484821,2951.23767627659,0.0449082786218831,0.0145236272834644,0.11002997225313,0,0,0
"Melanorivulus_kayabi",0,0,0,0,0,0,0,0
"Melanorivulus_karaja",0.506928165528844,2932.44653180456,0.0449218548267598,0.0145076658774174,0.110033944300747,0,0,0
"Melanorivulus_javahe",0.4340512774948,2117.60397081634,0.0454335744823714,0.0138376156291394,0.11108015838556,0,0,0
"Melanorivulus_jalapensis",0.50875113484821,2951.23767627659,0.0449082786218831,0.0145236272834644,0.11002997225313,0,0,0
"Melanorivulus_illuminatus",0,0,0,0,0,0,0,0
"Melanorivulus_giarettai",0,0,0,0,0,0,0,0
"Melanorivulus_faucireticulatus",0,0,0,0,0,0,0,0
"Melanorivulus_egens",0.50875113484821,2951.23767627659,0.0449082786218831,0.0145236272834644,0.11002997225313,0,0,0
"Melanorivulus_decoratus",0.630339592631109,4629.08781229364,0.0442135024700571,0.0155146730404844,0.108695824131254,0,0,0
"Melanorivulus_dapazi",0,0,0,0,0,0,0,0
"Melanorivulus_cyanopterus",0.47877697271156,2603.20173328063,0.0451111072990647,0.0142605527177038,0.110438900193585,0,0,0
"Melanorivulus_crixas",0.473620310390418,2543.82335026783,0.0451455954303017,0.014208174559146,0.110461591717683,0,0,0
"Melanorivulus_bororo",0,0,0,0,0,0,0,0
"Melanorivulus_apiamici",0.421319223420507,2350.48031259849,0.0366788426108902,0.0118985486796363,0.0910824284132763,0,0,0
"Melanorivulus_pictus",0.524749330104118,3725.12038242797,0.036096746904254,0.0127301858517623,0.0899527374579925,0,0,0
"Melanorivulus_punctatus",0,0,0,0,0,0,0,0
"Melanorivulus_violaceus",0.630339556956514,4629.08755030655,0.044213499967757,0.0155146721624185,0.108695817979523,0,0,0
"Cynodonichthys_pacificus",3.10774664574352,34159.3362514183,0.189833463138543,0.0786886553414461,0.467136414423429,0,0,0
"Cynodonichthys_leucurus",2.95839733345396,30685.9095051105,0.190489438634346,0.0775048363598634,0.468726556516112,0,0,0
"Cynodonichthys_glaucus",2.50807453413524,21763.6629819036,0.192818795725761,0.0737086333941137,0.4733233180169,0,0,0
"Cynodonichthys_elegans",2.81345744506858,27686.8764902552,0.19120657317664,0.0763323966157451,0.470021763972395,0,0,0
"Cynodonichthys_boehlkei",2.1745073251753,16134.8193978937,0.194833598532398,0.0705256889980405,0.477029862905338,0,0,0
"Cynodonichthys_fuscolineatus",0,0,0,0,0,0,0,0
"Cynodonichthys_isthmensis",0,0,0,0,0,0,0,0
"Cynodonichthys_tenuis",0,0,0,0,0,0,0,0
"Cynodonichthys_weberi",1.71734559572482,19627.5016903206,0.104482892600697,0.0414962135586271,0.263599536223369,0,0,0
"Cynodonichthys_brunneus",1.82192377651933,15213.373255187,0.147140177427117,0.0535899505224632,0.366133682896036,0,0,0
"Cynodonichthys_magdalenae",0,0,0,0,0,0,0,0
"Cynodonichthys_chucunaque",0,0,0,0,0,0,0,0
"Cynodonichthys_hildebrandi",0,0,0,0,0,0,0,0
"Cynodonichthys_uroflammeus",0,0,0,0,0,0,0,0
"Maratecoara_splendida",0,0,0,0,0,0,0,0
"Maratecoara_formosa",0.874475193759884,8531.78629456705,0.0537947200517854,0.0223029836404931,0.133486990063611,0,0,0
"Maratecoara_lacortei",0.874475193759884,8531.78629456705,0.0537947200517854,0.0223029836404931,0.133486990063611,0,0,0
"Pituna_xinguensis",0,0,0,0,0,0,0,0
"Pituna_schindleri",0,0,0,0,0,0,0,0
"Pituna_obliquoseriata",0,0,0,0,0,0,0,0
"Pituna_compacta",0.963369113824704,8830.09892342305,0.0668684443671629,0.0260798007756592,0.161083957145403,0,0,0
"Pituna_poranga",0,0,0,0,0,0,0,0
"Pituna_brevirostrata",0.749483268067118,5213.97457526272,0.068103785428134,0.0241539211803567,0.163524775277553,0,0,0
"Papiliolebias_bitteri",2.32668344049137,20940.0633248983,0.165474600645404,0.0652909349043279,0.402691208411242,0,0,0
"Papiliolebias_hatinne",1.99468578879717,15176.3557169152,0.167346982531068,0.0622639088185207,0.406118676412705,0,0,0
"Plesiolebias_aruana",1.70507882182459,10244.3061387564,0.181265321674283,0.0621798243506808,0.438414235105986,0,0,0
"Atlantirivulus_lazzarotoi",1.14436286335065,6468.15451421248,0.105619605353147,0.0347559595481077,0.249769132702042,0,0,0
"Atlantirivulus_depressus",1.39038252827609,9736.15881793896,0.104132539587123,0.03689529925296,0.246936160266794,0,0,0
"Atlantirivulus_janeiroensis",1.39038251818679,9736.1587472888,0.104132538831486,0.0368952989852293,0.246936158474903,0,0,0
"Atlantirivulus_haraldsiolii",1.15996818852712,6649.59105135156,0.105513876694622,0.0349130551635443,0.249719644327241,0,0,0
"Atlantirivulus_santensis",0,0,0,0,0,0,0,0
"Rivulus_formosensis",0,0,0,0,0,0,0,0
"Laimosemion_uatuman",3.93620416317929,39564.2884355106,0.218589660105991,0.135250918634055,0.51605654110098,0,0,0
"Laimosemion_uakti",3.93620416317929,39564.2884355106,0.218589660105991,0.135250918634055,0.51605654110098,0,0,0
"Laimosemion_torrenticola",3.09230881711738,23800.0384956832,0.222442351728547,0.125436418402053,0.522600118620285,0,0,0
"Laimosemion_staecki",0,0,0,0,0,0,0,0
"Laimosemion_sape",3.93620416317929,39564.2884355106,0.218589660105991,0.135250918634055,0.51605654110098,0,0,0
"Laimosemion_romeri",3.93620416317929,39564.2884355106,0.218589660105991,0.135250918634055,0.51605654110098,0,0,0
"Laimosemion_nicoi",2.94945563203729,21555.3975064652,0.223209333695086,0.123589184162013,0.523798465871681,0,0,0
"Laimosemion_dibaphus",3.64029735439995,33571.2014120301,0.219833811880401,0.132007834192306,0.51822814275582,0,0,0
"Laimosemion_corpulentus",4.47726785263355,51875.1758208867,0.216560054633363,0.140841700922432,0.512828910081002,0,0,0
"Laimosemion_cladophorus",4.2843140125987,47251.7850291647,0.217247330296077,0.13891340610442,0.514031739083875,0,0,0
"Laimosemion_amanapira",3.93620416317929,39564.2884355106,0.218589660105991,0.135250918634055,0.51605654110098,0,0,0
"Laimosemion_altivelis",6.28653428989612,105712.552538093,0.211278599204333,0.156539671090294,0.503856931470919,0,0,0
"Laimosemion_lyricauda",4.62954500597964,54777.7259311626,0.207696922376408,0.147996321957002,0.495584032471579,0,0,0
"Laimosemion_mahdiaensis",3.96910143815237,39591.8589266739,0.210019573772259,0.141022821987334,0.499476514361855,0,0,0
"Laimosemion_gransabanae",4.32012065531891,47284.7125750327,0.208729871714057,0.144841608016891,0.49751676582031,0,0,0
"Laimosemion_breviceps",3.33172954576677,27377.4868007541,0.21269813069144,0.13354476604016,0.504189922245232,0,0,0
"Laimosemion_strigatus",0,0,0,0,0,0,0,0
"Laimosemion_geayi",0,0,0,0,0,0,0,0
"Laimosemion_agilae",0,0,0,0,0,0,0,0
"Laimosemion_xiphidius",0,0,0,0,0,0,0,0
"Laimosemion_frenatus",0,0,0,0,0,0,0,0
"Laimosemion_tecminae",4.5911736964366,54739.5798776656,0.216172227862131,0.141938999603557,0.512034843268291,0,0,0
"Laimosemion_rectocaudatus",4.89633420149233,62571.3208352463,0.215154971198624,0.144849068844502,0.510599435470088,0,0,0
"Laimosemion_kirovskyi",2.77717569494498,18988.4033369601,0.224181479403334,0.121250580247684,0.525228726484833,0,0,0
"Kryptolebias_gracilis",2.69716374648676,11470.000810532,0.248001667984031,0.0781250939761026,0.53783789536633,0,0,0
"Kryptolebias_campelloi",4.01035985489361,26294.5160042674,0.240903700125695,0.088154843993746,0.525129825659882,0,0,0
"Kryptolebias_ocellatus",0,0,0,0,0,0,0,0
"Kryptolebias_marmoratus",0,0,0,0,0,0,0,0
"Kryptolebias_caudomarginatus",0,0,0,0,0,0,0,0
"Kryptolebias_brasiliensis",0,0,0,0,0,0,0,0
"Kryptolebias_sepia",0.623451424870723,2983.27321370962,0.0494600157665221,0.0157774770969405,0.119529564221305,0,0,0
"Simpsonichthys_zonatus",0,0,0,0,0,0,0,0
"Simpsonichthys_virgulatus",2.24620657190106,13973.2271738655,0.216139873627061,0.0625351982429825,0.488337535020656,0,0,0
"Simpsonichthys_trilineatus",2.56591610127556,18456.351507137,0.214046710326521,0.0651424207259109,0.4846521083716,0,0,0
"Simpsonichthys_stellatus",2.56591610127556,18456.351507137,0.214046710326521,0.0651424207259109,0.4846521083716,0,0,0
"Simpsonichthys_similis",2.56591610127556,18456.351507137,0.214046710326521,0.0651424207259109,0.4846521083716,0,0,0
"Simpsonichthys_santanae",1.58799120451134,6758.18782363961,0.221686861318662,0.0562619544001886,0.498657309752412,0,0,0
"Simpsonichthys_rufus",2.59178866952599,18895.7930578467,0.213906909500837,0.0653243446865864,0.483997633742493,0,0,0
"Simpsonichthys_punctulatus",0,0,0,0,0,0,0,0
"Simpsonichthys_perpendicularis",2.56591610127556,18456.351507137,0.214046710326521,0.0651424207259109,0.4846521083716,0,0,0
"Simpsonichthys_parallelus",1.50162240699632,6011.76196006403,0.222597323676603,0.0553239128468954,0.500491005033236,0,0,0
"Simpsonichthys_ocellatus",2.25782247087906,14115.3958430119,0.216052899575999,0.0626311200027597,0.488210640680486,0,0,0
"Simpsonichthys_nigromaculatus",0,0,0,0,0,0,0,0
"Simpsonichthys_nielseni",0,0,0,0,0,0,0,0
"Simpsonichthys_multiradiatus",0,0,0,0,0,0,0,0
"Simpsonichthys_gibberatus",2.24620657190106,13973.2271738655,0.216139873627061,0.0625351982429825,0.488337535020656,0,0,0
"Simpsonichthys_fasciatus",2.24620657190106,13973.2271738655,0.216139873627061,0.0625351982429825,0.488337535020656,0,0,0
"Simpsonichthys_delucai",0,0,0,0,0,0,0,0
"Simpsonichthys_constanciae",0,0,0,0,0,0,0,0
"Simpsonichthys_cholopteryx",2.24620657190106,13973.2271738655,0.216139873627061,0.0625351982429825,0.488337535020656,0,0,0
"Simpsonichthys_boitonei",0,0,0,0,0,0,0,0
"Simpsonichthys_alternatus",0,0,0,0,0,0,0,0
"Austrolebias_varzeae",1.01742445634624,7253.96882228926,0.14013945534174,0.0372200676316351,0.422229308420604,0,0,0
"Austrolebias_vandenbergorum",1.73386972779174,22155.6826180756,0.134779583023423,0.0437386659335197,0.40826412096019,0,0,0
"Austrolebias_toba",1.37376099387318,13593.532057861,0.137091274942325,0.0407704939347073,0.414475366573969,0,0,0
"Austrolebias_quirogai",0,0,0,0,0,0,0,0
"Austrolebias_prognathus",2.10577433419498,33211.4729480279,0.132865983358113,0.0463822914821175,0.403347538557461,0,0,0
"Austrolebias_periodicus",0,0,0,0,0,0,0,0
"Austrolebias_patriciae",1.00029282749092,6995.86678760185,0.140311545145365,0.0370381076169177,0.422860841679061,0,0,0
"Austrolebias_paranaensis",0.840543552928423,4858.51150948097,0.142107772328338,0.035134277984753,0.427484422817459,0,0,0
"Austrolebias_nioni",1.37376099387318,13593.532057861,0.137091274942325,0.0407704939347073,0.414475366573969,0,0,0
"Austrolebias_monstrosus",2.4544703531091,45773.4829179664,0.131385405295233,0.0485955162567733,0.399595440069957,0,0,0
"Austrolebias_juanlangi",1.01742445634624,7253.96882228926,0.14013945534174,0.0372200676316351,0.422229308420604,0,0,0
"Austrolebias_ibicuiensis",1.16302791770991,9579.97670425589,0.138765567753261,0.0387627087965851,0.418877119107924,0,0,0
"Austrolebias_elongatus",3.17202306965605,78511.498411293,0.12895132137433,0.0524834890974924,0.392683987440446,0,0,0
"Austrolebias_charrua",1.28003356885198,11699.8553299604,0.137791415429052,0.0399027088785487,0.416387819487189,0,0,0
"Austrolebias_carvalhoi",1.10732852403212,8647.05034622478,0.139266472251602,0.0381923535616676,0.420173800497348,0,0,0
"Austrolebias_arachan",1.21459130007548,10504.2669744681,0.138331781300765,0.0392733556549871,0.417627185051769,0,0,0
"Austrolebias_bellottii",0,0,0,0,0,0,0,0
"Austrolebias_robustus",0.826720180380033,10997.4059484308,0.0728020486506159,0.0218447566273004,0.279369538008768,0,0,0
"Austrolebias_nonoiuliensis",0.777100754539602,9664.68618868147,0.0731341461806497,0.0214434697127579,0.280517157606462,0,0,0
"Austrolebias_vazferreirai",0.935859388372015,13829.1219046892,0.0759801611350791,0.0235291358487441,0.286353136891911,0,0,0
"Austrolebias_melanoorus",0.663424858889546,6708.61942963055,0.0779107016940149,0.0212141026577222,0.292990274463561,0,0,0
"Austrolebias_cheradophilus",0,0,0,0,0,0,0,0
"Austrolebias_gymnoventris",0.490724078103707,4633.09880204801,0.0720835810901306,0.0183238396864618,0.253168340683108,0,0,0
"Austrolebias_wolterstorffi",0.826682348980357,12956.7513133551,0.0726894942752043,0.022098744523599,0.257117521232521,0,0,0
"Austrolebias_luteoflammulatus",0.542176289757647,4582.4014332866,0.0830055594704095,0.0207652919964263,0.294845873147223,0,0,0
"Austrolebias_nigrofasciatus",0.217803820234823,2357.66474093148,0.0303711623054095,0.00747933542457039,0.101157245121938,0,0,0
"Austrolebias_adloffi",0,0,0,0,0,0,0,0
"Austrolebias_reicherti",0.518188846203225,4893.97982396013,0.0750094452339149,0.0187568300883101,0.252408083608197,0,0,0
"Austrolebias_affinis",0,3270.25596600683,0.12503736817687,0,0.389478740422449,0,0,0
"Austrolebias_cyaneus",0.535432919387118,5548.67068725739,0.124975019351929,0.0254434044443129,0.397321902089402,0,0,0
"Austrolebias_alexandri",0.887796298321079,13531.9973362442,0.121376705567984,0.0308645910678554,0.387894463399393,0,0,0
"Austrolebias_nigripinnis",0,0,0,0,0,0,0,0
"Hypsolebias_radiosus",1.61653062177193,14560.1800402694,0.149252216103527,0.048672151086319,0.405243248740991,0,0,0
"Hypsolebias_picturatus",1.5687525466114,13730.3886961531,0.149600210630513,0.0482135953092724,0.405544211077014,0,0,0
"Hypsolebias_notatus",1.52634309627842,12912.8115268223,0.149879188073377,0.047814821099665,0.406489592817254,0,0,0
"Hypsolebias_marginatus",1.73462190997097,16883.9323484102,0.148487464026056,0.0497320372503524,0.403526719359088,0,0,0
"Hypsolebias_macaubensis",1.46675732275812,11897.2740212317,0.150323696791604,0.0472355547814725,0.407346071250229,0,0,0
"Hypsolebias_lopesi",1.64775966777691,15187.163967271,0.149052696407407,0.0489383817491511,0.404442161533632,0,0,0
"Hypsolebias_ghisolfii",0,0,0,0,0,0,0,0
"Hypsolebias_fulminantis",1.73462190997097,16883.9323484102,0.148487464026056,0.0497320372503524,0.403526719359088,0,0,0
"Hypsolebias_carlettoi",1.61653062177193,14560.1800402694,0.149252216103527,0.048672151086319,0.405243248740991,0,0,0
"Hypsolebias_brunoi",0,0,0,0,0,0,0,0
"Hypsolebias_auratus",1.52634309627842,12912.8115268223,0.149879188073377,0.047814821099665,0.406489592817254,0,0,0
"Hypsolebias_adornatus",1.63104788767716,14863.8327561378,0.149163692517994,0.0487940643949546,0.404784825588765,0,0,0
"Hypsolebias_flavicaudatus",0,0,0,0,0,0,0,0
"Hypsolebias_guanambi",0,0,0,0,0,0,0,0
"Hypsolebias_flagellatus",0,0,0,0,0,0,0,0
"Hypsolebias_janaubensis",0,0,0,0,0,0,0,0
"Hypsolebias_igneus",0,0,0,0,0,0,0,0
"Hypsolebias_mediopapillatus",0.979463117452559,10368.38061988,0.0779832732080184,0.0296483591451375,0.204269243265729,0,0,0
"Hypsolebias_magnificus",1.40194111269535,12323.788574293,0.130240677380618,0.043905857863574,0.345328553697929,0,0,0
"Hypsolebias_flammeus",0,0,0,0,0,0,0,0
"Hypsolebias_hellneri",1.73462188425368,16883.9320950896,0.148487461839567,0.049732036515407,0.403526713413146,0,0,0
"Hypsolebias_harmonicus",1.61653059780545,14560.1798218135,0.149252213905777,0.0486721503670367,0.405243242769756,0,0,0
"Nematolebias_whitei",0,0,0,0,0,0,0,0
"Nematolebias_papilliferus",0,0,0,0,0,0,0,0
"Campellolebias_intermedius",2.36908863086176,18336.9804647914,0.252596227936291,0.0782205058283056,0.541875779909723,0,0,0
"Plesiolebias_glaucopterus",0.0222772200440774,90.5625158241541,0.0132732165810927,0.0022195483174857,0.029360767291989,0,0,0
"Cynopoecilus_nigrovittatus",0.0163441472781185,102.756615521764,0.00648433051481342,0.00125040080489672,0.0144132647409396,0,0,0
"Cynopoecilus_melanotaenia",0,0,0,0,0,0,0,0
"Cynopoecilus_intimus",0.0115239457134057,49.3369013044164,0.00665167391740094,0.00112422599417413,0.0147271459368485,0,0,0
"Leptolebias_splendens",0,0,0,0,0,0,0,0
"Leptolebias_itanhaensis",1.34879634945643,7070.07286179979,0.227264819921072,0.0605153980723847,0.495474079627575,0,0,0
"Leptolebias_aureoguttatus",1.78992176384255,12788.6940793699,0.222612534714434,0.0659571273417461,0.486994590479552,0,0,0
"Leptolebias_citrinipinnis",2.08780268817538,17639.8125924961,0.22011587046151,0.0691280493396629,0.482576488094275,0,0,0
"Campellolebias_dorsimaculatus",1.90803501920232,13418.0039621369,0.237919894880288,0.070021153373992,0.515191671592068,0,0,0
"Notholebias_cruzi",2.17837027036652,15356.2826344591,0.254132603678406,0.0762169687373385,0.544493082984541,0,0,0
"Notholebias_fractifasciatus",2.17837024358988,15356.2824457002,0.254132600554629,0.0762169678004761,0.544493076291728,0,0,0
"Foerschichthys_nigeriensis",7.39986341506335,86528.1469378261,0.370736565516271,0.166156055615943,0.571711913287582,0,0,3.8082866822193
"Aphyosemion_zygaima",0,0,0,0,0,0,0,2.17337950565155
"Aphyosemion_thysi",0,0,0,0,0,0,0,2.55553957256864
"Aphyosemion_schoutedeni",4.90033091761264,119968.843888023,0.173069143745694,0.0853696895427426,0.299089584945002,0,0,2.17233728128384
"Aphyosemion_schluppi",0,0,0,0,0,0,0,2.20698947980681
"Aphyosemion_schioetzi",4.80487715668233,114361.924645181,0.173277647026813,0.0848658671215186,0.299781099996512,0,0,2.25883753452567
"Aphyosemion_raddai",5.42707513026584,153728.060521847,0.171981132164326,0.0879306782181314,0.295086669915423,0,0,1.7394594977866
"Aphyosemion_pascheni",0,0,0,0,0,0,0,2.2052599170982
"Aphyosemion_lujae",4.80487715668233,114361.924645181,0.173277647026813,0.0848658671215186,0.299781099996512,0,0,2.25883753452567
"Aphyosemion_lefiniense",4.80487715668233,114361.924645181,0.173277647026813,0.0848658671215186,0.299781099996512,0,0,2.25883753452567
"Aphyosemion_lambertorum",0,0,0,0,0,0,0,2.18589157745935
"Aphyosemion_joergenscheeli",5.42707513026584,153728.060521847,0.171981132164326,0.0879306782181314,0.295086669915423,0,0,1.7394594977866
"Aphyosemion_herzogi",0,0,0,0,0,0,0,2.18049116316928
"Aphyosemion_gabunense",0,0,0,0,0,0,0,2.19871452834987
"Aphyosemion_ferranti",4.80487715668233,114361.924645181,0.173277647026813,0.0848658671215186,0.299781099996512,0,0,2.25883753452567
"Aphyosemion_escherichi",0,0,0,0,0,0,0,2.18191121417797
"Aphyosemion_dargei",0,0,0,0,0,0,0,2.18030682232484
"Aphyosemion_caudofasciatum",0,0,0,0,0,0,0,2.1951245509295
"Aphyosemion_buytaerti",4.80487715668233,114361.924645181,0.173277647026813,0.0848658671215186,0.299781099996512,0,0,2.25883753452567
"Aphyosemion_amoenum",0,0,0,0,0,0,0,2.20296927009605
"Aphyosemion_splendopleure",0,0,0,0,0,0,0,1.90717668978168
"Aphyosemion_volcanum",0,0,0,0,0,0,0,2.56133731483098
"Aphyosemion_poliaki",0.493794889841665,11092.8836143356,0.0160301354872824,0.00840399774001185,0.0284025319837918,0,0,2.19379765586715
"Aphyosemion_loennbergii",0,0,0,0,0,0,0,2.1834286845842
"Aphyosemion_riggenbachi",0,0,0,0,0,0,0,1.3304619648447
"Aphyosemion_bitaeniatum",0,0,0,0,0,0,0,2.21047377491722
"Aphyosemion_bivittatum",0,0,0,0,0,0,0,2.1771396724947
"Aphyosemion_lugens",2.33867400655705,45269.1203743533,0.0806244535933106,0.0409053366634261,0.142142112519858,0,0,2.20733332573167
"Aphyosemion_edeanum",1.42865068730359,25181.2277453369,0.0461658665319111,0.0237855544928474,0.080754216083387,0,0,2.19132620905554
"Aphyosemion_ahli",0,0,0,0,0,0,0,1.67166020504156
"Aphyosemion_heinemanni",0,0,0,0,0,0,0,2.20273283322744
"Aphyosemion_celiae",0,0,0,0,0,0,0,2.04572694931124
"Aphyosemion_calliurum",0,0,0,0,0,0,0,2.18647247875052
"Aphyosemion_franzwerneri",0,0,0,0,0,0,0,2.20863779057301
"Aphyosemion_australe",0,0,0,0,0,0,0,1.69067678371113
"Aphyosemion_maculatum",0,0,0,0,0,0,0,2.18825589443291
"Aphyosemion_mimbon",0,0,0,0,0,0,0,2.19313219924372
"Aphyosemion_cameronense",0,0,0,0,0,0,0,2.18768106508337
"Aphyosemion_wildekampi",2.44229807553925,49250.4124630588,0.0849400865074642,0.0436666707846312,0.148920379705095,0,0,2.21426486476055
"Aphyosemion_punctatum",2.44229807553925,49250.4124630588,0.0849400865074642,0.0436666707846312,0.148920379705095,0,0,2.21426486476055
"Aphyosemion_labarrei",0,0,0,0,0,0,0,2.18947881963667
"Aphyosemion_ocellatum",0,0,0,0,0,0,0,1.67568281725729
"Aphyosemion_coeleste",0,0,0,0,0,0,0,2.21249249393559
"Aphyosemion_batesii",0,0,0,0,0,0,0,0.92715144417728
"Aphyosemion_rectogoense",0,0,0,0,0,0,0,2.19625386256838
"Aphyosemion_elegans",0,0,0,0,0,0,0,2.19657632406713
"Aphyosemion_christyi",0,0,0,0,0,0,0,1.67933678289249
"Aphyosemion_polli",0.00129736463595597,22.5017981016481,4.79485775198293e-05,4.47408753063996e-05,8.23845270129e-05,0,0,2.18080478201341
"Aphyosemion_congicum",0,0,0,0,0,0,0,2.56667892252726
"Aphyosemion_decorsei",0.678219970968291,36397.5624711456,0.0204366140541679,0.0120594744087327,0.0371375487058371,0,0,2.23894203553072
"Aphyosemion_cognatum",0,0,0,0,0,0,0,2.25553349328838
"Aphyosemion_louessense",0,0,0,0,0,0,0,2.1787680595673
"Aphyosemion_ogoense",0,0,0,0,0,0,0,2.19340911721659
"Aphyosemion_hera",0,0,0,0,0,0,0,3.23058451248159
"Aphyosemion_primigenium",0,0,0,0,0,0,0,2.18835664216041
"Aphyosemion_striatum",0,0,0,0,0,0,0,1.59974289074139
"Aphyosemion_exiguum",0,0,0,0,0,0,0,3.0229527543144
"Aphyosemion_elberti",0.939073774202328,18885.0678157512,0.0324409282034005,0.0165749771795293,0.0579031911896927,0,0,3.03752991171409
"Aphyosemion_bualanum",0,0,0,0,0,0,0,2.19179034915576
"Aphyosemion_bamilekorum",0,0,0,0,0,0,0,3.05487901483861
"Aphyosemion_georgiae",0,0,0,0,0,0,0,3.66160014441807
"Aphyosemion_cyanostictum",0,0,0,0,0,0,0,1.49249259420808
"Aphyosemion_callipteron",4.00361254341658,75492.7502336706,0.163113187055098,0.0859393255596923,0.285760301988658,0,0,3.10182129161519
"Nothobranchius_willerti",1.36619024829727,88530.1049864239,0.147681160898594,0.0284489354651788,0.2276428958294,0,0,3.39188791105234
"Nothobranchius_vosseleri",0,0,0,0,0,0,0,2.22042680375963
"Nothobranchius_virgatus",0,0,0,0,0,0,0,2.18110145831482
"Nothobranchius_ugandensis",0,0,0,0,0,0,0,1.69510686166744
"Nothobranchius_taeniopygus",0,0,0,0,0,0,0,3.04807813792625
"Nothobranchius_symoensi",0,0,0,0,0,0,0,2.49521492200602
"Nothobranchius_steinforti",0,0,0,0,0,0,0,2.47722930934062
"Nothobranchius_robustus",0,0,0,0,0,0,0,2.16259106335201
"Nothobranchius_patrizii",0,0,0,0,0,0,0,2.50541879326575
"Nothobranchius_palmqvisti",0,0,0,0,0,0,0,0.0648505240823501
"Nothobranchius_ocellatus",0,0,0,0,0,0,0,0.903949073867945
"Nothobranchius_neumanni",0,0,0,0,0,0,0,1.27089716158884
"Nothobranchius_microlepis",0,0,0,0,0,0,0,1.24464104368079
"Nothobranchius_melanospilus",0,0,0,0,0,0,0,1.37316184856761
"Nothobranchius_malaissei",1.68524523537567,147385.258034978,0.145778629361746,0.0302298664502128,0.22141181299342,0,0,2.14646545112179
"Nothobranchius_lourensi",1.58169498373907,126344.349994701,0.146350187413693,0.0296775842511987,0.223249792682038,0,0,2.4608591782683
"Nothobranchius_kilomberoensis",0,0,0,0,0,0,0,2.47348031723943
"Nothobranchius_jubbi",0,0,0,0,0,0,0,1.93415429402626
"Nothobranchius_janpapi",0,0,0,0,0,0,0,2.89227756568437
"Nothobranchius_interruptus",1.88028163558079,192281.396088053,0.144795053142807,0.0312000605658515,0.21820309181936,0,0,1.68799312799643
"Nothobranchius_guentheri",0,0,0,0,0,0,0,1.45669121136438
"Nothobranchius_geminus",0,0,0,0,0,0,0,3.52567080392078
"Nothobranchius_foerschi",0,0,0,0,0,0,0,2.46069778716476
"Nothobranchius_elongatus",0,0,0,0,0,0,0,1.92004750462812
"Nothobranchius_brieni",1.78658216113148,169851.406234461,0.145254849258167,0.0307498742675855,0.21975436607383,0,0,1.89506130549843
"Nothobranchius_boklundi",0,0,0,0,0,0,0,2.26476452570019
"Nothobranchius_annectens",0,0,0,0,0,0,0,3.41360180180982
"Nothobranchius_kirki",0,0,0,0,0,0,0,2.48517961678128
"Nothobranchius_orthonotus",0,0,0,0,0,0,0,0.895700450101395
"Nothobranchius_furzeri",0,0,0,0,0,0,0,2.15311287955028
"Nothobranchius_rachovii",0,0,0,0,0,0,0,1.91138190268441
"Nothobranchius_eggersi",0,0,0,0,0,0,0,2.5010995871903
"Nothobranchius_polli",1.24805325726713,180976.781363966,0.132665186674772,0.0238609950727101,0.197183811752314,0,0,1.93739903477973
"Nothobranchius_kafuensis",1.24805325726713,180976.781363966,0.132665186674772,0.0238609950727101,0.197183811752314,0,0,1.93739903477973
"Pronothobranchius_kiyawensis",0,0,0,0,0,0,0,1.83895573279133
"Nothobranchius_thierryi",0,0,0,0,0,0,0,3.94250807658531
"Nothobranchius_rubroreticulatus",1.58169495162748,126344.347429657,0.14635018444249,0.0296775836486841,0.223249788149618,0,0,2.46085915582914
"Fundulopanchax_traudeae",2.80581459551669,66562.2166837774,0.118704572078616,0.0569711821851391,0.224203077938596,0,0,2.28718776368297
"Fundulopanchax_spoorenbergi",0,0,0,0,0,0,0,1.10041292507166
"Fundulopanchax_rubrolabialis",0,0,0,0,0,0,0,1.67081190905496
"Fundulopanchax_puerzli",0,0,0,0,0,0,0,1.0962541659578
"Fundulopanchax_powelli",2.23295346811131,38222.8615658593,0.120389569628628,0.0533146103508497,0.230997604059788,0,0,3.74594325008669
"Fundulopanchax_moensis",3.39464590382496,105729.066678629,0.117317122774593,0.060213914167967,0.218694097132401,0,0,1.51607191159044
"Fundulopanchax_marmoratus",0,0,0,0,0,0,0,1.65973921963904
"Fundulopanchax_kamdemi",0,0,0,0,0,0,0,0.935917292019255
"Fundulopanchax_intermittens",3.39464590382496,105729.066678629,0.117317122774593,0.060213914167967,0.218694097132401,0,0,1.51607191159044
"Fundulopanchax_gresensi",3.13151516470468,86904.1869593575,0.117901390078909,0.0588049358896017,0.220944816858013,0,0,1.79743741938757
"Fundulopanchax_gardneri",0,0,0,0,0,0,0,1.48932144501103
"Fundulopanchax_avichang",0,0,0,0,0,0,0,1.63001898656984
"Fundulopanchax_arnoldi",0,0,0,0,0,0,0,1.22753857224798
"Fundulopanchax_filamentosus",0,0,0,0,0,0,0,1.9387582714277
"Fundulopanchax_robertsoni",0,0,0,0,0,0,0,1.66781276223275
"Fundulopanchax_walkeri",1.79016141499805,45516.6208280639,0.0648235213216953,0.0329837807283138,0.122115132640968,0,0,1.67830511273832
"Fundulopanchax_sjostedti",0,0,0,0,0,0,0,0.402712622440867
"Fundulopanchax_deltaensis",0.823691673187587,29821.169852245,0.0230360184168486,0.0135792607173303,0.0436810187772909,0,0,0.823627397388179
"Fundulopanchax_gularis",0,0,0,0,0,0,0,0.920146908611348
"Fundulopanchax_fallax",0,0,0,0,0,0,0,0.93221301644642
"Fundulopanchax_amieti",0,0,0,0,0,0,0,1.33789418588002
"Fundulopanchax_cinnamomeus",0,0,0,0,0,0,0,1.66791084976017
"Fundulopanchax_mirabilis",0,0,0,0,0,0,0,1.00462612622359
"Fundulopanchax_ndianus",2.58396371464036,67171.372019334,0.0956688722305188,0.0482194550593298,0.179497824152523,0,0,1.68844042157178
"Fundulopanchax_oeseri",1.37054349888414,54149.0388390813,0.0372200880720276,0.0213224980985298,0.0707210392974425,0,0,1.10580185083875
"Fundulopanchax_scheeli",0,0,0,0,0,0,0,1.65984500952302
"Fenerbahce_formosus",0,0,0,0,0,0,0,3.05881697877155
"Epiplatys_togolensis",14.8721575292188,348726.831157774,0.201091338058521,0.143902578490598,0.319050993847184,0,0,1.13504366769984
"Epiplatys_spilargyreius",0,0,0,0,0,0,0,1.95311131877977
"Epiplatys_sexfasciatus",0,0,0,0,0,0,0,0.607125951543844
"Epiplatys_sangmelinensis",0,0,0,0,0,0,0,1.66582196561735
"Epiplatys_ruhkopfi",0,0,0,0,0,0,0,1.19632114455933
"Epiplatys_phoeniceps",12.2876633805306,219338.925254621,0.203474883392013,0.136143620099078,0.327123416790817,0,0,1.71509290136626
"Epiplatys_olbrechtsi",0,0,0,0,0,0,0,1.10452523940031
"Epiplatys_njalaensis",12.2876633805306,219338.925254621,0.203474883392013,0.136143620099078,0.327123416790817,0,0,1.71509290136626
"Epiplatys_neumanni",12.2876633805306,219338.925254621,0.203474883392013,0.136143620099078,0.327123416790817,0,0,1.71509290136626
"Epiplatys_mesogramma",0,0,0,0,0,0,0,1.66811944006979
"Epiplatys_longiventralis",12.2876633805306,219338.925254621,0.203474883392013,0.136143620099078,0.327123416790817,0,0,1.71509290136626
"Epiplatys_infrafasciatus",12.9714197684664,250188.800919659,0.202797469576546,0.138323304538557,0.324879449227059,0,0,1.52968220816888
"Epiplatys_hildegardae",13.6027844110117,280774.183052957,0.202200875003639,0.140209629561845,0.322759815041281,0,0,1.37439538165618
"Epiplatys_guineensis",13.6027844110117,280774.183052957,0.202200875003639,0.140209629561845,0.322759815041281,0,0,1.37439538165618
"Epiplatys_grahami",0,0,0,0,0,0,0,1.31043416967548
"Epiplatys_fasciolatus",16.1056565617091,423231.819798206,0.200107038488406,0.147305144581064,0.315835561058757,0,0,0.95917473048119
"Epiplatys_etzeli",0,0,0,0,0,0,0,2.18003790953467
"Epiplatys_esekanus",12.9714197684664,250188.800919659,0.202797469576546,0.138323304538557,0.324879449227059,0,0,1.52968220816888
"Epiplatys_duboisi",8.59151198064221,91972.1381767742,0.208018808603798,0.122706124095623,0.342797938985242,0,0,3.71658548620191
"Epiplatys_dageti",0,0,0,0,0,0,0,1.69541612209474
"Epiplatys_coccinatus",16.1056565617091,423231.819798206,0.200107038488406,0.147305144581064,0.315835561058757,0,0,0.95917473048119
"Epiplatys_chevalieri",0,0,0,0,0,0,0,1.67737632233553
"Epiplatys_biafranus",10.8789194306255,163171.392110025,0.20500882032533,0.131398353872681,0.332327508214031,0,0,2.22719541658447
"Epiplatys_barmoiensis",0,0,0,0,0,0,0,1.34179075190263
"Epiplatys_ansorgii",0,0,0,0,0,0,0,1.08177432473077
"Epiplatys_annulatus",0,0,0,0,0,0,0,2.99999668303868
"Scriptaphyosemion_guignardi",0.73539568292033,18259.1692176574,0.0239387660431922,0.01177348458243,0.0399996842206885,0,0,1.71163195954727
"Scriptaphyosemion_banforense",0,0,0,0,0,0,0,2.29865707484676
"Scriptaphyosemion_bertholdi",1.60003113748223,31895.4469972362,0.0578777053131393,0.0271433479846381,0.0970887443570929,0,0,1.94572562054737
"Scriptaphyosemion_chaytori",0,0,0,0,0,0,0,1.76017461139225
"Scriptaphyosemion_brueningi",0.845770880045064,15571.5397817667,0.0308109287830767,0.0141960677035399,0.0505387703687734,0,0,1.70733295982975
"Scriptaphyosemion_liberiense",0,0,0,0,0,0,0,1.70134602717165
"Scriptaphyosemion_etzeli",1.25325874778081,23077.3077714955,0.0493095582401569,0.022357866498834,0.0848353501449022,0,0,2.58281517026001
"Scriptaphyosemion_geryi",0,0,0,0,0,0,0,2.21510063340119
"Scriptaphyosemion_roloffi",0,0,0,0,0,0,0,2.17832429482122
"Scriptaphyosemion_cauveti",0,0,0,0,0,0,0,2.20614862056962
"Scriptaphyosemion_schmitti",0,0,0,0,0,0,0,2.56277402034448
"Callopanchax_toddi",0,0,0,0,0,0,0,1.1121372508528
"Callopanchax_occidentalis",0,0,0,0,0,0,0,1.10726604350623
"Callopanchax_monroviae",5.41171564179734,149578.653319769,0.13359170336558,0.0754170457205643,0.225805331125518,0,0,1.13318337755792
"Archiaphyosemion_guineense",0,0,0,0,0,0,0,1.34677111762902
"Nimbapanchax_petersi",0,0,0,0,0,0,0,2.1973185796793
"Nimbapanchax_maeseni",0,0,0,0,0,0,0,1.89876338803853
"Nimbapanchax_jeanpoli",0,0,0,0,0,0,0,1.89623033123851
"Nimbapanchax_viridis",0,0,0,0,0,0,0,1.34597677316058
"Epiplatys_bifasciatus",0,0,0,0,0,0,0,1.54102094724859
"Epiplatys_roloffi",0,0,0,0,0,0,0,1.65299936985428
"Epiplatys_lamottei",0,0,0,0,0,0,0,1.28440712514413
"Epiplatys_multifasciatus",10.5958771703969,140875.14141429,0.128177144973484,0.094675889269912,0.205093142756111,0,0,1.67749865394898
"Epiplatys_chaperi",0,0,0,0,0,0,0,1.67677857614457
"Epiplatys_singa",0,0,0,0,0,0,0,1.63323751579144
"Aplocheilus_werneri",0,0,0,0,0,0,0,1.20381495240721
"Aplocheilus_dayi",0,0,0,0,0,0,0,0.818072779431149
"Aplocheilus_parvus",0,0,0,0,0,0,0,1.42002688652364
"Aplocheilus_blockii",0,0,0,0,0,0,0,1.636133131451
"Aplocheilus_lineatus",0,0,0,0,0,0,0,0.575317703165965
"Aplocheilus_panchax",0,0,0,0,0,0,0,0.797441885885125
"Rhynchorhamphus_georgii",0,0,0,0,0,0,0,0
"Cheilopogon_heterurus",0,0,0,0,0,0,0,0
"Cheilopogon_cyanopterus",0,0,0,0,0,0,0,0
"Exocoetus_obtusirostris",0,0,0,0,0,0,0,0
"Exocoetus_volitans",0,0,0,0,0,0,0,0
"Parexocoetus_brachypterus",0,0,0,0,0,0,0,0
"Hemiramphus_saltator",0,0,0,0,0,0,0,0
"Hemiramphus_balao",0,0,0,0,0,0,0,0
"Hemiramphus_brasiliensis",0,0,0,0,0,0,0,0
"Oxyporhamphus_similis",0,0,0,0,0,0,0,0
"Hemiramphus_far",0,0,0,0,0,0,0,0
"Hyporhamphus_rosae",0,0,0,0,0,0,0,0
"Hyporhamphus_roberti",43.987977513503,107747267.371193,0.19379226962027,1.03375583826951,0.601034589212666,0,0,0
"Hyporhamphus_regularis",0,0,0,0,0,0,0,0
"Hyporhamphus_picarti",0,0,0,0,0,0,0,0
"Hyporhamphus_neglectus",0,0,0,0,0,0,0,0
"Hyporhamphus_mexicanus",33.7251014774371,61900524.7055229,0.1976286326309,0.956316190339674,0.61309223853288,0,0,0
"Hyporhamphus_intermedius",0,0,0,0,0,0,0,0
"Hyporhamphus_gernaerti",0,0,0,0,0,0,0,0
"Hyporhamphus_capensis",0,0,0,0,0,0,0,0
"Hyporhamphus_brederi",23.7956097099835,29832190.4233724,0.202764965108752,0.863653662028832,0.62976581093967,0,0,0
"Hyporhamphus_quoyi",0,0,0,0,0,0,0,0
"Hyporhamphus_melanochir",0,0,0,0,0,0,0,0
"Hyporhamphus_limbatus",0,0,0,0,0,0,0,0
"Hyporhamphus_unifasciatus",0,0,0,0,0,0,0,0
"Hyporhamphus_sajori",0,0,0,0,0,0,0,0
"Arrhamphus_sclerolepis",0,0,0,0,0,0,0,0
"Strongylura_notata",100.293438163266,2624520158.94402,0,2.39095973966162,1.39989542588132,0,0,0
"Strongylura_marina",0,0,0,0,0,0,0,0
"Strongylura_fluviatilis",0,0,0,0,0,0,0,0
"Strongylura_exilis",0,0,0,0,0,0,0,0
"Strongylura_hubbsi",0,0,0,0,0,0,0,0
"Strongylura_scapularis",0,0,0,0,0,0,0,0
"Potamorrhaphis_eigenmanni",0,0,0,0,0,0,0,0
"Potamorrhaphis_guianensis",0,0,0,0,0,0,0,0
"Potamorrhaphis_petersi",0,0,0,0,0,0,0,0
"Belonion_dibranchodon",0,0,0,0,0,0,0,0
"Belonion_apodion",0,0,0,0,0,0,0,0
"Pseudotylosurus_angusticeps",0,0,0,0,0,0,0,0
"Pseudotylosurus_microps",0,0,0,0,0,0,0,0
"Strongylura_senegalensis",0,0,0,0,0,0,0,0
"Strongylura_timucu",0,0,0,0,0,0,0,0
"Petalichthys_capensis",0,0,0,0,0,0,0,0
"Belone_belone",0,0,0,0,0,0,0,0
"Scomberesox_simulans",0,0,0,0,0,0,0,0
"Tylosurus_crocodilus",0,0,0,0,0,0,0,0
"Tylosurus_acus",0,0,0,1.14686078816592,0.889039352302096,0,0,0
"Ablennes_hians",0,0,0,0,0,0,0,0
"Strongylura_krefftii",0,0,0,0,0,0,0,0
"Strongylura_incisa",0,0,0,0,0,0,0,0
"Strongylura_leiura",0,0,0,0,0,0,0,0
"Strongylura_anastomella",0,0,0,0,0,0,0,0
"Strongylura_strongylura",0,0,0,0,0,0,0,0
"Xenentodon_cancila",0,0,0,0,0,0,0,0
"Xenentodon_canciloides",0,0,0,0,0,0,0,0
"Hemirhamphodon_phaiosoma",0,0,0,0,0,0,0,5.83996590240967
"Hemirhamphodon_kuekenthali",0,0,0,0,0,0,0,3.84081619673511
"Hemirhamphodon_kapuasensis",0,0,0,0,0,0,0,6.31245718555515
"Hemirhamphodon_pogonognathus",0,0,0,0,0,0,0,2.1258241967069
"Hemirhamphodon_chrysopunctatus",0,0,0,0,0,0,0,5.48545239214642
"Dermogenys_sumatrana",0,0,0,0,0,0,0,4.83129141715831
"Dermogenys_siamensis",1.30564834385685,98406.6879014405,0.225173922550851,0.0589297735357195,0.0873805359250915,0,0,4.95254079178261
"Dermogenys_collettei",0,0,0,0,0,0,0,6.39287904408158
"Dermogenys_pusilla",0,0,0,0,0,0,0,1.5838485151222
"Zenarchopterus_striga",0,0,0,0,0,0,0,1.16469999345515
"Zenarchopterus_robertsi",10.885752117953,3613586.7252448,0.875638674533277,0.437132984910682,0.471550922877631,0,0,1.47605919926322
"Zenarchopterus_rasori",11.976996217411,4553432.09109366,0.870398556584897,0.448467944995678,0.464419942593045,0,0,1.15816779377034
"Zenarchopterus_philippinus",0,0,0,0,0,0,0,1.16260330509918
"Zenarchopterus_ornithocephala",10.6163638845096,3400764.53407628,0.877011706296759,0.434140647448155,0.473346158163573,0,0,1.56894173874615
"Zenarchopterus_novaeguineae",13.9318648554213,6564304.20904144,0.86215886094563,0.46689294154846,0.453208461223609,0,0,0.785662668677133
"Zenarchopterus_kampeni",0,0,0,0,0,0,0,0.773776437307012
"Zenarchopterus_gilli",0,0,0,0,0,0,0,1.05075333139133
"Zenarchopterus_ectuntio",0,0,0,0,0,0,0,1.146939748654
"Zenarchopterus_dunckeri",0,0,0,0,0,0,0,1.39813570319933
"Zenarchopterus_dispar",0,0,0,0,0,0,0,1.13520625974097
"Zenarchopterus_clarus",0,0,0,0,0,0,0,1.14707774894384
"Zenarchopterus_caudovittatus",11.363801775787,4010077.27971441,0.873288742471029,0.442313350709204,0.468487690472773,0,0,1.32937489538387
"Zenarchopterus_buffonis",0,0,0,0,0,0,0,0.817506360540114
"Zenarchopterus_alleni",10.885752117953,3613586.7252448,0.875638674533277,0.437132984910682,0.471550922877631,0,0,1.47605919926322
"Oryzias_uwai",0,0,0,0,0,0,0,16.8493173252697
"Oryzias_setnai",0,0,0,0,0,0,0,8.20955868314713
"Oryzias_pectoralis",0,0,0,0,0,0,0,7.79349322779276
"Oryzias_melastigma",10.7293510030681,415271.864861197,0.966067464828089,0.299454323807948,0.769257645024737,0,0,5.70798748376346
"Oryzias_haugiangensis",0,0,0,0,0,0,0,11.6563093395073
"Oryzias_minutillus",0,0,0,0,0,0,0,12.1866186955116
"Oryzias_mekongensis",0,0,0,0,0,0,0,7.05366106845908
"Oryzias_curvinotus",0,0,0,0,0,0,0,6.1501441309256
"Oryzias_latipes",0,0,0,0,0,0,0,6.14561985756413
"Oryzias_sinensis",0,0,0,0,0,0,0,0
"Oryzias_javanicus",0,0,0,0,0,0,0,5.12296218745449
"Melanotaenia_splendida",0,0,0,0,0,0,0,0
"Melanotaenia_solata",0,0,0,0,0,0,0,0
"Melanotaenia_rubrostriata",0,0,0,0,0,0,0,0
"Melanotaenia_pimaensis",0,0,0,0,0,0,0,0
"Melanotaenia_maylandi",0,0,0,0,0,0,0,0
"Melanotaenia_corona",0,0,0,0,0,0,0,0
"Melanotaenia_ajamaruensis",0,0,0,0,0,0,0,0
"Melanotaenia_duboulayi",0,0,0,0,0,0,0,0
"Melanotaenia_utcheensis",0,0,0,0,0,0,0,0
"Melanotaenia_fluviatilis",0,0,0,0,0,0,0,0
"Melanotaenia_eachamensis",0,0,0,0,0,0,0,0
"Melanotaenia_australis",0,0,0,0,0,0,0,0
"Melanotaenia_parkinsoni",0,0,0,0,0,0,0,0
"Melanotaenia_gracilis",0,0,0,0,0,0,0,0
"Melanotaenia_exquisita",0,0,0,0,0,0,0,0
"Melanotaenia_pygmaea",0,0,0,0,0,0,0,0
"Melanotaenia_nigrans",0,0,0,0,0,0,0,0
"Melanotaenia_sexlineata",0,0,0,0,0,0,0,0
"Melanotaenia_maccullochi",0,0,0,0,0,0,0,0
"Melanotaenia_caerulea",0,0,0,0,0,0,0,0
"Melanotaenia_sylvatica",0,0,0,0,0,0,0,0
"Melanotaenia_papuae",0,0,0,0,0,0,0,0
"Melanotaenia_ogilbyi",0,0,0,0,0,0,0,0
"Melanotaenia_trifasciata",0,0,0,0,0,0,0,0
"Melanotaenia_oktediensis",0,0,0,0,0,0,0,0
"Melanotaenia_goldiei",0,0,0,0,0,0,0,0
"Melanotaenia_herbertaxelrodi",0,0,0,0,0,0,0,0
"Melanotaenia_mubiensis",0,0,0,0,0,0,0,0
"Melanotaenia_monticola",0,0,0,0,0,0,0,0
"Melanotaenia_lacustris",0,0,0,0,0,0,0,0
"Glossolepis_pseudoincisa",0,0,0,0,0,0,0,0
"Glossolepis_maculosa",0,0,0,0,0,0,0,0
"Glossolepis_incisa",0,0,0,0,0,0,0,0
"Chilatherina_bleheri",0,0,0,0,0,0,0,0
"Chilatherina_fasciata",0,0,0,0,0,0,0,0
"Chilatherina_sentaniensis",0,0,0,0,0,0,0,0
"Melanotaenia_vanheurni",0,0,0,0,0,0,0,0
"Chilatherina_alleni",0,11655338.8547578,0.0175011388521118,0.0706165305520382,0.00374653454848887,0,0,0
"Chilatherina_campsi",0,0,0,0,0,0,0,0
"Chilatherina_axelrodi",0,0,0,0,0,0,0,0
"Chilatherina_bulolo",0,0,0,0,0,0,0,0
"Chilatherina_crassispinosa",2.42800144123834,1380196.52259973,0.0117769306420276,0.0460835066500704,0.00164536429964568,0,0,0
"Melanotaenia_praecox",0,0,0,0,0,0,0,0
"Glossolepis_wanamensis",0,0,0,0,0,0,0,0
"Glossolepis_leggetti",1.01503519759543,649981.834982099,0.00530838167719579,0.0198476510647385,2.07500780494286e-05,0,0,0
"Glossolepis_multisquamata",0,0,0,0,0,0,0,0
"Melanotaenia_rubripinnis",0,0,0,0,0,0,0,0
"Glossolepis_ramuensis",0,0,0,0,0,0,0,0
"Melanotaenia_iris",0,0,0,0,0,0,0,0
"Chilatherina_lorentzii",2.21241176930481,927098.133175323,0.0157130174247562,0.0439817965604767,0.00286389836441436,0,0,0
"Melanotaenia_affinis",0,0,0,0,0,0,0,0
"Melanotaenia_fredericki",0,0,0,0,0,0,0,0
"Melanotaenia_misoolensis",0,0,0,0,0,0,0,0
"Melanotaenia_irianjaya",0,0,0,0,0,0,0,0
"Melanotaenia_boesemani",0,0,0,0,0,0,0,0
"Melanotaenia_arfakensis",0,0,0,0,0,0,0,0
"Melanotaenia_angfa",0,0,0,0,0,0,0,0
"Melanotaenia_parva",0,0,0,0,0,0,0,0
"Melanotaenia_catherinae",0,0,0,0,0,0,0,0
"Iriatherina_werneri",0,0,0,0,0,0,0,0
"Rhadinocentrus_ornatus",0,0,0,0,0,0,0,0
"Kalyptatherina_helodes",0,0,0,0,0,0,0,0.348873459703114
"Scaturiginichthys_vermeilipinnis",0,0,0,0,0,0,0,0.575339135343082
"Kiunga_ballochi",0,0,0,0,0,0,0,0.429776280073897
"Kiunga_bleheri",7.54024368141662,497008.188857652,0.080961662387431,0.245173519943481,0.136193925988934,0,0,0.430605677363113
"Pseudomugil_tenellus",0,0,0,0,0,0,0,0.16808515461268
"Pseudomugil_reticulatus",0,0,0,0,0,0,0,0.444232747299387
"Pseudomugil_pellucidus",0,0,0,0,0,0,0,0.380493619412266
"Pseudomugil_paskai",0,0,0,0,0,0,0,0.397441500469833
"Pseudomugil_paludicola",8.36792643027521,242467.948908428,0.113209556665661,0.279688737254407,0.202361160874996,0,0,0.446879714963597
"Pseudomugil_novaeguineae",0,0,0,0,0,0,0,0.308994230440585
"Pseudomugil_majusculus",0,0,0,0,0,0,0,0.256446357620231
"Pseudomugil_ivantsoffi",0,0,0,0,0,0,0,0.444454141177986
"Pseudomugil_inconspicuus",0,0,0,0,0,0,0,0.444021955982998
"Pseudomugil_furcatus",0,0,0,0,0,0,0,0.191120591111492
"Pseudomugil_connieae",0,0,0,0,0,0,0,0.167104145019452
"Pseudomugil_mellis",0,0,0,0,0,0,0,0.317391734809693
"Pseudomugil_signifer",0,0,0,0,0,0,0,0.100362435090882
"Pseudomugil_gertrudae",0,0,0,0,0,0,0,0.283557359798302
"Cairnsichthys_rhombosomoides",0,0,0,0,0,0,0,0
"Atherinomorus_pinguis",0,0,0,0,0,0,0,0
"Atherinomorus_endrachtensis",0,0,0,0,0,0,0,0
"Atherinomorus_lacunosus",0,0,0,0,0,0,0,0
"Teramulus_waterloti",0,0,0,0,0,0,0,0
"Teramulus_kieneri",0,0,0,0,0,0,0,0
"Atherinomorus_stipes",0,0,0,0,0,0,0,0
"Rheocles_sikorae",0,0,0,0,0,0,0,0.123953894170365
"Rheocles_pellegrini",0,0,0,0,0,0,0,0.197510328305091
"Bedotia_marojejy",0,0,0,0,0,0,0,0.161094464861437
"Bedotia_leucopteron",6.32418500063112,5484552.04446533,0.0341722000861437,0.192675076776955,0.104935628991687,0,0,0.162872807765957
"Bedotia_geayi",0,0,0,0,0,0,0,0.141808144256754
"Bedotia_madagascariensis",0,0,0,0,0,0,0,0.123416222376183
"Rheocles_vatosoa",0,0,0,0,0,0,0,0.152074916840357
"Rheocles_alaotrensis",0,0,0,0,0,0,0,0.0926060524649968
"Atherina_presbyter",0,0,0,0,0,0,0,0
"Atherina_boyeri",0,0,0,0,0,0,0,0
"Atherina_breviceps",0,0,0,0,0,0,0,0
"Iso_rhothophilus",0,0,0,0,0,0,0,0.263639209488461
"Craterocephalus_stercusmuscarum",0,0,0,0,0,0,0,0
"Craterocephalus_pimatuae",0,0,0,0,0,0,0,0
"Craterocephalus_lacustris",0,0,0,0,0,0,0,0
"Craterocephalus_kailolae",0,0,0,0,0,0,0,0
"Craterocephalus_fulvus",14.6833971597347,5455436.88726213,0.11824958381777,0.563301231373937,0.160794192925214,0,0,0
"Craterocephalus_dalhousiensis",0,0,0,0,0,0,0,0
"Craterocephalus_gloveri",0,0,0,0,0,0,0,0
"Craterocephalus_lentiginosus",0,0,0,0,0,0,0,0
"Craterocephalus_nouhuysi",0,0,0,0,0,0,0,0
"Craterocephalus_randi",0,0,0,0,0,0,0,0
"Craterocephalus_stramineus",0,0,0,0,0,0,0,0
"Craterocephalus_fluviatilis",0,0,0,0,0,0,0,0
"Craterocephalus_amniculus",2.77383126095844,945239.373200464,0.0264582327941547,0.118172188389583,0.0354617346190024,0,0,0
"Craterocephalus_centralis",0.365324686445975,131374.054493683,0.00293916503715217,0.0143651719095527,0.00402456642901619,0,0,0
"Craterocephalus_eyresii",0,0,0,0,0,0,0,0
"Craterocephalus_marjoriae",0,0,0,0,0,0,0,0
"Craterocephalus_cuneiceps",0,0,0,0,0,0,0,0
"Craterocephalus_munroi",0,0,0,0,0,0,0,0
"Craterocephalus_helenae",0,0,0,0,0,0,0,0
"Craterocephalus_marianae",0,0,0,0,0,0,0,0
"Leptatherina_wallacei",0,0,0,0,0,0,0,0
"Leptatherina_presbyteroides",14.3528418690028,7416000.04418709,0.0863820652534356,0.464821908519173,0.1233709627474,0,0,0
"Atherinosoma_elongatum",0,0,0,0,0,0,0,0
"Atherinosoma_microstoma",0,0,0,0,0,0,0,0
"Phenacostethus_smithi",0,0,0,0,0,0,0,6.05836467504721
"Phenacostethus_trewavasae",0,0,0,0,0,0,0,7.08282004771652
"Phallostethus_dunckeri",0,0,0,0,0,0,0,0.248720036688845
"Neostethus_lankesteri",0,0,0,0,0,0,0,2.33366113873901
"Neostethus_bicornis",0,0,0,0,0,0,0,3.14762701033119
"Colpichthys_regis",0,0,0,0,0,0,0,0
"Atherinella_nocturna",28.2739537659833,45669075.495062,0.249946877603348,0.835162554537727,0.382605600548734,0,0,0
"Atherinella_meeki",28.2739537659833,45669075.495062,0.249946877603348,0.835162554537727,0.382605600548734,0,0,0
"Atherinella_lisa",28.2739537659833,45669075.495062,0.249946877603348,0.835162554537727,0.382605600548734,0,0,0
"Atherinella_jiloaensis",28.2739537659833,45669075.495062,0.249946877603348,0.835162554537727,0.382605600548734,0,0,0
"Atherinella_guija",28.2739537659833,45669075.495062,0.249946877603348,0.835162554537727,0.382605600548734,0,0,0
"Atherinella_eriarcha",0,0,0,0,0,0,0,0
"Atherinella_elegans",28.2739537659833,45669075.495062,0.249946877603348,0.835162554537727,0.382605600548734,0,0,0
"Atherinella_callida",28.2739537659833,45669075.495062,0.249946877603348,0.835162554537727,0.382605600548734,0,0,0
"Chirostoma_melanoccus",17.635579641818,118306974.392022,0.0478072276456649,0.522384983911244,0.0780196973832949,0,0,0
"Chirostoma_lucius",0,0,0,0,0,0,0,0
"Chirostoma_estor",0,0,0,0,0,0,0,0
"Chirostoma_compressum",17.635579641818,118306974.392022,0.0478072276456649,0.522384983911244,0.0780196973832949,0,0,0
"Chirostoma_charari",17.635579641818,118306974.392022,0.0478072276456649,0.522384983911244,0.0780196973832949,0,0,0
"Chirostoma_bartoni",0,0,0,0,0,0,0,0
"Chirostoma_aculeatum",17.635579641818,118306974.392022,0.0478072276456649,0.522384983911244,0.0780196973832949,0,0,0
"Chirostoma_grandocule",0,0,0,0,0,0,0,0
"Chirostoma_patzcuaro",0,0,0,0,0,0,0,0
"Chirostoma_sphyraena",12.1351995871156,17048472.4450938,0.010662199866073,0.0864397155480182,0.0126126476314875,0,0,0
"Chirostoma_humboldtianum",0,0,0,0,0,0,0,0
"Chirostoma_promelas",0,3336789.29708249,0.0140191833912704,0,0.0153986695044556,0,0,0
"Chirostoma_consocium",20.0414182089944,47023827.1285275,0.0339125209620579,0.393569953850996,0.0467166758572509,0,0,0
"Chirostoma_chapalae",23.6327727267999,66113973.8632191,0.0334998536037104,0.413416822248102,0.0462217132479392,0,0,0
"Chirostoma_attenuatum",0,0,0,0,0,0,0,0
"Chirostoma_jordani",16.8195394701932,75496522.5336714,0.0464146326029372,0.524697400293323,0.0731149247122107,0,0,0
"Chirostoma_labarcae",20.6199652831855,115914175.834811,0.0457298562640188,0.557534450481111,0.0720644329697758,0,0,0
"Poblana_ferdebueni",0,0,0,0,0,0,0,0
"Chirostoma_riojai",8.97712899531762,39590117.0323678,0.0344249669176651,0.253547926662577,0.0673566756105149,0,0,0
"Chirostoma_contrerasi",1.04113590198324,28786735.0899687,0.0473266140909791,0.0804973316813157,0.0792466350372358,0,0,0
"Chirostoma_arge",0,81988246.2378765,0.0472657605477808,0,0.0684666964839735,0,0,0
"Menidia_beryllina",0,0,0,0,0,0,0,0
"Menidia_extensa",0,0,0,0,0,0,0,0
"Labidesthes_sicculus",0,0,0,0,0,0,0,0
"Atherinella_hubbsi",0,0,0,0,0,0,0,0
"Atherinella_sardina",0,0,0,0,0,0,0,0
"Atherinella_chagresi",0,0,0,0,0,0,0,0
"Atherinella_marvelae",4.51356080880174,20931370.1409717,0.0179407964998177,0.0721238340878041,0.0348881495776283,0,0,0
"Atherinella_alvarezi",3.77681850519689,14490929.4328278,0.0181813496137783,0.0685054431825894,0.0353700711071477,0,0,0
"Atherinella_milleri",0,0,0,0,0,0,0,0
"Atherinella_sallei",17.2224655801523,60137699.5748228,0.0878263940003732,0.333468179340934,0.163494147934365,0,0,0
"Atherinella_crystallina",18.1932289851005,51004920.7283928,0.110976299123752,0.400939635446707,0.198797264581603,0,0,0
"Atherinella_balsana",12.2040845291013,35420982.3526381,0.0758670204450079,0.268562271988041,0.143856998845327,0,0,0
"Atherinella_guatemalensis",0,0,0,0,0,0,0,0
"Membras_vagrans",0,0,0,0,0,0,0,0
"Atherinella_ammophila",19.6743989850621,40990815.6698906,0.139385050803564,0.491671146714623,0.220243560844277,0,0,0
"Atherinella_schultzi",19.6743989850621,40990815.6698906,0.139385050803564,0.491671146714623,0.220243560844277,0,0,0
"Membras_martinica",0,0,0,0,0,0,0,0
"Atherinella_colombiensis",24.7148947923677,47555337.6599682,0.197418996200816,0.707436494212843,0.301594760912263,0,0,0
"Atherinella_brasiliensis",0,0,0,0,0,0,0,0
"Notocheirus_hubbsi",0,0,0,0,0,0,0,0.991595017991479
"Odontesthes_piquava",0,0,0,0,0,0,0,0
"Odontesthes_perugiae",0,0,0,0,0,0,0,0
"Odontesthes_orientalis",0,0,0,0,0,0,0,0
"Odontesthes_nigricans",0,0,0,0,0,0,0,0
"Odontesthes_mirinensis",0,0,0,0,0,0,0,0
"Odontesthes_brevianalis",0,0,0,0,0,0,0,0
"Odontesthes_bicudo",0,0,0,0,0,0,0,0
"Odontesthes_bonariensis",0,0,0,0,0,0,0,0
"Odontesthes_retropinnis",0,0,0,0,0,0,0,0
"Odontesthes_argentinensis",0,0,0,0,0,0,0,0
"Odontesthes_incisa",0,0,0,0,0,0,0,0
"Odontesthes_smitti",0,0,0,0,0,0,0,0
"Odontesthes_humensis",0,0,0,0,0,0,0,0
"Odontesthes_regia",0,0,0,0,0,0,0,0
"Odontesthes_hatcheri",0,0,0,0,0,0,0,0
"Odontesthes_mauleanum",0,0,0,0,0,0,0,0
"Basilichthys_australis",0,0,0,0,0,0,0,0
"Basilichthys_microlepidotus",0,0,0,0,0,0,0,0
"Atherinopsis_californiensis",0,0,0,0,0,0,0,0
"Leuresthes_sardina",0,0,0,0,0,0,0,0
"Wallaceochromis_humilis",0,0,0,0,0,0,0,0
"Wajpamheros_nourissati",0,0,0,0,0,0,0,0
"Vieja_zonata",0,0,0,0,0,0,0,0
"Vieja_melanurus",0,0,0,0,0,0,0,0
"Vieja_maculicauda",0,0,0,0,0,0,0,0
"Vieja_hartwegi",0,0,0,0,0,0,0,0
"Vieja_guttulata",0,0,0,0,0,0,0,0
"Vieja_fenestrata",0,0,0,0,0,0,0,0
"Vieja_bifasciata",0,0,0,0,0,0,0,0
"Vieja_breidohri",34.2716703335501,278778.999083687,0.599237709642788,0.504679896392711,0.656226091486084,0,0,0
"Trichromis_salvini",0,0,0,0,0,0,0,0
"Trematochromis_benthicola",0,0,0,0,0,0,0,0
"Tangachromis_dhanisi",0,0,0,0,0,0,0,0
"Talamancaheros_sieboldii",0,0,0,0,0,0,0,0
"Taeniochromis_holotaenia",0,0,0,0,0,0,0,0
"Shuja_horei",0,0,0,0,0,0,0,0
"Rubricatochromis_stellifer",0,0,0,0,0,0,0,0
"Rubricatochromis_lifalili",0,0,0,0,0,0,0,0
"Rubricatochromis_letourneuxi",0,0,0,0,0,0,0,0
"Rubricatochromis_guttatus",0,0,0,0,0,0,0,0
"Rubricatochromis_bimaculatus",0,0,0,0,0,0,0,0
"Rubricatochromis_cerasogaster",0,0,0,0,0,0,0,0
"Rondonacara_hoehnei",0,0,0,0,0,0,0,0
"Rheoheros_lentiginosus",0,0,0,0,0,0,0,0
"Pseudetroplus_maculatus",0,0,0,0,0,0,0,0
"Parananochromis_longirostris",51.9851009270322,234257.433383093,0.797940135157534,0.612809800232028,0.911836690613618,0,0,0
"Parananochromis_gabonicus",43.7385680754515,163317.781732876,0.808101775857012,0.581276721281354,0.92101679214492,0,0,0
"Parananochromis_brevirostris",0,0,0,0,0,0,0,0
"Parananochromis_caudifasciatus",0,0,0,0,0,0,0,0
"Paragobiocichla_irvinei",0,0,0,0,0,0,0,0
"Panamius_panamensis",0,0,0,0,0,0,0,0
"Oscura_heterospila",0,0,0,0,0,0,0,0
"Naevochromis_chrysogaster",0,0,0,0,0,0,0,0
"Mesoheros_ornatus",0,0,0,0,0,0,0,0
"Mesoheros_gephyrus",37.5249321307373,777047.634289095,0.733145374918195,0.592481093860797,0.848085768730351,0,0,0
"Mesoheros_atromaculatus",0,0,0,0,0,0,0,0
"Mesoheros_festae",0,0,0,0,0,0,0,0
"Mayaheros_beani",0,0,0,0,0,0,0,0
"Mayaheros_urophthalmus",0,0,0,0,0,0,0,0
"Maskaheros_argenteus",0,0,0,0,0,0,0,0
"Maskaheros_regani",0,0,0,0,0,0,0,0
"Limbochromis_robertsi",0,0,0,0,0,0,0,0
"Lichnochromis_acuticeps",0,0,0,0,0,0,0,0
"Kronoheros_umbrifer",0,0,0,0,0,0,0,0
"Kihnichthys_ufermanni",93.8802809684156,729104.439781832,1.82344862315802,0.894432988746802,1.59280238693617,0,0,0
"Jabarichromis_pfefferi",0,0,0,0,0,0,0,0
"Isthmoheros_tuyrensis",89.7854121941472,674750.654348444,1.83039106526895,0.88173944831589,1.59170844199588,0,0,0
"Iodotropheus_stuartgranti",0,0,0,0,0,0,0,0
"Iodotropheus_declivitas",0,0,0,0,0,0,0,0
"Iodotropheus_sprengerae",0,0,0,0,0,0,0,0
"Herotilapia_multispinosa",0,0,0,0,0,0,0,0
"Hemitaeniochromis_urotaenia",0,0,0,0,0,0,0,0
"Gephyrochromis_lawsi",56.6456917416495,258842.072395116,1.89443515489458,0.777148291533344,1.66615174658049,0,0,0
"Gephyrochromis_moorii",54.1783536624525,237006.678466987,1.90094890335621,0.766564777134224,1.66900995168375,0,0,0
"Exochochromis_anagenys",0,0,0,0,0,0,0,0
"Darienheros_calobrensis",0,0,0,0,0,0,0,0
"Danakilia_franchettii",0,0,0,0,0,0,0,0
"Cribroheros_rostratus",0,0,0,0,0,0,0,0
"Cribroheros_robertsoni",0,0,0,0,0,0,0,0
"Cribroheros_rhytisma",0,0,0,0,0,0,0,0
"Cribroheros_longimanus",0,0,0,0,0,0,0,0
"Cribroheros_diquis",0,0,0,0,0,0,0,0
"Cribroheros_bussingi",0,0,0,0,0,0,0,0
"Cribroheros_alfari",0,0,0,0,0,0,0,0
"Cribroheros_altifrons",0,0,0,0,0,0,0,0
"Corematodus_shiranus",0,0,0,0,0,0,0,0
"Corematodus_taeniatus",0,0,0,0,0,0,0,0
"Cincelichthys_bocourti",0,0,0,0,0,0,0,0
"Cincelichthys_pearsei",0,0,0,0,0,0,0,0
"Chuco_microphthalmus",0,0,0,0,0,0,0,0
"Chuco_godmanni",0,0,0,0,0,0,0,0
"Chuco_intermedium",0,0,0,0,0,0,0,0
"Chortiheros_wesseli",0,0,0,0,0,0,0,0
"Chocoheros_microlepis",77.506211653192,495281.751335148,1.85019654073134,0.844452557520969,1.60967093927927,0,0,0
"Chindongo_socolofi",0,0,0,0,0,0,0,0
"Chindongo_saulosi",0,0,0,0,0,0,0,0
"Chindongo_minutus",0,0,0,0,0,0,0,0
"Chindongo_longior",0,0,0,0,0,0,0,0
"Chindongo_heteropictus",0,0,0,0,0,0,0,0
"Chindongo_flavus",0,0,0,0,0,0,0,0
"Chindongo_elongatus",0,0,0,0,0,0,0,0
"Chindongo_demasoni",0,0,0,0,0,0,0,0
"Chindongo_ater",0,0,0,0,0,0,0,0
"Chindongo_cyaneus",0,0,0,0,0,0,0,0
"Chiapaheros_grammodes",0,0,0,0,0,0,0,0
"Caprichromis_liemi",0,0,0,0,0,0,0,0
"Caprichromis_orthognathus",0,0,0,0,0,0,0,0
"Astatheros_macracanthus",0,0,0,0,0,0,0,0
"Anomalochromis_thomasi",0,0,0,0,0,0,0,0
"Abactochromis_labrosus",0,0,0,0,0,0,0,0
"Haplochromis_xenostoma",0,0,0,0,0,0,0,0
"Haplochromis_worthingtoni",0,0,0,0,0,0,0,0
"Haplochromis_welcommei",0,0,0,0,0,0,0,0
"Haplochromis_vittatus",0,0,0,0,0,0,0,0
"Haplochromis_victorianus",0,0,0,0,0,0,0,0
"Haplochromis_victoriae",0,0,0,0,0,0,0,0
"Haplochromis_vicarius",0,0,0,0,0,0,0,0
"Haplochromis_venator",0,0,0,0,0,0,0,0
"Haplochromis_tyrianthinus",0,0,0,0,0,0,0,0
"Haplochromis_turkanae",0,0,0,0,0,0,0,0
"Haplochromis_tridens",0,0,0,0,0,0,0,0
"Haplochromis_theliodon",0,0,0,0,0,0,0,0
"Haplochromis_teunisrasi",0,0,0,0,0,0,0,0
"Haplochromis_teegelaari",0,0,0,0,0,0,0,0
"Haplochromis_taurinus",0,0,0,0,0,0,0,0
"Haplochromis_sulphureus",0,0,0,0,0,0,0,0
"Haplochromis_squamulatus",0,0,0,0,0,0,0,0
"Haplochromis_spekii",0,0,0,0,0,0,0,0
"Haplochromis_smithii",0,0,0,0,0,0,0,0
"Haplochromis_simotes",0,0,0,0,0,0,0,0
"Haplochromis_serridens",0,0,0,0,0,0,0,0
"Haplochromis_serranus",0,0,0,0,0,0,0,0
"Haplochromis_schubotziellus",0,0,0,0,0,0,0,0
"Haplochromis_schubotzi",0,0,0,0,0,0,0,0
"Haplochromis_scheffersi",0,0,0,0,0,0,0,0
"Haplochromis_saxicola",0,0,0,0,0,0,0,0
"Haplochromis_sauvagei",0,0,0,0,0,0,0,0
"Haplochromis_rubescens",0,0,0,0,0,0,0,0
"Haplochromis_retrodens",0,0,0,0,0,0,0,0
"Haplochromis_pundamilia",0,0,0,0,0,0,0,0
"Haplochromis_ptistes",0,0,0,0,0,0,0,0
"Haplochromis_pseudopellegrini",0,0,0,0,0,0,0,0
"Haplochromis_prognathus",0,0,0,0,0,0,0,0
"Haplochromis_prodromus",0,0,0,0,0,0,0,0
"Haplochromis_polli",0,0,0,0,0,0,0,0
"Haplochromis_plutonius",0,0,0,0,0,0,0,0
"Haplochromis_plagiostoma",0,0,0,0,0,0,0,0
"Haplochromis_plagiodon",0,0,0,0,0,0,0,0
"Haplochromis_placodus",0,0,0,0,0,0,0,0
"Haplochromis_piceatus",0,0,0,0,0,0,0,0
"Haplochromis_pharyngomylus",0,0,0,0,0,0,0,0
"Haplochromis_perrieri",0,0,0,0,0,0,0,0
"Haplochromis_percoides",0,0,0,0,0,0,0,0
"Haplochromis_pellegrini",0,0,0,0,0,0,0,0
"Haplochromis_paucidens",0,0,0,0,0,0,0,0
"Haplochromis_parvidens",0,0,0,0,0,0,0,0
"Haplochromis_parorthostoma",0,0,0,0,0,0,0,0
"Haplochromis_paropius",0,0,0,0,0,0,0,0
"Haplochromis_paraplagiostoma",0,0,0,0,0,0,0,0
"Haplochromis_paraguiarti",0,0,0,0,0,0,0,0
"Haplochromis_paradoxus",0,0,0,0,0,0,0,0
"Haplochromis_pappenheimi",0,0,0,0,0,0,0,0
"Haplochromis_pallidus",0,0,0,0,0,0,0,0
"Haplochromis_pachycephalus",0,0,0,0,0,0,0,0
"Haplochromis_orthostoma",0,0,0,0,0,0,0,0
"Haplochromis_oregosoma",0,0,0,0,0,0,0,0
"Haplochromis_omnicaeruleus",0,0,0,0,0,0,0,0
"Haplochromis_olivaceus",0,0,0,0,0,0,0,0
"Haplochromis_oligacanthus",0,0,0,0,0,0,0,0
"Haplochromis_occultidens",0,0,0,0,0,0,0,0
"Haplochromis_obtusidens",0,0,0,0,0,0,0,0
"Haplochromis_obesus",0,0,0,0,0,0,0,0
"Haplochromis_nyanzae",0,0,0,0,0,0,0,0
"Haplochromis_nuchisquamulatus",0,0,0,0,0,0,0,0
"Haplochromis_niloticus",0,0,0,0,0,0,0,0
"Haplochromis_nigroides",0,0,0,0,0,0,0,0
"Haplochromis_nigripinnis",0,0,0,0,0,0,0,0
"Haplochromis_nigricans",0,0,0,0,0,0,0,0
"Haplochromis_nigrescens",0,0,0,0,0,0,0,0
"Haplochromis_nanoserranus",0,0,0,0,0,0,0,0
"Haplochromis_mylodon",0,0,0,0,0,0,0,0
"Haplochromis_mylergates",0,0,0,0,0,0,0,0
"Haplochromis_multiocellatus",0,0,0,0,0,0,0,0
"Haplochromis_microdon",0,0,0,0,0,0,0,0
"Haplochromis_microchrysomelas",0,0,0,0,0,0,0,0
"Haplochromis_michaeli",0,0,0,0,0,0,0,0
"Haplochromis_mento",0,0,0,0,0,0,0,0
"Haplochromis_mentatus",0,0,0,0,0,0,0,0
"Haplochromis_melichrous",0,0,0,0,0,0,0,0
"Haplochromis_melanopus",0,0,0,0,0,0,0,0
"Haplochromis_melanopterus",0,0,0,0,0,0,0,0
"Haplochromis_megalops",0,0,0,0,0,0,0,0
"Haplochromis_mbipi",0,0,0,0,0,0,0,0
"Haplochromis_maxillaris",0,0,0,0,0,0,0,0
"Haplochromis_martini",0,0,0,0,0,0,0,0
"Haplochromis_mandibularis",0,0,0,0,0,0,0,0
"Haplochromis_malacophagus",0,0,0,0,0,0,0,0
"Haplochromis_macrops",0,0,0,0,0,0,0,0
"Haplochromis_macrognathus",0,0,0,0,0,0,0,0
"Haplochromis_macconneli",0,0,0,0,0,0,0,0
"Haplochromis_luluae",0,0,0,0,0,0,0,0
"Haplochromis_longirostris",0,0,0,0,0,0,0,0
"Haplochromis_loati",0,0,0,0,0,0,0,0
"Haplochromis_lividus",0,0,0,0,0,0,0,0
"Haplochromis_limax",0,0,0,0,0,0,0,0
"Haplochromis_lacrimosus",0,0,0,0,0,0,0,0
"Haplochromis_labiatus",0,0,0,0,0,0,0,0
"Haplochromis_katavi",0,0,0,0,0,0,0,0
"Haplochromis_kamiranzovu",0,0,0,0,0,0,0,0
"Haplochromis_ishmaeli",0,0,0,0,0,0,0,0
"Haplochromis_iris",0,0,0,0,0,0,0,0
"Haplochromis_humilior",0,0,0,0,0,0,0,0
"Haplochromis_hiatus",0,0,0,0,0,0,0,0
"Haplochromis_guiarti",0,0,0,0,0,0,0,0
"Haplochromis_greenwoodi",0,0,0,0,0,0,0,0
"Haplochromis_graueri",0,0,0,0,0,0,0,0
"Haplochromis_granti",0,0,0,0,0,0,0,0
"Haplochromis_gowersii",0,0,0,0,0,0,0,0
"Haplochromis_gilberti",0,0,0,0,0,0,0,0
"Haplochromis_gigliolii",0,0,0,0,0,0,0,0
"Haplochromis_fusiformis",0,0,0,0,0,0,0,0
"Haplochromis_fuscus",0,0,0,0,0,0,0,0
"Haplochromis_fuelleborni",0,0,0,0,0,0,0,0
"Haplochromis_flavipinnis",0,0,0,0,0,0,0,0
"Haplochromis_estor",0,0,0,0,0,0,0,0
"Haplochromis_erythromaculatus",0,0,0,0,0,0,0,0
"Haplochromis_erythrocephalus",0,0,0,0,0,0,0,0
"Haplochromis_engystoma",0,0,0,0,0,0,0,0
"Haplochromis_empodisma",0,0,0,0,0,0,0,0
"Haplochromis_eduardii",0,0,0,0,0,0,0,0
"Haplochromis_eduardianus",46.7887724268431,173510.340014891,1.92116085029915,0.733624022721672,1.68680309635242,0,0,0
"Haplochromis_dolorosus",0,0,0,0,0,0,0,0
"Haplochromis_dolichorhynchus",0,0,0,0,0,0,0,0
"Haplochromis_dichrourus",0,0,0,0,0,0,0,0
"Haplochromis_dentex",0,0,0,0,0,0,0,0
"Haplochromis_decticostoma",0,0,0,0,0,0,0,0
"Haplochromis_cyaneus",0,0,0,0,0,0,0,0
"Haplochromis_cryptogramma",0,0,0,0,0,0,0,0
"Haplochromis_cryptodon",0,0,0,0,0,0,0,0
"Haplochromis_cronus",0,0,0,0,0,0,0,0
"Haplochromis_crocopeplus",0,0,0,0,0,0,0,0
"Haplochromis_crebridens",0,0,0,0,0,0,0,0
"Haplochromis_crassilabris",0,0,0,0,0,0,0,0
"Haplochromis_cnester",0,0,0,0,0,0,0,0
"Haplochromis_cinereus",0,0,0,0,0,0,0,0
"Haplochromis_cinctus",0,0,0,0,0,0,0,0
"Haplochromis_chromogynos",0,0,0,0,0,0,0,0
"Haplochromis_chlorochrous",0,0,0,0,0,0,0,0
"Haplochromis_chilotes",0,0,0,0,0,0,0,0
"Haplochromis_cavifrons",0,0,0,0,0,0,0,0
"Haplochromis_cassius",0,0,0,0,0,0,0,0
"Haplochromis_bullatus",0,0,0,0,0,0,0,0
"Haplochromis_bicolor",0,0,0,0,0,0,0,0
"Haplochromis_beadlei",0,0,0,0,0,0,0,0
"Haplochromis_bayoni",0,0,0,0,0,0,0,0
"Haplochromis_bartoni",0,0,0,0,0,0,0,0
"Haplochromis_bareli",0,0,0,0,0,0,0,0
"Haplochromis_barbarae",0,0,0,0,0,0,0,0
"Haplochromis_astatodon",0,0,0,0,0,0,0,0
"Haplochromis_artaxerxes",0,0,0,0,0,0,0,0
"Haplochromis_argenteus",0,0,0,0,0,0,0,0
"Haplochromis_arcanus",0,0,0,0,0,0,0,0
"Haplochromis_apogonoides",0,0,0,0,0,0,0,0
"Haplochromis_annectidens",0,0,0,0,0,0,0,0
"Haplochromis_angustifrons",0,0,0,0,0,0,0,0
"Haplochromis_altigenis",0,0,0,0,0,0,0,0
"Haplochromis_albertianus",0,0,0,0,0,0,0,0
"Haplochromis_aelocephalus",0,0,0,0,0,0,0,0
"Haplochromis_adolphifrederici",0,0,0,0,0,0,0,0
"Haplochromis_acidens",0,0,0,0,0,0,0,0
"Xenotilapia_spilopterus",0,0,0,0,0,0,0,0
"Xenotilapia_papilio",0,0,0,0,0,0,0,0
"Xenotilapia_ornatipinnis",0,0,0,0,0,0,0,0
"Xenotilapia_nasus",0,0,0,0,0,0,0,0
"Xenotilapia_burtoni",33.3928575147386,163147.817556266,0.671040472492359,0.33096979253934,0.722314964898026,0,0,0
"Xenotilapia_albini",21.24248047814,63125.2606600717,0.693622833822338,0.289298353821399,0.745833546756965,0,0,0
"Maylandia_pyrsonotos",0,0,0,0,0,0,0,0
"Maylandia_pulpican",0,0,0,0,0,0,0,0
"Maylandia_phaeos",0,0,0,0,0,0,0,0
"Maylandia_lombardoi",0,0,0,0,0,0,0,0
"Maylandia_hajomaylandi",0,0,0,0,0,0,0,0
"Maylandia_greshakei",0,0,0,0,0,0,0,0
"Maylandia_fainzilberi",0,0,0,0,0,0,0,0
"Maylandia_estherae",0,0,0,0,0,0,0,0
"Maylandia_emmiltos",0,0,0,0,0,0,0,0
"Maylandia_cyneusmarginata",0,0,0,0,0,0,0,0
"Maylandia_chrysomallos",0,0,0,0,0,0,0,0
"Maylandia_callainos",0,0,0,0,0,0,0,0
"Maylandia_benetos",0,0,0,0,0,0,0,0
"Maylandia_barlowi",0,0,0,0,0,0,0,0
"Labidochromis_zebroides",0,0,0,0,0,0,0,0
"Labidochromis_textilis",0,0,0,0,0,0,0,0
"Labidochromis_strigatus",0,0,0,0,0,0,0,0
"Labidochromis_shiranus",0,0,0,0,0,0,0,0
"Labidochromis_pallidus",17.157521619519,39353.0398432533,0.703340255036604,0.264930405573185,0.735510580213659,0,0,0
"Labidochromis_mbenjii",0,0,0,0,0,0,0,0
"Labidochromis_mathotho",16.9594448287936,38397.7911382297,0.70395120587554,0.264210399386042,0.736861647606625,0,0,0
"Labidochromis_maculicauda",0,0,0,0,0,0,0,0
"Labidochromis_lividus",0,0,0,0,0,0,0,0
"Labidochromis_joanjohnsonae",0,0,0,0,0,0,0,0
"Labidochromis_ianthinus",0,0,0,0,0,0,0,0
"Labidochromis_heterodon",17.941189861805,43148.3005181138,0.700966223516015,0.268065397228768,0.731881020169773,0,0,0
"Labidochromis_freibergi",16.9594448287936,38397.7911382297,0.70395120587554,0.264210399386042,0.736861647606625,0,0,0
"Labidochromis_flavigulis",0,0,0,0,0,0,0,0
"Labidochromis_chisumulae",16.9654662593404,38341.2956967451,0.703864485513407,0.264098000574216,0.736568842078197,0,0,0
"Thoracochromis_schwetzi",0,0,0,0,0,0,0,0
"Thoracochromis_moeruensis",0,0,0,0,0,0,0,0
"Thoracochromis_lucullae",0,0,0,0,0,0,0,0
"Thoracochromis_bakongo",0,0,0,0,0,0,0,0
"Chetia_welwitschi",0,0,0,0,0,0,0,0
"Chetia_gracilis",20.2749126190108,152467.696318045,0.393500349826833,0.215286376336358,0.320669406565396,0,0,0
"Sciaenochromis_ahli",0,0,0,0,0,0,0,0
"Placidochromis_vulgaris",4.43338090870371,39672.6118895628,0.108805638389923,0.057904365946807,0.0731987582956811,0,0,0
"Placidochromis_turneri",4.1365761017686,34330.5065853635,0.109361708621838,0.0567191327988105,0.0735429889159104,0,0,0
"Placidochromis_trewavasae",0,0,0,0,0,0,0,0
"Placidochromis_subocularis",0,0,0,0,0,0,0,0
"Placidochromis_rotundifrons",0,0,0,0,0,0,0,0
"Placidochromis_polli",0,0,0,0,0,0,0,0
"Placidochromis_platyrhynchos",0,0,0,0,0,0,0,0
"Placidochromis_phenochilus",0,0,0,0,0,0,0,0
"Placidochromis_pallidus",3.86748058314057,29774.6467664991,0.109894773570939,0.0555671644646912,0.0738572330232412,0,0,0
"Placidochromis_orthognathus",0,0,0,0,0,0,0,0
"Placidochromis_ordinarius",3.47853865557419,23853.1088675626,0.110749995269108,0.0537958873676263,0.0743192114742974,0,0,0
"Placidochromis_obscurus",0,0,0,0,0,0,0,0
"Placidochromis_nkhotakotae",0,0,0,0,0,0,0,0
"Placidochromis_nkhatae",4.51882342478991,41463.7032891281,0.108670192550752,0.0582445827161597,0.0730717022587031,0,0,0
"Placidochromis_nigribarbis",0,0,0,0,0,0,0,0
"Placidochromis_msakae",3.89627847124633,30336.2854711015,0.109846463892001,0.0556782800771465,0.0737625512197014,0,0,0
"Placidochromis_minutus",0,0,0,0,0,0,0,0
"Placidochromis_minor",0,0,0,0,0,0,0,0
"Placidochromis_mbunoides",0,0,0,0,0,0,0,0
"Placidochromis_macrognathus",0,0,0,0,0,0,0,0
"Placidochromis_macroceps",0,0,0,0,0,0,0,0
"Placidochromis_lukomae",0,0,0,0,0,0,0,0
"Placidochromis_longus",0,0,0,0,0,0,0,0
"Placidochromis_longirostris",5.40373341970319,60074.5487925826,0.10724353488802,0.0614897958856057,0.0723016260509842,0,0,0
"Placidochromis_longimanus",0,0,0,0,0,0,0,0
"Placidochromis_lineatus",4.27218446781038,36709.475512376,0.109100380450729,0.0572548123712196,0.0733638531082412,0,0,0
"Placidochromis_koningsi",0,0,0,0,0,0,0,0
"Placidochromis_intermedius",0,0,0,0,0,0,0,0
"Placidochromis_hennydaviesae",0,0,0,0,0,0,0,0
"Placidochromis_fuscus",3.89627847124633,30336.2854711015,0.109846463892001,0.0556782800771465,0.0737625512197014,0,0,0
"Placidochromis_elongatus",0,0,0,0,0,0,0,0
"Placidochromis_ecclesi",0,0,0,0,0,0,0,0
"Placidochromis_domirae",4.3568965485784,38505.1935302198,0.108969230882344,0.057593340910033,0.0731938595976478,0,0,0
"Placidochromis_communis",3.81473785953395,29133.5805973219,0.110031809378522,0.0553265310776766,0.0738240421824156,0,0,0
"Placidochromis_chilolae",0,0,0,0,0,0,0,0
"Placidochromis_borealis",3.39660888066519,22734.5810751304,0.110951484891898,0.0534195684300802,0.0744290019850167,0,0,0
"Placidochromis_boops",0,0,0,0,0,0,0,0
"Placidochromis_argyrogaster",0,0,0,0,0,0,0,0
"Placidochromis_acutirostris",0,0,0,0,0,0,0,0
"Placidochromis_acuticeps",4.67476735819849,44684.6281087265,0.108414915243348,0.0588410864344555,0.072865609197996,0,0,0
"Lethrinops_turneri",4.21444799846124,35752.6892208439,0.109192908632097,0.0566590955258718,0.0727823487326015,0,0,0
"Lethrinops_stridei",0,0,0,0,0,0,0,0
"Lethrinops_oculatus",4.67993963146431,44372.3470544577,0.108343869908984,0.0584520482698914,0.0722864274426016,0,0,0
"Lethrinops_mylodon",0,0,0,0,0,0,0,0
"Lethrinops_microstoma",0,0,0,0,0,0,0,0
"Lethrinops_micrentodon",0,0,0,0,0,0,0,0
"Lethrinops_marginatus",0,0,0,0,0,0,0,0
"Lethrinops_macrophthalmus",0,0,0,0,0,0,0,0
"Lethrinops_macrochir",4.57028566301424,42208.0880798786,0.108531786677028,0.0580517819499072,0.0724282050860706,0,0,0
"Lethrinops_macracanthus",0,0,0,0,0,0,0,0
"Lethrinops_lunaris",5.78292979797821,69118.9203586384,0.106675741679637,0.0622595749316239,0.0712362269680518,0,0,0
"Lethrinops_longimanus",0,0,0,0,0,0,0,0
"Lethrinops_lethrinus",0,0,0,0,0,0,0,0
"Lethrinops_leptodon",6.07067034745066,76722.6170886298,0.106306800923751,0.0631696000860084,0.0709713331930446,0,0,0
"Lethrinops_christyi",5.72349926790527,67681.713091883,0.106759102255311,0.0620710545415677,0.071284913547901,0,0,0
"Lethrinops_argenteus",5.87218976080782,70455.1351711164,0.106509122335156,0.0625777959887866,0.0713525443312709,0,0,0
"Lethrinops_altus",0,0,0,0,0,0,0,0
"Lethrinops_albus",5.3507892983106,58334.7731845099,0.107259935758166,0.0608588945097897,0.071735300566601,0,0,0
"Tramitichromis_trilineatus",0,0,0,0,0,0,0,0
"Tramitichromis_lituris",0,0,0,0,0,0,0,0
"Tramitichromis_intermedius",0,0,0,0,0,0,0,0
"Protomelas_virgatus",0,0,0,0,0,0,0,0
"Protomelas_triaenodon",0,0,0,0,0,0,0,0
"Protomelas_pleurotaenia",0,0,0,0,0,0,0,0
"Protomelas_marginatus",0,0,0,0,0,0,0,0
"Protomelas_macrodon",0,0,0,0,0,0,0,0
"Protomelas_labridens",0,0,0,0,0,0,0,0
"Protomelas_kirkii",0,0,0,0,0,0,0,0
"Protomelas_insignis",0,0,0,0,0,0,0,0
"Protomelas_dejunctus",0,0,0,0,0,0,0,0
"Otopharynx_tetrastigma",0,0,0,0,0,0,0,0
"Otopharynx_tetraspilus",0,0,0,0,0,0,0,0
"Otopharynx_speciosus",0,0,0,0,0,0,0,0
"Otopharynx_selenurus",0,0,0,0,0,0,0,0
"Otopharynx_pachycheilus",0,0,0,0,0,0,0,0
"Otopharynx_ovatus",0,0,0,0,0,0,0,0
"Otopharynx_decorus",0,0,0,0,0,0,0,0
"Otopharynx_auromarginatus",0,0,0,0,0,0,0,0
"Otopharynx_argyrosoma",0,0,0,0,0,0,0,0
"Mylochromis_spilostichus",0,0,0,0,0,0,0,0
"Mylochromis_sphaerodon",0,0,0,0,0,0,0,0
"Mylochromis_semipalatus",3.48707246890651,41975.8738498576,0.0656221170775845,0.0448926633908528,0.058527281289186,0,0,0
"Mylochromis_plagiotaenia",0,0,0,0,0,0,0,0
"Mylochromis_obtusus",3.92946239755785,54431.7567691418,0.0650735676362362,0.0465453339888271,0.0580013052183931,0,0,0
"Mylochromis_mollis",3.14642467727614,33723.8244750511,0.0661078399924576,0.0434943143588088,0.0588990682252332,0,0,0
"Mylochromis_melanotaenia",3.67966743330029,47370.9316022719,0.0653835893723473,0.0456246314416943,0.0582469657482824,0,0,0
"Mylochromis_melanonotus",0,0,0,0,0,0,0,0
"Mylochromis_lateristriga",0,0,0,0,0,0,0,0
"Mylochromis_labidodon",3.4144927115476,40387.8699731256,0.0657348032333527,0.0445851587257007,0.0585161085670362,0,0,0
"Mylochromis_guentheri",3.67966743330029,47370.9316022719,0.0653835893723473,0.0456246314416943,0.0582469657482824,0,0,0
"Mylochromis_gracilis",0,0,0,0,0,0,0,0
"Mylochromis_formosus",0,0,0,0,0,0,0,0
"Mylochromis_ericotaenia",0,0,0,0,0,0,0,0
"Mylochromis_ensatus",0,0,0,0,0,0,0,0
"Mylochromis_chekopae",0,0,0,0,0,0,0,0
"Mylochromis_balteatus",0,0,0,0,0,0,0,0
"Copadichromis_verduyni",0,0,0,0,0,0,0,0
"Copadichromis_trewavasae",0,0,0,0,0,0,0,0
"Copadichromis_pleurostigmoides",0,0,0,0,0,0,0,0
"Copadichromis_pleurostigma",0,0,0,0,0,0,0,0
"Copadichromis_nkatae",0,0,0,0,0,0,0,0
"Copadichromis_mloto",0,0,0,0,0,0,0,0
"Copadichromis_likomae",0,0,0,0,0,0,0,0
"Copadichromis_ilesi",0,0,0,0,0,0,0,0
"Copadichromis_geertsi",0,0,0,0,0,0,0,0
"Copadichromis_cyaneus",0,0,0,0,0,0,0,0
"Copadichromis_chrysonotus",0,0,0,0,0,0,0,0
"Copadichromis_azureus",0,0,0,0,0,0,0,0
"Copadichromis_atripinnis",0,0,0,0,0,0,0,0
"Buccochromis_spectabilis",0,0,0,0,0,0,0,0
"Buccochromis_rhoadesii",0,0,0,0,0,0,0,0
"Buccochromis_nototaenia",0,0,0,0,0,0,0,0
"Buccochromis_atritaeniatus",0,0,0,0,0,0,0,0
"Dimidiochromis_strigatus",0,0,0,0,0,0,0,0
"Dimidiochromis_dimidiatus",0,0,0,0,0,0,0,0
"Dimidiochromis_compressiceps",0,0,0,0,0,0,0,0
"Copadichromis_borleyi",0,0,0,0,0,0,0,0
"Lethrinops_parvidens",0,0,0,0,0,0,0,0
"Protomelas_similis",0,0,0,0,0,0,0,0
"Dimidiochromis_kiwinge",0,0,0,0,0,0,0,0
"Nimbochromis_fuscotaeniatus",0,0,0,0,0,0,0,0
"Copadichromis_virginalis",0,0,0,0,0,0,0,0
"Nyassachromis_serenus",0,0,0,0,0,0,0,0
"Nyassachromis_purpurans",0,0,0,0,0,0,0,0
"Nyassachromis_nigritaeniatus",0,0,0,0,0,0,0,0
"Nyassachromis_microcephalus",0,0,0,0,0,0,0,0
"Nyassachromis_leuciscus",0,0,0,0,0,0,0,0
"Nyassachromis_breviceps",0,0,0,0,0,0,0,0
"Nyassachromis_prostoma",0.332856758290235,2058.09354301137,0.0103689045638067,0.00523600908540286,0.00647038267343619,0,0,0
"Nyassachromis_boadzulu",0,0,0,0,0,0,0,0
"Copadichromis_mbenjii",0,0,0,0,0,0,0,0
"Protomelas_spilonotus",0,0,0,0,0,0,0,0
"Champsochromis_spilorhynchus",0,0,0,0,0,0,0,0
"Champsochromis_caeruleus",0,0,0,0,0,0,0,0
"Buccochromis_lepturus",0,0,0,0,0,0,0,0
"Lethrinops_auritus",0,0,0,0,0,0,0,0
"Buccochromis_oculatus",3.37445362650388,87333.7784702371,0.0414457244440108,0.0379745877586674,0.0388928774250671,0,0,0
"Fossorochromis_rostratus",0,0,0,0,0,0,0,0
"Cheilochromis_euchilus",0,0,0,0,0,0,0,0
"Chilotilapia_rhoadesii",0,0,0,0,0,0,0,0
"Placidochromis_johnstoni",0,0,0,0,0,0,0,0
"Protomelas_fenestratus",0,0,0,0,0,0,0,0
"Mylochromis_mola",0,0,0,0,0,0,0,0
"Copadichromis_quadrimaculatus",0,0,0,0,0,0,0,0
"Protomelas_taeniolatus",0,0,0,0,0,0,0,0
"Eclectochromis_ornatus",0,0,0,0,0,0,0,0
"Eclectochromis_lobochilus",0.527697351113994,4790.13323729621,0.0149056726106451,0.00893046039720477,0.0245012311951814,0,0,0
"Labidochromis_caeruleus",0,0,0,0,0,0,0,0
"Nimbochromis_venustus",0,0,0,0,0,0,0,0
"Nimbochromis_linni",0,0,0,0,0,0,0,0
"Nimbochromis_livingstonii",0,0,0,0,0,0,0,0
"Trematocranus_microstoma",0,0,0,0,0,0,0,0
"Trematocranus_placodon",0,0,0,0,0,0,0,0
"Trematocranus_labifer",0,0,0,0,0,0,0,0
"Hemitilapia_oxyrhynchus",0,0,0,0,0,0,0,0
"Nimbochromis_polystigma",0,0,0,0,0,0,0,0
"Taeniolethrinops_laticeps",0.968715766398816,9370.72303457347,0.0187654759231706,0.0110424193075146,0.0130286753733993,0,0,0
"Taeniolethrinops_cyrtonotus",0,0,0,0,0,0,0,0
"Buccochromis_heterotaenia",0,0,0,0,0,0,0,0
"Aristochromis_christyi",0,0,0,0,0,0,0,0
"Taeniolethrinops_furcicauda",0,0,0,0,0,0,0,0
"Taeniolethrinops_praeorbitalis",0,0,0,0,0,0,0,0
"Mylochromis_epichorialis",0,0,0,0,0,0,0,0
"Tramitichromis_variabilis",0,0,0,0,0,0,0,0
"Placidochromis_electra",0,0,0,0,0,0,0,0
"Sciaenochromis_benthicola",1.39078203012334,15572.4880278122,0.0258051686917521,0.0168858534269714,0.0205452123535543,0,0,0
"Otopharynx_brooksi",0,0,0,0,0,0,0,0
"Sciaenochromis_psammophilus",0,0,0,0,0,0,0,0
"Stigmatochromis_pleurospilus",0,0,0,0,0,0,0,0
"Stigmatochromis_pholidophorus",0,0,0,0,0,0,0,0
"Stigmatochromis_woodi",0,0,0,0,0,0,0,0
"Stigmatochromis_modestus",0,0,0,0,0,0,0,0
"Tyrannochromis_polyodon",1.13403851980749,11913.7592862894,0.0134895200857502,0.0150017355087098,0.0176869063389414,0,0,0
"Tyrannochromis_nigriventer",0,0,0,0,0,0,0,0
"Tyrannochromis_macrostoma",0,0,0,0,0,0,0,0
"Tyrannochromis_maculiceps",0,0,0,0,0,0,0,0
"Docimodus_evelynae",0,0,0,0,0,0,0,0
"Docimodus_johnstoni",0,0,0,0,0,0,0,0
"Protomelas_spilopterus",0,0,0,0,0,0,0,0
"Cyrtocara_moorii",0,0,0,0,0,0,0,0
"Mchenga_thinos",0,0,0,0,0,0,0,0
"Mchenga_inornata",0,0,0,0,0,0,0,0
"Mchenga_flavimanus",0,0,0,0,0,0,0,0
"Mchenga_cyclicos",0,0,0,0,0,0,0,0
"Mchenga_eucinostomus",0,0,0,0,0,0,0,0
"Mchenga_conophoros",0,0,0,0,0,0,0,0
"Protomelas_annectens",0,0,0,0,0,0,0,0
"Copadichromis_jacksoni",0,0,0,0,0,0,0,0
"Copadichromis_trimaculatus",0.438496305144418,4552.56232346202,0.00847484256899297,0.00540820807424298,0.0073714066613158,0,0,0
"Mylochromis_incola",0,0,0,0,0,0,0,0
"Ctenopharynx_nitidus",0,0,0,0,0,0,0,0
"Ctenopharynx_pictus",0,0,0,0,0,0,0,0
"Ctenopharynx_intermedius",0,0,0,0,0,0,0,0
"Otopharynx_heterodon",0.431796793271697,4011.35134188377,0.0105478551433168,0.00636799471662672,0.00890060053497829,0,0,0
"Otopharynx_lithobates",0,0,0,0,0,0,0,0
"Mylochromis_anaphyrmus",0,0,0,0,0,0,0,0
"Tramitichromis_brevis",0,0,0,0,0,0,0,0
"Lethrinops_furcifer",0,0,0,0,0,0,0,0
"Aulonocara_trematocephalum",0,0,0,0,0,0,0,0
"Aulonocara_stonemani",0,0,0,0,0,0,0,0
"Aulonocara_steveni",0,0,0,0,0,0,0,0
"Aulonocara_saulosi",0,0,0,0,0,0,0,0
"Aulonocara_rostratum",0,0,0,0,0,0,0,0
"Aulonocara_nyassae",0,0,0,0,0,0,0,0
"Aulonocara_maylandi",0,0,0,0,0,0,0,0
"Aulonocara_korneliae",0,0,0,0,0,0,0,0
"Aulonocara_koningsi",0,0,0,0,0,0,0,0
"Aulonocara_jacobfreibergi",0,0,0,0,0,0,0,0
"Aulonocara_hueseri",0,0,0,0,0,0,0,0
"Aulonocara_guentheri",0,0,0,0,0,0,0,0
"Aulonocara_gertrudae",0,0,0,0,0,0,0,0
"Aulonocara_ethelwynnae",0,0,0,0,0,0,0,0
"Aulonocara_brevirostre",1.26412632228268,5068.1911215484,0.0296180962191851,0.0159496604857403,0.0320031353666234,0,0,0
"Aulonocara_brevinidus",0,0,0,0,0,0,0,0
"Aulonocara_auditor",0,0,0,0,0,0,0,0
"Aulonocara_aquilonium",0,0,0,0,0,0,0,0
"Pseudotropheus_williamsi",0,0,0,0,0,0,0,0
"Pseudotropheus_tursiops",0,0,0,0,0,0,0,0
"Pseudotropheus_purpuratus",0.825963848429769,2656.45173642773,0.0184196647148774,0.00948360064119658,0.0199111852738476,0,0,0
"Pseudotropheus_perspicax",0,0,0,0,0,0,0,0
"Pseudotropheus_perileucos",0,0,0,0,0,0,0,0
"Pseudotropheus_livingstonii",0,0,0,0,0,0,0,0
"Pseudotropheus_johannii",0,0,0,0,0,0,0,0
"Pseudotropheus_interruptus",0,0,0,0,0,0,0,0
"Pseudotropheus_galanos",0,0,0,0,0,0,0,0
"Pseudotropheus_fuscus",0,0,0,0,0,0,0,0
"Pseudotropheus_fuscoides",0,0,0,0,0,0,0,0
"Pseudotropheus_elegans",0,0,0,0,0,0,0,0
"Pseudotropheus_cyaneorhabdos",0,0,0,0,0,0,0,0
"Pseudotropheus_crabro",0,0,0,0,0,0,0,0
"Pseudotropheus_brevis",0,0,0,0,0,0,0,0
"Pseudotropheus_benetos",0,0,0,0,0,0,0,0
"Labeotropheus_trewavasae",0,0,0,0,0,0,0,0
"Labeotropheus_fuelleborni",0,0,0,0,0,0,0,0
"Maylandia_lanisticola",0,0,0,0,0,0,0,0
"Labidochromis_gigas",0.153537778517092,175.929049529497,0.00657679373554365,0.00222493361952975,0.0080516046734901,0,0,0
"Maylandia_aurora",0,0,0,0,0,0,0,0
"Aulonocara_hansbaenschi",0,0,0,0,0,0,0,0
"Lethrinops_microdon",0,0,0,0,0,0,0,0
"Lethrinops_gossei",0,0,0,0,0,0,0,0
"Lethrinops_longipinnis",0,0,0,0,0,0,0,0
"Maylandia_xanstomachus",0,0,0,0,0,0,0,0
"Cynotilapia_zebroides",0,0,0,0,0,0,0,0
"Cynotilapia_afra",0,0,0,0,0,0,0,0
"Cynotilapia_axelrodi",0,0,0,0,0,0,0,0
"Melanochromis_simulans",0.319038697945473,302.282253816198,0.0117771943453953,0.00480202258135348,0.0118037130004339,0,0,0
"Melanochromis_robustus",0,0,0,0,0,0,0,0
"Melanochromis_loriae",0,0,0,0,0,0,0,0
"Melanochromis_lepidiadaptes",0,0,0,0,0,0,0,0
"Melanochromis_heterochromis",0,0,0,0,0,0,0,0
"Melanochromis_dialeptos",0,0,0,0,0,0,0,0
"Melanochromis_chipokae",0,0,0,0,0,0,0,0
"Melanochromis_baliodigma",0,0,0,0,0,0,0,0
"Melanochromis_vermivorus",0,0,0,0,0,0,0,0
"Melanochromis_auratus",0,0,0,0,0,0,0,0
"Genyochromis_mento",0,0,0,0,0,0,0,0
"Labidochromis_mylodon",0.256622034982485,194.069567359888,0.0117966602592261,0.00431844884931967,0.0113237972302265,0,0,0
"Melanochromis_melanopterus",0,0,0,0,0,0,0,0
"Aulonocara_baenschi",0,0,0,0,0,0,0,0
"Maylandia_zebra",0,0,0,0,0,0,0,0
"Alticorpus_profundicola",0,0,0,0,0,0,0,0
"Alticorpus_mentale",0,0,0,0,0,0,0,0
"Alticorpus_macrocleithrum",0,0,0,0,0,0,0,0
"Alticorpus_peterdaviesi",0,0,0,0,0,0,0,0
"Alticorpus_geoffreyi",0,0,0,0,0,0,0,0
"Aulonocara_stuartgranti",0,0,0,0,0,0,0,0
"Placidochromis_milomo",0,0,0,0,0,0,0,0
"Sciaenochromis_fryeri",0,0,0,0,0,0,0,0
"Tropheops_novemfasciatus",0,0,0,0,0,0,0,0
"Tropheops_modestus",0.143455672299002,383.307181049619,0.00557069504079435,0.00229771337350258,0.00515490554707252,0,0,0
"Tropheops_microstoma",0,0,0,0,0,0,0,0
"Tropheops_macrophthalmus",0,0,0,0,0,0,0,0
"Tropheops_tropheops",0,0,0,0,0,0,0,0
"Tropheops_lucerna",0,0,0,0,0,0,0,0
"Cyathochromis_obliquidens",0,0,0,0,0,0,0,0
"Petrotilapia_tridentiger",0,0,0,0,0,0,0,0
"Petrotilapia_nigra",0,0,0,0,0,0,0,0
"Petrotilapia_genalutea",0,0,0,0,0,0,0,0
"Petrotilapia_chrysos",1.0523984991349,2436.18337928298,0.0255989261132001,0.012204656415101,0.0159230044636725,0,0,0
"Diplotaxodon_ecclesi",0,0,0,0,0,0,0,0
"Diplotaxodon_argenteus",0,0,0,0,0,0,0,0
"Diplotaxodon_apogon",0,0,0,0,0,0,0,0
"Diplotaxodon_aeneus",0,0,0,0,0,0,0,0
"Diplotaxodon_greenwoodi",0,0,0,0,0,0,0,0
"Diplotaxodon_macrops",0,0,0,0,0,0,0,0
"Pallidochromis_tokolosh",1.48193809681651,28910.6510545893,0.0185935804496049,0.0135849797230893,0.0125585309184863,0,0,0
"Diplotaxodon_limnothrissa",0,0,0,0,0,0,0,0
"Rhamphochromis_woodi",0,0,0,0,0,0,0,0
"Rhamphochromis_lucius",0,0,0,0,0,0,0,0
"Rhamphochromis_ferox",0,0,0,0,0,0,0,0
"Rhamphochromis_esox",0,0,0,0,0,0,0,0
"Rhamphochromis_longiceps",0,0,0,0,0,0,0,0
"Rhamphochromis_macrophthalmus",0,0,0,0,0,0,0,0
"Astatotilapia_calliptera",0,0,0,0,0,0,0,0
"Astatotilapia_tweddlei",0,0,0,0,0,0,0,0
"Haplochromis_latifasciatus",0,0,0,0,0,0,0,0
"Astatotilapia_flaviijosephi",0,0,0,0,0,0,0,0
"Haplochromis_riponianus",0,0,0,0,0,0,0,0
"Haplochromis_phytophagus",0,0,0,0,0,0,0,0
"Haplochromis_simpsoni",0,0,0,0,0,0,0,0
"Haplochromis_rufocaudalis",0,0,0,0,0,0,0,0
"Haplochromis_degeni",0,0,0,0,0,0,0,0
"Haplochromis_brownae",0,0,0,0,0,0,0,0
"Haplochromis_velifer",0,0,0,0,0,0,0,0
"Haplochromis_rudolfianus",0,0,0,0,0,0,0,0
"Haplochromis_xenognathus",0,0,0,0,0,0,0,0
"Haplochromis_laparogramma",0,0,0,0,0,0,0,0
"Haplochromis_obliquidens",0,0,0,0,0,0,0,0
"Haplochromis_nubilus",0,0,0,0,0,0,0,0
"Haplochromis_nyererei",0,0,0,0,0,0,0,0
"Haplochromis_avium",0,0,0,0,0,0,0,0
"Thoracochromis_wingatii",0,0,0,0,0,0,0,0
"Haplochromis_aeneocolor",0,0,0,0,0,0,0,0
"Haplochromis_mahagiensis",0,0,0,0,0,0,0,0
"Haplochromis_squamipinnis",0,0,0,0,0,0,0,0
"Haplochromis_insidiae",0,0,0,0,0,0,0,0
"Haplochromis_macropsoides",0,0,0,0,0,0,0,0
"Haplochromis_elegans",0,0,0,0,0,0,0,0
"Astatotilapia_stappersii",0,0,0,0,0,0,0,0
"Haplochromis_pharyngalis",0,0,0,0,0,0,0,0
"Haplochromis_gracilior",0,0,0,0,0,0,0,0
"Astatotilapia_bloyeti",0,0,0,0,0,0,0,0
"Haplochromis_paludinosus",0,0,0,0,0,0,0,0
"Astatotilapia_burtoni",0,0,0,0,0,0,0,0
"Astatotilapia_desfontainii",0,0,0,0,0,0,0,0
"Thoracochromis_fasciatus",0,0,0,0,0,0,0,0
"Thoracochromis_demeusii",0,0,0,0,0,0,0,0
"Interochromis_loocki",0,0,0,0,0,0,0,0
"Petrochromis_fasciolatus",0,0,0,0,0,0,0,0
"Petrochromis_orthognathus",0,0,0,0,0,0,0,0
"Petrochromis_famula",0,0,0,0,0,0,0,0
"Petrochromis_macrognathus",0,0,0,0,0,0,0,0
"Petrochromis_polyodon",0,0,0,0,0,0,0,0
"Petrochromis_ephippium",0,0,0,0,0,0,0,0
"Petrochromis_trewavasae",0,0,0,0,0,0,0,0
"Simochromis_diagramma",0,0,0,0,0,0,0,0
"Lobochilotes_labiata",0,0,0,0,0,0,0,0
"Pseudosimochromis_marginatus",0,0,0,0,0,0,0,0
"Pseudosimochromis_margaretae",0,0,0,0,0,0,0,0
"Pseudosimochromis_curvifrons",0,0,0,0,0,0,0,0
"Pseudosimochromis_babaulti",0,0,0,0,0,0,0,0
"Limnotilapia_dardennii",0,0,0,0,0,0,0,0
"Tropheus_duboisi",0,0,0,0,0,0,0,0
"Tropheus_kasabae",2.68608070370798,6094.18957754971,0.0509269571301053,0.0237963670505466,0.0995932021109277,0,0,0
"Tropheus_annectens",2.14536027250476,3791.6459733103,0.0517640374498385,0.0222262019737323,0.101044738198342,0,0,0
"Tropheus_polli",0,0,0,0,0,0,0,0
"Tropheus_moorii",0,0,0,0,0,0,0,0
"Tropheus_brichardi",0,0,0,0,0,0,0,0
"Astatoreochromis_alluaudi",0,0,0,0,0,0,0,0
"Astatoreochromis_straeleni",0,0,0,0,0,0,0,0
"Chetia_mola",14.8403697621717,130080.661206006,0.292955402830005,0.162943512920953,0.219706770174786,0,0,0
"Orthochromis_luongoensis",8.15767236267788,25063.5988543304,0.363579890421362,0.13687481672833,0.259237672381118,0,0,0
"Serranochromis_spei",18.9823409404968,746304.984666882,0.165876844043834,0.202677026245595,0.13284422686289,0,0,0
"Serranochromis_meridianus",0,0,0,0,0,0,0,0
"Serranochromis_longimanus",0,0,0,0,0,0,0,0
"Serranochromis_janus",0,0,0,0,0,0,0,0
"Sargochromis_thysi",0,0,0,0,0,0,0,0
"Sargochromis_mortimeri",0,0,0,0,0,0,0,0
"Sargochromis_greenwoodi",0,0,0,0,0,0,0,0
"Sargochromis_giardi",0,0,0,0,0,0,0,0
"Pharyngochromis_acuticeps",0,0,0,0,0,0,0,0
"Pharyngochromis_darlingi",0,0,0,0,0,0,0,0
"Sargochromis_codringtonii",0,0,0,0,0,0,0,0
"Sargochromis_mellandi",0,0,0,0,0,0,0,0
"Chetia_flaviventris",0,0,0,0,0,0,0,0
"Chetia_brevicauda",0,0,0,0,0,0,0,0
"Sargochromis_carlottae",0,0,0,0,0,0,0,0
"Serranochromis_macrocephalus",0,0,0,0,0,0,0,0
"Serranochromis_altus",0,0,0,0,0,0,0,0
"Chetia_brevis",0,0,0,0,0,0,0,0
"Sargochromis_coulteri",0.775286478256639,18308.1119083865,0.0120384303395372,0.0145253473957338,0.00922992218870242,0,0,0
"Serranochromis_angusticeps",0,0,0,0,0,0,0,0
"Thoracochromis_albolabris",0,0,0,0,0,0,0,0
"Thoracochromis_buysi",0,0,0,0,0,0,0,0
"Serranochromis_stappersi",7.90722289944356,245643.514558867,0.093725543518036,0.100325642975266,0.078147890272665,0,0,0
"Serranochromis_thumbergi",0,0,0,0,0,0,0,0
"Serranochromis_robustus",0,0,0,0,0,0,0,0
"Thoracochromis_stigmatogenys",0,0,0,0,0,0,0,0
"Orthochromis_torrenticola",0,0,0,0,0,0,0,0
"Orthochromis_stormsi",2.88436534522535,6939.91452202863,0.100633976219299,0.0411873933501858,0.0593642593649899,0,0,0
"Orthochromis_polyacanthus",0,0,0,0,0,0,0,0
"Cyclopharynx_fwae",0.858043010051035,9868.93814399349,0.0148189519167071,0.00834069496359039,0.0126330465174516,0,0,0
"Cyclopharynx_schwetzi",0.644718593085043,5423.09054218875,0.0151317322025264,0.00764440031054699,0.01285201142923,0,0,0
"Thoracochromis_brauschi",0,0,0,0,0,0,0,0
"Thoracochromis_callichromus",0,0,0,0,0,0,0,0
"Schwetzochromis_neodon",12.911291219719,94137.333934239,0.294322857517436,0.152261090297593,0.231433002792684,0,0,0
"Haplochromis_snoeksi",0,0,0,0,0,0,0,0
"Pseudocrenilabrus_multicolor",0,0,0,0,0,0,0,0
"Pseudocrenilabrus_nicholsi",0,0,0,0,0,0,0,0
"Orthochromis_machadoi",0,0,0,0,0,0,0,0
"Pseudocrenilabrus_philander",0,0,0,0,0,0,0,0
"Orthochromis_kalungwishiensis",7.55776203219305,15193.0971658043,0.364383081231993,0.12035246312193,0.237494884649292,0,0,0
"Ctenochromis_pectoralis",0,0,0,0,0,0,0,0
"Perissodus_paradoxus",0,0,0,0,0,0,0,0
"Plecodus_straeleni",0,0,0,0,0,0,0,0
"Perissodus_microlepis",0,0,0,0,0,0,0,0
"Perissodus_eccentricus",0,0,0,0,0,0,0,0
"Plecodus_multidentatus",0,0,0,0,0,0,0,0
"Haplotaxodon_trifasciatus",4.08033165712404,49474.4174040719,0.0943443336394495,0.054483128390604,0.0605689058739477,0,0,0
"Haplotaxodon_microlepis",0,0,0,0,0,0,0,0
"Plecodus_elaviae",0,0,0,0,0,0,0,0
"Xenochromis_hecqui",0,0,0,0,0,0,0,0
"Cyprichromis_pavo",3.96042742457833,26497.8014802656,0.112804039824281,0.0586466784254539,0.125314373388851,0,0,0
"Cyprichromis_zonatus",0,0,0,0,0,0,0,0
"Cyprichromis_microlepidotus",0,0,0,0,0,0,0,0
"Cyprichromis_leptosoma",0,0,0,0,0,0,0,0
"Paracyprichromis_brieni",0,0,0,0,0,0,0,0
"Paracyprichromis_nigripinnis",0,0,0,0,0,0,0,0
"Benthochromis_melanoides",0,0,0,0,0,0,0,0
"Benthochromis_tricoti",0,0,0,0,0,0,0,0
"Orthochromis_malagaraziensis",0,0,0,0,0,0,0,0
"Orthochromis_mazimeroensis",0,0,0,0,0,0,0,0
"Orthochromis_mosoensis",0,0,0,0,0,0,0,0
"Orthochromis_rubrolabialis",0,0,0,0,0,0,0,0
"Orthochromis_kasuluensis",0,0,0,0,0,0,0,0
"Orthochromis_rugufuensis",0,0,0,0,0,0,0,0
"Orthochromis_uvinzae",0,0,0,0,0,0,0,0
"Orthochromis_luichensis",0,0,0,0,0,0,0,0
"Baileychromis_centropomoides",0,0,0,0,0,0,0,0
"Reganochromis_calliurus",0,0,0,0,0,0,0,0
"Limnochromis_auritus",0,0,0,0,0,0,0,0
"Gnathochromis_permaxillaris",0,0,0,0,0,0,0,0
"Triglachromis_otostigma",0,0,0,0,0,0,0,0
"Greenwoodochromis_staneri",0,0,0,0,0,0,0,0
"Greenwoodochromis_abeelei",0,0,0,0,0,0,0,0
"Greenwoodochromis_bellcrossi",1.51607645455836,11576.4461806007,0.030401309293763,0.0198623680322145,0.0242770780486098,0,0,0
"Greenwoodochromis_christyi",0,0,0,0,0,0,0,0
"Cyphotilapia_gibberosa",0,0,0,0,0,0,0,0
"Cyphotilapia_frontosa",0,0,0,0,0,0,0,0
"Ophthalmotilapia_nasuta",0,0,0,0,0,0,0,0
"Ophthalmotilapia_heterodonta",0,0,0,0,0,0,0,0
"Ophthalmotilapia_boops",0,0,0,0,0,0,0,0
"Cyathopharynx_furcifer",0,0,0,0,0,0,0,0
"Ophthalmotilapia_ventralis",0,0,0,0,0,0,0,0
"Cardiopharynx_schoutedeni",0,0,0,0,0,0,0,0
"Aulonocranus_dewindti",0,0,0,0,0,0,0,0
"Cunningtonia_longiventralis",0,0,0,0,0,0,0,0
"Lestradea_perspicax",0,0,0,0,0,0,0,0
"Lestradea_stappersii",0,0,0,0,0,0,0,0
"Ectodus_descampsii",0,0,0,0,0,0,0,0
"Callochromis_melanostigma",0,0,0,0,0,0,0,0
"Callochromis_pleurospilus",0,0,0,0,0,0,0,0
"Callochromis_macrops",0,0,0,0,0,0,0,0
"Xenotilapia_boulengeri",0,0,0,0,0,0,0,0
"Xenotilapia_sima",0,0,0,0,0,0,0,0
"Xenotilapia_melanogenys",0,0,0,0,0,0,0,0
"Xenotilapia_ochrogenys",0,0,0,0,0,0,0,0
"Xenotilapia_flavipinnis",0,0,0,0,0,0,0,0
"Xenotilapia_leptura",0,0,0,0,0,0,0,0
"Xenotilapia_tenuidentata",0,0,0,0,0,0,0,0
"Xenotilapia_rotundiventralis",0,0,0,0,0,0,0,0
"Xenotilapia_caudafasciata",0,0,0,0,0,0,0,0
"Xenotilapia_nigrolabiata",3.86808091631637,9881.34890848313,0.105265303460603,0.051575160793135,0.120182469733226,0,0,0
"Xenotilapia_longispinis",0,0,0,0,0,0,0,0
"Grammatotria_lemairii",0,0,0,0,0,0,0,0
"Neolamprologus_schreyeni",12.6178075506752,31153.5505449055,0.4503105307733,0.232782690208113,0.461858112263833,0,0,0
"Neolamprologus_pleuromaculatus",21.9166852041844,0,0.380884425685021,0.28856286370085,0.436813938084806,0,0,0
"Neolamprologus_cunningtoni",0,0,0,0,0,0,0,0
"Neolamprologus_crassus",16.139138942182,52134.721105119,0.44230566184419,0.251455327792146,0.456399817377581,0,0,0
"Neolamprologus_chitamwebwai",0,0,0,0,0,0,0,0
"Lepidiolamprologus_variostigma",0,0,0,0,0,0,0,0
"Lepidiolamprologus_meeli",0,0,0,0,0,0,0,0
"Lepidiolamprologus_hecqui",10.5572825026713,39346.1153377729,0.172369080198783,0.144879337361278,0.179011768341215,0,0,0
"Lepidiolamprologus_boulengeri",8.66379747663696,25911.8404186813,0.174834745942817,0.135973890761275,0.180488253359873,0,0,0
"Lamprologus_tumbanus",11.6513572882742,48665.2970963079,0.171182699659646,0.149666449767954,0.178370932382468,0,0,0
"Lamprologus_symoensi",8.96582752508168,27914.3140944866,0.1744248387606,0.137647240233556,0.180473596105117,0,0,0
"Lamprologus_stappersi",7.52610629079969,19285.3751836448,0.176634068315562,0.130145213251581,0.181821227072161,0,0,0
"Lamprologus_lethops",12.661934507588,57817.9384221185,0.170143583680026,0.153759391068372,0.177916833742702,0,0,0
"Lamprologus_finalimus",6.81142669138813,15618.3077786701,0.17790238975887,0.125998258986989,0.182490155895274,0,0,0
"Lepidiolamprologus_attenuatus",0,0,0,0,0,0,0,0
"Lepidiolamprologus_elongatus",0,0,0,0,0,0,0,0
"Lepidiolamprologus_profundicola",0,0,0,0,0,0,0,0
"Lepidiolamprologus_kendalli",0,0,0,0,0,0,0,0
"Neolamprologus_fasciatus",0,0,0,0,0,0,0,0
"Neolamprologus_wauthioni",0,0,0,0,0,0,0,0
"Altolamprologus_calvus",0,0,0,0,0,0,0,0
"Altolamprologus_compressiceps",0,0,0,0,0,0,0,0
"Lamprologus_meleagris",0,0,0,0,0,0,0,0
"Neolamprologus_leloupi",0,0,0,0,0,0,0,0
"Lamprologus_lemairii",0,0,0,0,0,0,0,0
"Neolamprologus_caudopunctatus",0,0,0,0,0,0,0,0
"Neolamprologus_brevis",0,0,0,0,0,0,0,0
"Lamprologus_speciosus",0,0,0,0,0,0,0,0
"Lamprologus_ocellatus",0,0,0,0,0,0,0,0
"Neolamprologus_similis",4.26622681933887,8587.86491592342,0.0979812909789465,0.0667334862269855,0.0908883936450255,0,0,0
"Neolamprologus_multifasciatus",0,0,0,0,0,0,0,0
"Lamprologus_signatus",0,0,0,0,0,0,0,0
"Lamprologus_laparogramma",0.37714954324384,362.339796312323,0.00810698999785824,0.0053983083361141,0.0100944390763613,0,0,0
"Lamprologus_kungweensis",0,0,0,0,0,0,0,0
"Lamprologus_ornatipinnis",0,0,0,0,0,0,0,0
"Neolamprologus_ventralis",4.65359993326562,6021.04609233878,0.094904710971519,0.0638703787888024,0.104928509450242,0,0,0
"Neolamprologus_nigriventris",0,0,0,0,0,0,0,0
"Neolamprologus_pectoralis",0,0,0,0,0,0,0,0
"Neolamprologus_cylindricus",0,0,0,0,0,0,0,0
"Neolamprologus_bifasciatus",4.5977171258917,17066.3129160782,0.0820613412691825,0.0614567200473998,0.0691640062030809,0,0,0
"Neolamprologus_mustax",0,0,0,0,0,0,0,0
"Neolamprologus_olivaceous",0,0,0,0,0,0,0,0
"Neolamprologus_longicaudatus",0,0,0,0,0,0,0,0
"Neolamprologus_niger",0,0,0,0,0,0,0,0
"Telmatochromis_vittatus",0,0,0,0,0,0,0,0
"Telmatochromis_brichardi",0,0,0,0,0,0,0,0
"Neolamprologus_gracilis",1.05611862059215,6993.16374223759,0.0146606530691206,0.0124726496920932,0.0118044432263496,0,0,0
"Neolamprologus_marunguensis",0,0,0,0,0,0,0,0
"Neolamprologus_helianthus",0,0,0,0,0,0,0,0
"Neolamprologus_splendens",0,0,0,0,0,0,0,0
"Neolamprologus_pulcher",0,0,0,0,0,0,0,0
"Neolamprologus_brichardi",0,0,0,0,0,0,0,0
"Neolamprologus_walteri",0,0,0,0,0,0,0,0
"Neolamprologus_falcicula",2.73901162622696,14254.7012088252,0.0419998336241286,0.034424943976456,0.036738113818825,0,0,0
"Telmatochromis_bifrenatus",0,0,0,0,0,0,0,0
"Telmatochromis_dhonti",0,0,0,0,0,0,0,0
"Neolamprologus_savoryi",0,0,0,0,0,0,0,0
"Julidochromis_ornatus",0,0,0,0,0,0,0,0
"Julidochromis_marlieri",0,0,0,0,0,0,0,0
"Telmatochromis_temporalis",0,0,0,0,0,0,0,0
"Lamprologus_mocquardi",0,0,0,0,0,0,0,0
"Lamprologus_congoensis",0,0,0,0,0,0,0,0
"Lamprologus_werneri",0,0,0,0,0,0,0,0
"Neolamprologus_christyi",0,0,0,0,0,0,0,0
"Neolamprologus_petricola",0,0,0,0,0,0,0,0
"Julidochromis_transcriptus",0,0,0,0,0,0,0,0
"Chalinochromis_brichardi",0,0,0,0,0,0,0,0
"Chalinochromis_popelini",0,0,0,0,0,0,0,0
"Julidochromis_dickfeldi",0,0,0,0,0,0,0,0
"Neolamprologus_tetracanthus",0,0,0,0,0,0,0,0
"Neolamprologus_modestus",0,0,0,0,0,0,0,0
"Lamprologus_callipterus",0,0,0,0,0,0,0,0
"Neolamprologus_buescheri",0,0,0,0,0,0,0,0
"Neolamprologus_prochilus",0,0,0,0,0,0,0,0
"Neolamprologus_obscurus",0,0,0,0,0,0,0,0
"Neolamprologus_leleupi",0,0,0,0,0,0,0,0
"Neolamprologus_longior",0,0,0,0,0,0,0,0
"Neolamprologus_toae",0,0,0,0,0,0,0,0
"Variabilichromis_moorii",0,0,0,0,0,0,0,0
"Julidochromis_regani",0,0,0,0,0,0,0,0
"Neolamprologus_mondabu",0,0,0,0,0,0,0,0
"Neolamprologus_furcifer",0,0,0,0,0,0,0,0
"Neolamprologus_tretocephalus",0,0,0,0,0,0,0,0
"Xenotilapia_bathyphila",0,0,0,0,0,0,0,0
"Labidochromis_vellicans",0,0,0,0,0,0,0,0
"Maylandia_mbenjii",0,0,0,0,0,0,0,0
"Neolamprologus_sexfasciatus",0,0,0,0,0,0,0,0
"Tanganicodus_irsacae",0,0,0,0,0,0,0,0
"Spathodus_marlieri",0,0,0,0,0,0,0,0
"Eretmodus_cyanostictus",0,0,0,0,0,0,0,0
"Spathodus_erythrodon",0,0,0,0,0,0,0,0
"Bathybates_leo",0,0,0,0,0,0,0,0
"Bathybates_vittatus",0,0,0,0,0,0,0,0
"Bathybates_ferox",0,0,0,0,0,0,0,0
"Bathybates_hornii",0,0,0,0,0,0,0,0
"Bathybates_fasciatus",0,0,0,0,0,0,0,0
"Bathybates_graueri",0,0,0,0,0,0,0,0
"Bathybates_minor",0,0,0,0,0,0,0,0
"Hemibates_stenosoma",0,0,0,0,0,0,0,0
"Trematocara_zebra",0,0,0,0,0,0,0,0
"Trematocara_variabile",0,0,0,0,0,0,0,0
"Trematocara_stigmaticum",0,0,0,0,0,0,0,0
"Trematocara_kufferathi",0,0,0,0,0,0,0,0
"Trematocara_caparti",0,0,0,0,0,0,0,0
"Trematocara_nigrifrons",0,0,0,0,0,0,0,0
"Trematocara_marginatum",0,0,0,0,0,0,0,0
"Trematocara_unimaculatum",0,0,0,0,0,0,0,0
"Trematocara_macrostoma",20.8179808153217,298450.491646284,0.296203117621146,0.244176414972974,0.257846273043845,0,0,0
"Boulengerochromis_microlepis",0,0,0,0,0,0,0,0
"Pelmatolapia_cabrae",0,0,0,0,0,0,0,0
"Pelmatolapia_mariae",0,0,0,0,0,0,0,0
"Tilapia_baloni",30.0508344395285,207025.4889505,0.59574946315758,0.410103636431616,0.639249367474348,0,0,0
"Coptodon_zillii",0,0,0,0,0,0,0,0
"Coptodon_walteri",0,0,0,0,0,0,0,0
"Coptodon_thysi",0,0,0,0,0,0,0,0
"Coptodon_spongotroktis",0,0,0,0,0,0,0,0
"Coptodon_rheophila",15.8467462567277,842215.85323136,0.173090408429121,0.246749342571946,0.199769951792763,0,0,0
"Coptodon_nyongana",0,0,0,0,0,0,0,0
"Coptodon_margaritacea",0,0,0,0,0,0,0,0
"Coptodon_kottae",0,0,0,0,0,0,0,0
"Coptodon_imbrifernus",0,0,0,0,0,0,0,0
"Coptodon_gutturosus",0,0,0,0,0,0,0,0
"Coptodon_flavus",0,0,0,0,0,0,0,0
"Coptodon_congica",0,0,0,0,0,0,0,0
"Coptodon_coffea",0,0,0,0,0,0,0,0
"Coptodon_camerunensis",18.8031405254739,1197136.84423941,0.170864123283296,0.258409557416756,0.196343582357273,0,0,0
"Coptodon_cameronensis",33.8006511228515,4005908.7573962,0.163457374054579,0.302606262659457,0.184871333936341,0,0,0
"Coptodon_bythobates",0,0,0,0,0,0,0,0
"Coptodon_bemini",0,0,0,0,0,0,0,0
"Coptodon_bakossiorum",0,0,0,0,0,0,0,0
"Coptodon_snyderae",0,0,0,0,0,0,0,0
"Coptodon_deckerti",0,0,0,0,0,0,0,0
"Coptodon_rendalli",0,0,0,0,0,0,0,0
"Coptodon_guineensis",0,0,0,0,0,0,0,0
"Coptodon_louka",0,0,0,0,0,0,0,0
"Coptodon_dageti",0,0,0,0,0,0,0,0
"Coptodon_discolor",0,0,0,0,0,0,0,0
"Coptodon_tholloni",0,0,0,0,0,0,0,0
"Heterotilapia_cessiana",0,0,0,0,0,0,0,0
"Heterotilapia_buettikoferi",0,0,0,0,0,0,0,0
"Coelotilapia_joka",0,0,0,0,0,0,0,0
"Gobiocichla_ethelwynnae",0,0,0,0,0,0,0,0
"Tilapia_busumana",0,0,0,0,0,0,0,0
"Gobiocichla_wonderi",0,0,0,0,0,0,0,0
"Tilapia_brevimanus",0,0,0,0,0,0,0,0
"Steatocranus_glaber",0,0,0,0,0,0,0,0
"Steatocranus_gibbiceps",0,0,0,0,0,0,0,0
"Steatocranus_mpozoensis",0,0,0,0,0,0,0,0
"Steatocranus_tinanti",0,0,0,0,0,0,0,0
"Steatocranus_rouxi",0,0,0,0,0,0,0,0
"Steatocranus_casuarius",0,0,0,0,0,0,0,0
"Steatocranus_ubanguiensis",0,0,0,0,0,0,0,0
"Congolapia_bilineata",0,0,0,0,0,0,0,0
"Congolapia_crassa",0,0,0,0,0,0,0,0
"Tilapia_guinasana",0,0,0,0,0,0,0,0
"Tilapia_sparrmanii",0,0,0,0,0,0,0,0
"Tilapia_ruweti",0,0,0,0,0,0,0,0
"Chilochromis_duponti",0,0,0,0,0,0,0,0
"Sarotherodon_tournieri",0,0,0,0,0,0,0,0
"Sarotherodon_occidentalis",0,0,0,0,0,0,0,0
"Oreochromis_upembae",0,0,0,0,0,0,0,0
"Oreochromis_spilurus",0,0,0,0,0,0,0,0
"Oreochromis_salinicola",0,0,0,0,0,0,0,0
"Oreochromis_saka",0,0,0,0,0,0,0,0
"Oreochromis_rukwaensis",0,0,0,0,0,0,0,0
"Oreochromis_placidus",0,0,0,0,0,0,0,0
"Oreochromis_ndalalani",0,0,0,0,0,0,0,0
"Oreochromis_mortimeri",0,0,0,0,0,0,0,0
"Oreochromis_lidole",0,0,0,0,0,0,0,0
"Oreochromis_lepidurus",0,0,0,0,0,0,0,0
"Oreochromis_latilabris",0,0,0,0,0,0,0,0
"Oreochromis_karomo",0,0,0,0,0,0,0,0
"Oreochromis_jipe",0,0,0,0,0,0,0,0
"Oreochromis_hunteri",0,0,0,0,0,0,0,0
"Oreochromis_grahami",0,0,0,0,0,0,0,0
"Oreochromis_angolensis",0,0,0,0,0,0,0,0
"Oreochromis_alcalicus",0,0,0,0,0,0,0,0
"Oreochromis_karongae",0,0,0,0,0,0,0,0
"Oreochromis_squamipinnis",0,0,0,0,0,0,0,0
"Oreochromis_shiranus",0,0,0,0,0,0,0,0
"Oreochromis_chungruruensis",0,0,0,0,0,0,0,0
"Oreochromis_variabilis",0,0,0,0,0,0,0,0
"Oreochromis_amphimelas",0,0,0,0,0,0,0,0
"Oreochromis_urolepis",0,0,0,0,0,0,0,0
"Oreochromis_schwebischi",0,0,0,0,0,0,0,0
"Oreochromis_tanganicae",0,0,0,0,0,0,0,0
"Oreochromis_andersonii",0,0,0,0,0,0,0,0
"Oreochromis_mossambicus",0,0,0,0,0,0,0,0
"Oreochromis_macrochir",0,0,0,0,0,0,0,0
"Oreochromis_leucostictus",0,0,0,0,0,0,0,0
"Oreochromis_esculentus",0,0,0,0,0,0,0,0
"Oreochromis_niloticus",0,0,0,0,0,0,0,0
"Sarotherodon_mvogoi",0,0,0,0,0,0,0,0
"Sarotherodon_caroli",0,0,0,0,0,0,0,0
"Sarotherodon_linnellii",0,0,0,0,0,0,0,0
"Sarotherodon_steinbachi",0,0,0,0,0,0,0,0
"Sarotherodon_lohbergeri",0,0,0,0,0,0,0,0
"Stomatepia_mariae",0,0,0,0,0,0,0,0
"Stomatepia_pindu",0,0,0,0,0,0,0,0
"Stomatepia_mongo",0,0,0,0,0,0,0,0
"Myaka_myaka",0,0,0,0,0,0,0,0
"Konia_eisentrauti",0,0,0,0,0,0,0,0
"Konia_dikume",0,0,0,0,0,0,0,0
"Pungu_maclareni",0,0,0,0,0,0,0,0
"Oreochromis_aureus",0,0,0,0,0,0,0,0
"Sarotherodon_galilaeus",0,0,0,0,0,0,0,0
"Sarotherodon_nigripinnis",0,0,0,0,0,0,0,0
"Sarotherodon_melanotheron",0,0,0,0,0,0,0,0
"Tristramella_simonis",0,0,0,0,0,0,0,0
"Tristramella_sacra",0,0,0,0,0,0,0,0
"Iranocichla_hormuzensis",0,0,0,0,0,0,0,0
"Sarotherodon_caudomarginatus",0,0,0,0,0,0,0,0
"Etia_nguti",0,0,0,0,0,0,0,0
"Pelmatochromis_ocellifer",41.2121163351311,356084.270169271,0.832419958332224,0.606122350583344,0.715356741420227,0,0,0
"Pterochromis_congicus",49.278992029694,541524.787934149,0.70048217692552,0.597860391450608,0.644097423850448,0,0,0
"Pelmatochromis_nigrofasciatus",0,0,0,0,0,0,0,0
"Pelmatochromis_buettikoferi",0,0,0,0,0,0,0,0
"Hemichromis_angolensis",28.8353350083866,1256141.74202429,0.644060453208054,0.583933808298568,0.414699285525973,0,0,0
"Hemichromis_elongatus",0,0,0,0,0,0,0,0
"Hemichromis_fasciatus",0,0,0,0,0,0,0,0
"Nanochromis_parilus",0,0,0,0,0,0,0,0
"Nanochromis_nudiceps",0,0,0,0,0,0,0,0
"Nanochromis_consortus",7.69268569550021,35163.8891022776,0.136554891258747,0.105996972419075,0.113612076508275,0,0,0
"Nanochromis_splendens",6.95508040412892,28537.3712110695,0.137574442705429,0.102759979177197,0.114219939020624,0,0,0
"Nanochromis_transvestitus",0,0,0,0,0,0,0,0
"Nanochromis_minor",5.09188687677833,12234.5083239509,0.166766885193153,0.101407231918998,0.136683841305701,0,0,0
"Benitochromis_ufermanni",11.2571913582901,97457.2102512317,0.365362576630717,0.166136625233643,0.2316679172146,0,0,0
"Benitochromis_riomuniensis",0,0,0,0,0,0,0,0
"Benitochromis_nigrodorsalis",0,0,0,0,0,0,0,0
"Benitochromis_finleyi",0,0,0,0,0,0,0,0
"Benitochromis_batesii",0,0,0,0,0,0,0,0
"Benitochromis_conjunctus",10.5601627126739,85081.1014908845,0.367047659377116,0.162924841277848,0.232619559392494,0,0,0
"Congochromis_squamiceps",19.9507118228593,36845.6974271683,0.371075120265308,0.282275870810735,0.37643230122662,0,0,0
"Congochromis_dimidiatus",0,0,0,0,0,0,0,0
"Pelvicachromis_taeniatus",0,0,0,0,0,0,0,0
"Pelvicachromis_subocellatus",0,0,0,0,0,0,0,0
"Pelvicachromis_roloffi",0,0,0,0,0,0,0,0
"Pelvicachromis_pulcher",0,0,0,0,0,0,0,0
"Teleogramma_monogramma",0.716741628529856,2974.69776613462,0.0130933092794303,0.0109175634923109,0.0161315173034895,0,0,0
"Teleogramma_brichardi",0,0,0,0,0,0,0,0
"Teleogramma_depressa",0,0,0,0,0,0,0,0
"Teleogramma_gracile",0.679218134867137,2651.13073382042,0.0131438370054357,0.0107440362869348,0.0161981889466472,0,0,0
"Thysochromis_ansorgii",0,0,0,0,0,0,0,0
"Tylochromis_variabilis",0,0,0,0,0,0,0,0
"Tylochromis_trewavasae",0,0,0,0,0,0,0,0
"Tylochromis_sudanensis",0,0,0,0,0,0,0,0
"Tylochromis_robertsi",0,0,0,0,0,0,0,0
"Tylochromis_regani",0,0,0,0,0,0,0,0
"Tylochromis_praecox",0,0,0,0,0,0,0,0
"Tylochromis_microdon",0,0,0,0,0,0,0,0
"Tylochromis_labrodon",0,0,0,0,0,0,0,0
"Tylochromis_jentinki",0,0,0,0,0,0,0,0
"Tylochromis_intermedius",66.7147059893813,901564.785276926,1.20080871150345,1.09590993060507,0.801231336249937,0,0,0
"Tylochromis_elongatus",0,0,0,0,0,0,0,0
"Tylochromis_bangwelensis",0,0,0,0,0,0,0,0
"Tylochromis_aristoma",0,0,0,0,0,0,0,0
"Tylochromis_polylepis",0,0,0,0,0,0,0,0
"Tylochromis_mylodon",0,0,0,0,0,0,0,0
"Tylochromis_lateralis",0,0,0,0,0,0,0,0
"Tylochromis_leonensis",0,0,0,0,0,0,0,0
"Tylochromis_pulcher",0,0,0,0,0,0,0,0
"Crenicichla_zebrina",0,0,0,0,0,0,0,0
"Crenicichla_wallacii",0,0,0,0,0,0,0,0
"Crenicichla_virgatula",44.8716065367576,401212.282876147,0.731956578625435,0.794839365312451,0.683860089179692,0,0,0
"Crenicichla_vaillanti",68.6594677636731,974049.350893196,0.709389588525401,0.902520739286645,0.664619311273159,0,0,0
"Crenicichla_urosema",0,0,0,0,0,0,0,0
"Crenicichla_tingui",0,0,0,0,0,0,0,0
"Crenicichla_tigrina",116.340243534072,2904796.48491345,0.682205236097846,1.05653245693291,0.642234828337927,0,0,0
"Crenicichla_ternetzi",0,0,0,0,0,0,0,0
"Crenicichla_strigata",0,0,0,0,0,0,0,0
"Crenicichla_stocki",94.6599484359432,1885689.3811503,0.692594843417086,0.99350906534752,0.651468726248233,0,0,0
"Crenicichla_sipaliwini",0,0,0,0,0,0,0,0
"Crenicichla_semicincta",0,0,0,0,0,0,0,0
"Crenicichla_sedentaria",0,0,0,0,0,0,0,0
"Crenicichla_saxatilis",0,0,0,0,0,0,0,0
"Crenicichla_santosi",66.5182971569913,917954.938340162,0.71121414506924,0.893935708329862,0.665261318823903,0,0,0
"Crenicichla_rosemariae",0,0,0,0,0,0,0,0
"Crenicichla_pydanielae",86.2669879348804,1563387.10849096,0.697494678046511,0.966210871293721,0.65480812415227,0,0,0
"Crenicichla_proteus",0,0,0,0,0,0,0,0
"Crenicichla_prenda",0,0,0,0,0,0,0,0
"Crenicichla_phaiospilus",0,0,0,0,0,0,0,0
"Crenicichla_percna",0,0,0,0,0,0,0,0
"Crenicichla_pellegrini",79.3843270573991,1318805.51739056,0.701857031990443,0.942454254724323,0.658091208962519,0,0,0
"Crenicichla_niederleinii",0,0,0,0,0,0,0,0
"Crenicichla_nickeriensis",0,0,0,0,0,0,0,0
"Crenicichla_mucuryna",0,0,0,0,0,0,0,0
"Crenicichla_maculata",0,0,0,0,0,0,0,0
"Crenicichla_lucius",0,0,0,0,0,0,0,0
"Crenicichla_labrina",80.3302597011446,1353782.52807956,0.701277851891065,0.945638687190727,0.657274526624602,0,0,0
"Crenicichla_jurubi",0,0,0,0,0,0,0,0
"Crenicichla_johanna",0,0,0,0,0,0,0,0
"Crenicichla_jegui",0,0,0,0,0,0,0,0
"Crenicichla_jaguarensis",0,0,0,0,0,0,0,0
"Crenicichla_isbrueckeri",56.8775043835812,659421.92355473,0.719345860863492,0.852911361333926,0.67253922273312,0,0,0
"Crenicichla_inpa",87.9157743445192,1647345.58747758,0.696820998537392,0.970924499267959,0.652004261544425,0,0,0
"Crenicichla_iguapina",0,0,0,0,0,0,0,0
"Crenicichla_igara",0,0,0,0,0,0,0,0
"Crenicichla_hummelincki",62.0712100084542,792810.339489594,0.714791546338838,0.875741423508684,0.66868419401174,0,0,0
"Crenicichla_hemera",0,0,0,0,0,0,0,0
"Crenicichla_heckeli",0,0,0,0,0,0,0,0
"Crenicichla_cyclostoma",0,0,0,0,0,0,0,0
"Crenicichla_cyanonotus",0,0,0,0,0,0,0,0
"Crenicichla_coppenamensis",0,0,0,0,0,0,0,0
"Crenicichla_cincta",0,0,0,0,0,0,0,0
"Crenicichla_anthurus",0,0,0,0,0,0,0,0
"Crenicichla_albopunctata",0,0,0,0,0,0,0,0
"Crenicichla_adspersa",0,0,0,0,0,0,0,0
"Crenicichla_acutirostris",0,0,0,0,0,0,0,0
"Cichlasoma_sanctifranciscense",0,0,0,0,0,0,0,0
"Cichlasoma_paranaense",0,0,0,0,0,0,0,0
"Cichlasoma_orientale",0,0,0,0,0,0,0,0
"Amphilophus_zaliosus",0,161091.7574706,0.320377219267328,0,0.269733451263848,0,0,0
"Amphilophus_xiloaensis",0,0,0,0,0,0,0,0
"Amphilophus_trimaculatus",0,0,0,0,0,0,0,0
"Amphilophus_istlanus",0,0,0,0,0,0,0,0
"Amphilophus_amarillo",25.6576377899078,441764.520465336,0.320727107221195,0.316910032565283,0.276354667554253,0,0,0
"Paraneetroplus_nebulifer",14.0830302613989,175174.259971275,0.220963026986519,0.160213659569043,0.169808760710352,0,0,0
"Paraneetroplus_gibbiceps",9.76777746433902,169991.080717157,0.131025996514386,0.0939248765591991,0.0925651222532946,0,0,0
"Paraneetroplus_bulleri",0,0,0,0,0,0,0,0
"Theraps_irregularis",0,0,0,0,0,0,0,0
"Herichthys_cyanoguttatus",0,0,0,0,0,0,0,0
"Herichthys_deppii",2.06837763082516,17761.0667992874,0.0174537643685322,0.0121996103775417,0.0154289134594659,0,0,0
"Herichthys_carpintis",0,0,0,0,0,0,0,0
"Herichthys_tamasopoensis",0,0,0,0,0,0,0,0
"Herichthys_minckleyi",0,0,0,0,0,0,0,0
"Herichthys_labridens",0,0,0,0,0,0,0,0
"Herichthys_bartoni",0,0,0,0,0,0,0,0
"Herichthys_steindachneri",0,0,0,0,0,0,0,0
"Herichthys_pantostictus",0,0,0,0,0,0,0,0
"Thorichthys_maculipinnis",0,0,0,0,0,0,0,0
"Haplochromis_maculipinna",0,0,0,0,0,0,0,0
"Thorichthys_callolepis",0,0,0,0,0,0,0,0
"Thorichthys_socolofi",0,0,0,0,0,0,0,0
"Thorichthys_aureus",0,0,0,0,0,0,0,0
"Thorichthys_pasionis",0,0,0,0,0,0,0,0
"Thorichthys_affinis",5.27516965468892,42367.3083228124,0.0654988235723138,0.0649283604058439,0.0436555935114364,0,0,0
"Thorichthys_meeki",0,0,0,0,0,0,0,0
"Thorichthys_helleri",0,0,0,0,0,0,0,0
"Tomocichla_tuba",0,0,0,0,0,0,0,0
"Rocio_spinosissima",0,0,0,0,0,0,0,0
"Rocio_octofasciata",0,0,0,0,0,0,0,0
"Rocio_ocotal",0,0,0,0,0,0,0,0
"Amphilophus_labiatus",0,0,0,0,0,0,0,0
"Amphilophus_citrinellus",0,0,0,0,0,0,0,0
"Amphilophus_hogaboomorum",0,0,0,0,0,0,0,0
"Archocentrus_centrarchus",0,0,0,0,0,0,0,0
"Amphilophus_lyonsi",0,0,0,0,0,0,0,0
"Parachromis_loisellei",0,0,0,0,0,0,0,0
"Parachromis_motaguensis",0,0,0,0,0,0,0,0
"Parachromis_friedrichsthalii",0,0,0,0,0,0,0,0
"Parachromis_managuensis",0,0,0,0,0,0,0,0
"Parachromis_dovii",0,0,0,0,0,0,0,0
"Cryptoheros_chetumalensis",1.74184281178133,48680.3699753596,0.0127037836385381,0.0176839182081041,0.0116403879450526,0,0,0
"Cryptoheros_spilurus",0,0,0,0,0,0,0,0
"Cryptoheros_cutteri",9.41975744721152,204328.092795345,0.0750567046441998,0.097124131726529,0.0704210988080178,0,0,0
"Hypsophrys_nicaraguensis",0,0,0,0,0,0,0,0
"Hypsophrys_nematopus",0,0,0,0,0,0,0,0
"Amatitlania_siquia",0,0,0,0,0,0,0,0
"Amatitlania_septemfasciata",0,0,0,0,0,0,0,0
"Amatitlania_sajica",0,0,0,0,0,0,0,0
"Amatitlania_myrnae",0,0,0,0,0,0,0,0
"Amatitlania_kanna",0,0,0,0,0,0,0,0
"Amatitlania_nigrofasciata",0,0,0,0,0,0,0,0
"Amatitlania_coatepeque",0,0,0,0,0,0,0,0
"Petenia_splendida",0,0,0,0,0,0,0,0
"Australoheros_robustus",6.11160383125542,49166.1551864811,0.129787663957051,0.102244624048029,0.130655155802911,0,0,0
"Australoheros_ribeirae",6.16637268122325,49869.9003514333,0.129682928084828,0.102532970700754,0.130691290814325,0,0,0
"Australoheros_perdi",0,0,0,0,0,0,0,0
"Australoheros_paraibae",5.37335130653069,37572.4388691718,0.131023527051582,0.0984329966480236,0.131879858043214,0,0,0
"Australoheros_muriae",8.42095525954083,96038.3837168371,0.126764359399705,0.112480818828198,0.127796655159884,0,0,0
"Australoheros_minuano",6.61078504659387,57894.098507515,0.129038008701539,0.104666891426223,0.129968427976085,0,0,0
"Australoheros_macacuensis",6.57324470290783,57260.3992683705,0.12909610286752,0.10448902970839,0.130000849357412,0,0,0
"Australoheros_ipatinguensis",4.92983417034744,31323.538133496,0.131847613082859,0.0959536718377881,0.132729609113131,0,0,0
"Australoheros_guarani",8.76878796048277,103619.51644942,0.126349903329266,0.113861545283003,0.127633451083004,0,0,0
"Australoheros_charrua",6.28442010758968,52084.9152729196,0.129518437896468,0.103080120537845,0.130387135965751,0,0,0
"Australoheros_capixaba",5.15355621546676,34230.9364643127,0.131399148476982,0.0972194202705859,0.132384794325008,0,0,0
"Australoheros_barbosae",7.22759891055126,69885.3398916094,0.128202325843956,0.107466577012649,0.129105931620658,0,0,0
"Australoheros_autrani",6.04392682044962,48018.1165809656,0.129892716774392,0.10191592246084,0.130779541015852,0,0,0
"Australoheros_acaroides",0,0,0,0,0,0,0,0
"Australoheros_tembe",7.81715672314954,90997.6496960907,0.0938889104134866,0.0932180298871041,0.093531501318609,0,0,0
"Australoheros_kaaygua",6.20964227781367,56324.6254509862,0.0954972723360279,0.0870806443951904,0.0950660694155786,0,0,0
"Australoheros_angiru",5.43995468157091,42589.9351877745,0.096420361687462,0.0837137202206078,0.0959785662374452,0,0,0
"Australoheros_scitulus",0,0,0,0,0,0,0,0
"Australoheros_facetus",0,0,0,0,0,0,0,0
"Australoheros_ykeregua",0,0,0,0,0,0,0,0
"Australoheros_forquilha",3.31711427827717,34830.2517298183,0.0585973687857979,0.0484205872407752,0.0610076362217492,0,0,0
"Caquetaia_spectabilis",0,0,0,0,0,0,0,0
"Caquetaia_myersi",0,0,0,0,0,0,0,0
"Caquetaia_kraussii",0,0,0,0,0,0,0,0
"Heroina_isonycterina",0,0,0,0,0,0,0,0
"Symphysodon_aequifasciatus",0,0,0,0,0,0,0,0
"Symphysodon_discus",0,0,0,0,0,0,0,0
"Heros_spurius",0.399092185512559,7760.03596213459,0.00804898880989701,0.00302527358362053,0.00363608700502416,0,0,0
"Heros_notatus",0,0,0,0,0,0,0,0
"Heros_severus",0,0,0,0,0,0,0,0
"Heros_efasciatus",0,0,0,0,0,0,0,0
"Uaru_fernandezyepezi",0,0,0,0,0,0,0,0
"Uaru_amphiacanthoides",0,0,0,0,0,0,0,0
"Mesonauta_guyanae",9.29635004512745,297291.563482223,0.0853069632046851,0.112617583161437,0.0753353013844887,0,0,0
"Mesonauta_acora",0,0,0,0,0,0,0,0
"Mesonauta_mirificus",0,0,0,0,0,0,0,0
"Mesonauta_egregius",0,0,0,0,0,0,0,0
"Mesonauta_festivus",0,0,0,0,0,0,0,0
"Mesonauta_insignis",0,0,0,0,0,0,0,0
"Hypselecara_temporalis",0,0,0,0,0,0,0,0
"Hypselecara_coryphaenoides",0,0,0,0,0,0,0,0
"Hoplarchus_psittacus",0,0,0,0,0,0,0,0
"Pterophyllum_scalare",0,0,0,0,0,0,0,0
"Pterophyllum_leopoldi",0,0,0,0,0,0,0,0
"Pterophyllum_altum",0,0,0,0,0,0,0,0
"Aequidens_viridis",0,0,0,0,0,0,0,0
"Aequidens_rondoni",0,0,0,0,0,0,0,0
"Aequidens_plagiozonatus",37.5281175420549,333333.544052522,0.455924796346307,0.504630534085778,0.479666411899654,0,0,0
"Aequidens_paloemeuensis",0,0,0,0,0,0,0,0
"Aequidens_pallidus",0,0,0,0,0,0,0,0
"Aequidens_michaeli",0,0,0,0,0,0,0,0
"Aequidens_mauesanus",44.5960944626745,476947.910650862,0.450141629270315,0.531230536328095,0.47414878703937,0,0,0
"Aequidens_gerciliae",0,0,0,0,0,0,0,0
"Aequidens_epae",0,0,0,0,0,0,0,0
"Cichlasoma_orinocense",0,0,0,0,0,0,0,0
"Cichlasoma_taenia",0,0,0,0,0,0,0,0
"Cichlasoma_bimaculatum",0,0,0,0,0,0,0,0
"Cichlasoma_amazonarum",0,0,0,0,0,0,0,0
"Cichlasoma_boliviense",0,0,0,0,0,0,0,0
"Cichlasoma_dimerus",0,0,0,0,0,0,0,0
"Cichlasoma_portalegrense",0,0,0,0,0,0,0,0
"Cichlasoma_pusillum",0,0,0,0,0,0,0,0
"Cichlasoma_araguaiense",0,0,0,0,0,0,0,0
"Aequidens_patricki",0,0,0,0,0,0,0,0
"Aequidens_tetramerus",0,0,0,0,0,0,0,0
"Aequidens_metae",0,0,0,0,0,0,0,0
"Aequidens_diadema",0,0,0,0,0,0,0,0
"Aequidens_tubicen",0,0,0,0,0,0,0,0
"Aequidens_chimantanus",26.1807481609552,226643.599579358,0.330709698192216,0.353469481729752,0.332779180786091,0,0,0
"Krobia_itanyi",0,0,0,0,0,0,0,0
"Aequidens_potaroensis",0,0,0,0,0,0,0,0
"Krobia_guianensis",0,0,0,0,0,0,0,0
"Andinoacara_rivulatus",0,0,0,0,0,0,0,0
"Andinoacara_sapayensis",0,0,0,0,0,0,0,0
"Andinoacara_biseriatus",0,0,0,0,0,0,0,0
"Andinoacara_latifrons",0,0,0,0,0,0,0,0
"Andinoacara_coeruleopunctatus",0,0,0,0,0,0,0,0
"Andinoacara_pulcher",0,0,0,0,0,0,0,0
"Bujurquina_zamorensis",12.8540315616864,97700.5685712319,0.307159373802443,0.17855547436699,0.163902927961587,0,0,0
"Bujurquina_tambopatae",0,0,0,0,0,0,0,0
"Bujurquina_robusta",0,0,0,0,0,0,0,0
"Bujurquina_ortegai",16.9981293107069,175804.430024323,0.300982409258276,0.194602707597619,0.161300782129242,0,0,0
"Bujurquina_oenolaemus",0,0,0,0,0,0,0,0
"Bujurquina_moriorum",0,0,0,0,0,0,0,0
"Bujurquina_megalospilus",12.4799929625917,91907.7598917433,0.307829662265082,0.176934033434534,0.164150134310201,0,0,0
"Bujurquina_mariae",0,0,0,0,0,0,0,0
"Bujurquina_labiosa",10.394175881807,62843.9228227996,0.311991568704656,0.167153552849633,0.165648012623186,0,0,0
"Bujurquina_huallagae",0,0,0,0,0,0,0,0
"Bujurquina_hophrys",0,0,0,0,0,0,0,0
"Bujurquina_eurhinus",14.6477697535228,129161.107407697,0.304304689225181,0.185876487504995,0.162558165787672,0,0,0
"Bujurquina_cordemadi",11.3082407257129,75087.8805949683,0.310094714221544,0.171549687258873,0.16483037068943,0,0,0
"Bujurquina_apoparuana",0,0,0,0,0,0,0,0
"Bujurquina_peregrinabunda",14.9366829598888,145023.746639991,0.289653794501199,0.177309767305665,0.150028435324788,0,0,0
"Bujurquina_syspilus",0,0,0,0,0,0,0,0
"Bujurquina_vittata",0,0,0,0,0,0,0,0
"Tahuantinsuyoa_macantzatza",0,0,0,0,0,0,0,0
"Tahuantinsuyoa_chipi",13.2468202902174,107430.510192753,0.331450328700283,0.182005301626442,0.203014841840378,0,0,0
"Acaronia_vultuosa",0,0,0,0,0,0,0,0
"Acaronia_nassa",0,0,0,0,0,0,0,0
"Laetacara_fulvipinnis",0,0,0,0,0,0,0,0
"Laetacara_flavilabris",0,0,0,0,0,0,0,0
"Laetacara_thayeri",0,0,0,0,0,0,0,0
"Laetacara_dorsigera",0,0,0,0,0,0,0,0
"Laetacara_curviceps",0,0,0,0,0,0,0,0
"Laetacara_araguaiae",12.3760308635327,39322.3228403177,0.324783528159372,0.24948083807472,0.178548029880819,0,0,0
"Nannacara_quadrispinae",28.9250660167996,193194.483279955,0.432388233514527,0.432894265965672,0.363320521976057,0,0,0
"Nannacara_bimaculata",25.7987495272891,152344.173248956,0.436055436327354,0.418235299291751,0.365926499806245,0,0,0
"Nannacara_anomala",0,0,0,0,0,0,0,0
"Nannacara_aureocephalus",0,0,0,0,0,0,0,0
"Nannacara_taenia",13.9231064044526,84578.6833682677,0.200139235358908,0.201954130131485,0.153917646616984,0,0,0
"Nannacara_adoketa",0,0,0,0,0,0,0,0
"Cleithracara_maronii",0,0,0,0,0,0,0,0
"Crenicichla_yaha",0,0,0,0,0,0,0,0
"Crenicichla_mandelburgeri",0,0,0,0,0,0,0,0
"Crenicichla_iguassuensis",7.42445428778324,212219.583906493,0.0382485383875443,0.0650962439980044,0.0357196096965531,0,0,0
"Crenicichla_tesay",3.70625758189802,50272.7274606729,0.0402682950504395,0.0529025137883418,0.0373801915285052,0,0,0
"Crenicichla_hu",10.0535765402095,177590.536403516,0.0853967094525266,0.124826403474293,0.0802123475030652,0,0,0
"Crenicichla_vittata",0,0,0,0,0,0,0,0
"Crenicichla_ypo",0,0,0,0,0,0,0,0
"Crenicichla_jupiaensis",0,0,0,0,0,0,0,0
"Crenicichla_gaucho",0,0,0,0,0,0,0,0
"Crenicichla_scottii",0,0,0,0,0,0,0,0
"Crenicichla_punctata",0,0,0,0,0,0,0,0
"Crenicichla_haroldoi",13.2491665657212,130593.775811992,0.184801009337438,0.223259425061141,0.171039375822509,0,0,0
"Crenicichla_lacustris",0,0,0,0,0,0,0,0
"Crenicichla_minuano",0,0,0,0,0,0,0,0
"Crenicichla_tendybaguassu",0,0,0,0,0,0,0,0
"Crenicichla_hadrostigma",0,0,0,0,0,0,0,0
"Crenicichla_celidochilus",0,0,0,0,0,0,0,0
"Crenicichla_missioneira",0,0,0,0,0,0,0,0
"Crenicichla_empheres",0,0,0,0,0,0,0,0
"Crenicichla_geayi",0,0,0,0,0,0,0,0
"Crenicichla_reticulata",0,0,0,0,0,0,0,0
"Crenicichla_cametana",0,0,0,0,0,0,0,0
"Crenicichla_semifasciata",0,0,0,0,0,0,0,0
"Crenicichla_macrophthalma",0,0,0,0,0,0,0,0
"Teleocichla_prionogenys",0,0,0,0,0,0,0,0
"Teleocichla_centisquama",0,0,0,0,0,0,0,0
"Teleocichla_gephyrogramma",0,0,0,0,0,0,0,0
"Teleocichla_centrarchus",0,0,0,0,0,0,0,0
"Teleocichla_proselytus",0,0,0,0,0,0,0,0
"Teleocichla_cinderella",0,0,0,0,0,0,0,0
"Teleocichla_monogramma",0,0,0,0,0,0,0,0
"Crenicichla_britskii",0,0,0,0,0,0,0,0
"Crenicichla_lepidota",0,0,0,0,0,0,0,0
"Crenicichla_sveni",0,0,0,0,0,0,0,0
"Crenicichla_menezesi",15.8034221925294,243618.267170684,0.137674643669389,0.187744714555024,0.125802490534047,0,0,0
"Crenicichla_alta",0,0,0,0,0,0,0,0
"Crenicichla_multispinosa",0,0,0,0,0,0,0,0
"Crenicichla_marmorata",3.62165690214644,75976.4233932889,0.0252750509349036,0.0393311659200978,0.0244078000047121,0,0,0
"Crenicichla_lugubris",0,0,0,0,0,0,0,0
"Crenicichla_lenticulata",0,0,0,0,0,0,0,0
"Crenicichla_compressiceps",0,0,0,0,0,0,0,0
"Crenicichla_regani",0,0,0,0,0,0,0,0
"Crenicichla_notophthalmus",0,0,0,0,0,0,0,0
"Acarichthys_heckelii",0,0,0,0,0,0,0,0
"Biotoecus_opercularis",46.6105734939906,406045.599980425,0.623028911404453,0.622366620425075,0.559160159072412,0,0,0
"Guianacara_sphenozona",0,0,0,0,0,0,0,0
"Guianacara_oelemariensis",6.45114610145292,42978.7260914371,0.0854892136382365,0.0873324808478966,0.073211475012518,0,0,0
"Guianacara_geayi",0,0,0,0,0,0,0,0
"Guianacara_dacrya",8.39589005443603,75129.9071465996,0.0838756952972505,0.0945440302019296,0.0718904299679956,0,0,0
"Guianacara_cuyunii",6.09382363632463,38214.3001252373,0.0858506090477209,0.08580010825006,0.0734098761700461,0,0,0
"Guianacara_owroewefi",0,0,0,0,0,0,0,0
"Guianacara_stergiosi",6.35656895546018,41672.9619928316,0.085580818587517,0.0869124497988507,0.0732444533400484,0,0,0
"Mazarunia_mazarunii",0,0,0,0,0,0,0,0
"Apistogramma_wapisana",0,0,0,0,0,0,0,0
"Apistogramma_viejita",0,0,0,0,0,0,0,0
"Apistogramma_velifera",0,0,0,0,0,0,0,0
"Apistogramma_urteagai",0,0,0,0,0,0,0,0
"Apistogramma_uaupesi",0,0,0,0,0,0,0,0
"Apistogramma_tucurui",0,0,0,0,0,0,0,0
"Apistogramma_trifasciata",0,0,0,0,0,0,0,0
"Apistogramma_taeniata",0,0,0,0,0,0,0,0
"Apistogramma_steindachneri",0,0,0,0,0,0,0,0
"Apistogramma_staecki",0,0,0,0,0,0,0,0
"Apistogramma_similis",0,0,0,0,0,0,0,0
"Apistogramma_salpinction",0,0,0,0,0,0,0,0
"Apistogramma_rupununi",0,0,0,0,0,0,0,0
"Apistogramma_rubrolineata",0,0,0,0,0,0,0,0
"Apistogramma_rositae",0,0,0,0,0,0,0,0
"Apistogramma_resticulosa",0,0,0,0,0,0,0,0
"Apistogramma_regani",0,0,0,0,0,0,0,0
"Apistogramma_pulchra",0,0,0,0,0,0,0,0
"Apistogramma_playayacu",0,0,0,0,0,0,0,0
"Apistogramma_piauiensis",0,0,0,0,0,0,0,0
"Apistogramma_pertensis",0,0,0,0,0,0,0,0
"Apistogramma_personata",0,0,0,0,0,0,0,0
"Apistogramma_payaminonis",0,0,0,0,0,0,0,0
"Apistogramma_paucisquamis",0,0,0,0,0,0,0,0
"Apistogramma_pantalone",0,0,0,0,0,0,0,0
"Apistogramma_panduro",0,0,0,0,0,0,0,0
"Apistogramma_ortmanni",0,0,0,0,0,0,0,0
"Apistogramma_norberti",0,0,0,0,0,0,0,0
"Apistogramma_nijsseni",0,0,0,0,0,0,0,0
"Apistogramma_moae",0,0,0,0,0,0,0,0
"Apistogramma_mendezi",0,0,0,0,0,0,0,0
"Apistogramma_meinkeni",0,0,0,0,0,0,0,0
"Apistogramma_megaptera",20.791330383253,153036.735189949,0.32528432770296,0.174603470905004,0.162356205649359,0,0,0
"Apistogramma_martini",0,0,0,0,0,0,0,0
"Apistogramma_macmasteri",0,0,0,0,0,0,0,0
"Apistogramma_luelingi",0,0,0,0,0,0,0,0
"Apistogramma_linkei",0,0,0,0,0,0,0,0
"Apistogramma_juruensis",0,0,0,0,0,0,0,0
"Apistogramma_inornata",0,0,0,0,0,0,0,0
"Apistogramma_iniridae",0,0,0,0,0,0,0,0
"Apistogramma_inconspicua",0,0,0,0,0,0,0,0
"Apistogramma_huascar",0,0,0,0,0,0,0,0
"Apistogramma_hongsloi",0,0,0,0,0,0,0,0
"Apistogramma_hippolytae",0,0,0,0,0,0,0,0
"Apistogramma_guttata",0,0,0,0,0,0,0,0
"Apistogramma_gossei",0,0,0,0,0,0,0,0
"Apistogramma_gibbiceps",0,0,0,0,0,0,0,0
"Apistogramma_gephyra",0,0,0,0,0,0,0,0
"Apistogramma_geisleri",0,0,0,0,0,0,0,0
"Apistogramma_eunotus",0,0,0,0,0,0,0,0
"Apistogramma_erythrura",0,0,0,0,0,0,0,0
"Apistogramma_eremnopyge",0,0,0,0,0,0,0,0
"Apistogramma_elizabethae",0,0,0,0,0,0,0,0
"Apistogramma_diplotaenia",0,0,0,0,0,0,0,0
"Apistogramma_cruzi",0,0,0,0,0,0,0,0
"Apistogramma_commbrae",0,0,0,0,0,0,0,0
"Apistogramma_cinilabra",0,0,0,0,0,0,0,0
"Apistogramma_cacatuoides",0,0,0,0,0,0,0,0
"Apistogramma_brevis",0,0,0,0,0,0,0,0
"Apistogramma_borellii",0,0,0,0,0,0,0,0
"Apistogramma_barlowi",0,0,0,0,0,0,0,0
"Apistogramma_baenschi",0,0,0,0,0,0,0,0
"Apistogramma_atahualpa",0,0,0,0,0,0,0,0
"Apistogramma_arua",0,0,0,0,0,0,0,0
"Apistogramma_angayuara",0,0,0,0,0,0,0,0
"Apistogramma_alacrina",0,0,0,0,0,0,0,0
"Apistogramma_acrensis",0,0,0,0,0,0,0,0
"Apistogramma_hoignei",0,0,0,0,0,0,0,0
"Apistogramma_caetei",0,0,0,0,0,0,0,0
"Apistogrammoides_pucallpaensis",0,0,0,0,0,0,0,0
"Apistogramma_agassizii",0,0,0,0,0,0,0,0
"Apistogramma_bitaeniata",0,0,0,0,0,0,0,0
"Taeniacara_candidi",0,0,0,0,0,0,0,0
"Satanoperca_rhynchitis",0,0,0,0,0,0,0,0
"Satanoperca_lilith",68.4497469833876,973198.685705143,0.547223774531363,0.560125454815186,0.402078243593786,0,0,0
"Satanoperca_leucosticta",0,0,0,0,0,0,0,0
"Satanoperca_mapiritensis",15.5257375141525,117687.651719804,0.388506095479074,0.191686579567449,0.146754382733523,0,0,0
"Satanoperca_jurupari",0,0,0,0,0,0,0,0
"Satanoperca_pappaterra",0,0,0,0,0,0,0,0
"Satanoperca_daemon",0,0,0,0,0,0,0,0
"Satanoperca_acuticeps",0,0,0,0,0,0,0,0
"Biotoecus_dicentrarchus",0,0,0,0,0,0,0,0
"Geophagus_winemilleri",54.015854494121,716286.10045244,0.647938981278069,0.625757000150082,0.510997054068679,0,0,0
"Geophagus_sveni",49.3078666883902,593890.628336865,0.652467152618049,0.61158855787383,0.516910297150141,0,0,0
"Geophagus_pellegrini",0,0,0,0,0,0,0,0
"Geophagus_parnaibae",0,0,0,0,0,0,0,0
"Geophagus_obscurus",38.2723668954769,351649.034575999,0.665161038876793,0.57459721113008,0.534869513853682,0,0,0
"Geophagus_neambi",54.5849329988984,727246.290253536,0.647291847716596,0.627878060156432,0.511333044524073,0,0,0
"Geophagus_gottwaldi",0,0,0,0,0,0,0,0
"Geophagus_crassilabris",59.277515063303,860459.212443262,0.643190485366473,0.640773032870002,0.505878433958303,0,0,0
"Geophagus_camopiensis",50.6350272944902,621406.890697666,0.650949279948344,0.616184297092479,0.51647833989328,0,0,0
"Geophagus_brokopondo",42.4978310613179,437718.692427417,0.659948283802488,0.589854385185475,0.527479091221474,0,0,0
"Geophagus_altifrons",0,0,0,0,0,0,0,0
"Geophagus_megasema",1.449883860997,26655.5004174746,0.0295986104021494,0.0169371657352676,0.0151351881738349,0,0,0
"Geophagus_abalios",0,0,0,0,0,0,0,0
"Geophagus_surinamensis",0,0,0,0,0,0,0,0
"Geophagus_brachybranchus",0,0,0,0,0,0,0,0
"Geophagus_dicrozoster",0,0,0,0,0,0,0,0
"Geophagus_argyrostictus",0,0,0,0,0,0,0,0
"Geophagus_harreri",0,0,0,0,0,0,0,0
"Geophagus_taeniopareius",0,0,0,0,0,0,0,0
"Geophagus_grammepareius",18.030397204225,239407.308406169,0.280575094437805,0.2691160856355,0.282263432507077,0,0,0
"Geophagus_steindachneri",0,0,0,0,0,0,0,0
"Gymnogeophagus_tiraparae",17.938267295649,211585.047178967,0.376050655301863,0.239856607614526,0.198717423805613,0,0,0
"Gymnogeophagus_lacustris",0,0,0,0,0,0,0,0
"Gymnogeophagus_che",19.5641195308325,254829.966257346,0.3737246443207,0.246181923175893,0.19744156862423,0,0,0
"Gymnogeophagus_caaguazuensis",15.9829223154661,167209.405135999,0.379318402700264,0.231510691988773,0.199847894433643,0,0,0
"Gymnogeophagus_australis",0,0,0,0,0,0,0,0
"Gymnogeophagus_balzanii",0,0,0,0,0,0,0,0
"Gymnogeophagus_labiatus",0,0,0,0,0,0,0,0
"Gymnogeophagus_gymnogenys",0,0,0,0,0,0,0,0
"Gymnogeophagus_setequedas",0,0,0,0,0,0,0,0
"Gymnogeophagus_rhabdotus",0,0,0,0,0,0,0,0
"Gymnogeophagus_meridionalis",0,0,0,0,0,0,0,0
"Geophagus_brasiliensis",0,0,0,0,0,0,0,0
"Geophagus_iporangensis",0,0,0,0,0,0,0,0
"Geophagus_proximus",0,0,0,0,0,0,0,0
"Mikrogeophagus_altispinosus",0,0,0,0,0,0,0,0
"Mikrogeophagus_ramirezi",0,0,0,0,0,0,0,0
"Dicrossus_warzeli",0,0,0,0,0,0,0,0
"Dicrossus_maculatus",0,0,0,0,0,0,0,0
"Dicrossus_gladicauda",0,0,0,0,0,0,0,0
"Dicrossus_filamentosus",0,0,0,0,0,0,0,0
"Dicrossus_foirni",0,0,0,0,0,0,0,0
"Biotodoma_wavrini",0,0,0,0,0,0,0,0
"Biotodoma_cupido",0,0,0,0,0,0,0,0
"Crenicara_punctulata",0,0,0,0,0,0,0,0
"Crenicara_latruncularium",33.067579716064,238946.927349828,0.408154776974586,0.428052440450307,0.463725809440827,0,0,0
"Astronotus_ocellatus",0,0,0,0,0,0,0,0
"Astronotus_crassipinnis",0,0,0,0,0,0,0,0
"Crenicichla_frenata",63.5251091153335,1003560.43627632,0.678934751437826,0.804625167172215,0.681972695835955,0,0,0
"Retroculus_septentrionalis",42.8089215846619,408638.296403727,0.499689429087337,0.554641442483603,0.600841714936329,0,0,0
"Retroculus_xinguensis",0,0,0,0,0,0,0,0
"Retroculus_lapidifer",0,0,0,0,0,0,0,0
"Cichla_pleiozona",0,0,0,0,0,0,0,0
"Cichla_melaniae",0,0,0,0,0,0,0,0
"Cichla_ocellaris",0,0,0,0,0,0,0,0
"Cichla_kelberi",0,0,0,0,0,0,0,0
"Cichla_orinocensis",0,0,0,0,0,0,0,0
"Cichla_intermedia",0,0,0,0,0,0,0,0
"Cichla_mirianae",0,0,0,0,0,0,0,0
"Cichla_piquiti",0,0,0,0,0,0,0,0
"Cichla_jariina",0,0,0,0,0,0,0,0
"Cichla_pinima",0,0,0,0,0,0,0,0
"Cichla_vazzoleri",0,0,0,0,0,0,0,0
"Cichla_thyrorus",0,0,0,0,0,0,0,0
"Cichla_temensis",0,0,0,0,0,0,0,0
"Cichla_monoculus",0,0,0,0,0,0,0,0
"Chaetobranchopsis_orbicularis",0,0,0,0,0,0,0,0
"Chaetobranchopsis_australis",0,0,0,0,0,0,0,0
"Chaetobranchus_semifasciatus",0,395890.620605977,0.578502965412237,0,0.519328505200189,0,0,0
"Chaetobranchus_flavescens",0,0,0,0,0,0,0,0
"Paretroplus_kieneri",0,0,0,0,0,0,0,0
"Paretroplus_polyactis",0,0,0,0,0,0,0,0
"Paretroplus_tsimoly",0,0,0,0,0,0,0,0
"Etroplus_suratensis",0,0,0,0,0,0,0,0
"Ptychochromis_oligacanthus",0,0,0,0,0,0,0,0
"Ptychochromis_grandidieri",0,0,0,0,0,0,0,0
"Katria_katria",0,0,0,0,0,0,0,0
"Oxylapia_polli",39.0851506739391,498630.986923454,0.776498332880134,0.616284682241549,0.628038140819697,0,0,0
"Paratilapia_polleni",0,0,0,0,0,0,0,0
"Chromidotilapia_schoutedeni",0,0,0,0,0,0,0,0
"Chromidotilapia_regani",0,0,0,0,0,0,0,0
"Chromidotilapia_linkei",0,0,0,0,0,0,0,0
"Chromidotilapia_kingsleyae",0,0,0,0,0,0,0,0
"Chromidotilapia_guntheri",0,0,0,0,0,0,0,0
"Chromidotilapia_cavalliensis",0,0,0,0,0,0,0,0
"Heterochromis_multidens",0,0,0,0,0,0,0,0
"Polycentropsis_abbreviata",0,0,0,0,0,0,0,1.51237501169663
"Afronandus_sheljuzhkoi",0,0,0,0,0,0,0,2.94703446608918
"Polycentrus_schomburgkii",0,0,0,0,0,0,0,2.41145107293841
"Monocirrhus_polyacanthus",0,0,0,0,0,0,0,1.47878634556289
"Pseudochromis_tapeinosoma",0,0,0,0,0,0,0,0
"Pseudochromis_ransonneti",0,0,0,0,0,0,0,0
"Pseudochromis_marshallensis",0,0,0,0,0,0,0,0
"Emblemaria_hypacanthus",0,0,0,0,0,0,0,0.958271789575087
"Ekemblemaria_myersi",0,0,0,0,0,0,0,0.584210277534386
"Acanthemblemaria_macrospilus",0,0,0,0,0,0,0,0.724174908416547
"Acanthemblemaria_hancocki",0,0,0,0,0,0,0,1.10481009687858
"Acanthemblemaria_crockeri",0,0,0,0,0,0,0,0.715224896007646
"Acanthemblemaria_aspera",0,0,0,0,0,0,0,1.24972845580349
"Acanthemblemaria_exilispinus",0,0,0,0,0,0,0,0.822466311951902
"Coralliozetus_micropes",0,0,0,0,0,0,0,1.61782456043336
"Coralliozetus_springeri",0,0,0,0,0,0,0,3.24221678016446
"Dactyloscopus_tridigitatus",0,0,0,0,0,0,0,0.611478686377781
"Dactyloscopus_byersorum",0,0,0,0,0,0,0,0.859144524367449
"Gillellus_semicinctus",0,0,0,0,0,0,0,1.36582413263382
"Gillellus_uranidea",0,0,0,0,0,0,0,1.43397666356294
"Paraclinus_nigripinnis",0,0,0,0,0,0,0,0.851718883180911
"Paraclinus_fasciatus",0,0,0,0,0,0,0,0.847101070897096
"Paraclinus_altivelis",5.96796518493128,1990764.73895559,0.390329199186086,0.141954474903044,0.0897521707749715,0,0,1.081942013426
"Paraclinus_sini",0,0,0,0,0,0,0,0.948469763475834
"Paraclinus_mexicanus",0,0,0,0,0,0,0,1.71965745445391
"Paraclinus_marmoratus",0,0,0,0,0,0,0,0.451139870588068
"Stathmonotus_sinuscalifornici",0,0,0,0,0,0,0,0.789292273786127
"Starksia_brasiliensis",0,0,0,0,0,0,0,2.14718114578169
"Labrisomus_pomaspilus",20.7741036559076,22137463.1232936,0.610255041069601,0.401618577028438,0.159021037981553,0,0,0.427867604578707
"Malacoctenus_macropus",0,0,0,0,0,0,0,1.08808156057041
"Malacoctenus_delalandii",0,0,0,0,0,0,0,0.626509360285573
"Malacoctenus_zacae",0,0,0,0,0,0,0,0.860491840422616
"Malacoctenus_hubbsi",0,0,0,0,0,0,0,0.529778719069652
"Malacoctenus_gigas",0,0,0,0,0,0,0,0.305755308184277
"Malacoctenus_zonifer",0,0,0,0,0,0,0,0.627224638573675
"Malacoctenus_ebisui",0,0,0,0,0,0,0,0.859673262554933
"Malacoctenus_triangulatus",0,0,0,0,0,0,0,0.694612257479887
"Labrisomus_multiporosus",0,0,0,0,0,0,0,0.178567597227802
"Labrisomus_xanti",0,0,0,0,0,0,0,0.182315399691488
"Labrisomus_nuchipinnis",0,0,0,0,0,0,0,0.123147767177517
"Dialommus_macrocephalus",0,0,0,0,0,0,0,0.382834147207778
"Auchenionchus_crinitus",0,0,0,0,0,0,0,0.157650719265732
"Xenopoclinus_leprosus",0,0,0,0,0,0,0,0
"Ophiclinops_pardalis",0,0,0,0,0,0,0,0
"Fucomimus_mus",0,0,0,0,0,0,0,0
"Heteroclinus_whiteleggii",31.5437065946872,41375327.0582055,0.699174843389713,0.693134622080589,0.202498296406294,0,0,0
"Heteroclinus_puellarum",0,0,0,0,0,0,0,0
"Heteroclinus_marmoratus",0,0,0,0,0,0,0,0
"Clinus_woodi",0,0,0,0,0,0,0,0
"Clinus_brevicristatus",0,0,0,0,0,0,0,0
"Clinus_superciliosus",0,0,0,0,0,0,0,0
"Clinus_cottoides",0,0,0,0,0,0,0,0
"Cancelloxus_elongatus",0,0,0,0,0,0,0,0
"Clinus_agilis",0,0,0,0,0,0,0,0
"Cristiceps_australis",0,0,0,0,0,0,0,0
"Heteroclinus_wilsoni",7.43714754970439,24899366.4627257,0.0898804144151464,0.154333347115612,0.0317091472800991,0,0,0
"Heteroclinus_heptaeolus",0,0,0,0,0,0,0,0
"Ophiclinus_gracilis",20.3683174060804,41346840.5681757,0.367015138750229,0.503424694220549,0.122403633594678,0,0,0
"Myxodes_viridis",0,0,0,0,0,0,0,0
"Scartichthys_variolatus",0,0,0,0,0,0,0,0
"Salariopsis_economidisi",0,0,0,0,0,0,0,0
"Salariopsis_fluviatilis",0,0,0,0,0,0,0,0
"Parahypsos_piersoni",0,0,0,0,0,0,0,0
"Lupinoblennius_vinctus",0,0,0,0,0,0,0,0
"Lupinoblennius_nicholsi",0,0,0,0,0,0,0,0
"Lupinoblennius_paivai",0,0,0,0,0,0,0,0
"Laiphognathus_multimaculatus",0,0,0,0,0,0,0,0
"Aspidontus_taeniatus",0,0,0,0,0,0,0,0
"Omobranchus_woodi",0,0,0,0,0,0,0,0
"Omobranchus_elongatus",0,0,0,0,0,0,0,0
"Parablennius_postoculomaculatus",0,0,0,0,0,0,0,0
"Hypleurochilus_langi",0,0,0,0,0,0,0,0
"Hypleurochilus_fissicornis",0,0,0,0,0,0,0,0
"Hypleurochilus_aequipinnis",0,0,0,0,0,0,0,0
"Parablennius_tasmanianus",0,0,0,0,0,0,0,0
"Parablennius_pilicornis",0,0,0,0,0,0,0,0
"Parablennius_tentacularis",0,0,0,0,0,0,0,0
"Hypsoblennius_striatus",0,0,0,0,0,0,0,0
"Hypsoblennius_sordidus",0,0,0,0,0,0,0,0
"Hypsoblennius_caulopus",0,0,0,0,0,0,0,0
"Hypsoblennius_brevipinnis",0,0,0,0,0,0,0,0
"Scartella_cristata",0,0,0,0,0,0,0,0
"Salaria_pavo",0,0,0,0,0,0,0,0
"Coryphoblennius_galerita",0,0,0,0,0,0,0,0
"Petroscirtes_fallax",0,0,0,0,0,0,0,0
"Petroscirtes_mitratus",0,0,0,0,0,0,0,0
"Meiacanthus_grammistes",0,0,0,0,0,0,0,0
"Plagiotremus_azaleus",0,0,0,0,0,0,0,0
"Plagiotremus_tapeinosoma",0,0,0,0,0,0,0,0
"Omobranchus_anolius",0,0,0,0,0,0,0,0
"Ecsenius_yaeyamaensis",0,0,0,0,0,0,0,0
"Ecsenius_tigris",0,0,0,0,0,0,0,0
"Istiblennius_meleagris",0,0,0,0,0,0,0,0
"Istiblennius_dussumieri",0,0,0,0,0,0,0,0
"Istiblennius_edentulus",0,0,0,0,0,0,0,0
"Entomacrodus_vomerinus",0,0,0,0,0,0,0,0
"Entomacrodus_vermiculatus",0,0,0,0,0,0,0,0
"Entomacrodus_chiostictus",0,0,0,0,0,0,0,0
"Entomacrodus_striatus",0,0,0,0,0,0,0,0
"Entomacrodus_nigricans",0,0,0,0,0,0,0,0
"Salarias_patzneri",0,0,0,0,0,0,0,0
"Salarias_fasciatus",0,0,0,0,0,0,0,0
"Cirripectes_stigmaticus",0,0,0,0,0,0,0,0
"Ophioblennius_steindachneri",0,0,0,0,0,0,0,0
"Ophioblennius_atlanticus",0,0,0,0,0,0,0,0
"Trinorfolkia_clarkei",0,0,0,0,0,0,0,0
"Lepidoblennius_haplodactylus",0,0,0,0,0,0,0,0
"Helcogrammoides_cunninghami",0,0,0,0,0,0,0,0
"Ceratobregma_helenae",0,0,0,0,0,0,0,0
"Brachynectes_fasciatus",0,0,0,0,0,0,0,0
"Enneapterygius_atrogulare",0,0,0,0,0,0,0,0
"Helcogramma_rharhabe",0,0,0,0,0,0,0,0
"Helcogramma_decurrens",0,0,0,0,0,0,0,0
"Forsterygion_varium",0,0,0,0,0,0,0,0
"Forsterygion_gymnotum",0,0,0,0,0,0,0,0
"Cremnochorites_capensis",0,0,0,0,0,0,0,0
"Enneanectes_reticulatus",0,0,0,0,0,0,0,0
"Axoclinus_lucillae",0,0,0,0,0,0,0,0
"Enneanectes_carminalis",0,0,0,0,0,0,0,0
"Pherallodiscus_funebris",10.3342914134187,415609.7028294,0.634001448084369,0.500784966547636,0.148497222737834,0,0,0
"Parvicrepis_parvipinnis",0,0,0,0,0,0,0,0
"Creocele_cardinalis",0,0,0,0,0,0,0,0
"Chorisochismus_dentex",0,0,0,0,0,0,0,0
"Aspasmogaster_tasmaniensis",0,0,0,0,0,0,0,0
"Arcos_nudus",0,0,0,0,0,0,0,0
"Arcos_rhodospilus",0,0,0,0,0,0,0,0
"Alabes_dorsalis",0,0,0,0,0,0,0,0
"Acyrtops_beryllinus",0,0,0,0,0,0,0,0
"Gobiesox_strumosus",0,0,0,0,0,0,0,0
"Gobiesox_potamius",15.5656169499787,965569.807070658,0.614983285338663,0.567503726868398,0.145248011589106,0,0,0
"Gobiesox_mexicanus",14.0665857228711,791008.331059712,0.619824905516247,0.550122274587746,0.145807294782433,0,0,0
"Gobiesox_juniperoserrai",0,0,0,0,0,0,0,0
"Gobiesox_fluviatilis",12.5959725328914,637056.848541876,0.625159574324761,0.531512387292283,0.146300522214343,0,0,0
"Gobiesox_crassicorpus",14.5837195171083,868869.121976813,0.61857267134439,0.555707061638338,0.144908228949787,0,0,0
"Gobiesox_barbatulus",0,0,0,0,0,0,0,0
"Gobiesox_adustus",0,0,0,0,0,0,0,0
"Gobiesox_pinniger",9.958134322924,461477.944310121,0.418715624009899,0.317065695223386,0.0458719613691873,0,0,0
"Tomicodon_prodomus",0,0,0,0,0,0,0,0
"Tomicodon_petersii",0,0,0,0,0,0,0,0
"Tomicodon_fasciatus",0,0,0,0,0,0,0,0
"Tomicodon_boehlkei",0,0,0,0,0,0,0,0
"Tomicodon_abuelorum",0,0,0,0,0,0,0,0
"Tomicodon_humeralis",0,0,0,0,0,0,0,0
"Diademichthys_lineatus",0,0,0,0,0,0,0,0
"Gobiesox_marmoratus",0,0,0,0,0,0,0,0
"Opistognathus_mexicanus",0,0,0,0,0,0,0,0.297765011714908
"Lonchopisthus_lemur",0,0,0,0,0,0,0,0.376111475521571
"Lonchopisthus_higmani",0,0,0,0,0,0,0,0.261303898427711
"Gramma_brasiliensis",0,0,0,0,0,0,0,0.4863702557148
"Pseudochromis_cyanotaenia",0,0,0,0,0,0,0,0
"Pseudoplesiops_typus",0,0,0,0,0,0,0,0
"Pseudoplesiops_rosae",0,0,0,0,0,0,0,0
"Trachinops_caudimaculatus",0,0,0,0,0,0,0,0
"Trachinops_taeniatus",0,0,0,0,0,0,0,0
"Plesiops_verecundus",0,0,0,0,0,0,0,0
"Plesiops_coeruleolineatus",0,0,0,0,0,0,0,0
"Hysterocarpus_traskii",0,0,0,0,0,0,0,0
"Cymatogaster_aggregata",0,0,0,0,0,0,0,0
"Pycnochromis_amboinensis",0,0,0,0,0,0,0,0
"Pycnochromis_retrofasciatus",0,0,0,0,0,0,0,0
"Pomacentrus_tripunctatus",0,0,0,0,0,0,0,0
"Pomacentrus_taeniometopon",0,0,0,0,0,0,0,0
"Pomacentrus_simsiang",0,0,0,0,0,0,0,0
"Pomacentrus_littoralis",0,0,0,0,0,0,0,0
"Pomacentrus_emarginatus",0,0,0,0,0,0,0,0
"Pomacentrus_cuneatus",0,0,0,0,0,0,0,0
"Pomacentrus_bintanensis",0,0,0,0,0,0,0,0
"Pomacentrus_chrysurus",0,0,0,0,0,0,0,0
"Pomacentrus_bankanensis",0,0,0,0,0,0,0,0
"Pomacentrus_philippinus",0,0,0,0,0,0,0,0
"Pomacentrus_nigromanus",0,0,0,0,0,0,0,0
"Pomacentrus_alexanderae",0,0,0,0,0,0,0,0
"Pomacentrus_brachialis",0,0,0,0,0,0,0,0
"Pomacentrus_lepidogenys",0,0,0,0,0,0,0,0
"Pomacentrus_amboinensis",0,0,0,0,0,0,0,0
"Pomacentrus_moluccensis",0,0,0,0,0,0,0,0
"Pomacentrus_burroughi",0,0,0,0,0,0,0,0
"Pomacentrus_coelestis",0,0,0,0,0,0,0,0
"Amphiprion_akallopisos",0,0,0,0,0,0,0,0
"Amphiprion_frenatus",0,0,0,0,0,0,0,0
"Neopomacentrus_anabatoides",0,0,0,0,0,0,0,0
"Neopomacentrus_filamentosus",0,0,0,0,0,0,0,0
"Neopomacentrus_cyanomos",0,0,0,0,0,0,0,0
"Neopomacentrus_taeniurus",0,0,0,0,0,0,0,0
"Neopomacentrus_bankieri",0,0,0,0,0,0,0,0
"Neoglyphidodon_nigroris",0,0,0,0,0,0,0,0
"Acanthochromis_polyacanthus",0,0,0,0,0,0,0,0
"Amblyglyphidodon_leucogaster",0,0,0,0,0,0,0,0
"Amblyglyphidodon_curacao",0,0,0,0,0,0,0,0
"Hemiglyphidodon_plagiometopon",0,0,0,0,0,0,0,0
"Chrysiptera_talboti",0,0,0,0,0,0,0,0
"Chrysiptera_rollandi",0,0,0,0,0,0,0,0
"Chrysiptera_oxycephala",0,0,0,0,0,0,0,0
"Chrysiptera_unimaculata",0,0,0,0,0,0,0,0
"Dischistodus_fasciatus",0,0,0,0,0,0,0,0
"Dischistodus_prosopotaenia",0,0,0,0,0,0,0,0
"Dischistodus_chrysopoecilus",0,0,0,0,0,0,0,0
"Chromis_cinerascens",0,0,0,0,0,0,0,0
"Chromis_xanthura",0,0,0,0,0,0,0,0
"Chromis_atripectoralis",0,0,0,0,0,0,0,0
"Azurina_atrilobata",0,0,0,0,0,0,0,0
"Dascyllus_reticulatus",0,0,0,0,0,0,0,0
"Dascyllus_melanurus",0,0,0,0,0,0,0,0
"Abudefduf_troschelii",0,0,0,0,0,0,0,0
"Abudefduf_saxatilis",0,0,0,0,0,0,0,0
"Abudefduf_vaigiensis",0,0,0,0,0,0,0,0
"Abudefduf_bengalensis",0,0,0,0,0,0,0,0
"Abudefduf_sordidus",0,0,0,0,0,0,0,0
"Abudefduf_concolor",0,0,0,0,0,0,0,0
"Abudefduf_taurus",0,0,0,0,0,0,0,0
"Abudefduf_declivifrons",0,0,0,0,0,0,0,0
"Parma_occidentalis",0,0,0,0,0,0,0,0
"Parma_mccullochi",0,0,0,0,0,0,0,0
"Stegastes_pictus",0,0,0,0,0,0,0,0
"Stegastes_otophorus",0,0,0,0,0,0,0,0
"Stegastes_leucorus",0,0,0,0,0,0,0,0
"Stegastes_lacrymatus",0,0,0,0,0,0,0,0
"Stegastes_arcifrons",0,0,0,0,0,0,0,0
"Stegastes_acapulcoensis",0,0,0,0,0,0,0,0
"Plectroglyphidodon_fasciolatus",0,0,0,0,0,0,0,0
"Plectroglyphidodon_leucozonus",0,0,0,0,0,0,0,0
"Plectroglyphidodon_dickii",0,0,0,0,0,0,0,0
"Microspathodon_dorsalis",0,0,0,0,0,0,0,0
"Microspathodon_bairdii",0,0,0,0,0,0,0,0
"Stegastes_fuscus",0,0,0,0,0,0,0,0
"Stegastes_leucostictus",0,0,0,0,0,0,0,0
"Stegastes_variabilis",0,0,0,0,0,0,0,0
"Stegastes_flavilatus",0,0,0,0,0,0,0,0
"Stegastes_rectifraenum",0,0,0,0,0,0,0,0
"Pseudochromis_fuscus",0,0,0,0,0,0,0,0
"Squalomugil_nasutus",0,0,0,0,0,0,0,0
"Pseudomyxus_capensis",0,0,0,0,0,0,0,0
"Plicomugil_labiosus",0,0,0,0,0,0,0,0
"Planiliza_subviridis",0,0,0,0,0,0,0,0
"Planiliza_planiceps",0,0,0,0,0,0,0,0
"Planiliza_parsia",0,0,0,0,0,0,0,0
"Planiliza_melinoptera",0,0,0,0,0,0,0,0
"Planiliza_macrolepis",0,0,0,0,0,0,0,0
"Planiliza_haematocheilus",0,0,0,0,0,0,0,0
"Planiliza_carinata",0,0,0,0,0,0,0,0
"Planiliza_abu",0,0,0,0,0,0,0,0
"Planiliza_alata",0,0,0,0,0,0,0,0
"Parachelon_grandisquamis",0,0,0,0,0,0,0,0
"Osteomugil_speigleri",0,0,0,0,0,0,0,0
"Osteomugil_cunnesius",0,0,0,0,0,0,0,0
"Osteomugil_robustus",0,0,0,0,0,0,0,0
"Neochelon_falcipinnis",0,0,0,0,0,0,0,0
"Minimugil_cascasia",0,0,0,0,0,0,0,0
"Gracilimugil_argenteus",0,0,0,0,0,0,0,0
"Dajaus_monticola",0,0,0,0,0,0,0,0
"Chelon_tricuspidens",0,0,0,0,0,0,0,0
"Chelon_saliens",0,0,0,0,0,0,0,0
"Chelon_richardsonii",0,0,0,0,0,0,0,0
"Chelon_ramada",0,0,0,0,0,0,0,0
"Chelon_dumerili",0,0,0,0,0,0,0,0
"Chelon_auratus",0,0,0,0,0,0,0,0
"Paramugil_parmatus",0,0,0,0,0,0,0,0
"Chelon_labrosus",0,0,0,0,0,0,0,0
"Oedalechilus_labeo",0,0,0,0,0,0,0,0
"Crenimugil_seheli",0,0,0,0,0,0,0,0
"Crenimugil_heterocheilos",0,0,0,0,0,0,0,0
"Crenimugil_crenilabis",0,0,0,0,0,0,0,0
"Crenimugil_buchanani",0,0,0,0,0,0,0,0
"Rhinomugil_corsula",0,0,0,0,0,0,0,0
"Ellochelon_vaigiensis",0,0,0,0,0,0,0,0
"Aldrichetta_forsteri",0,0,0,0,0,0,0,0
"Agonostomus_telfairii",0,0,0,0,0,0,0,0
"Agonostomus_catalai",0,0,0,0,0,0,0,0
"Joturus_pichardi",0,0,0,0,0,0,0,0
"Cestraeus_plicatilis",0,0,0,0,0,0,0,0
"Cestraeus_goldiei",0,0,0,0,0,0,0,0
"Cestraeus_oxyrhyncus",0,0,0,0,0,0,0,0
"Chaenomugil_proboscideus",0,0,0,0,0,0,0,0
"Myxus_elongatus",0,0,0,0,0,0,0,0
"Mugil_curema",0,0,0,0,0,0,0,0
"Mugil_incilis",0,0,0,0,0,0,0,0
"Mugil_trichodon",0,0,0,0,0,0,0,0
"Mugil_rubrioculus",0,0,0,0,0,0,0,0
"Mugil_hospes",0,0,0,0,0,0,0,0
"Mugil_liza",0,0,0,0,0,0,0,0
"Mugil_cephalus",0,0,0,0,0,0,0,0
"Mugil_bananensis",0,0,0,0,0,0,0,0
"Mugil_capurrii",0,0,0,0,0,0,0,0
"Trachystoma_petardi",0,0,0,0,0,0,0,0
"Tetracentrum_honessi",40.6832952383726,884374171.945317,0.19302848568061,0.906791096749462,0.143921904819102,0,0,0
"Tetracentrum_apogonoides",43.2831363617411,1002531811.69302,0.192132242903496,0.924795479797195,0.143630336660797,0,0,0
"Tetracentrum_caudovittatus",0,0,0,0,0,0,0,0
"Paradoxodacna_piratica",0,0,0,0,0,0,0,0
"Gymnochanda_filamentosa",0,0,0,0,0,0,0,0
"Chanda_nama",0,0,0,0,0,0,0,0
"Ambassis_vachellii",0,0,0,0,0,0,0,0
"Ambassis_natalensis",0,0,0,0,0,0,0,0
"Ambassis_nalua",0,0,0,0,0,0,0,0
"Ambassis_macracanthus",0,0,0,0,0,0,0,0
"Ambassis_kopsii",0,0,0,0,0,0,0,0
"Ambassis_jacksoniensis",0,0,0,0,0,0,0,0
"Ambassis_elongata",0,0,0,0,0,0,0,0
"Ambassis_marianus",0,0,0,0,0,0,0,0
"Ambassis_miops",0,0,0,0,0,0,0,0
"Ambassis_dussumieri",0,0,0,0,0,0,0,0
"Ambassis_gymnocephalus",0,0,0,0,0,0,0,0
"Ambassis_buruensis",0,0,0,0,0,0,0,0
"Ambassis_ambassis",0,0,0,0,0,0,0,0
"Ambassis_interrupta",0,0,0,0,0,0,0,0
"Ambassis_macleayi",0,0,0,0,0,0,0,0
"Ambassis_agrammus",0,0,0,0,0,0,0,0
"Parambassis_vollmeri",0,0,0,0,0,0,0,0
"Parambassis_thomassi",0,0,0,0,0,0,0,0
"Parambassis_tenasserimensis",1.22271954466301,13478931.2726728,0.0186930302568268,0.0618059521648105,0.0113593523122917,0,0,0
"Parambassis_siamensis",0,0,0,0,0,0,0,0
"Parambassis_macrolepis",0,0,0,0,0,0,0,0
"Parambassis_lala",0,0,0,0,0,0,0,0
"Parambassis_gulliveri",0,0,0,0,0,0,0,0
"Parambassis_dayi",0,0,0,0,0,0,0,0
"Parambassis_confinis",1.65557920184478,25480319.2075681,0.0182861262351503,0.0679247033848527,0.0111804170173291,0,0,0
"Parambassis_baculis",0,0,0,0,0,0,0,0
"Parambassis_apogonoides",0,0,0,0,0,0,0,0
"Parambassis_altipinnis",0,0,0,0,0,0,0,0
"Parambassis_wolffii",0,0,0,0,0,0,0,0
"Ambassis_urotaenia",0,0,0,0,0,0,0,0
"Parambassis_ranga",0,0,0,0,0,0,0,0
"Ambassis_agassizii",0,0,0,0,0,0,0,0
"Denariusa_australis",0,0,0,0,0,0,0,0
"Oncopterus_darwinii",0,0,0,0,0,0,0,0.150251426048205
"Tephrinectes_sinensis",0,0,0,0,0,0,0,0
"Phyllichthys_punctatus",0,0,0,0,0,0,0,0
"Leptachirus_klunzingeri",0,0,0,0,0,0,0,0
"Dexillus_muelleri",0,0,0,0,0,0,0,0
"Dagetichthys_marginatus",0,0,0,0,0,0,0,0
"Dagetichthys_lakdoensis",0,0,0,0,0,0,0,0
"Dagetichthys_lusitanicus",0,0,0,0,0,0,0,0
"Brachirus_villosus",0,0,0,0,0,0,0,0
"Brachirus_siamensis",0,0,0,0,0,0,0,0
"Brachirus_selheimi",0,0,0,0,0,0,0,0
"Brachirus_panoides",0,0,0,0,0,0,0,0
"Brachirus_orientalis",0,0,0,0,0,0,0,0
"Brachirus_harmandi",0,0,0,0,0,0,0,0
"Brachirus_niger",0,0,0,0,0,0,0,0
"Achiroides_leucorhynchos",0,0,0,0,0,0,0,0
"Achiroides_melanorhynchus",0,0,0,0,0,0,0,0
"Solea_elongata",0,0,0,0,0,0,0,0
"Pegusa_triophthalma",0,0,0,0,0,0,0,0
"Solea_aegyptiaca",0,0,0,0,0,0,0,0
"Synapturichthys_kleinii",0,0,0,0,0,0,0,0
"Pegusa_lascaris",0,0,0,0,0,0,0,0
"Solea_ovata",0,0,0,0,0,0,0,0
"Pegusa_nasuta",0,0,0,0,0,0,0,0
"Zebrias_zebra",0,0,0,0,0,0,0,0
"Soleichthys_heterorhinos",0,0,0,0,0,0,0,0
"Pardachirus_poropterus",0,0,0,0,0,0,0,0
"Pardachirus_pavoninus",0,0,0,0,0,0,0,0
"Heteromycteris_proboscideus",0,0,0,0,0,0,0,0
"Heteromycteris_capensis",0,0,0,0,0,0,0,0
"Synaptura_salinarum",0,0,0,0,0,0,0,0
"Synaptura_commersonnii",0,0,0,0,0,0,0,0
"Synaptura_cadenati",0,0,0,0,0,0,0,0
"Cynoglossus_waandersii",0,0,0,0,0,0,0,0
"Cynoglossus_trulla",0,0,0,0,0,0,0,0
"Cynoglossus_trigrammus",0,0,0,0,0,0,0,0
"Cynoglossus_semilaevis",0,0,0,0,0,0,0,0
"Cynoglossus_purpureomaculatus",0,0,0,0,0,0,0,0
"Cynoglossus_monopus",0,0,0,0,0,0,0,0
"Cynoglossus_monodi",0,0,0,0,0,0,0,0
"Cynoglossus_microlepis",0,0,0,0,0,0,0,0
"Cynoglossus_macrolepidotus",0,0,0,0,0,0,0,0
"Cynoglossus_kapuasensis",0,0,0,0,0,0,0,0
"Cynoglossus_heterolepis",0,0,0,0,0,0,0,0
"Cynoglossus_gracilis",0,0,0,0,0,0,0,0
"Cynoglossus_feldmanni",0,0,0,0,0,0,0,0
"Cynoglossus_durbanensis",0,0,0,0,0,0,0,0
"Cynoglossus_capensis",0,0,0,0,0,0,0,0
"Cynoglossus_canariensis",0,0,0,0,0,0,0,0
"Cynoglossus_arel",0,0,0,0,0,0,0,0
"Cynoglossus_abbreviatus",0,0,0,0,0,0,0,0
"Cynoglossus_kopsii",0,0,0,0,0,0,0,0
"Cynoglossus_lingua",0,0,0,0,0,0,0,0
"Cynoglossus_puncticeps",0,0,0,0,0,0,0,0
"Cynoglossus_bilineatus",0,0,0,0,0,0,0,0
"Cynoglossus_joyneri",0,0,0,0,0,0,0,0
"Cynoglossus_lighti",0,0,0,0,0,0,0,0
"Cynoglossus_cynoglossus",0,0,0,0,0,0,0,0
"Cynoglossus_senegalensis",0,0,0,0,0,0,0,0
"Paraplagusia_blochii",0,0,0,0,0,0,0,0
"Paraplagusia_japonica",0,0,0,0,0,0,0,0
"Paraplagusia_bilineata",0,0,0,0,0,0,0,0
"Aseraggodes_corymbus",0,0,0,0,0,0,0,0
"Pnictes_asphyxiatus",0,0,0,0,0,0,0,0
"Apionichthys_seripierriae",0,0,0,0,0,0,0,0
"Apionichthys_sauli",0,0,0,0,0,0,0,0
"Apionichthys_rosai",0,0,0,0,0,0,0,0
"Apionichthys_nattereri",0,0,0,0,0,0,0,0
"Apionichthys_menezesi",0,0,0,0,0,0,0,0
"Apionichthys_dumerili",0,0,0,0,0,0,0,0
"Apionichthys_finis",0,0,0,0,0,0,0,0
"Trinectes_microphthalmus",0,0,0,0,0,0,0,0
"Trinectes_fonsecensis",0,0,0,0,0,0,0,0
"Trinectes_fluviatilis",38.8131127083678,4156930681.24362,0.101107426819757,1.10493893552822,0.101392334252246,0,0,0
"Trinectes_maculatus",0,0,0,0,0,0,0,0
"Trinectes_paulistanus",0,0,0,0,0,0,0,0
"Catathyridium_lorentzii",18.2111054107358,1952691651.00172,0.042573302736872,0.519497612073129,0.0543610360638537,0,0,0
"Catathyridium_jenynsii",0,0,0,0,0,0,0,0
"Catathyridium_garmani",0,0,0,0,0,0,0,0
"Achirus_scutum",0,0,0,0,0,0,0,0
"Achirus_novoae",3.41451927259358,0,0.108774709968289,0.476013846107443,0.120445686272816,0,0,0
"Achirus_mucuri",0,0,0,0,0,0,0,0
"Achirus_mazatlanus",0,0,0,0,0,0,0,0
"Achirus_klunzingeri",0,0,0,0,0,0,0,0
"Achirus_achirus",0,0,0,0,0,0,0,0
"Achirus_declivis",0,0,0,0,0,0,0,0
"Hypoclinemus_mentalis",0,0,0,0,0,0,0,0
"Achirus_lineatus",0,0,0,0,0,0,0,0
"Gymnachirus_nudus",0,0,0,0,0,0,0,0
"Monolene_megalepis",0,0,0,0,0,0,0,0
"Engyophrys_senta",0,0,0,0,0,0,0,0
"Bothus_myriaster",0,0,0,0,0,0,0,0
"Bothus_constellatus",0,0,0,0,0,0,0,0
"Bothus_pantherinus",0,0,0,0,0,0,0,0
"Bothus_ocellatus",0,0,0,0,0,0,0,0
"Bothus_maculiferus",0,0,0,0,0,0,0,0
"Trichopsetta_caribbaea",0,0,0,0,0,0,0,0
"Syacium_ovale",0,0,0,0,0,0,0,0
"Syacium_latifrons",0,0,0,0,0,0,0,0
"Syacium_micrurum",0,0,0,0,0,0,0,0
"Syacium_maculiferum",0,0,0,0,0,0,0,0
"Syacium_gunteri",0,0,0,0,0,0,0,0
"Syacium_papillosum",0,0,0,0,0,0,0,0
"Cyclopsetta_fimbriata",0,0,0,0,0,0,0,0
"Cyclopsetta_panamensis",0,0,0,0,0,0,0,0
"Cyclopsetta_querna",0,0,0,0,0,0,0,0
"Cyclopsetta_chittendeni",0,0,0,0,0,0,0,0
"Symphurus_williamsi",0,0,0,0,0,0,0,0
"Symphurus_parvus",0,0,0,0,0,0,0,0
"Symphurus_melanurus",0,0,0,0,0,0,0,0
"Symphurus_jenynsi",0,0,0,0,0,0,0,0
"Symphurus_elongatus",0,0,0,0,0,0,0,0
"Symphurus_civitatum",0,0,0,0,0,0,0,0
"Symphurus_chabanaudi",0,0,0,0,0,0,0,0
"Symphurus_caribbeanus",0,0,0,0,0,0,0,0
"Symphurus_callopterus",0,0,0,0,0,0,0,0
"Symphurus_atricauda",0,0,0,0,0,0,0,0
"Symphurus_atramentatus",0,0,0,0,0,0,0,0
"Symphurus_plagiusa",0,0,0,0,0,0,0,0
"Symphurus_plagusia",0,0,0,0,0,0,0,0
"Symphurus_tessellatus",0,0,0,0,0,0,0,0
"Poecilopsetta_inermis",0,0,0,0,0,0,0,0.40119850146365
"Rhombosolea_retiaria",0,0,0,0,0,0,0,0
"Rhombosolea_tapirina",0,0,0,0,0,0,0,0
"Ammotretis_lituratus",0,0,0,0,0,0,0,0
"Ammotretis_rostratus",0,0,0,0,0,0,0,0
"Platichthys_bicoloratus",0,0,0,0,0,0,0,0
"Platichthys_flesus",0,0,0,0,0,0,0,0
"Platichthys_stellatus",0,0,0,0,0,0,0,0
"Liopsetta_pinnifasciata",0,0,0,0,0,0,0,0
"Liopsetta_glacialis",0,0,0,0,0,0,0,0
"Verasper_variegatus",0,0,0,0,0,0,0,0
"Pseudorhombus_quinquocellatus",0,0,0,0,0,0,0,0
"Pseudorhombus_jenynsii",0,0,0,0,0,0,0,0
"Pseudorhombus_cinnamoneus",0,0,0,0,0,0,0,0
"Paralichthys_woolmani",0,0,0,0,0,0,0,0
"Paralichthys_brasiliensis",0,0,0,0,0,0,0,0
"Citharichthys_stampflii",0,0,0,0,0,0,0,0
"Citharichthys_abbotti",0,0,0,0,0,0,0,0
"Citharichthys_gilberti",0,0,0,0,0,0,0,0
"Citharichthys_arenaceus",0,0,0,0,0,0,0,0
"Citharichthys_spilopterus",0,0,0,0,0,0,0,0
"Citharichthys_macrops",0,0,0,0,0,0,0,0
"Etropus_crossotus",0,0,0,0,0,0,0,0
"Citharichthys_stigmaeus",0,0,0,0,0,0,0,0
"Paralichthys_orbignyanus",0,0,0,0,0,0,0,0
"Paralichthys_californicus",0,0,0,0,0,0,0,0
"Paralichthys_adspersus",0,0,0,0,0,0,0,0
"Paralichthys_lethostigma",0,0,0,0,0,0,0,0
"Paralichthys_albigutta",0,0,0,0,0,0,0,0
"Hippoglossina_macrops",0,0,0,0,0,0,0,0
"Hippoglossina_bollmani",0,0,0,0,0,0,0,0
"Pseudorhombus_arsius",0,0,0,0,0,0,0,0
"Ancylopsetta_dendritica",0,0,0,0,0,0,0,0
"Ancylopsetta_cycloidea",0,0,0,0,0,0,0,0
"Xystreurys_rasilis",0,0,0,0,0,0,0,0
"Xystreurys_liolepis",0,0,0,0,0,0,0,0
"Citharus_linguatula",0,0,0,0,0,0,0,0
"Psettodes_belcheri",0,0,0,0,0,0,0,0
"Psettodes_erumei",0,0,0,0,0,0,0,0
"Sphyraena_qenie",0,0,0,0,0,0,0,0
"Sphyraena_afra",0,0,0,0,0,0,0,0
"Sphyraena_acutipinnis",0,0,0,0,0,0,0,0
"Sphyraena_jello",0,0,0,0,0,0,0,0
"Sphyraena_putnamae",0,0,0,0,0,0,0,0
"Sphyraena_barracuda",0,0,0,0,0,0,0,0
"Sphyraena_guachancho",0,0,0,0,0,0,0,0
"Sphyraena_ensis",0,0,0,0,0,0,0,0
"Sphyraena_forsteri",0,0,0,0,0,0,0,0
"Sphyraena_obtusata",0,0,0,0,0,0,0,0
"Sphyraena_pinguis",0,0,0,0,0,0,0,0
"Sphyraena_flavicauda",0,0,0,0,0,0,0,0
"Lactarius_lactarius",0,0,0,0,0,0,0,0
"Centropomus_ensiferus",0,0,0,0,0,0,0,0
"Centropomus_robalito",0,0,0,0,0,0,0,0
"Centropomus_armatus",0,0,0,0,0,0,0,0
"Centropomus_medius",0,0,0,0,0,0,0,0
"Centropomus_pectinatus",0,0,0,0,0,0,0,0
"Centropomus_undecimalis",0,0,0,0,0,0,0,0
"Centropomus_poeyi",0,0,0,0,0,0,0,0
"Centropomus_viridis",0,0,0,0,0,0,0,0
"Centropomus_nigrescens",0,0,0,0,0,0,0,0
"Centropomus_parallelus",0,0,0,0,0,0,0,0
"Centropomus_mexicanus",0,0,0,0,0,0,0,0
"Nematistius_pectoralis",0,0,0,0,0,0,0,0.0165622744563453
"Scyris_indica",0,0,0,0,0,0,0,0
"Platycaranx_malabaricus",0,0,0,0,0,0,0,0
"Paraselene_orstedii",0,0,0,0,0,0,0,0
"Kaiwarinus_equula",0,0,0,0,0,0,0,0
"Ferdauia_ferdau",0,0,0,0,0,0,0,0
"Euprepocaranx_dorsalis",0,0,0,0,0,0,0,0
"Carangichthys_dinema",0,0,0,0,0,0,0,0
"Caranx_crysos",0,0,0,0,0,0,0,0
"Caranx_caballus",0,0,0,0,0,0,0,0
"Caranx_bucculentus",0,0,0,0,0,0,0,0
"Caranx_heberi",0,0,0,0,0,0,0,0
"Caranx_ignobilis",0,0,0,0,0,0,0,0
"Caranx_papuensis",0,0,0,0,0,0,0,0
"Caranx_melampygus",0,0,0,0,0,0,0,0
"Caranx_vinctus",0,0,0,0,0,0,0,0
"Caranx_caninus",0,0,0,0,0,0,0,0
"Caranx_latus",0,0,0,0,0,0,0,0
"Caranx_hippos",0,0,0,0,0,0,0,0
"Caranx_sexfasciatus",0,0,0,0,0,0,0,0
"Gnathanodon_speciosus",0,0,0,0,0,0,0,0
"Megalaspis_cordyla",0,0,0,0,0,0,0,0
"Alepes_djedaba",0,0,0,0,0,0,0,0
"Atule_mate",0,0,0,0,0,0,0,0
"Hemicaranx_bicolor",0,0,0,0,0,0,0,0
"Hemicaranx_amblyrhynchus",0,0,0,0,0,0,0,0
"Hemicaranx_zelotes",0,0,0,0,0,0,0,0
"Hemicaranx_leucurus",0,0,0,0,0,0,0,0
"Chloroscombrus_orqueta",0,0,0,0,0,0,0,0
"Chloroscombrus_chrysurus",0,0,0,0,0,0,0,0
"Selene_dorsalis",0,0,0,0,0,0,0,0
"Selene_peruviana",0,0,0,0,0,0,0,0
"Selene_setapinnis",0,0,0,0,0,0,0,0
"Selene_vomer",0,0,0,0,0,0,0,0
"Selene_brevoortii",0,0,0,0,0,0,0,0
"Alectis_ciliaris",0,0,0,0,0,0,0,0
"Atropus_hedlandensis",0,0,0,0,0,0,0,0
"Atropus_armatus",0,0,0,0,0,0,0,0
"Parastromateus_niger",0,0,0,0,0,0,0,0
"Trachurus_trachurus",0,0,0,0,0,0,0,0
"Trachurus_trecae",0,0,0,0,0,0,0,0
"Trachurus_mediterraneus",0,0,0,0,0,0,0,0
"Caranx_rhonchus",0,0,0,0,0,0,0,0
"Selar_crumenophthalmus",0,0,0,0,0,0,0,0
"Selar_boops",0,0,0,0,0,0,0,0
"Pseudocaranx_dentex",0,0,0,0,0,0,0,0
"Seriola_lalandi",0,0,0,0,0,0,0,0
"Seriola_rivoliana",0,0,0,0,0,0,0,0
"Seriolina_nigrofasciata",0,0,0,0,0,0,0,0
"Elagatis_bipinnulata",0,0,0,0,0,0,0,0
"Trachinotus_maxillosus",0,0,0,0,0,0,0,0
"Trachinotus_marginatus",0,0,0,0,0,0,0,0
"Trachinotus_kennedyi",0,0,0,0,0,0,0,0
"Trachinotus_cayennensis",0,0,0,0,0,0,0,0
"Trachinotus_botla",0,0,0,0,0,0,0,0
"Trachinotus_africanus",0,0,0,0,0,0,0,0
"Trachinotus_goreensis",0,0,0,0,0,0,0,0
"Trachinotus_goodei",0,0,0,0,0,0,0,0
"Trachinotus_rhodopus",0,0,0,0,0,0,0,0
"Trachinotus_blochii",0,0,0,0,0,0,0,0
"Trachinotus_falcatus",0,0,0,0,0,0,0,0
"Trachinotus_paitensis",0,0,0,0,0,0,0,0
"Trachinotus_carolinus",0,0,0,0,0,0,0,0
"Trachinotus_ovatus",0,0,0,0,0,0,0,0
"Trachinotus_teraia",0,0,0,0,0,0,0,0
"Scomberoides_tol",0,0,0,0,0,0,0,0
"Scomberoides_lysan",0,0,0,0,0,0,0,0
"Scomberoides_tala",0,0,0,0,0,0,0,0
"Scomberoides_commersonnianus",0,0,0,0,0,0,0,0
"Oligoplites_refulgens",0,0,0,0,0,0,0,0
"Oligoplites_palometa",0,0,0,0,0,0,0,0
"Oligoplites_saurus",0,0,0,0,0,0,0,0
"Oligoplites_saliens",0,0,0,0,0,0,0,0
"Oligoplites_altus",0,0,0,0,0,0,0,0
"Parona_signata",0,0,0,0,0,0,0,0
"Lichia_amia",0,0,0,0,0,0,0,0
"Remora_brachyptera",0,0,0,0,0,0,0,0.0941440516533214
"Remora_remora",0,0,0,0,0,0,0,0.0410523153807922
"Echeneis_naucrates",0,0,0,0,0,0,0,0.0294129217876616
"Makaira_nigricans",0,0,0,0,0,0,0,0
"Istiophorus_platypterus",0,0,0,0,0,0,0,0
"Kajikia_albida",0,0,0,0,0,0,0,0
"Leptobrama_muelleri",0,0,0,0,0,0,0,0.187960357178419
"Parapolynemus_verekeri",0,0,0,0,0,0,0,0
"Galeoides_decadactylus",0,0,0,0,0,0,0,0
"Polydactylus_quadrifilis",0,0,0,0,0,0,0,0
"Polydactylus_opercularis",0,0,0,0,0,0,0,0
"Polydactylus_oligodon",0,0,0,0,0,0,0,0
"Polydactylus_macrophthalmus",0,0,0,0,0,0,0,0
"Pentanemus_quinquarius",0,0,0,0,0,0,0,0
"Polydactylus_macrochir",0,0,0,0,0,0,0,0
"Polydactylus_sextarius",0,0,0,0,0,0,0,0
"Polynemus_multifilis",0,0,0,0,0,0,0,0
"Polynemus_melanochir",0,0,0,0,0,0,0,0
"Polynemus_hornadayi",0,0,0,0,0,0,0,0
"Polynemus_dubius",0,0,0,0,0,0,0,0
"Polynemus_bidentatus",98.919939468479,15710006226.9554,0.103863545748352,1.11247216992546,0.117648757460668,0,0,0
"Polynemus_paradiseus",0,0,0,0,0,0,0,0
"Polynemus_aquilonaris",0,0,0,0,0,0,0,0
"Eleutheronema_tetradactylum",0,0,0,0,0,0,0,0
"Polydactylus_plebeius",0,0,0,0,0,0,0,0
"Leptomelanosoma_indicum",0,0,0,0,0,0,0,0
"Polydactylus_octonemus",0,0,0,0,0,0,0,0
"Polydactylus_virginicus",0,0,0,0,0,0,0,0
"Polydactylus_approximans",0,0,0,0,0,0,0,0
"Lates_stappersii",0,0,0,0,0,0,0,0
"Lates_mariae",0,0,0,0,0,0,0,0
"Lates_macrophthalmus",66.1668092269852,3039264587702.84,0.0796397495019062,1.66796600509239,0.0689102527259771,0,0,0
"Lates_longispinis",0,0,0,0,0,0,0,0
"Lates_angustifrons",0,0,0,0,0,0,0,0
"Lates_niloticus",0,0,0,0,0,0,0,0
"Lates_microlepis",0,0,0,0,0,0,0,0
"Lates_calcarifer",0,0,0,0,0,0,0,0
"Lates_japonicus",0,0,0,0,0,0,0,0
"Psammoperca_waigiensis",0,0,0,0,0,0,0,0
"Toxotes_microlepis",0,0,0,0,0,0,0,0
"Toxotes_lorentzi",0,0,0,0,0,0,0,0
"Toxotes_kimberleyensis",0,0,0,0,0,0,0,0
"Toxotes_blythii",0,0,0,0,0,0,0,0
"Toxotes_jaculatrix",0,0,0,0,0,0,0,0
"Toxotes_chatareus",0,0,0,0,0,0,0,0
"Betta_tomi",0,0,0,0,0,0,0,0
"Betta_taeniata",0,0,0,0,0,0,0,0
"Betta_stigmosa",0,0,0,0,0,0,0,0
"Betta_spilotogena",0,0,0,0,0,0,0,0
"Betta_pulchra",0,0,0,0,0,0,0,0
"Betta_pinguis",0,0,0,0,0,0,0,0
"Betta_persephone",0,0,0,0,0,0,0,0
"Betta_mandor",0,0,0,0,0,0,0,0
"Betta_livida",0,0,0,0,0,0,0,0
"Betta_krataios",0,0,0,0,0,0,0,0
"Betta_enisae",0,0,0,0,0,0,0,0
"Betta_compuncta",0,0,0,0,0,0,0,0
"Betta_chini",0,0,0,0,0,0,0,0
"Betta_channoides",0,0,0,0,0,0,0,0
"Betta_breviobesa",0,0,0,0,0,0,0,0
"Betta_bellica",0,0,0,0,0,0,0,0
"Betta_aurigans",37.4437211657731,16889740.8079695,0.778832748927215,0.610888666311915,0.248625965641251,0,0,0
"Betta_antoni",0,0,0,0,0,0,0,0
"Betta_akarensis",0,0,0,0,0,0,0,0
"Betta_waseri",0,0,0,0,0,0,0,0
"Betta_pi",0,0,0,0,0,0,0,0
"Betta_hipposideros",0,0,0,0,0,0,0,0
"Betta_anabatoides",0,0,0,0,0,0,0,0
"Betta_pugnax",0,0,0,0,0,0,0,0
"Betta_simplex",0,0,0,0,0,0,0,0
"Betta_picta",0,0,0,0,0,0,0,0
"Betta_edithae",0,0,0,0,0,0,0,0
"Betta_dimidiata",0,0,0,0,0,0,0,0
"Betta_prima",0,0,0,0,0,0,0,0
"Betta_albimarginata",0,0,0,0,0,0,0,0
"Betta_tussyae",0,0,0,0,0,0,0,0
"Betta_brownorum",0,0,0,0,0,0,0,0
"Betta_miniopinna",0,0,0,0,0,0,0,0
"Betta_splendens",0,0,0,0,0,0,0,0
"Betta_imbellis",0,0,0,0,0,0,0,0
"Betta_smaragdina",0,0,0,0,0,0,0,0
"Betta_simorum",0,0,0,0,0,0,0,0
"Betta_unimaculata",0,0,0,0,0,0,0,0
"Betta_patoti",16.5703239404982,9627785.4549863,0.271620418938726,0.261982756599074,0.0946043730003357,0,0,0
"Betta_ocellata",0,0,0,0,0,0,0,0
"Betta_gladiator",0,0,0,0,0,0,0,0
"Betta_macrostoma",0,0,0,0,0,0,0,0
"Parosphromenus_parvulus",0,0,0,0,0,0,0,0
"Parosphromenus_nagyi",0,0,0,0,0,0,0,0
"Parosphromenus_harveyi",0,0,0,0,0,0,0,0
"Parosphromenus_filamentosus",0,0,0,0,0,0,0,0
"Parosphromenus_allani",0,0,0,0,0,0,0,0
"Parosphromenus_deissneri",0,0,0,0,0,0,0,0
"Parosphromenus_paludicola",0,0,0,0,0,0,0,0
"Trichopsis_pumila",0,0,0,0,0,0,0,0
"Trichopsis_schalleri",0,0,0,0,0,0,0,0
"Trichopsis_vittata",0,0,0,0,0,0,0,0
"Macropodus_erythropterus",0,0,0,0,0,0,0,0
"Macropodus_spechti",0,0,0,0,0,0,0,0
"Macropodus_opercularis",0,0,0,0,0,0,0,0
"Pseudosphromenus_cupanus",0,0,0,0,0,0,0,0
"Malpulutta_kretseri",0,0,0,0,0,0,0,0
"Trichogaster_chuna",0,0,0,0,0,0,0,0
"Trichopodus_microlepis",0,0,0,0,0,0,0,0
"Trichopodus_trichopterus",0,0,0,0,0,0,0,0
"Trichopodus_pectoralis",0,0,0,0,0,0,0,0
"Trichopodus_leerii",0,0,0,0,0,0,0,0
"Trichogaster_labiosa",0,0,0,0,0,0,0,0
"Trichogaster_fasciata",0,0,0,0,0,0,0,0
"Trichogaster_lalius",0,0,0,0,0,0,0,0
"Sphaerichthys_vaillanti",31.2424180025646,72659683.5830148,0.978010719050139,0.569081224094431,0.197571189323749,0,0,0
"Sphaerichthys_osphromenoides",0,0,0,0,0,0,0,0
"Luciocephalus_pulcher",0,0,0,0,0,0,0,0
"Ctenops_nobilis",0,0,0,0,0,0,0,0
"Parasphaerichthys_ocellatus",0,0,0,0,0,0,0,0
"Belontia_signata",0,0,0,0,0,0,0,0
"Belontia_hasselti",0,0,0,0,0,0,0,0
"Osphronemus_laticlavius",0,0,0,0,0,0,0,0
"Osphronemus_septemfasciatus",0,0,0,0,0,0,0,0
"Osphronemus_goramy",0,0,0,0,0,0,0,0
"Osphronemus_exodon",0,0,0,0,0,0,0,0
"Ctenopoma_weeksii",0,0,0,0,0,0,0,0
"Ctenopoma_multispine",0,0,0,0,0,0,0,0
"Ctenopoma_maculatum",0,0,0,0,0,0,0,0
"Ctenopoma_houyi",0,0,0,0,0,0,0,0
"Ctenopoma_gabonense",79.5542465299449,4607115496.53518,0.289095703572361,1.71358329966662,0.221984876852939,0,0,0
"Ctenopoma_ashbysmithi",30.937166706493,635908665.525557,0.309813833335997,1.29461614068493,0.237452483017388,0,0,0
"Ctenopoma_ocellatum",0,0,0,0,0,0,0,0
"Ctenopoma_acutirostre",0,0,0,0,0,0,0,0
"Ctenopoma_petherici",0,0,0,0,0,0,0,0
"Ctenopoma_kingsleyae",0,0,0,0,0,0,0,0
"Ctenopoma_nebulosum",0,0,0,0,0,0,0,0
"Microctenopoma_uelense",23.2227469758754,968564514.462122,0.230093326221071,0.522320389261227,0.0609291083423035,0,0,0
"Microctenopoma_pekkolai",0,0,0,0,0,0,0,0
"Microctenopoma_ocellifer",16.6700478637632,486365852.526272,0.235778956882688,0.471930404413794,0.0620740488400055,0,0,0
"Microctenopoma_nigricans",25.4377396414769,1169375867.78093,0.228546043214161,0.536963706019561,0.0606078152983234,0,0,0
"Microctenopoma_milleri",19.1440247359208,650149494.2927,0.233411412794182,0.492349755718635,0.0615690179337941,0,0,0
"Microctenopoma_lineatum",0,0,0,0,0,0,0,0
"Microctenopoma_intermedium",0,0,0,0,0,0,0,0
"Microctenopoma_congicum",0,0,0,0,0,0,0,0
"Microctenopoma_fasciolatum",0,0,0,0,0,0,0,0
"Microctenopoma_ansorgii",0,0,0,0,0,0,0,0
"Microctenopoma_damasi",0,0,0,0,0,0,0,0
"Microctenopoma_nanum",0,0,0,0,0,0,0,0
"Ctenopoma_muriei",0,0,0,0,0,0,0,0
"Ctenopoma_nigropannosum",0,0,0,0,0,0,0,0
"Ctenopoma_pellegrini",0,0,0,0,0,0,0,0
"Sandelia_capensis",0,0,0,0,0,0,0,0
"Sandelia_bainsii",0,0,0,0,0,0,0,0
"Anabas_testudineus",0,0,0,0,0,0,0,0
"Anabas_cobojius",0,0,0,0,0,0,0,0
"Helostoma_temminckii",0,0,0,0,0,0,0,0
"Parachanna_obscura",0,0,0,0,0,0,0,0
"Parachanna_africana",0,0,0,0,0,0,0,0
"Parachanna_insignis",0,0,0,0,0,0,0,0
"Channa_nox",0,0,0,0,0,0,0,0
"Channa_melanoptera",72.646483172948,0,0.875109302508639,2.02625203197035,0.320459063283867,0,0,0
"Channa_harcourtbutleri",0,0,0,0,0,0,0,0
"Channa_cyanospilos",119.256197731743,804101873.253307,0.887279796637197,2.1216644295053,0.322566400333028,0,0,0
"Channa_baramensis",0,0,0,0,0,0,0,0
"Channa_argus",0,0,0,0,0,0,0,0
"Channa_gachua",0,0,0,0,0,0,0,0
"Channa_orientalis",0,0,0,0,0,0,0,0
"Channa_stewartii",0,0,0,0,0,0,0,0
"Channa_barca",211.416144751268,12364016235.7889,0.595146223072463,1.60901440568356,0.135561361077136,0,0,0
"Channa_punctata",0,0,0,0,0,0,0,0
"Channa_panaw",0,0,0,0,0,0,0,0
"Channa_bankanensis",0,0,0,0,0,0,0,0
"Channa_lucius",0,0,0,0,0,0,0,0
"Channa_melasoma",0,0,0,0,0,0,0,0
"Channa_striata",0,0,0,0,0,0,0,0
"Channa_marulioides",0,0,0,0,0,0,0,0
"Channa_marulius",0,0,0,0,0,0,0,0
"Channa_maculata",0,0,0,0,0,0,0,0
"Channa_asiatica",0,0,0,0,0,0,0,0
"Channa_pleurophthalma",0,0,0,0,0,0,0,0
"Channa_micropeltes",0,0,0,0,0,0,0,0
"Channa_diplogramma",120.963027084032,2148447525.74811,0.39621273636856,1.45025251073202,0.151283922708133,0,0,0
"Badis_badis",0,0,0,0,0,0,0,2.11455493859077
"Badis_corycaeus",0,0,0,0,0,0,0,4.68607830849366
"Badis_ruber",0,0,0,0,0,0,0,2.80713499001943
"Dario_dayingensis",0,0,0,0,0,0,0,9.5871317226938
"Dario_dario",0,0,0,0,0,0,0,7.02076289501387
"Dario_hysginon",0,0,0,0,0,0,0,8.05551444492307
"Nandus_nandus",0,0,0,0,0,0,0,0
"Nandus_nebulosus",0,0,0,0,0,0,0,0.593747367393242
"Pristolepis_grootii",0,0,0,0,0,0,0,0
"Pristolepis_fasciata",0,0,0,0,0,0,0,0
"Pristolepis_marginata",0,0,0,0,0,0,0,0
"Nandus_oxyrhynchus",0,0,0,0,0,0,0,1.13287433317453
"Sinobdella_sinensis",0,0,0,0,0,0,0,0
"Macrognathus_taeniagaster",0,0,0,0,0,0,0,0
"Macrognathus_semiocellatus",0,0,0,0,0,0,0,0
"Macrognathus_meklongensis",0,0,0,0,0,0,0,0
"Macrognathus_keithi",0,0,0,0,0,0,0,0
"Macrognathus_guentheri",0,0,0,0,0,0,0,0
"Macrognathus_caudiocellatus",0,0,0,0,0,0,0,0
"Mastacembelus_trispinosus",0,0,0,0,0,0,0,0
"Mastacembelus_traversi",0,0,0,0,0,0,0,0
"Mastacembelus_tinwini",0,0,0,0,0,0,0,0
"Mastacembelus_sexdecimspinus",0,0,0,0,0,0,0,0
"Mastacembelus_seiteri",0,0,0,0,0,0,0,0
"Mastacembelus_sanagali",0,0,0,0,0,0,0,0
"Mastacembelus_robertsi",0,0,0,0,0,0,0,0
"Mastacembelus_praensis",0,0,0,0,0,0,0,0
"Mastacembelus_polli",0,0,0,0,0,0,0,0
"Mastacembelus_paucispinis",0,0,0,0,0,0,0,0
"Mastacembelus_oatesii",0,0,0,0,0,0,0,0
"Mastacembelus_notophthalmus",0,0,0,0,0,0,0,0
"Mastacembelus_niger",0,0,0,0,0,0,0,0
"Mastacembelus_marchei",0,0,0,0,0,0,0,0
"Mastacembelus_loennbergii",0,0,0,0,0,0,0,0
"Mastacembelus_liberiensis",0,0,0,0,0,0,0,0
"Mastacembelus_latens",0,0,0,0,0,0,0,0
"Mastacembelus_greshoffi",0,0,0,0,0,0,0,0
"Mastacembelus_decorsei",0,0,0,0,0,0,0,0
"Mastacembelus_crassus",0,0,0,0,0,0,0,0
"Mastacembelus_catchpolei",0,0,0,0,0,0,0,0
"Mastacembelus_brichardi",0,0,0,0,0,0,0,0
"Mastacembelus_aviceps",0,0,0,0,0,0,0,0
"Mastacembelus_alboguttatus",0,0,0,0,0,0,0,0
"Mastacembelus_zebratus",0,0,0,0,0,0,0,0
"Mastacembelus_plagiostomus",0,0,0,0,0,0,0,0
"Mastacembelus_flavidus",0,0,0,0,0,0,0,0
"Mastacembelus_ellipsifer",0,0,0,0,0,0,0,0
"Mastacembelus_moorii",0,0,0,0,0,0,0,0
"Mastacembelus_ophidium",0,0,0,0,0,0,0,0
"Mastacembelus_cunningtoni",0,0,0,0,0,0,0,0
"Mastacembelus_platysoma",0,0,0,0,0,0,0,0
"Mastacembelus_micropectus",0,0,0,0,0,0,0,0
"Mastacembelus_tanganicae",0,0,0,0,0,0,0,0
"Mastacembelus_albomaculatus",0,0,0,0,0,0,0,0
"Mastacembelus_vanderwaali",0,0,0,0,0,0,0,0
"Mastacembelus_frenatus",0,0,0,0,0,0,0,0
"Mastacembelus_shiranus",0,0,0,0,0,0,0,0
"Mastacembelus_nigromarginatus",0,0,0,0,0,0,0,0
"Mastacembelus_taiaensis",0,0,0,0,0,0,0,0
"Mastacembelus_cryptacanthus",0,0,0,0,0,0,0,0
"Mastacembelus_brachyrhinus",0,0,0,0,0,0,0,0
"Mastacembelus_congicus",0,0,0,0,0,0,0,0
"Macrognathus_aculeatus",0,0,0,0,0,0,0,0
"Macrognathus_aral",0,0,0,0,0,0,0,0
"Macrognathus_siamensis",0,0,0,0,0,0,0,0
"Macrognathus_circumcinctus",0,0,0,0,0,0,0,0
"Macrognathus_maculatus",0,0,0,0,0,0,0,0
"Mastacembelus_erythrotaenia",0,0,0,0,0,0,0,0
"Mastacembelus_unicolor",0,0,0,0,0,0,0,0
"Mastacembelus_mastacembelus",0,0,0,0,0,0,0,0
"Mastacembelus_favus",0,0,0,0,0,0,0,0
"Mastacembelus_armatus",0,0,0,0,0,0,0,0
"Macrognathus_pancalus",0,0,0,0,0,0,0,0
"Macrognathus_zebrinus",0,0,0,0,0,0,0,0
"Chendol_keelini",0,0,0,0,0,0,0,1.50224878239783
"Chendol_lubricus",0,0,0,0,0,0,0,1.44148308791385
"Bihunichthys_monopteroides",0,0,0,0,0,0,0,2.90589953975008
"Chaudhuria_fusipinnis",0,0,0,0,0,0,0,2.5809013853327
"Chaudhuria_caudata",0,0,0,0,0,0,0,2.31204032084666
"Synbranchus_marmoratus",0,0,0,0,0,0,0,0
"Synbranchus_lampreia",0,0,0,0,0,0,0,0
"Synbranchus_madeirae",0,0,0,0,0,0,0,0
"Ophisternon_gutturale",0,0,0,0,0,0,0,0
"Ophisternon_bengalense",0,0,0,0,0,0,0,0
"Ophisternon_aenigmaticum",0,0,0,0,0,0,0,0
"Ophisternon_afrum",0,0,0,0,0,0,0,0
"Macrotrema_caligans",0,0,0,0,0,0,0,0
"Monopterus_indicus",0,0,0,0,0,0,0,0
"Monopterus_cuchia",0,0,0,0,0,0,0,0
"Monopterus_boueti",0,0,0,0,0,0,0,0
"Monopterus_albus",0,0,0,0,0,0,0,0
"Monopterus_fossorius",0,0,0,0,0,0,0,0
"Indostomus_spinosus",0,0,0,0,0,0,0,2.93237758820735
"Indostomus_crocodilus",26.9580442460059,7507699.80138747,0.236005890255016,1.15072624377702,0.459978748895449,0,0,4.16853292671344
"Indostomus_paradoxus",0,0,0,0,0,0,0,3.04289209671548
"Zappa_confluentus",0,0,0,0,0,0,0,0
"Prionobutis_microps",0,0,0,0,0,0,0,0
"Prionobutis_dasyrhynchus",23.2445255221076,107012693.50091,1.19557957253136,1.03073415063899,0.196600138619138,0,0,0
"Pogoneleotris_heterolepis",54.3893773741222,643955052.463295,1.1244161478382,1.34552033850566,0.188224566285797,0,0,0
"Periophthalmodon_septemradiatus",34.8708017271329,144494954.305445,1.13866434683436,1.17790175627691,0.211444952482575,0,0,0
"Periophthalmodon_schlosseri",0,0,0,0,0,0,0,0
"Parapocryptes_serperaster",0,0,0,0,0,0,0,0
"Oxuderces_wirzi",30.3787084385074,104885471.591736,1.14791321181463,1.10163824667538,0.207211163042419,0,0,0
"Oxuderces_dentatus",0,0,0,0,0,0,0,0
"Apocryptodon_madurensis",0,0,0,0,0,0,0,0
"Apocryptes_bato",0,0,0,0,0,0,0,0
"Bunaka_gyrinoides",0,0,0,0,0,0,0,0
"Belobranchus_belobranchus",0,0,0,0,0,0,0,0
"Allomogurnda_papua",0,0,0,0,0,0,0,0
"Allomogurnda_nesolepis",0,0,0,0,0,0,0,0
"Allomogurnda_flavimarginata",0,0,0,0,0,0,0,0
"Allomogurnda_landfordorum",0,0,0,0,0,0,0,0
"Trypauchen_vagina",0,0,0,0,0,0,0,0
"Tasmanogobius_lordi",0,0,0,0,0,0,0,0
"Stigmatogobius_sella",0,0,0,0,0,0,0,0
"Stigmatogobius_pleurostigma",0,0,0,0,0,0,0,0
"Stigmatogobius_sadanundio",0,0,0,0,0,0,0,0
"Silhouettea_insinuans",0,0,0,0,0,0,0,0
"Silhouettea_sibayi",0,0,0,0,0,0,0,0
"Schismatogobius_marmoratus",0,0,0,0,0,0,0,0
"Schismatogobius_fuligimentus",0,0,0,0,0,0,0,0
"Schismatogobius_ampluvinculus",0,0,0,0,0,0,0,0
"Schismatogobius_deraniyagalai",0,0,0,0,0,0,0,0
"Pseudotrypauchen_multiradiatus",0,0,0,0,0,0,0,0
"Porogobius_schlegelii",0,0,0,0,0,0,0,0
"Parrella_lucretiae",0,0,0,0,0,0,0,0
"Parawaous_megacephalus",12.1471468521985,32224152.7086208,0.927561932860395,0.69866395879224,0.200572385074504,0,0,0
"Parasicydium_bandama",0,0,0,0,0,0,0,0
"Parachaeturichthys_polynema",0,0,0,0,0,0,0,0
"Papuligobius_ocellatus",0,0,0,0,0,0,0,0
"Papuligobius_uniporus",6.11698977692143,9826392.55244665,0.705218701588448,0.41941666651915,0.148833406426891,0,0,0
"Ninnigobius_canestrinii",0,0,0,0,0,0,0,0
"Nesogobius_hinsbyi",10.6412997332834,24402154.1722999,0.936529068517659,0.670617103375338,0.202035287857664,0,0,0
"Nematogobius_maindroni",0,0,0,0,0,0,0,0
"Mauligobius_nigri",0,0,0,0,0,0,0,0
"Lophiogobius_ocellicauda",0,0,0.624474602179933,0,0.122072387546722,0,0,0
"Leucopsarion_petersii",0,0,0,0,0,0,0,0
"Hemigobius_hoevenii",0,0,0,0,0,0,0,0
"Hemigobius_mingi",7.22800565261386,14876041.7526477,0.696705191720716,0.461468700609905,0.145608214405005,0,0,0
"Gymnoamblyopus_novaeguineae",0,0,0,0,0,0,0,0
"Gymneleotris_seminuda",0,0,0,0,0,0,0,0
"Gobulus_birdsongi",0,0,0,0,0,0,0,0
"Gobulus_crescentalis",0,0,0,0,0,0,0,0
"Gobiopsis_macrostoma",0,0,0,0,0,0,0,0
"Gobiopsis_pinto",6.32120408993076,12040228.742233,0.713570952961005,0.469831506310916,0.154376368171804,0,0,0
"Gobioides_sagitta",0,0,0,0,0,0,0,0
"Gobioides_peruanus",0,0,0,0,0,0,0,0
"Gobioides_broussonnetii",0,0,0,0,0,0,0,0
"Gobioides_grahamae",0,0,0,0,0,0,0,0
"Evermannia_erici",10.5824627256271,24199710.0805984,0.937014900067741,0.669427606378327,0.201978255943118,0,0,0
"Eugnathogobius_siamensis",0,0,0,0,0,0,0,0
"Eugnathogobius_kabilia",0,0,0,0,0,0,0,0
"Eugnathogobius_microps",4.68490556314042,5616135.15619766,0.629958605237872,0.358093957137465,0.129603581265732,0,0,0
"Dotsugobius_bleekeri",0,0,0,0,0,0,0,0
"Coryogalops_william",0,0,0,0,0,0,0,0
"Chlamydogobius_squamigenus",4.22938598626921,1602486.31041214,0.554165544192838,0.2395568455949,0.108578780592761,0,0,0
"Chlamydogobius_ranunculus",0,0,0,0,0,0,0,0
"Chlamydogobius_micropterus",0,0,0,0,0,0,0,0
"Chlamydogobius_japalpa",4.57444893055034,1875442.34298772,0.550835615536376,0.245019143888696,0.107984858991923,0,0,0
"Chlamydogobius_eremius",0,0,0,0,0,0,0,0
"Chlamydogobius_gloveri",0,0,0,0,0,0,0,0
"Benthophiloides_brauneri",0,0,0,0,0,0,0,0
"Aulopareia_atripinnata",8.10150190923533,17017302.5029375,0.690623617013105,0.461850696074551,0.144828607847374,0,0,0
"Aulopareia_janetae",0,0,0,0,0,0,0,0
"Anatirostrum_profundorum",0,0,0,0,0,0,0,0
"Favonigobius_lateralis",0,0,0,0,0,0,0,0
"Awaous_tajasica",0,0,0,0,0,0,0,0
"Awaous_stamineus",13.3459607487546,36461183.3022633,0.916535639799292,0.669968852305833,0.183481468490443,0,0,0
"Awaous_lateristriga",0,0,0,0,0,0,0,0
"Awaous_grammepomus",0,0,0,0,0,0,0,0
"Awaous_flavus",0,0,0,0,0,0,0,0
"Awaous_commersoni",0,0,0,0,0,0,0,0
"Awaous_acritosus",0,0,0,0,0,0,0,0
"Callogobius_mucosus",14.6779706685888,96465960.3393404,0.886710114725754,0.736735010569734,0.211535424549084,0,0,0
"Callogobius_hasseltii",0,0,0,0,0,0,0,0
"Glossogobius_torrentis",0,0,0,0,0,0,0,0
"Glossogobius_sparsipapillus",0,0,0,0,0,0,0,0
"Glossogobius_robertsi",0,0,0,0,0,0,0,0
"Glossogobius_muscorum",0,0,0,0,0,0,0,0
"Glossogobius_koragensis",0,0,0,0,0,0,0,0
"Glossogobius_kokius",14.5451311357619,131122408.094943,0.868681486600776,0.742544346755787,0.214125071890567,0,0,0
"Glossogobius_hoesei",0,0,0,0,0,0,0,0
"Glossogobius_concavifrons",0,0,0,0,0,0,0,0
"Glossogobius_coatesi",0,0,0,0,0,0,0,0
"Glossogobius_circumspectus",0,0,0,0,0,0,0,0
"Glossogobius_bulmeri",0,0,0,0,0,0,0,0
"Glossogobius_brunnoides",0,0,0,0,0,0,0,0
"Glossogobius_bicirrhosus",0,0,0,0,0,0,0,0
"Glossogobius_bellendenensis",0,0,0,0,0,0,0,0
"Amblygobius_bynoensis",0,0,0,0,0,0,0,0
"Tomiyamichthys_russus",0,0,0,0,0,0,0,0
"Gobius_rubropunctatus",15.9761241121755,30303314.0739925,0.686532000477391,0.903433182490676,0.234039789748564,0,0,0
"Gobius_ophiocephalus",0,0,0,0,0,0,0,0
"Gobius_bontii",14.9050731363,26153246.2282758,0.689988098660541,0.88500018984682,0.235260632564558,0,0,0
"Ponticola_platyrostris",0,0,0,0,0,0,0,0
"Ponticola_constructor",0,0,0,0,0,0,0,0
"Ponticola_rhodioni",0,0,0,0,0,0,0,0
"Ponticola_cyrius",0,0,0,0,0,0,0,0
"Ponticola_kessleri",0,0,0,0,0,0,0,0
"Ponticola_gorlap",0,0,0,0,0,0,0,0
"Ponticola_ratan",0,0,0,0,0,0,0,0
"Babka_gymnotrachelus",0,0,0,0,0,0,0,0
"Mesogobius_batrachocephalus",0,0,0,0,0,0,0,0
"Proterorhinus_semilunaris",0,0,0,0,0,0,0,0
"Proterorhinus_marmoratus",0,0,0,0,0,0,0,0
"Neogobius_melanostomus",0,0,0,0,0,0,0,0
"Neogobius_fluviatilis",0,0,0,0,0,0,0,0
"Neogobius_pallasi",0,0,0,0,0,0,0,0
"Benthophilus_macrocephalus",0,0,0,0,0,0,0,0
"Benthophilus_ctenolepidus",0.558819965905701,1908938.75694619,0.13825896438325,0.114698978797824,0.034553086341621,0,0,0
"Benthophilus_casachicus",0.531049056769349,1705978.95255832,0.138749535860318,0.112985343262207,0.034711960521077,0,0,0
"Benthophilus_baeri",0.549889313531875,1843078.31601246,0.138416576356041,0.114171176361221,0.0346077522726809,0,0,0
"Benthophilus_magistri",0,0,0,0,0,0,0,0
"Benthophilus_granulosus",0,0,0,0,0,0,0,0
"Benthophilus_stellatus",0,0,0,0,0,0,0,0
"Caspiosoma_caspium",0,0,0,0,0,0,0,0
"Gobius_niger",0,0,0,0,0,0,0,0
"Gobius_paganellus",0,0,0,0,0,0,0,0
"Padogobius_nigricans",0,0,0,0,0,0,0,0
"Caffrogobius_nudiceps",0,0,0,0,0,0,0,0
"Caffrogobius_natalensis",0,0,0,0,0,0,0,0
"Caffrogobius_gilchristi",0,0,0,0,0,0,0,0
"Caffrogobius_caffer",0,0,0,0,0,0,0,0
"Caffrogobius_saldanha",0,0,0,0,0,0,0,0
"Padogobius_bonelli",0,0,0,0,0,0,0,0
"Eviota_lachdeberei",0,0,0,0,0,0,0,0
"Priolepis_nuchifasciata",0,0,0,0,0,0,0,0
"Priolepis_dawsoni",0,0,0,0,0,0,0,0
"Priolepis_cincta",0,0,0,0,0,0,0,0
"Elacatinus_figaro",0,0,0,0,0,0,0,0
"Microgobius_miraflorensis",0,0,0,0,0,0,0,0
"Microgobius_meeki",0,0,0,0,0,0,0,0
"Microgobius_gulosus",0,0,0,0,0,0,0,0
"Microgobius_emblematicus",0,0,0,0,0,0,0,0
"Microgobius_curtus",0,0,0,0,0,0,0,0
"Microgobius_crocatus",0,0,0,0,0,0,0,0
"Microgobius_brevispinis",0,0,0,0,0,0,0,0
"Elacatinus_puncticulatus",0,0,0,0,0,0,0,0
"Tigrigobius_digueti",0,0,0,0,0,0,0,0
"Barbulifer_ceuthoecus",0,0,0,0,0,0,0,0
"Aruma_histrio",0,0,0,0,0,0,0,0
"Gobiosoma_yucatanum",2.12909440855292,2029174.68585964,0.439087256549041,0.172263909858682,0.0870745867429352,0,0,0
"Gobiosoma_spilotum",0,0,0,0,0,0,0,0
"Gobiosoma_paradoxum",0,0,0,0,0,0,0,0
"Gobiosoma_nudum",0,0,0,0,0,0,0,0
"Gobiosoma_homochroma",2.85165671233841,3715265.26616348,0.429708981119442,0.188420386860175,0.0857144631640988,0,0,0
"Gobiosoma_hemigymnum",0,0,0,0,0,0,0,0
"Gobiosoma_chiquita",0,0,0,0,0,0,0,0
"Gobiosoma_bosc",0,0,0,0,0,0,0,0
"Bollmannia_umbrosa",0,0,0,0,0,0,0,0
"Acentrogobius_simplex",11.3797375908231,48528967.5933211,0.714080758440115,0.577864069831622,0.174453796331709,0,0,0
"Acentrogobius_pellidebilis",8.85963755860599,28835402.8710353,0.727342525220114,0.535007579787598,0.176827010018124,0,0,0
"Acentrogobius_nebulosus",0,0,0,0,0,0,0,0
"Acentrogobius_masoni",11.401815972767,48915382.3890383,0.71407212084266,0.578077472398114,0.174278299653384,0,0,0
"Acentrogobius_madraspatensis",0,0,0,0,0,0,0,0
"Acentrogobius_cyanomos",0,0,0,0,0,0,0,0
"Acentrogobius_caninus",0,0,0,0,0,0,0,0
"Istigobius_nigroocellatus",0,0,0,0,0,0,0,0
"Istigobius_hoesei",0,0,0,0,0,0,0,0
"Istigobius_ornatus",0,0,0,0,0,0,0,0
"Istigobius_decoratus",0,0,0,0,0,0,0,0
"Arenigobius_bifrenatus",0,0,0,0,0,0,0,0
"Acentrogobius_pflaumii",0,0,0,0,0,0,0,0
"Acentrogobius_viridipunctatus",0,0,0,0,0,0,0,0
"Acentrogobius_chlorostigmatoides",0,0,0,0,0,0,0,0
"Afurcagobius_tamarensis",0,0,0,0,0,0,0,0
"Afurcagobius_suppositus",0,0,0,0,0,0,0,0
"Favonigobius_melanobranchus",0,0,0,0,0,0,0,0
"Favonigobius_reichei",0,0,0,0,0,0,0,0
"Cryptocentrus_tentaculatus",8.72066798040968,47156212.4879413,0.495781747188536,0.484404963885409,0.123114173803827,0,0,0
"Cryptocentrus_octofasciatus",0,0,0,0,0,0,0,0
"Cryptocentrus_fasciatus",0,0,0,0,0,0,0,0
"Cryptocentrus_diproctotaenia",8.72066798040968,47156212.4879413,0.495781747188536,0.484404963885409,0.123114173803827,0,0,0
"Cryptocentrus_callopterus",8.72066798040968,47156212.4879413,0.495781747188536,0.484404963885409,0.123114173803827,0,0,0
"Cryptocentrus_cyanotaenia",0,0,0,0,0,0,0,0
"Cryptocentrus_cinctus",0,0,0,0,0,0,0,0
"Cryptocentrus_leptocephalus",0,0,0,0,0,0,0,0
"Cryptocentrus_strigilliceps",0,0,0,0,0,0,0,0
"Cryptocentrus_albidorsus",0,0,0,0,0,0,0,0
"Mahidolia_mystacina",0,0,0,0,0,0,0,0
"Acentrogobius_janthinopterus",0,0,0,0,0,0,0,0
"Valenciennea_immaculata",0,0,0,0,0,0,0,0
"Valenciennea_muralis",0,0,0,0,0,0,0,0
"Valenciennea_puellaris",0,0,0,0,0,0,0,0
"Exyrias_puntang",0,0,0,0,0,0,0,0
"Amblygobius_albimaculatus",0,0,0,0,0,0,0,0
"Amblygobius_phalaena",0,0,0,0,0,0,0,0
"Glossogobius_celebius",0,0,0,0,0,0,0,0
"Pomatoschistus_montenegrensis",0,0,0,0,0,0,0,0
"Knipowitschia_punctatissima",0,0,0,0,0,0,0,0
"Knipowitschia_mrakovcici",0,0,0,0,0,0,0,0
"Knipowitschia_longecaudata",0,0,0,0,0,0,0,0
"Knipowitschia_panizzae",0,0,0,0,0,0,0,0
"Knipowitschia_caucasica",0,0,0,0,0,0,0,0
"Knipowitschia_thessala",0,0,0,0,0,0,0,0
"Economidichthys_pygmaeus",0,0,0,0,0,0,0,0
"Economidichthys_trichonis",0,0,0,0,0,0,0,0
"Pomatoschistus_microps",0,0,0,0,0,0,0,0
"Coryphopterus_urospilus",0,0,0,0,0,0,0,0
"Coryphopterus_glaucofraenum",0,0,0,0,0,0,0,0
"Coryphopterus_dicrus",0,0,0,0,0,0,0,0
"Lophogobius_cyprinoides",0,0,0,0,0,0,0,0
"Drombus_triangularis",0,0,0,0,0,0,0,0
"Drombus_key",0,0,0,0,0,0,0,0
"Drombus_globiceps",4.55034177118967,6610788.38468225,0.694011898607909,0.368917688728867,0.150849664806899,0,0,0
"Ctenogobiops_pomastictus",0,0,0,0,0,0,0,0
"Ctenogobiops_aurocingulus",0,0,0,0,0,0,0,0
"Croilia_mossambica",0,0,0,0,0,0,0,0
"Amblyeleotris_latifasciata",0,0,0,0,0,0,0,0
"Amblyeleotris_downingi",0,0,0,0,0,0,0,0
"Amblyeleotris_diagonalis",0,0,0,0,0,0,0,0
"Amblyeleotris_periophthalma",0,0,0,0,0,0,0,0
"Amblyeleotris_gymnocephala",0,0,0,0,0,0,0,0
"Asterropteryx_semipunctata",0,0,0,0,0,0,0,0
"Tridentiger_barbatus",0,0,0,0,0,0,0,0
"Gobiopterus_semivestitus",0,0,0,0,0,0,0,0
"Gobiopterus_mindanensis",1.09244790082116,331225.169981838,0.345212757260882,0.088523755687382,0.0796641493511788,0,0,0
"Gobiopterus_macrolepis",0,0,0,0,0,0,0,0
"Gobiopterus_lacustris",0,0,0,0,0,0,0,0
"Gobiopterus_brachypterus",0,0,0,0,0,0,0,0
"Gobiopterus_chuno",0,0,0,0,0,0,0,0
"Bryaninops_loki",0,0,0,0,0,0,0,0
"Bryaninops_amplus",0,0,0,0,0,0,0,0
"Gobiodon_histrio",0,0,0,0,0,0,0,0
"Gobiodon_quinquestrigatus",0,0,0,0,0,0,0,0
"Paragobiodon_modestus",0,0,0,0,0,0,0,0
"Pleurosicya_elongata",0,0,0,0,0,0,0,0
"Eviota_prasina",0,0,0,0,0,0,0,0
"Bathygobius_meggitti",0,0,0,0,0,0,0,0
"Bathygobius_krefftii",0,0,0,0,0,0,0,0
"Bathygobius_casamancus",0,0,0,0,0,0,0,0
"Bathygobius_andrei",0,0,0,0,0,0,0,0
"Bathygobius_soporator",0,0,0,0,0,0,0,0
"Bathygobius_ramosus",0,0,0,0,0,0,0,0
"Bathygobius_mystacium",0,0,0,0,0,0,0,0
"Bathygobius_laddi",0,0,0,0,0,0,0,0
"Bathygobius_fuscus",0,0,0,0,0,0,0,0
"Bathygobius_cocosensis",0,0,0,0,0,0,0,0
"Glossogobius_giuris",0,0,0,0,0,0,0,0
"Glossogobius_aureus",0,0,0,0,0,0,0,0
"Awaous_melanocephalus",0,0,0,0,0,0,0,0
"Glossogobius_callidus",0,0,0,0,0,0,0,0
"Glossogobius_olivaceus",0,0,0,0,0,0,0,0
"Psammogobius_biocellatus",0,0,0,0,0,0,0,0
"Psammogobius_knysnaensis",0,0,0,0,0,0,0,0
"Yongeichthys_criniger",0,0,0,0,0,0,0,0
"Yongeichthys_thomasi",0,0,0,0,0,0,0,0
"Gobitrichinotus_arnoulti",6.10351125789051,15903110.2074072,0.847520563254581,0.542913928491507,0.217274478070451,0,0,1.36515817583897
"Ptereleotris_evides",0,0,0,0,0,0,0,0.231021644921249
"Ptereleotris_microlepis",0,0,0,0,0,0,0,0.259290366501178
"Microdesmus_suttkusi",13.6907193418778,30225171.4803125,0.330422205858498,0.276697616205677,0.0891171890909721,0,0,0.282151682562252
"Microdesmus_retropinnis",0,0,0,0,0,0,0,0.340617103826197
"Microdesmus_dorsipunctatus",11.7065231185988,20653492.8094793,0.33361122151716,0.264080653997058,0.0908217758216923,0,0,0.387869923199715
"Microdesmus_africanus",10.839338860533,17130685.8696875,0.335196934535995,0.258198491581223,0.0917202922292575,0,0,0.456725165779752
"Microdesmus_aethiopicus",0,0,0,0,0,0,0,0.655553815624389
"Microdesmus_longipinnis",0,0,0,0,0,0,0,0.0923786223245634
"Microdesmus_carri",5.57875681066581,4503399.57724398,0.264597607636419,0.175091959437298,0.0748212762798926,0,0,0.728162360322078
"Microdesmus_dipus",9.39564634499084,13994987.9405292,0.289547665436383,0.222178455947914,0.0796590759784366,0,0,0.356300115126301
"Microdesmus_bahianus",8.34041797733656,9056522.50910063,0.340628454174833,0.238783192405021,0.0946688997654658,0,0,0.777270693438393
"Cerdale_floridana",8.78194650503212,13943735.4695004,0.261136601082635,0.188172634985928,0.069767256621036,0,0,0.465887406024036
"Cerdale_ionthas",0,0,0,0,0,0,0,0.593895491755116
"Rhinogobius_yaoshanensis",7.44288318551033,9938879.1799267,0.874831629930581,0.530141034013944,0.174154124266352,0,0,0
"Rhinogobius_vermiculatus",0,0,0,0,0,0,0,0
"Rhinogobius_taenigena",0,0,0,0,0,0,0,0
"Rhinogobius_similis",0,0,0,0,0,0,0,0
"Rhinogobius_philippinus",6.94519957221,7576401.24882772,0.875556886194995,0.522889414115983,0.180059358018408,0,0,0
"Rhinogobius_parvus",6.9938460674604,7704700.03849015,0.875171432425931,0.52389386613221,0.179873463241695,0,0,0
"Rhinogobius_nammaensis",0,0,0,0,0,0,0,0
"Rhinogobius_multimaculatus",0,0,0,0,0,0,0,0
"Rhinogobius_milleri",0,0,0,0,0,0,0,0
"Rhinogobius_mekongianus",0,0,0,0,0,0,0,0
"Rhinogobius_maculicervix",0,0,0,0,0,0,0,0
"Rhinogobius_lineatus",0,0,0,0,0,0,0,0
"Rhinogobius_lindbergi",6.9938460674604,7704700.03849015,0.875171432425931,0.52389386613221,0.179873463241695,0,0,0
"Rhinogobius_lentiginis",0,0,0,0,0,0,0,0
"Rhinogobius_leavelli",0,0,0,0,0,0,0,0
"Rhinogobius_honghensis",0,0,0,0,0,0,0,0
"Rhinogobius_flumineus",0,0,0,0,0,0,0,0
"Rhinogobius_filamentosus",7.97771352310952,10094987.735447,0.866640773266826,0.545621257151354,0.178724326356395,0,0,0
"Rhinogobius_duospilus",0,0,0,0,0,0,0,0
"Rhinogobius_davidi",0,0,0,0,0,0,0,0
"Rhinogobius_cliffordpopei",0,0,0,0,0,0,0,0
"Rhinogobius_chiengmaiensis",0,0,0,0,0,0,0,0
"Rhinogobius_albimaculatus",0,0,0,0,0,0,0,0
"Stiphodon_tuivi",0,0,0,0,0,0,0,0
"Stiphodon_semoni",0,0,0,0,0,0,0,0
"Stiphodon_multisquamus",0,0,0,0,0,0,0,0
"Stiphodon_larson",5.01892103319333,8641834.99370596,0.85405867424235,0.439558344107163,0.162515287703125,0,0,0
"Stiphodon_discotorquatus",4.53860227420654,7091936.12878827,0.861031710499629,0.430168043989959,0.165173417810983,0,0,0
"Stiphodon_birdsong",0,0,0,0,0,0,0,0
"Stiphodon_atropurpureus",0,0,0,0,0,0,0,0
"Stiphodon_allen",5.96383151167972,12161001.0358401,0.842285602105447,0.455716595564237,0.157794910397825,0,0,0
"Sicyopterus_micrurus",0,0,0,0,0,0,0,0
"Sicyopterus_microcephalus",8.51810432622367,25605593.8692433,0.820297863666067,0.503315731237422,0.152571251997825,0,0,0
"Sicyopterus_macrostetholepis",0,0,0,0,0,0,0,0
"Sicyopterus_japonicus",0,0,0,0,0,0,0,0
"Sicyopterus_griseus",0,0,0,0,0,0,0,0
"Sicyopterus_cynocephalus",0,0,0,0,0,0,0,0
"Oxyurichthys_stigmalophius",15.6651803477395,85003986.3963616,0.76139320683873,0.634764146423047,0.157818552882778,0,0,0
"Oxyurichthys_microlepis",0,0,0,0,0,0,0,0
"Oxyurichthys_keiensis",0,0,0,0,0,0,0,0
"Oligolepis_jaarmani",8.75072372115948,22870826.5165805,0.756702539853043,0.507359449440032,0.157248801595499,0,0,0
"Oligolepis_formosanus",6.91922156375041,13914579.6704057,0.769558984942475,0.47049074641595,0.158791330634171,0,0,0
"Stenogobius_yateiensis",6.01270286946239,10787398.7170763,0.669545661382141,0.395793931063484,0.142338039944225,0,0,0
"Stenogobius_squamosus",0,0,0,0,0,0,0,0
"Stenogobius_psilosinionus",0,0,0,0,0,0,0,0
"Stenogobius_ophthalmoporus",0,0,0,0,0,0,0,0
"Stenogobius_mekongensis",0,0,0,0,0,0,0,0
"Stenogobius_marqueti",0,0,0,0,0,0,0,0
"Stenogobius_laterisquamatus",0,0,0,0,0,0,0,0
"Stenogobius_lachneri",0,0,0,0,0,0,0,0
"Stenogobius_kenyae",0,0,0,0,0,0,0,0
"Stenogobius_ingeri",0,0,0,0,0,0,0,0
"Stenogobius_gymnopomus",0,0,0,0,0,0,0,0
"Stenogobius_caudimaculosus",0,0,0,0,0,0,0,0
"Stenogobius_beauforti",0,0,0,0,0,0,0,0
"Sicyopus_zosterophorus",0,0,0,0,0,0,0,0
"Sicyopus_jonklaasi",0,0,0,0,0,0,0,0
"Lentipes_watsoni",0.833037177219008,1199575.89857398,0.0810157681460013,0.0407943307916432,0.0151891327588578,0,0,0
"Lentipes_rubrofasciatus",0.538894894240648,506078.098498846,0.083902115260255,0.0372124217540856,0.0163474940284473,0,0,0
"Lentipes_multiradiatus",0,0,0,0,0,0,0,0
"Lentipes_dimetrodon",0,0,0,0,0,0,0,0
"Lentipes_kaaea",0.751350791170706,977018.027466069,0.0816906665094502,0.0399461615943415,0.015473532789543,0,0,0
"Smilosicyopus_mystax",1.47700332773235,2702964.48888269,0.164287687244433,0.0968491218321153,0.0345557181862576,0,0,0
"Smilosicyopus_bitaeniatus",1.37882571203276,2347592.06153504,0.165169455699752,0.0954269319634514,0.0349709593116743,0,0,0
"Smilosicyopus_chloe",0,0,0,0,0,0,0,0
"Stiphodon_rutilaureus",0,0,0,0,0,0,0,0
"Stiphodon_elegans",0,0,0,0,0,0,0,0
"Sicydium_salvini",2.56086002377554,7045042.91265565,0.261262643353516,0.149235745349755,0.0489089490698646,0,0,0
"Sicydium_multipunctatum",2.86322850518357,8821522.74885443,0.259048236891467,0.154222907285992,0.0485722458144244,0,0,0
"Sicydium_hildebrandi",2.20098370833676,5116588.47241733,0.264166609959087,0.142830773631536,0.0495297457863359,0,0,0
"Sicydium_gymnogaster",2.86322850518357,8821522.74885443,0.259048236891467,0.154222907285992,0.0485722458144244,0,0,0
"Sicydium_bustamantei",0,0,0,0,0,0,0,0
"Sicydium_brevifile",0,0,0,0,0,0,0,0
"Sicydium_altum",0,0,0,0,0,0,0,0
"Sicydium_adelum",0,0,0,0,0,0,0,0
"Sicyopterus_lagocephalus",0,0,0,0,0,0,0,0
"Sicyopterus_marquesensis",0,0,0,0,0,0,0,0
"Sicyopterus_franouxi",2.32643239452227,173102759.408307,0.12162927620771,0.115740794596036,0.0175994505979089,0,0,0
"Sicyopterus_pugnans",0,0,0,0,0,0,0,0
"Sicyopterus_sarasini",0,0,0,0,0,0,0,0
"Sicydium_plumieri",0,0,0,0,0,0,0,0
"Sicydium_crenilabrum",0,0,0,0,0,0,0,0
"Sicydium_punctatum",0,0,0,0,0,0,0,0
"Cotylopus_acutipinnis",0,0,0,0,0,0,0,0
"Awaous_ocellaris",0,0,0,0,0,0,0,0
"Awaous_aeneofuscus",0,0,0,0,0,0,0,0
"Awaous_guamensis",0,0,0,0,0,0,0,0
"Awaous_banana",0,0,0,0,0,0,0,0
"Stenogobius_genivittatus",0,0,0,0,0,0,0,0
"Stenogobius_polyzona",0,0,0,0,0,0,0,0
"Ctenogobius_thoropsis",0,0,0,0,0,0,0,0
"Ctenogobius_szechuanensis",2.69734976057213,3422185.40048144,0.292153788940995,0.151488094525731,0.0254679338786578,0,0,0
"Ctenogobius_shufeldti",0,0,0,0,0,0,0,0
"Ctenogobius_shennongensis",2.19310122570946,2218450.75953498,0.296589981002917,0.142007331250444,0.0257344543821615,0,0,0
"Ctenogobius_pseudofasciatus",0,0,0,0,0,0,0,0
"Ctenogobius_phenacus",0,0,0,0,0,0,0,0
"Ctenogobius_lepturus",0,0,0,0,0,0,0,0
"Ctenogobius_fasciatus",2.19310122570946,2218450.75953498,0.296589981002917,0.142007331250444,0.0257344543821615,0,0,0
"Ctenogobius_claytonii",2.01503128142512,1868325.28434793,0.298484223302649,0.138305898452952,0.0258233371818466,0,0,0
"Ctenogobius_clarki",2.19310122570946,2218450.75953498,0.296589981002917,0.142007331250444,0.0257344543821615,0,0,0
"Ctenogobius_chengtuensis",0,0,0,0,0,0,0,0
"Ctenogobius_cervicosquamus",0,0,0,0,0,0,0,0
"Ctenogobius_boleosoma",0,0,0,0,0,0,0,0
"Ctenogobius_smaragdus",0,0,0,0,0,0,0,0
"Ctenogobius_sagittula",0,0,0,0,0,0,0,0
"Oxyurichthys_ophthalmonema",0,0,0,0,0,0,0,0
"Favonigobius_gymnauchen",0,0,0,0,0,0,0,0
"Gnatholepis_thompsoni",0,0,0,0,0,0,0,0
"Evorthodus_lyricus",0,0,0,0,0,0,0,0
"Gobionellus_stomatus",0,0,0,0,0,0,0,0
"Gobionellus_occidentalis",0,0,0,0,0,0,0,0
"Gobionellus_microdon",0,0,0,0,0,0,0,0
"Gobionellus_oceanicus",0,0,0,0,0,0,0,0
"Gobionellus_daguae",0,0,0,0,0,0,0,0
"Evorthodus_minutus",0,0,0,0,0,0,0,0
"Oligolepis_acutipennis",0,0,0,0,0,0,0,0
"Chaeturichthys_stigmatias",0,0,0,0,0,0,0,0
"Oxyurichthys_papuensis",0,0,0,0,0,0,0,0
"Pseudogobius_poicilosoma",0,0,0,0,0,0,0,0
"Pseudogobius_olorum",0,0,0,0,0,0,0,0
"Pseudogobius_melanosticta",0.00846767529290745,2256.11010280652,0.00154744938611514,0.00060817474551551,0.000292178818203954,0,0,0
"Pseudogobius_avicennia",0,0,0,0,0,0,0,0
"Odontamblyopus_tenuis",0,0,0,0,0,0,0,0
"Odontamblyopus_lacepedii",0,0,0,0,0,0,0,0
"Odontamblyopus_rubicundus",0,0,0,0,0,0,0,0
"Caragobius_urolepis",0,0,0,0,0,0,0,0
"Caragobius_burmanicus",3.32291871208402,10233463.1356731,0.309900170275404,0.21512960939064,0.0695444631660122,0,0,0
"Taenioides_nigrimarginatus",0,0,0,0,0,0,0,0
"Taenioides_mordax",0,0,0,0,0,0,0,0
"Taenioides_jacksoni",0,0,0,0,0,0,0,0
"Taenioides_gracilis",0,0,0,0,0,0,0,0
"Taenioides_esquivel",0,0,0,0,0,0,0,0
"Taenioides_cirratus",0,0,0,0,0,0,0,0
"Taenioides_anguillaris",0,0,0,0,0,0,0,0
"Boleophthalmus_dussumieri",0,0,0,0,0,0,0,0
"Boleophthalmus_caeruleomaculatus",0,0,0,0,0,0,0,0
"Boleophthalmus_boddarti",0,0,0,0,0,0,0,0
"Boleophthalmus_pectinirostris",0,0,0,0,0,0,0,0
"Scartelaos_histophorus",0,0,0,0,0,0,0,0
"Paratrypauchen_microcephalus",0,0,0,0,0,0,0,0
"Pseudapocryptes_elongatus",0,0,0,0,0,0,0,0
"Pseudapocryptes_borneensis",0,0,0,0,0,0,0,0
"Sicyopterus_longifilis",0,0,0,0,0,0,0,0
"Periophthalmus_weberi",0,0,0,0,0,0,0,0
"Periophthalmus_waltoni",0,0,0,0,0,0,0,0
"Periophthalmus_spilotus",0,0,0,0,0,0,0,0
"Periophthalmus_novaeguineaensis",0,0,0,0,0,0,0,0
"Parioglossus_raoi",0,0,0,0,0,0,0,1.29268843083933
"Parioglossus_philippinus",0,0,0,0,0,0,0,1.30410124730578
"Parioglossus_formosus",0,0,0,0,0,0,0,0.899456108982271
"Parioglossus_caeruleolineatus",0,0,0,0,0,0,0,1.89771993527199
"Periophthalmus_modestus",0,0,0,0,0,0,0,0
"Periophthalmus_argentilineatus",0,0,0,0,0,0,0,0
"Periophthalmus_kalolo",0,0,0,0,0,0,0,0
"Periophthalmus_barbarus",0,0,0,0,0,0,0,0
"Mugilogobius_wilsoni",0,0,0,0,0,0,0,0
"Mugilogobius_rambaiae",0,0,0,0,0,0,0,0
"Mugilogobius_platystoma",0,0,0,0,0,0,0,0
"Mugilogobius_platynotus",0,0,0,0,0,0,0,0
"Mugilogobius_notospilus",0,0,0,0,0,0,0,0
"Mugilogobius_myxodermus",0,0,0,0,0,0,0,0
"Mugilogobius_mertoni",0,0,0,0,0,0,0,0
"Mugilogobius_fusculus",0,0,0,0,0,0,0,0
"Mugilogobius_filifer",0,0,0,0,0,0,0,0
"Luciogobius_guttatus",0,0,0,0,0,0,0,0
"Chaenogobius_annularis",0,0,0,0,0,0,0,0
"Gymnogobius_taranetzi",0,0,0,0,0,0,0,0
"Gymnogobius_castaneus",0,0,0,0,0,0,0,0
"Gymnogobius_heptacanthus",0,0,0,0,0,0,0,0
"Gymnogobius_isaza",0,0,0,0,0,0,0,0
"Gymnogobius_urotaenia",0,0,0,0,0,0,0,0
"Gymnogobius_opperiens",0,0,0,0,0,0,0,0
"Gymnogobius_macrognathos",0,0,0,0,0,0,0,0
"Eucyclogobius_newberryi",0,0,0,0,0,0,0,0
"Gillichthys_mirabilis",0,0,0,0,0,0,0,0
"Quietula_guaymasiae",5.62247216591877,26713749.6205115,0.61520373557862,0.390840629399573,0.13270247787426,0,0,0
"Mugilogobius_abei",0,0,0,0,0,0,0,0
"Mugilogobius_chulae",0,0,0,0,0,0,0,0
"Acanthogobius_ommaturus",0,0,0,0,0,0,0,0
"Acanthogobius_luridus",0,0,0,0,0,0,0,0
"Acanthogobius_hasta",0,0,0,0,0,0,0,0
"Acanthogobius_elongatus",16.2771674990257,116949707.894974,0.725255432294096,0.630322507952001,0.158979235226434,0,0,0
"Tridentiger_brevispinis",0,0,0,0,0,0,0,0
"Tridentiger_obscurus",0,0,0,0,0,0,0,0
"Tridentiger_trigonocephalus",0,0,0,0,0,0,0,0
"Tridentiger_bifasciatus",0,0,0,0,0,0,0,0
"Acanthogobius_lactipes",0,0,0,0,0,0,0,0
"Brachygobius_xanthozona",0,0,0,0,0,0,0,0
"Brachygobius_sua",0,0,0,0,0,0,0,0
"Brachygobius_sabanus",1.59998158313269,653960.62351273,0.261090838748455,0.110009032242134,0.0485458382688706,0,0,0
"Brachygobius_nunus",1.50606474164834,575849.678882383,0.262231762945885,0.107866919777989,0.0486470463750268,0,0,0
"Brachygobius_mekongensis",0,0,0,0,0,0,0,0
"Brachygobius_doriae",0,0,0,0,0,0,0,0
"Brachygobius_kabiliensis",0,0,0,0,0,0,0,0
"Brachygobius_xanthomelas",1.25883835568194,393454.273758564,0.265606543885451,0.101754700053675,0.0489741074900799,0,0,0
"Pandaka_silvana",0,0,0,0,0,0,0,0
"Pandaka_rouxi",0,0,0,0,0,0,0,0
"Pandaka_pygmaea",0,0,0,0,0,0,0,0
"Mugilogobius_rivulus",0,0,0,0,0,0,0,0
"Acanthogobius_flavimanus",0,0,0,0,0,0,0,0
"Pseudogobiopsis_oligactis",0,0,0,0,0,0,0,0
"Pseudogobiopsis_tigrellus",0,0,0,0,0,0,0,0
"Redigobius_tambujon",0,0,0,0,0,0,0,0
"Redigobius_nanus",1.93726224990637,1406423.9459742,0.370266491484699,0.156906543693407,0.0732153528068734,0,0,0
"Redigobius_macrostoma",0,0,0,0,0,0,0,0
"Redigobius_isognathus",0,0,0,0,0,0,0,0
"Redigobius_dewaali",0,0,0,0,0,0,0,0
"Redigobius_chrysosoma",0,0,0,0,0,0,0,0
"Redigobius_balteatus",0,0,0,0,0,0,0,0
"Redigobius_bikolanus",0,0,0,0,0,0,0,0
"Redigobius_balteatops",0,0,0,0,0,0,0,0
"Rhinogobius_brunneus",0,0,0,0,0,0,0,0
"Rhinogobius_rubromaculatus",0,0,0,0,0,0,0,0
"Rhinogobius_giurinus",0,0,0,0,0,0,0,0
"Oxyeleotris_wisselensis",0,0,0,0,0,0,0,0
"Oxyeleotris_urophthalmus",71.2299608162411,11756507866.1415,0.460026378643459,1.28797322283493,0.0555069585233685,0,0,0
"Oxyeleotris_stagnicola",21.5173202363734,954558022.0213,0.501953063721153,0.890888767606721,0.0593987924418249,0,0,0
"Oxyeleotris_siamensis",69.2525300492192,11069613655.327,0.460953570357456,1.27695793566819,0.0556112405023014,0,0,0
"Oxyeleotris_paucipora",0,0,0,0,0,0,0,0
"Oxyeleotris_nullipora",0,0,0,0,0,0,0,0
"Oxyeleotris_heterodon",0,0,0,0,0,0,0,0
"Oxyeleotris_herwerdenii",0,0,0,0,0,0,0,0
"Oxyeleotris_fimbriata",0,0,0,0,0,0,0,0
"Oxyeleotris_caeca",0,0,0,0,0,0,0,0
"Oxyeleotris_aruensis",0,0,0,0,0,0,0,0
"Oxyeleotris_lineolata",0,0,0,0,0,0,0,0
"Oxyeleotris_selheimi",0,0,0,0,0,0,0,0
"Oxyeleotris_marmorata",0,0,0,0,0,0,0,0
"Oxyeleotris_urophthalmoides",55.77188720965,7059636231.88566,0.468349944564098,1.19432695092901,0.0562422901333861,0,0,0
"Bostrychus_zonatus",0,0,0,0,0,0,0,0
"Bostrychus_strigogenys",0,0,0,0,0,0,0,0
"Bostrychus_sinensis",0,0,0,0,0,0,0,0
"Bostrychus_africanus",0,0,0,0,0,0,0,0
"Ophiocara_porocephala",0,0,0,0,0,0,0,0
"Ophiocara_macrolepidota",64.2364431926668,1449677784.64363,0.657711448830877,1.32583620913298,0.0818705723180294,0,0,0
"Kribia_uellensis",22.7145032862079,130508380.909321,0.57806329803865,0.711407761938772,0.0608146291055953,0,0,0
"Kribia_leonensis",0,0,0,0,0,0,0,0
"Kribia_nana",0,0,0,0,0,0,0,0
"Kribia_kribensis",0,0,0,0,0,0,0,0
"Butis_humeralis",38.5196936946872,288226307.773385,0.583204896093578,0.865022258602958,0.0583208409484661,0,0,0
"Butis_gymnopomus",47.2156671213738,1234104136.04393,0.594595627979562,0.863251474507012,0.0451692022045692,0,0,0
"Butis_melanostigma",0,0,0,0,0,0,0,0
"Butis_butis",0,0,0,0,0,0,0,0
"Butis_amboinensis",0,0,0,0,0,0,0,0
"Butis_koilomatodon",0,0,0,0,0,0,0,0
"Eleotris_vittata",0,0,0,0,0,0,0,0
"Eleotris_tecta",0,0,0,0,0,0,0,0
"Eleotris_senegalensis",0,0,0,0,0,0,0,0
"Eleotris_perniger",0,0,0,0,0,0,0,0
"Eleotris_mauritiana",0,0,0,0,0,0,0,0
"Eleotris_daganensis",0,0,0,0,0,0,0,0
"Eleotris_aquadulcis",0,0,0,0,0,0,0,0
"Eleotris_annobonensis",41.1541685391039,410792481.792366,0.61310656172009,1.43784471935267,0.0650605780807978,0,0,0
"Eleotris_acanthopomus",0,0,0,0,0,0,0,0
"Erotelis_armiger",0,0,0,0,0,0,0,0
"Erotelis_smaragdus",0,0,0,0,0,0,0,0
"Eleotris_picta",0,0,0,0,0,0,0,0
"Eleotris_pisonis",0,0,0,0,0,0,0,0
"Eleotris_melanosoma",0,0,0,0,0,0,0,0
"Eleotris_fusca",0,0,0,0,0,0,0,0
"Eleotris_amblyopsis",0,0,0,0,0,0,0,0
"Eleotris_oxycephala",0,0,0,0,0,0,0,0
"Gobiomorphus_alpinus",0.75864506942661,377833.372394287,0.0152669187379602,0.0174671573469588,0.00139206693326858,0,0,0
"Gobiomorphus_cotidianus",0,0,0,0,0,0,0,0
"Gobiomorphus_basalis",0,0,0,0,0,0,0,0
"Gobiomorphus_huttoni",0,0,0,0,0,0,0,0
"Gobiomorphus_gobioides",0,0,0,0,0,0,0,0
"Gobiomorphus_breviceps",0,0,0,0,0,0,0,0
"Gobiomorphus_hubbsi",0,0,0,0,0,0,0,0
"Gobiomorphus_coxii",0,0,0,0,0,0,0,0
"Philypnodon_grandiceps",0,0,0,0,0,0,0,0
"Philypnodon_macrostomus",0,0,0,0,0,0,0,0
"Gobiomorphus_australis",0,0,0,0,0,0,0,0
"Gobiomorus_polylepis",100.127617022223,2803282333.13533,0.483488959639203,1.80637966252988,0.0694642784854974,0,0,0
"Gobiomorus_dormitor",0,0,0,0,0,0,0,0
"Hemieleotris_latifasciata",0,0,0,0,0,0,0,0
"Hemieleotris_levis",19.8089876092447,160536272.743701,0.335388668401742,0.70231567518841,0.0446572542194989,0,0,0
"Gobiomorus_maculatus",0,0,0,0,0,0,0,0
"Microphilypnus_macrostoma",15.9178656022746,42596537.832427,0.66745531115261,1.0082774701054,0.0786350545827804,0,0,0
"Microphilypnus_amazonicus",18.0411723050559,55485837.7091639,0.661419794444179,1.04729503271789,0.0779975588466671,0,0,0
"Microphilypnus_ternetzi",15.9178653634841,42596537.1934187,0.667455301139838,1.00827745497981,0.0786350534031438,0,0,0
"Microphilypnus_acangaquara",12.5497921302229,25920511.1416421,0.679193593575991,0.938241851118774,0.0798067473871995,0,0,0
"Dormitator_lophocephalus",27.6457237602165,488928445.620851,0.233446088869226,0.560687682817201,0.0141753403392834,0,0,0
"Dormitator_lebretonis",0,0,0,0,0,0,0,0
"Dormitator_latifrons",0,0,0,0,0,0,0,0
"Dormitator_maculatus",0,0,0,0,0,0,0,0
"Guavina_guavina",0,0,0,0,0,0,0,0
"Hypseleotris_regalis",0,0,0,0,0,0,0,0
"Hypseleotris_notata",0,0,0,0,0,0,0,0
"Hypseleotris_kimberleyensis",0,0,0,0,0,0,0,0
"Hypseleotris_hutchinsi",0,0,0,0,0,0,0,0
"Hypseleotris_guentheri",0,0,0,0,0,0,0,0
"Hypseleotris_ejuncida",0,0,0,0,0,0,0,0
"Hypseleotris_compressocephalus",0,0,0,0,0,0,0,0
"Hypseleotris_barrawayi",0,0,0,0,0,0,0,0
"Hypseleotris_aurea",0,0,0,0,0,0,0,0
"Hypseleotris_compressa",0,0,0,0,0,0,0,0
"Hypseleotris_klunzingeri",0,0,0,0,0,0,0,0
"Hypseleotris_galii",0,0,0,0,0,0,0,0
"Hypseleotris_cyprinoides",0,0,0,0,0,0,0,0
"Hypseleotris_tohizonae",0,0,0,0,0,0,0,0
"Leptophilypnus_guatemalensis",19.5664713674881,65548914.1355667,0.507264622279048,0.641023748101905,0.0529562532955216,0,0,0
"Leptophilypnus_panamensis",0,0,0,0,0,0,0,0
"Leptophilypnus_fluviatilis",0,0,0,0,0,0,0,0
"Mogurnda_wapoga",0,0,0,0,0,0,0,0
"Mogurnda_vitta",0,0,0,0,0,0,0,0
"Mogurnda_variegata",0,0,0,0,0,0,0,0
"Mogurnda_thermophila",0,0,0,0,0,0,0,0
"Mogurnda_spilota",0,0,0,0,0,0,0,0
"Mogurnda_pulchra",0,0,0,0,0,0,0,0
"Mogurnda_orientalis",0,0,0,0,0,0,0,0
"Mogurnda_oligolepis",0,0,0,0,0,0,0,0
"Mogurnda_mosa",0,0,0,0,0,0,0,0
"Mogurnda_malsmithi",0,0,0,0,0,0,0,0
"Mogurnda_maccuneae",0,0,0,0,0,0,0,0
"Mogurnda_lineata",0,0,0,0,0,0,0,0
"Mogurnda_larapintae",0,0,0,0,0,0,0,0
"Mogurnda_kutubuensis",0,0,0,0,0,0,0,0
"Mogurnda_furva",0,0,0,0,0,0,0,0
"Mogurnda_clivicola",0,0,0,0,0,0,0,0
"Mogurnda_cingulata",0,0,0,0,0,0,0,0
"Mogurnda_aurifodinae",0,0,0,0,0,0,0,0
"Mogurnda_adspersa",0,0,0,0,0,0,0,0
"Mogurnda_mogurnda",0,0,0,0,0,0,0,0
"Giuris_margaritaceus",0,0,0,0,0,0,0,0
"Tateurndina_ocellicauda",0,0,0,0,0,0,0,0
"Ratsirakia_legendrei",0,0,0,0,0,0,0,0
"Typhleotris_madagascariensis",0,0,0,0,0,0,0,0.772375815080556
"Terateleotris_aspro",0,0,0,0,0,0,0,0
"Sineleotris_chalmersi",0,0,0,0,0,0,0,0
"Neodontobutis_tonkinensis",23.1025386425801,1067392.12064788,0.660885273314131,0.576116830149715,0.170890873820749,0,0,0
"Neodontobutis_macropectoralis",28.3039620952035,1622175.54762685,0.650973209261043,0.612341287784817,0.168778191376471,0,0,0
"Neodontobutis_aurarmus",0,0,0,0,0,0,0,0
"Neodontobutis_hainanensis",0,0,0,0,0,0,0,0
"Odontobutis_potamophilus",0,0,0,0,0,0,0,0
"Odontobutis_platycephala",0,0,0,0,0,0,0,0
"Odontobutis_obscurus",0,0,0,0,0,0,0,0
"Odontobutis_interruptus",0,0,0,0,0,0,0,0
"Odontobutis_sinensis",0,1419636.97787409,0.363210518260035,0,0.100591711963069,0,0,0
"Odontobutis_yaluensis",0,0,0,0,0,0,0,0
"Odontobutis_haifengensis",0,0,0,0,0,0,0,0
"Perccottus_glenii",0,0,0,0,0,0,0,0
"Rhyacichthys_aspro",0,0,0,0,0,0,0,0.024543115414328
"Micropercops_hotayensis",44.007909566701,7299089.13141377,0.720628179759276,0.936269945755922,0.20665143846634,0,0,0
"Micropercops_swinhonis",34.7882894751074,4499451.79260471,0.73335863926891,0.872168012004504,0.209533300788179,0,0,0
"Micropercops_cinctus",0,0,0,0,0,0,0,0
"Protogobius_attiti",0,0,0,0,0,0,0,0.501266146927535
"Trichonotus_setiger",0,0,0,0,0,0,0,0.248056186428548
"Yarica_hyalosoma",0,0,0,0,0,0,0,0
"Taeniamia_fucata",0,0,0,0,0,0,0,0
"Taeniamia_zosterophora",0,0,0,0,0,0,0,0
"Siphamia_roseigaster",0,0,0,0,0,0,0,0
"Siphamia_jebbi",0,0,0,0,0,0,0,0
"Siphamia_cephalotes",0,0,0,0,0,0,0,0
"Siphamia_corallicola",0,0,0,0,0,0,0,0
"Jaydia_striata",0,0,0,0,0,0,0,0
"Jaydia_melanopus",0,0,0,0,0,0,0,0
"Jaydia_ellioti",0,0,0,0,0,0,0,0
"Jaydia_lineata",0,0,0,0,0,0,0,0
"Fibramia_thermalis",0,0,0,0,0,0,0,0
"Fibramia_amboinensis",0,0,0,0,0,0,0,0
"Fibramia_lateralis",0,0,0,0,0,0,0,0
"Apogon_retrosella",0,0,0,0,0,0,0,0
"Apogon_atricaudus",0,0,0,0,0,0,0,0
"Apogon_americanus",0,0,0,0,0,0,0,0
"Apogon_planifrons",0,0,0,0,0,0,0,0
"Apogon_pacificus",0,0,0,0,0,0,0,0
"Apogon_dovii",0,0,0,0,0,0,0,0
"Apogon_maculatus",0,0,0,0,0,0,0,0
"Apogon_quadrisquamatus",0,0,0,0,0,0,0,0
"Phaeoptyx_pigmentaria",0,0,0,0,0,0,0,0
"Phaeoptyx_xenus",0,0,0,0,0,0,0,0
"Pristiapogon_kallopterus",0,0,0,0,0,0,0,0
"Ostorhinchus_victoriae",0,0,0,0,0,0,0,0
"Ostorhinchus_selas",0,0,0,0,0,0,0,0
"Ostorhinchus_properuptus",0,0,0,0,0,0,0,0
"Ostorhinchus_neotes",0,0,0,0,0,0,0,0
"Ostorhinchus_limenus",0,0,0,0,0,0,0,0
"Ostorhinchus_compressus",0,0,0,0,0,0,0,0
"Ostorhinchus_cavitensis",0,0,0,0,0,0,0,0
"Cheilodipterus_alleni",0,0,0,0,0,0,0,0
"Ostorhinchus_taeniophorus",0,0,0,0,0,0,0,0
"Ostorhinchus_endekataenia",0,0,0,0,0,0,0,0
"Ostorhinchus_cookii",0,0,0,0,0,0,0,0
"Ostorhinchus_nigrofasciatus",0,0,0,0,0,0,0,0
"Ostorhinchus_angustatus",0,0,0,0,0,0,0,0
"Archamia_bleekeri",0,0,0,0,0,0,0,0
"Pristicon_trimaculatus",0,0,0,0,0,0,0,0
"Glossamia_wichmanni",0,0,0,0,0,0,0,0
"Glossamia_trifasciata",0,0,0,0,0,0,0,0
"Glossamia_timika",3.31078050817102,497469.399418711,0.387354154683224,0.082884595729651,0.0338353235058163,0,0,0
"Glossamia_sandei",0,0,0,0,0,0,0,0
"Glossamia_narindica",0,0,0,0,0,0,0,0
"Glossamia_gjellerupi",0,0,0,0,0,0,0,0
"Glossamia_aprion",0,0,0,0,0,0,0,0
"Glossamia_beauforti",0,0,0,0,0,0,0,0
"Zoramia_fragilis",0,0,0,0,0,0,0,0
"Pristiapogon_exostigma",0,0,0,0,0,0,0,0
"Apogon_coccineus",0,0,0,0,0,0,0,0
"Cheilodipterus_quinquelineatus",0,0,0,0,0,0,0,0
"Ostorhinchus_fasciatus",0,0,0,0,0,0,0,0
"Nectamia_fusca",0,0,0,0,0,0,0,0
"Nectamia_bandanensis",0,0,0,0,0,0,0,0
"Sphaeramia_nematoptera",0,0,0,0,0,0,0,0
"Apogonichthyoides_melas",0,0,0,0,0,0,0,0
"Foa_brachygramma",0,0,0,0,0,0,0,0
"Fowleria_variegata",0,0,0,0,0,0,0,0
"Fowleria_isostigma",0,0,0,0,0,0,0,0
"Sphaeramia_orbicularis",0,0,0,0,0,0,0,0
"Pseudamia_hayashii",0,0,0,0,0,0,0,0
"Kurtus_indicus",0,0,0,0,0,0,0,0.792760838401702
"Kurtus_gulliveri",0,0,0,0,0,0,0,0.0735118396983855
"Urocampus_carinirostris",0,0,0,0,0,0,0,0
"Pseudophallus_starksii",0,0,0,0,0,0,0,0
"Pseudophallus_elcapitanensis",0,0,0,0,0,0,0,0
"Pseudophallus_mindii",0,0,0,0,0,0,0,0
"Micrognathus_natans",0,0,0,0,0,0,0,0
"Micrognathus_crinitus",0,0,0,0,0,0,0,0
"Micrognathus_micronotopterus",0,0,0,0,0,0,0,0
"Lophocampus_ocellatus",0,0,0,0,0,0,0,0
"Lophocampus_retzii",0,0,0,0,0,0,0,0
"Leptonotus_blainvilleanus",0,0,0,0,0,0,0,0
"Ichthyocampus_carce",0,0,0,0,0,0,0,0
"Heraldia_nocturna",0,0,0,0,0,0,0,0
"Doryichthys_martensii",0,0,0,0,0,0,0,0
"Doryichthys_heterosoma",0,0,0,0,0,0,0,0
"Doryichthys_deokhatoides",0,0,0,0,0,0,0,0
"Doryichthys_boaja",0,0,0,0,0,0,0,0
"Doryichthys_contiguus",0,0,0,0,0,0,0,0
"Anarchopterus_criniger",0,0,0,0,0,0,0,0
"Cosmocampus_howensis",0,0,0,0,0,0,0,0
"Cosmocampus_brachycephalus",0,0,0,0,0,0,0,0
"Hippocampus_fuscus",0,0,0,0,0,0,0,0
"Hippocampus_capensis",0,0,0,0,0,0,0,0
"Hippocampus_reidi",0,0,0,0,0,0,0,0
"Hippocampus_guttulatus",0,0,0,0,0,0,0,0
"Hippocampus_zosterae",0,0,0,0,0,0,0,0
"Hippocampus_angustus",0,0,0,0,0,0,0,0
"Hippocampus_mohnikei",0,0,0,0,0,0,0,0
"Hippocampus_abdominalis",0,0,0,0,0,0,0,0
"Hippichthys_spicifer",0,0,0,0,0,0,0,0
"Hippichthys_parvicarinatus",0,0,0,0,0,0,0,0
"Hippichthys_heptagonus",0,0,0,0,0,0,0,0
"Hippichthys_penicillus",0,0,0,0,0,0,0,0
"Hippichthys_cyanospilos",0,0,0,0,0,0,0,0
"Enneacampus_ansorgii",0,0,0,0,0,0,0,0
"Enneacampus_kaupi",0,0,0,0,0,0,0,0
"Cosmocampus_albirostris",0,0,0,0,0,0,0,0
"Syngnathus_folletti",0,0,0,0,0,0,0,0
"Syngnathus_floridae",0,0,0,0,0,0,0,0
"Syngnathus_pelagicus",0,0,0,0,0,0,0,0
"Syngnathus_caribbaeus",0,0,0,0,0,0,0,0
"Syngnathus_abaster",0,0,0,0,0,0,0,0
"Syngnathus_scovelli",0,0,0,0,0,0,0,0
"Syngnathus_acus",0,0,0,0,0,0,0,0
"Syngnathus_watermeyeri",0,0,0,0,0,0,0,0
"Syngnathus_californiensis",0,0,0,0,0,0,0,0
"Syngnathus_auliscus",0,0,0,0,0,0,0,0
"Stigmatopora_argus",0,0,0,0,0,0,0,0
"Stigmatopora_nigra",0,0,0,0,0,0,0,0
"Vanacampus_phillipi",0,0,0,0,0,0,0,0
"Vanacampus_poecilolaemus",0,0,0,0,0,0,0,0
"Pugnaso_curtirostris",0,0,0,0,0,0,0,0
"Halicampus_grayi",0,0,0,0,0,0,0,0
"Halicampus_brocki",0,0,0,0,0,0,0,0
"Trachyrhamphus_bicoarctatus",0,0,0,0,0,0,0,0
"Solegnathus_dunckeri",0,0,0,0,0,0,0,0
"Phyllopteryx_taeniolatus",0,0,0,0,0,0,0,0
"Choeroichthys_brachysoma",0,0,0,0,0,0,0,0
"Choeroichthys_smithi",0,0,0,0,0,0,0,0
"Doryrhamphus_excisus",8.80502020582144,64299.9135274442,0,0.326755211194285,0.383405484294976,0,0,0
"Microphis_spinachioides",0,0,0,0,0,0,0,0
"Microphis_mento",0,0,0,0,0,0,0,0
"Microphis_lineatus",0,0,0,0,0,0,0,0
"Microphis_leiaspis",0,0,0,0,0,0,0,0
"Microphis_fluviatilis",0,0,0,0,0,0,0,0
"Microphis_deocata",0,0,0,0,0,0,0,0
"Microphis_cuncalus",0,0,0,0,0,0,0,0
"Microphis_caudocarinatus",0,0,0,0,0,0,0,0
"Microphis_argulus",0,0,0,0,0,0,0,0
"Microphis_brachyurus",0,0,0,0,0,0,0,0
"Microphis_aculeatus",0,0,0,0,0,0,0,0
"Centriscus_scutatus",0,0,0,0,0,0,0,0
"Macroramphosus_scolopax",0,0,0,0,0,0,0,0
"Aeoliscus_strigatus",0,0,0,0,0,0,0,0
"Mulloidichthys_dentatus",0,0,0,0,0,0,0,0
"Parupeneus_trifasciatus",0,0,0,0,0,0,0,0
"Parupeneus_spilurus",0,0,0,0,0,0,0,0
"Pseudupeneus_maculatus",0,0,0,0,0,0,0,0
"Pseudupeneus_grandisquamis",0,0,0,0,0,0,0,0
"Upeneichthys_vlamingii",0,0,0,0,0,0,0,0
"Mulloidichthys_flavolineatus",0,0,0,0,0,0,0,0
"Upeneus_luzonius",0,0,0,0,0,0,0,0
"Upeneus_tragula",0,0,0,0,0,0,0,0
"Upeneus_vittatus",0,0,0,0,0,0,0,0
"Upeneus_sulphureus",0,0,0,0,0,0,0,0
"Repomucenus_olidus",0,0,0,0,0,0,0,0
"Eleutherochir_opercularis",0,0,0,0,0,0,0,0
"Callionymus_octostigmatus",0,0,0,0,0,0,0,0
"Callionymus_marleyi",0,0,0,0,0,0,0,0
"Callionymus_hindsii",0,0,0,0,0,0,0,0
"Callionymus_enneactis",0,0,0,0,0,0,0,0
"Callionymus_bairdi",0,0,0,0,0,0,0,0
"Tonlesapia_tsukawakii",0,0,0,0,0,0,0,0
"Fistularia_corneta",0,0,0,0,0,0,0,0
"Fistularia_commersonii",0,0,0,0,0,0,0,0
"Pegasus_lancifer",0,0,0,0,0,0,0,0.924785905411635
"Dactyloptena_orientalis",0,0,0,0,0,0,0,0
"Dactylopterus_volitans",0,0,0,0,0,0,0,0
"Thyrsitops_lepidopoides",0,0,0,0,0,0,0,0
"Orcynopsis_unicolor",0,0,0,0,0,0,0,0
"Scomberomorus_plurilineatus",0,0,0,0,0,0,0,0
"Scomberomorus_niphonius",0,0,0,0,0,0,0,0
"Scomberomorus_munroi",0,0,0,0,0,0,0,0
"Scomberomorus_sinensis",0,0,0,0,0,0,0,0
"Scomberomorus_maculatus",0,0,0,0,0,0,0,0
"Scomberomorus_brasiliensis",0,0,0,0,0,0,0,0
"Scomberomorus_sierra",0,0,0,0,0,0,0,0
"Scomberomorus_tritor",0,0,0,0,0,0,0,0
"Scomberomorus_cavalla",0,0,0,0,0,0,0,0
"Scomber_australasicus",0,0,0,0,0,0,0,0
"Scomber_japonicus",0,0,0,0,0,0,0,0
"Scomber_colias",0,0,0,0,0,0,0,0
"Rastrelliger_kanagurta",0,0,0,0,0,0,0,0
"Thunnus_albacares",0,0,0,0,0,0,0,0
"Thunnus_obesus",0,0,0,0,0,0,0,0
"Auxis_thazard",0,0,0,0,0,0,0,0
"Euthynnus_alletteratus",0,0,0,0,0,0,0,0
"Sarda_australis",0,0,0,0,0,0,0,0
"Sarda_orientalis",0,0,0,0,0,0,0,0
"Sarda_sarda",0,0,0,0,0,0,0,0
"Acanthocybium_solandri",0,0,0,0,0,0,0,0
"Nomeus_gronovii",0,0,0,0,0,0,0,0
"Cubiceps_whiteleggii",0,0,0,0,0,0,0,0
"Cubiceps_pauciradiatus",0,0,0,0,0,0,0,0
"Peprilus_snyderi",0,0,0,0,0,0,0,0
"Peprilus_medius",0,0,0,0,0,0,0,0
"Pampus_argenteus",0,0,0,0,0,0,0,0
"Peprilus_paru",0,0,0,0,0,0,0,0
"Peprilus_burti",0,0,0,0,0,0,0,0
"Stromateus_brasiliensis",0,0,0,0,0,0,0,0
"Tentoriceps_cristatus",0,0,0,0,0,0,0,0
"Lepturacanthus_savala",0,0,0,0,0,0,0,0
"Trichiurus_lepturus",0,0,0,0,0,0,0,0
"Promethichthys_prometheus",0,0,0,0,0,0,0,0
"Thyrsites_atun",0,0,0,0,0,0,0,0
"Arripis_georgiana",0,0,0,0,0,0,0,0
"Pomatomus_saltatrix",0,0,0,0,0,0,0,0
"Myoxocephalus_thompsonii",0,0,0,0,0,0,0,0
"Myoxocephalus_quadricornis",0,0,0,0,0,0,0,0
"Neocottus_thermalis",30.2757721016663,15685701.5371347,0.139610128390279,1.68421053381745,0.336500616749605,0,0,0
"Neocottus_werestschagini",0,0,0,0,0,0,0,0
"Mesocottus_haitej",0,0,0.27414426641202,0,0.447223554517241,0,0,0
"Alpinocottus_poecilopus",0,0,0,0,0,0,0,0
"Cottus_szanaga",26.4587081392343,8694332.13232174,0.349456054378889,1.64151166913051,0.519067385042078,0,0,0
"Cottus_petiti",0,0,0,0,0,0,0,0
"Cottus_echinatus",0,0,0,0,0,0,0,0
"Cottus_dzungaricus",28.8733731091809,10549566.669986,0.347353180324203,1.68458090987025,0.515013685493771,0,0,0
"Cottus_czerskii",0,0,0.302405685854383,1.83322166468738,0.45865127518644,0,0,0
"Batrachocottus_talievi",18.197990270048,10855143.4679753,0.0273252788675174,0.712513984477474,0.0808021459428139,0,0,0
"Abyssocottus_elochini",6.34172589346866,1849193.21419314,0.0127641218846589,0.417801808234021,0.0461018696281215,0,0,0
"Asprocottus_parmiferus",3.27958180708926,1320336.12328079,0.00594654939563933,0.171246876053235,0.0217650029677356,0,0,0
"Asprocottus_intermedius",3.27958180708926,1320336.12328079,0.00594654939563933,0.171246876053235,0.0217650029677356,0,0,0
"Asprocottus_abyssalis",2.64878489254711,845848.462424883,0.00604052134568329,0.160418301810967,0.0220339249033944,0,0,0
"Asprocottus_herzensteini",1.90766315358838,916208.302415212,0.00313076465046358,0.0885315293290999,0.0115108774067256,0,0,0
"Asprocottus_platycephalus",0,0,0,0,0,0,0,0
"Asprocottus_korjakovi",3.27958140419317,1320335.96107806,0.00594654866510616,0.171246855015573,0.0217650002939066,0,0,0
"Asprocottus_pulcher",3.27958140419317,1320335.96107806,0.00594654866510616,0.171246855015573,0.0217650002939066,0,0,0
"Cottinella_boulengeri",0,0,0,0,0,0,0,0
"Abyssocottus_korotneffi",0,0,0,0,0,0,0,0
"Limnocottus_griseus",1.76199219922094,851361.083883147,0.00149657542298453,0.0685837603824314,0.0061893507650806,0,0,0
"Limnocottus_godlewskii",0,0,0,0,0,0,0,0
"Limnocottus_pallidus",0,0,0,0,0,0,0,0
"Limnocottus_bergianus",0,0,0,0,0,0,0,0
"Abyssocottus_gibbosus",9.56143281052927,4345774.99137856,0.0123587507295553,0.473422123847263,0.044949634289562,0,0,0
"Batrachocottus_nikolskii",19.3844812148645,15550233.8594714,0.0183156226442987,0.633420819611246,0.0653254143902033,0,0,0
"Batrachocottus_multiradiatus",0,0,0,0,0,0,0,0
"Cyphocottus_eurystomus",10.6888957446923,8217287.10774658,0.0137327920973943,0.740579285265475,0.0508358900842683,0,0,0
"Cyphocottus_megalops",0,0,0,0,0,0,0,0
"Cottocomephorus_alexandrae",0,0,0,0,0,0,0,0
"Cottocomephorus_grewingkii",0,0,0,0,0,0,0,0
"Cottocomephorus_inermis",0,0,0,0,0,0,0,0
"Leocottus_kesslerii",0,0,0,0,0,0,0,0
"Procottus_gurwicii",1.81571324355287,807553.807905399,0.00560332543474289,0.153257987443243,0.0229441572500166,0,0,0
"Procottus_gotoi",3.62554976382537,3497134.55121811,0.00533028538004653,0.189057434498369,0.0219234997634967,0,0,0
"Procottus_major",0,0,0,0,0,0,0,0
"Procottus_jeittelesii",0,0,0,0,0,0,0,0
"Paracottus_knerii",0,0,0,0,0,0,0,0
"Comephorus_dybowskii",0,0,0,0,0,0,0,0
"Comephorus_baikalensis",0,0,0,0,0,0,0,0
"Batrachocottus_baicalensis",0,0,0,0,0,0,0,0
"Cottus_confusus",0,0,0,0,0,0,0,0
"Cottus_bendirei",3.84459291762969,534793.83658454,0.0477270048079923,0.184326202766664,0.0549796007182319,0,0,0
"Cottus_extensus",0,0,0,0,0,0,0,0
"Cottus_hypselurus",0,0,0,0,0,0,0,0
"Cottus_bairdii",0,0,0,0,0,0,0,0
"Cottus_caeruleomentum",0,0,0,0,0,0,0,0
"Cottus_rhotheus",0,0,0,0,0,0,0,0
"Cottus_cognatus",0,0,0,0,0,0,0,0
"Cottus_girardi",0,0,0,0,0,0,0,0
"Cottus_chattahoochee",5.97511101024531,130076.958550091,0.077070429166276,0.302245452078557,0.0917568693008039,0,0,0
"Cottus_tallapoosae",5.60106152527189,112390.31853434,0.0774070058055549,0.296468670857956,0.0923173533689634,0,0,0
"Cottus_carolinae",0,0,0,0,0,0,0,0
"Cottus_paulus",0,0,0,0,0,0,0,0
"Cottus_baileyi",0,0,0,0,0,0,0,0
"Cottus_beldingii",0,0,0,0,0,0,0,0
"Cottus_leiopomus",0,0,0,0,0,0,0,0
"Cottus_greenei",0,0,0,0,0,0,0,0
"Cottus_gobio",0,0,0,0,0,0,0,0
"Cottus_sibiricus",0,0,0,0,0,0,0,0
"Cottus_ricei",0,0,0,0,0,0,0,0
"Cottus_asper",0,0,0,0,0,0,0,0
"Cottus_gulosus",0,0,0,0,0,0,0,0
"Cottus_marginatus",0,0,0,0,0,0,0,0
"Cottus_perplexus",0,0,0,0,0,0,0,0
"Cottus_pitensis",0,0,0,0,0,0,0,0
"Cottus_aleuticus",0,0,0,0,0,0,0,0
"Cottus_tenuis",0,0,0,0,0,0,0,0
"Cottus_klamathensis",0,0,0,0,0,0,0,0
"Cottus_asperrimus",0,0,0,0,0,0,0,0
"Cottus_princeps",0,0,0,0,0,0,0,0
"Cottus_amblystomopsis",0,0,0,0,0,0,0,0
"Cottus_nozawae",0,0,0,0,0,0,0,0
"Cottus_hangiongensis",0,0,0,0,0,0,0,0
"Cottus_pollux",0,0,0,0,0,0,0,0
"Cottus_reinii",13.2154233906158,1790991.51785669,0.176983691556184,0.817580066967809,0.206553898360229,0,0,0
"Cottus_kazika",0,0,0,0,0,0,0,0
"Trachidermus_fasciatus",0,0,0,0,0,0,0,0
"Leptocottus_armatus",0,0,0,0,0,0,0,0
"Agonopsis_chiloensis",0,0,0,0,0,0,0,0
"Phucocoetes_latitans",48.0473792489379,448635.700140459,0.387364952490013,1.83043729013385,1.3460864194114,0,0,0
"Maynea_puncta",91.0195527792208,1748218.54475646,0.369943518990037,2.21726996328538,1.2856387248131,0,0,0
"Dadyanos_insignis",78.9232366511238,1294137.73953101,0.373799573823329,2.12427869851834,1.29823737004628,0,0,0
"Crossostomus_fasciatus",0,0,0,0,0,0,0,0
"Argentinolycus_elongatus",0,0,0,0,0,0,0,0
"Iluocoetes_fimbriatus",0,0,0,0,0,0,0,0
"Austrolycus_laticinctus",0,0,0,0,0,0,0,0
"Austrolycus_depressiceps",0,0,0,0,0,0,0,0
"Pholis_nebulosa",0,0,0,0,0,0,0,0
"Pholis_fangi",0,0,0,0,0,0,0,0
"Pungitius_tymensis",0,0,0,0,0,0,0,0
"Pungitius_platygaster",0,0,0,0,0,0,0,0
"Pungitius_hellenicus",0,0,0,0,0,0,0,0
"Pungitius_sinensis",0,0,0,0,0,0,0,0
"Pungitius_pungitius",0,0,0,0,0,0,0,0
"Culaea_inconstans",0,0,0,0,0,0,0,0
"Apeltes_quadracus",0,0,0,0,0,0,0,0
"Gasterosteus_microcephalus",0,0,0,0,0,0,0,0
"Gasterosteus_aculeatus",0,0,0,0,0,0,0,0
"Pterygotrigla_polyommata",372.842485779332,8867894487.12111,0.284036203600069,5.30972917333804,0.536960938504992,0,0,0
"Lepidotrigla_guentheri",0,0,0,0,0,0,0,0
"Lepidotrigla_microptera",0,0,0,0,0,0,0,0
"Chelidonichthys_kumu",0,0,0,0,0,0,0,0
"Chelidonichthys_capensis",0,0,0,0,0,0,0,0
"Bellator_ribeiroi",89.2319632980663,867576753.485716,0.174503982510619,2.80500989457816,0.319584200199828,0,0,0
"Bellator_gymnostethus",0,0,0,0,0,0,0,0
"Prionotus_ruscarius",0,0,0,0,0,0,0,0
"Prionotus_horrens",143.90573544928,3569816968.96276,0.11666513196443,2.84779809165996,0.208369945684865,0,0,0
"Prionotus_beanii",95.2677471342809,1493868745.16212,0.120202310683567,2.50998370957321,0.213699217583682,0,0,0
"Prionotus_punctatus",0,0,0,0,0,0,0,0
"Scorpaenodes_caribbaeus",0,0,0,0,0,0,0,0
"Neomerinthe_beanorum",144.825434441486,994257401.681418,0.374650475137433,2.72982209423884,0.620247257535182,0,0,0
"Sebastes_oculatus",0,0,0,0,0,0,0,0
"Pterois_antennata",0,0,0,0,0,0,0,0
"Pterois_russelii",0,0,0,0,0,0,0,0
"Dendrochirus_brachypterus",0,0,0,0,0,0,0,0
"Scorpaenopsis_oxycephalus",0,0,0,0,0,0,0,0
"Scorpaenopsis_neglecta",0,0,0,0,0,0,0,0
"Scorpaena_papillosa",0,0,0,0,0,0,0,0
"Scorpaena_isthmensis",0,0,0,0,0,0,0,0
"Scorpaena_histrio",0,0,0,0,0,0,0,0
"Scorpaena_grandicornis",0,0,0,0,0,0,0,0
"Scorpaena_brachyptera",33.8037914520682,205561582.563202,0.14515237176786,1.03402173821738,0.197634055123608,0,0,0
"Scorpaenopsis_venosa",0,0,0,0,0,0,0,0
"Scorpaena_scrofa",0,0,0,0,0,0,0,0
"Scorpaena_brasiliensis",0,0,0,0,0,0,0,0
"Scorpaena_mystes",0,0,0,0,0,0,0,0
"Scorpaena_plumieri",0,0,0,0,0,0,0,0
"Scorpaenopsis_macrochir",0,0,0,0,0,0,0,0
"Caracanthus_unipinna",0,0,0,0,0,0,0,0
"Sebastapistes_strongia",0,0,0,0,0,0,0,0
"Scorpaenodes_xyris",0,0,0,0,0,0,0,0
"Leptosynanceia_asteroblepa",151.902097943727,396298907.31349,0.252593053455415,3.85782605885179,0.69099116495595,0,0,0
"Tetraroge_barbata",0,0,0,0,0,0,0,0
"Tetraroge_nigra",45.8629703399474,33152177.2640039,0.129523009088175,1.75026746905605,0.455158081613228,0,0,0
"Neovespicula_depressifrons",62.7392495893041,32709723.2066302,0.211202171341183,2.67155798549841,0.690305250706823,0,0,0
"Centropogon_australis",0,0,0,0,0,0,0,0
"Synanceia_verrucosa",0,0,0,0,0,0,0,0
"Synanceia_horrida",0,0,0,0,0,0,0,0
"Minous_versicolor",0,0,0,0,0,0,0,0
"Erisphex_pottii",0,0,0,0,0,0,0,0.0742298740892054
"Gymnapistes_marmoratus",0,0,0,0,0,0,0,0
"Notesthes_robusta",0,0,0,0,0,0,0,0
"Neosebastes_scorpaenoides",0,0,0,0,0,0,0,0.0299254380902245
"Cociella_punctata",0,0,0,0,0,0,0,0
"Cymbacephalus_nematophthalmus",0,0,0,0,0,0,0,0
"Papilloculiceps_longiceps",0,0,0,0,0,0,0,0
"Sunagocia_otaitensis",0,0,0,0,0,0,0,0
"Onigocia_macrolepis",0,0,0,0,0,0,0,0
"Platycephalus_richardsoni",0,0,0,0,0,0,0,0
"Platycephalus_fuscus",0,0,0,0,0,0,0,0
"Platycephalus_indicus",0,0,0,0,0,0,0,0
"Platycephalus_endrachtensis",0,0,0,0,0,0,0,0
"Platycephalus_speculator",0,0,0,0,0,0,0,0
"Platycephalus_bassensis",0,0,0,0,0,0,0,0
"Normanichthys_crockeri",0,0,0,0,0,0,0,0.288017920309179
"Epinephelus_summana",0,0,0,0,0,0,0,0
"Epinephelus_andersoni",0,0,0,0,0,0,0,0
"Epinephelus_flavocaeruleus",0,0,0,0,0,0,0,0
"Epinephelus_longispinis",0,0,0,0,0,0,0,0
"Epinephelus_chlorostigma",0,0,0,0,0,0,0,0
"Epinephelus_labriformis",0,0,0,0,0,0,0,0
"Epinephelus_analogus",0,0,0,0,0,0,0,0
"Epinephelus_adscensionis",0,0,0,0,0,0,0,0
"Epinephelus_morio",0,0,0,0,0,0,0,0
"Epinephelus_merra",0,0,0,0,0,0,0,0
"Epinephelus_fasciatus",0,0,0,0,0,0,0,0
"Epinephelus_tauvina",0,0,0,0,0,0,0,0
"Epinephelus_itajara",0,0,0,0,0,0,0,0
"Epinephelus_lanceolatus",0,0,0,0,0,0,0,0
"Epinephelus_malabaricus",0,0,0,0,0,0,0,0
"Epinephelus_coioides",0,0,0,0,0,0,0,0
"Epinephelus_bruneus",0,0,0,0,0,0,0,0
"Epinephelus_erythrurus",0,0,0,0,0,0,0,0
"Epinephelus_corallicola",0,0,0,0,0,0,0,0
"Anyperodon_leucogrammicus",0,0,0,0,0,0,0,0
"Epinephelus_aeneus",0,0,0,0,0,0,0,0
"Hyporthodus_niphobles",0,0,0,0,0,0,0,0
"Hyporthodus_niveatus",0,0,0,0,0,0,0,0
"Alphestes_multiguttatus",0,0,0,0,0,0,0,0
"Alphestes_immaculatus",0,0,0,0,0,0,0,0
"Dermatolepis_dermatolepis",0,0,0,0,0,0,0,0
"Mycteroperca_xenarcha",0,0,0,0,0,0,0,0
"Mycteroperca_rosacea",0,0,0,0,0,0,0,0
"Mycteroperca_bonaci",0,0,0,0,0,0,0,0
"Mycteroperca_microlepis",0,0,0,0,0,0,0,0
"Cephalopholis_colonus",0,0,0,0,0,0,0,0
"Cephalopholis_sonnerati",0,0,0,0,0,0,0,0
"Cephalopholis_leopardus",0,0,0,0,0,0,0,0
"Cephalopholis_boenak",0,0,0,0,0,0,0,0
"Cephalopholis_formosa",0,0,0,0,0,0,0,0
"Cephalopholis_nigri",0,0,0,0,0,0,0,0
"Cephalopholis_panamensis",0,0,0,0,0,0,0,0
"Variola_louti",0,0,0,0,0,0,0,0
"Plectropomus_leopardus",0,0,0,0,0,0,0,0
"Rypticus_randalli",0,0,0,0,0,0,0,0.226564467472118
"Rypticus_bistrispinus",0,0,0,0,0,0,0,0.35266155514165
"Rypticus_subbifrenatus",0,0,0,0,0,0,0,0.269080747711926
"Rypticus_nigripinnis",0,0,0,0,0,0,0,0.225583870760236
"Rypticus_saponaceus",0,0,0,0,0,0,0,0.101014311197905
"Rypticus_bicolor",0,0,0,0,0,0,0,0.14099165498981
"Grammistes_sexlineatus",0,0,0,0,0,0,0,0.130251861854303
"Pseudogramma_thaumasia",0,0,0,0,0,0,0,0.80656952878812
"Serranus_huascarii",0,0,0,0,0,0,0,0
"Serranus_flaviventris",0,0,0,0,0,0,0,0
"Diplectrum_macropoma",0,0,0,0,0,0,0,0
"Diplectrum_euryplectrum",0,0,0,0,0,0,0,0
"Diplectrum_conceptione",0,0,0,0,0,0,0,0
"Diplectrum_pacificum",0,0,0,0,0,0,0,0
"Serranus_psittacinus",0,0,0,0,0,0,0,0
"Serranus_baldwini",0,0,0,0,0,0,0,0
"Paralabrax_maculatofasciatus",0,0,0,0,0,0,0,0
"Centropristis_philadelphica",0,0,0,0,0,0,0,0
"Odontanthias_katayamai",186.072554704156,12038115252.3275,0.270601460852901,3.05049355822537,0.257899482419123,0,0,0
"Odontanthias_caudicinctus",133.307321350794,6011828284.84534,0.277322135054529,2.75682808150673,0.263123332028314,0,0,0
"Hemanthias_signifer",0,0,0,0,0,0,0,0
"Meganthias_natalensis",0,0,0,0,0,0,0,0
"Odontanthias_borbonius",0,0,0,0,0,0,0,0
"Harpagifer_bispinis",0,0,0,0,0,0,0,0
"Paranotothenia_magellanica",0,0,0,0,0,0,0,0
"Patagonotothen_jordani",41.047092787809,757030855.490738,0.0266863042409102,0.936483788350738,0.0731539993085146,0,0,0
"Patagonotothen_canina",41.047092787809,757030855.490738,0.0266863042409102,0.936483788350738,0.0731539993085146,0,0,0
"Patagonotothen_brevicauda",0,0,0,0,0,0,0,0
"Patagonotothen_cornucola",0,0,0,0,0,0,0,0
"Patagonotothen_sima",0,0,0,0,0,0,0,0
"Patagonotothen_squamiceps",23.747093915625,514669685.714637,0.0137404094308472,0.513476175760123,0.0385531291029251,0,0,0
"Patagonotothen_ramsayi",0,0,0,0,0,0,0,0
"Eleginops_maclovinus",0,0,0,0,0,0,0,0
"Pseudaphritis_urvillii",0,0,0,0,0,0,0,0
"Bovichtus_chilensis",0,0,0,0,0,0,0,0
"Bovichtus_variegatus",0,0,0,0,0,0,0,0
"Cottoperca_gobio",0,0,0,0,0,0,0,0
"Nothonotus_sanguifluus",0,0,0.312761345304075,0,0.192177261484941,0,0,0
"Nothonotus_aquali",0,0,0,0,0,0,0,0
"Nothonotus_microlepidus",0,0,0,0,0,0,0,0
"Etheostoma_trisella",0,0,0,0,0,0,0,0
"Etheostoma_sellare",0,0,0,0,0,0,0,0
"Etheostoma_gutselli",15.096881082056,862552.72175666,0.165084029594833,0.674744691412881,0.298406233821796,0,0,0
"Etheostoma_smithi",0,0,0,0,0,0,0,0
"Etheostoma_striatulum",0,0,0,0,0,0,0,0
"Etheostoma_derivativum",0,0,0,0,0,0,0,0
"Etheostoma_obeyense",0,0,0,0,0,0,0,0
"Etheostoma_virgatum",0,0,0,0,0,0,0,0
"Etheostoma_barbouri",0,0,0,0,0,0,0,0
"Etheostoma_basilare",0,0,0,0,0,0,0,0
"Etheostoma_kennicotti",0,0,0,0,0,0,0,0
"Etheostoma_sitikuense",0,0,0,0,0,0,0,0
"Etheostoma_marmorpinnum",0,0,0,0,0,0,0,0
"Etheostoma_percnurum",0,0,0,0,0,0,0,0
"Etheostoma_lemniscatum",0,0,0,0,0,0,0,0
"Etheostoma_flabellare",0,0,0,0,0,0,0,0
"Etheostoma_brevispinum",0,0,0,0,0,0,0,0
"Etheostoma_neopterum",0,0,0,0,0,0,0,0
"Etheostoma_nigripinne",0,0,0,0,0,0,0,0
"Etheostoma_corona",0,0,0,0,0,0,0,0
"Etheostoma_forbesi",0,0,0,0,0,0,0,0
"Etheostoma_pseudovulatum",0,0,0,0,0,0,0,0
"Etheostoma_chienense",0,0,0,0,0,0,0,0
"Etheostoma_oophylax",0,0,0,0,0,0,0,0
"Etheostoma_crossopterum",0,0,0,0,0,0,0,0
"Etheostoma_olivaceum",0,0,0,0,0,0,0,0
"Etheostoma_squamiceps",0,0,0,0,0,0,0,0
"Etheostoma_nuchale",0,0,0,0,0,0,0,0
"Etheostoma_ditrema",0,0,0,0,0,0,0,0
"Etheostoma_swaini",0,0,0,0,0,0,0,0
"Etheostoma_asprigene",0,0,0,0,0,0,0,0
"Etheostoma_collettei",0,0,0,0,0,0,0,0
"Etheostoma_uniporum",0,32712.4784705355,0.0475553001087715,0.0847527431528108,0.108234632241957,0,0,0
"Etheostoma_caeruleum",0,0,0,0,0,0,0,0
"Etheostoma_radiosum",0,0,0,0,0,0,0,0
"Etheostoma_whipplei",0,0,0,0,0,0,0,0
"Etheostoma_artesiae",3.07547885125643,0,0.0643310418472723,0.181692585617823,0.139665998025918,0,0,0
"Etheostoma_lugoi",0,0,0,0,0,0,0,0
"Etheostoma_segrex",0,0,0,0,0,0,0,0
"Etheostoma_grahami",0,0,0,0,0,0,0,0
"Etheostoma_pottsii",0,0,0,0,0,0,0,0
"Etheostoma_lepidum",0,0,0,0,0,0,0,0
"Etheostoma_australe",0,0,0,0,0,0,0,0
"Etheostoma_exile",0,0,0,0,0,0,0,0
"Etheostoma_luteovinctum",0,0,0,0,0,0,0,0
"Etheostoma_tuscumbia",0,0,0,0,0,0,0,0
"Etheostoma_boschungi",0,0,0,0,0,0,0,0
"Etheostoma_pallididorsum",0,0,0,0,0,0,0,0
"Etheostoma_cragini",0,0,0,0,0,0,0,0
"Etheostoma_bellator",0,0,0,0,0,0,0,0
"Etheostoma_chermocki",0,0,0,0,0,0,0,0
"Etheostoma_lachneri",0,0,0,0,0,0,0,0
"Etheostoma_colorosum",0,0,0,0,0,0,0,0
"Etheostoma_ramseyi",0,0,0,0,0,0,0,0
"Etheostoma_tallapoosae",0,0,0,0,0,0,0,0
"Etheostoma_brevirostrum",0,0,0,0,0,0,0,0
"Etheostoma_raneyi",0,0,0,0,0,0,0,0
"Etheostoma_cervus",0,0,0,0,0,0,0,0
"Etheostoma_zonistium",0,0,0,0,0,0,0,0
"Etheostoma_pyrrhogaster",0,0,0,0,0,0,0,0
"Etheostoma_etnieri",0,0,0,0,0,0,0,0
"Etheostoma_scotti",0,0,0,0,0,0,0,0
"Etheostoma_coosae",0,0,0,0,0,0,0,0
"Etheostoma_duryi",0,0,0,0,0,0,0,0
"Etheostoma_flavum",0,0,0,0,0,0,0,0
"Etheostoma_simoterum",0,0,0,0,0,0,0,0
"Etheostoma_rafinesquei",0,0,0,0,0,0,0,0
"Etheostoma_barrenense",0,0,0,0,0,0,0,0
"Etheostoma_histrio",0,0,0,0,0,0,0,0
"Etheostoma_baileyi",0,0,0,0,0,0,0,0
"Etheostoma_thalassinum",0,0,0,0,0,0,0,0
"Etheostoma_inscriptum",0,0,0,0,0,0,0,0
"Etheostoma_swannanoa",0,0,0,0,0,0,0,0
"Etheostoma_blennius",0,0,0,0,0,0,0,0
"Etheostoma_rupestre",0,0,0,0,0,0,0,0
"Etheostoma_blennioides",0,0,0,0,0,0,0,0
"Etheostoma_lynceum",0,0,0,0,0,0,0,0
"Etheostoma_zonale",0,0,0,0,0,0,0,0
"Etheostoma_podostemone",0,0,0,0,0,0,0,0
"Etheostoma_nigrum",0,0,0,0,0,0,0,0
"Etheostoma_susanae",1.41172438582325,65081.5650905435,0.0255051441900996,0.0597511191722833,0.0325414898509406,0,0,0
"Etheostoma_perlongum",0,0,0,0,0,0,0,0
"Etheostoma_olmstedi",0,0,0,0,0,0,0,0
"Etheostoma_longimanum",0,0,0,0,0,0,0,0
"Etheostoma_vitreum",0,0,0,0,0,0,0,0
"Etheostoma_fragi",10.9085805398828,402343.191448176,0.136357611504083,0.479805983680294,0.260532186656657,0,0,0
"Etheostoma_tetrazonum",0,0,0,0,0,0,0,0
"Etheostoma_variatum",0,0,0,0,0,0,0,0
"Etheostoma_euzonum",0,0,0,0,0,0,0,0
"Etheostoma_kanawhae",0,0,0,0,0,0,0,0
"Etheostoma_osburni",0,0,0,0,0,0,0,0
"Etheostoma_sagitta",0,0,0,0,0,0,0,0
"Etheostoma_nianguae",0,0,0,0,0,0,0,0
"Etheostoma_stigmaeum",0,0,0,0,0,0,0,0
"Etheostoma_jessiae",0,0,0.0251707462399186,0,0.0832982343493642,0,0,0
"Etheostoma_akatulo",0,0,0,0,0,0,0,0
"Etheostoma_chlorosomum",0,0,0,0,0,0,0,0
"Etheostoma_davisoni",0,0,0,0,0,0,0,0
"Etheostoma_hopkinsi",0,0,0,0,0,0,0,0
"Etheostoma_fricksium",0,0,0.0571507509514288,0,0.141703581041339,0,0,0
"Etheostoma_edwini",0,0,0,0,0,0,0,0
"Etheostoma_gracile",0,0,0,0,0,0,0,0
"Etheostoma_zonifer",0,0,0.056627346003937,0,0.102280243092733,0,0,0
"Etheostoma_serrifer",0,0,0,0,0,0,0,0
"Etheostoma_fusiforme",0,0,0,0,0,0,0,0
"Etheostoma_mariae",0,0,0,0,0,0,0,0
"Etheostoma_phytophilum",0,4990.96520195726,0.022264904317225,0.0652141674142794,0.0600372237568822,0,0,0
"Etheostoma_parvipinne",0,0,0,0,0,0,0,0
"Etheostoma_collis",0,0,0,0,0,0,0,0
"Etheostoma_saludae",0,0,0,0,0,0,0,0
"Etheostoma_bison",0,0,0,0,0,0,0,0
"Etheostoma_lawrencei",0,0,0,0,0,0,0,0
"Etheostoma_burri",0,0,0,0,0,0,0,0
"Etheostoma_kantuckeense",0,0,0,0,0,0,0,0
"Etheostoma_tecumsehi",0,0,0,0,0,0,0,0
"Etheostoma_spectabile",0,0,0,0,0,0,0,0
"Etheostoma_punctulatum",0,0,0,0,0,0,0,0
"Etheostoma_fonticola",0,0,0,0,0,0,0,0
"Etheostoma_proeliare",0,0,0,0,0,0,0,0
"Etheostoma_microperca",0,0,0,0,0,0,0,0
"Etheostoma_camurum",0,0,0,0,0,0,0,0
"Etheostoma_bellum",0,0,0,0,0,0,0,0
"Etheostoma_rufilineatum",0,0,0,0,0,0,0,0
"Etheostoma_chlorobranchium",0,0,0,0,0,0,0,0
"Etheostoma_moorei",0,0,0,0,0,0,0,0
"Etheostoma_rubrum",0,0,0,0,0,0,0,0
"Etheostoma_maculatum",0,0,0,0,0,0,0,0
"Etheostoma_wapiti",0,0,0,0,0,0,0,0
"Etheostoma_vulneratum",0,0,0,0,0,0,0,0
"Etheostoma_tippecanoe",0,0,0,0,0,0,0,0
"Etheostoma_denoncourti",0,0,0,0,0,0,0,0
"Etheostoma_acuticeps",0,0,0,0,0,0,0,0
"Etheostoma_juliae",0,0,0,0,0,0,0,0
"Etheostoma_jordani",0,0,0,0,0,0,0,0
"Etheostoma_etowahae",0,0,0,0,0,0,0,0
"Etheostoma_douglasi",0,0,0,0,0,0,0,0
"Etheostoma_chuckwachatte",0,0,0,0,0,0,0,0
"Etheostoma_cinereum",0,0,0,0,0,0,0,0
"Percina_maculata",0,0,0,0,0,0,0,0
"Percina_pantherina",0,0,0,0,0,0,0,0
"Percina_notogramma",0,0,0,0,0,0,0,0
"Percina_gymnocephala",0,0,0,0,0,0,0,0
"Percina_cymatotaenia",0,0,0,0,0,0,0,0
"Percina_stictogaster",0,0,0,0,0,0,0,0
"Percina_squamata",0,0,0,0,0,0,0,0
"Percina_oxyrhynchus",0,0,0,0,0,0,0,0
"Percina_phoxocephala",0,0,0,0,0,0,0,0
"Percina_nasuta",0,0,0,0,0,0,0,0
"Percina_nigrofasciata",0,0,0,0,0,0,0,0
"Percina_kusha",0,0,0,0,0,0,0,0
"Percina_smithvanizi",0,0,0,0,0,0,0,0
"Percina_palmaris",0,0,0,0,0,0,0,0
"Percina_sciera",0,0,0,0,0,0,0,0
"Percina_sipsi",0,0,0,0,0,0,0,0
"Percina_aurolineata",0,0,0,0,0,0,0,0
"Percina_lenticula",0,0,0,0,0,0,0,0
"Percina_uranidea",0,0,0,0,0,0,0,0
"Percina_tanasi",0,0,0,0,0,0,0,0
"Percina_antesella",0,0,0,0,0,0,0,0
"Percina_shumardi",0,0,0,0,0,0,0,0
"Percina_vigil",0,0,0,0,0,0,0,0
"Percina_aurora",0,0,0,0,0,0,0,0
"Percina_brevicauda",0,0,0,0,0,0,0,0
"Percina_copelandi",0,0,0,0,0,0,0,0
"Percina_kathae",0,0,0,0,0,0,0,0
"Percina_austroperca",0,0,0,0,0,0,0,0
"Percina_caprodes",0,0,0,0,0,0,0,0
"Percina_fulvitaenia",0,0,0,0,0,0,0,0
"Percina_suttkusi",0,0,0,0,0,0,0,0
"Percina_macrolepida",0,0,0,0,0,0,0,0
"Percina_carbonaria",0,0,0,0,0,0,0,0
"Percina_burtoni",0,0,0,0,0,0,0,0
"Percina_jenkinsi",0,0,0,0,0,0,0,0
"Percina_rex",0,0,0,0,0,0,0,0
"Percina_evides",0,0,0,0,0,0,0,0
"Percina_aurantiaca",0,0,0,0,0,0,0,0
"Percina_williamsi",0,0,0,0,0,0,0,0
"Percina_macrocephala",0,0,0,0,0,0,0,0
"Percina_nevisense",0,0,0,0,0,0,0,0
"Percina_peltata",0,0,0,0,0,0,0,0
"Percina_crassa",0,0,0,0,0,0,0,0
"Percina_roanoka",0,0,0,0,0,0,0,0
"Ammocrypta_bifascia",0,0,0,0,0,0,0,0
"Ammocrypta_beanii",0,0,0,0,0,0,0,0
"Ammocrypta_vivax",0,0,0,0,0,0,0,0
"Ammocrypta_clara",0,0,0,0,0,0,0,0
"Ammocrypta_pellucida",0,0,0,0,0,0,0,0
"Ammocrypta_meridiana",0,0,0,0,0,0,0,0
"Crystallaria_cincotta",0,0,0,0,0,0,0,0
"Crystallaria_asprella",0,0,0,0,0,0,0,0
"Zingel_balcanicus",0,0,0,0,0,0,0,0
"Zingel_asper",0,0,0,0,0,0,0,0
"Zingel_zingel",0,0,0,0,0,0,0,0
"Romanichthys_valsanicola",0,0,0,0,0,0,0,0
"Zingel_streber",0,0,0,0,0,0,0,0
"Sander_marinus",0,0,0,0,0,0,0,0
"Sander_lucioperca",0,0,0,0,0,0,0,0
"Sander_volgensis",0,0,0,0,0,0,0,0
"Sander_vitreus",0,0,0,0,0,0,0,0
"Sander_canadensis",0,0,0,0,0,0,0,0
"Perca_flavescens",0,0,0,0,0,0,0,0
"Perca_schrenkii",0,0,0,0,0,0,0,0
"Perca_fluviatilis",0,0,0,0,0,0,0,0
"Gymnocephalus_schraetser",0,0,0,0,0,0,0,0
"Gymnocephalus_acerina",0,0,0,0,0,0,0,0
"Gymnocephalus_baloni",0,0,0,0,0,0,0,0
"Percarina_maeotica",0,0,0,0,0,0,0,0
"Percarina_demidoffii",0,0,0,0,0,0,0,0
"Gymnocephalus_cernua",0,0,0,0,0,0,0,0
"Bembrops_ocellatus",263.377904534836,5994632779.83628,0.39877823001161,4.5793213197287,0.582788130978956,0,0,0.175425800390302
"Percalates_novemaculeatus",0,0,0,0,0,0,0,0
"Percalates_colonorum",0,0,0,0,0,0,0,0
"Guyu_wujalwujalensis",0,0,0,0,0,0,0,0
"Lepomis_miniatus",0,0,0,0,0,0,0,0
"Lepomis_punctatus",0,0,0,0,0,0,0,0
"Lepomis_microlophus",0,0,0,0,0,0,0,0
"Lepomis_gibbosus",0,0,0,0,0,0,0,0
"Lepomis_marginatus",0,0,0,0,0,0,0,0
"Lepomis_megalotis",0,0,0,0,0,0,0,0
"Lepomis_auritus",0,0,0,0,0,0,0,0
"Lepomis_macrochirus",0,0,0,0,0,0,0,0
"Lepomis_humilis",0,0,0,0,0,0,0,0
"Lepomis_symmetricus",0,0,0,0,0,0,0,0
"Lepomis_cyanellus",0,0,0,0,0,0,0,0
"Lepomis_gulosus",0,0,0,0,0,0,0,0
"Micropterus_punctulatus",0,0,0,0,0,0,0,0
"Micropterus_dolomieu",0,0,0,0,0,0,0,0
"Micropterus_henshalli",0,0,0,0,0,0,0,0
"Micropterus_treculii",0,0,0,0,0,0,0,0
"Micropterus_salmoides",0,0,0,0,0,0,0,0
"Micropterus_floridanus",61.7067685825864,342007659.265244,0.0922842130974353,0.762244542957414,0.0623641236265145,0,0,0
"Micropterus_notius",0,0,0,0,0,0,0,0
"Micropterus_coosae",0,0,0,0,0,0,0,0
"Micropterus_cataractae",0,0,0,0,0,0,0,0
"Ambloplites_constellatus",0,0,0,0,0,0,0,0
"Ambloplites_cavifrons",0,0,0,0,0,0,0,0
"Ambloplites_rupestris",0,0,0,0,0,0,0,0
"Ambloplites_ariommus",0,0,0,0,0,0,0,0
"Pomoxis_annularis",0,0,0,0,0,0,0,0
"Pomoxis_nigromaculatus",0,0,0,0,0,0,0,0
"Archoplites_interruptus",0,0,0,0,0,0,0,0
"Enneacanthus_gloriosus",0,0,0,0,0,0,0,0
"Enneacanthus_obesus",0,0,0,0,0,0,0,0
"Enneacanthus_chaetodon",0,0,0,0,0,0,0,0
"Centrarchus_macropterus",0,0,0,0,0,0,0,0
"Acantharchus_pomotis",0,0,0,0,0,0,0,0
"Elassoma_okatie",0,0,0,0,0,0,0,1.47484696425438
"Elassoma_alabamae",0,0,0,0,0,0,0,1.33956099000387
"Elassoma_zonatum",0,0,0,0,0,0,0,0.97185801464728
"Elassoma_boehlkei",0,0,0,0,0,0,0,1.795277038894
"Elassoma_evergladei",0,0,0,0,0,0,0,1.72082770852183
"Elassoma_gilberti",0,0,0,0,0,0,0,1.94135627581929
"Elassoma_okefenokee",0,0,0,0,0,0,0,1.5951462243528
"Siniperca_vietnamensis",17.1965073336375,983008836.931579,0.0538699244098352,0.589013992679865,0.0940707649462704,0,0,0
"Siniperca_fortis",9.25276456552958,1238072741.4488,0.0323420976013733,0.437173853518881,0.054713367927016,0,0,0
"Siniperca_undulata",0,0,0,0,0,0,0,0
"Siniperca_scherzeri",0,0,0,0,0,0,0,0
"Siniperca_knerii",0,0,0,0,0,0,0,0
"Siniperca_chuatsi",0,0,0,0,0,0,0,0
"Siniperca_obscura",3.40577608246591,302508559.932669,0.0378815072451309,0,0.0590782554104962,0,0,0
"Siniperca_roulei",0,0,0,0,0,0,0,0
"Coreoperca_herzi",0,0,0,0,0,0,0,0
"Coreoperca_loona",0,0,0,0,0,0,0,0
"Coreoperca_kawamebari",0,0,0,0,0,0,0,0
"Coreoperca_whiteheadi",41.4277362107456,0,0.17247688720992,0,0.278901823303513,0,0,0
"Nannoperca_obscura",0,0,0,0,0,0,0,0
"Nannoperca_australis",0,0,0,0,0,0,0,0
"Nannoperca_oxleyana",0,0,0,0,0,0,0,0
"Nannoperca_vittata",0,0,0,0,0,0,0,0
"Nannoperca_variegata",0,0,0,0,0,0,0,0
"Nannatherina_balstoni",0,0,0,0,0,0,0,0
"Bostockia_porosa",0,0,0,0,0,0,0,0
"Macquaria_ambigua",0,0,0,0,0,0,0,0
"Macquaria_australasica",0,0,0,0,0,0,0,0
"Percilia_irwini",0,0,0,0,0,0,0,0
"Percilia_gillissi",0,0,0,0,0,0,0,0
"Percichthys_melanops",0,0,0,0,0,0,0,0
"Percichthys_trucha",0,0,0,0,0,0,0,0
"Percichthys_colhuapiensis",0,0,0,0,0,0,0,0
"Maccullochella_ikei",0,0,0,0,0,0,0,0
"Maccullochella_peelii",0,0,0,0,0,0,0,0
"Maccullochella_macquariensis",0,0,0,0,0,0,0,0
"Gadopsis_marmoratus",0,0,0,0,0,0,0,0
"Gadopsis_bispinosus",0,0,0,0,0,0,0,0
"Nemadactylus_bergi",0,0,0,0,0,0,0,0
"Chirodactylus_brachydactylus",0,0,0,0,0,0,0,0
"Morwong_fuscus",0,0,0,0,0,0,0,0
"Goniistius_rubrolabiatus",0,0,0,0,0,0,0,0
"Latridopsis_forsteri",0,0,0,0,0,0,0,0
"Chironemus_marmoratus",0,0,0,0,0,0,0,0.0372543478641562
"Aplodactylus_arctidens",0,0,0,0,0,0,0,0.0188809638477774
"Aplodactylus_lophodon",0,0,0,0,0,0,0,0.024033966515697
"Paracirrhites_arcatus",0,0,0,0,0,0,0,0.199241644785737
"Amblycirrhitus_bimacula",0,0,0,0,0,0,0,0.540464560478609
"Cirrhitus_rivulatus",0,0,0,0,0,0,0,0.0409096550512423
"Cirrhitichthys_falco",0,0,0,0,0,0,0,0.834028029260967
"Cirrhitichthys_oxycephalus",0,0,0,0,0,0,0,0.601164785769131
"Enoplosus_armatus",0,0,0,0,0,0,0,0.0467836659892109
"Hephaestus_trimaculatus",0,0,0,0,0,0,0,0
"Hephaestus_roemeri",0,0,0,0,0,0,0,0
"Hephaestus_raymondi",0,0,0,0,0,0,0,0
"Hephaestus_obtusifrons",0,0,0,0,0,0,0,0
"Hephaestus_lineatus",0,0,0,0,0,0,0,0
"Hephaestus_komaensis",0,0,0,0,0,0,0,0
"Hephaestus_adamsoni",0,0,0,0,0,0,0,0
"Syncomistes_kimberleyensis",0,0,0,0,0,0,0,0
"Syncomistes_trigonicus",0,0,0,0,0,0,0,0
"Syncomistes_rastellus",0,0,0,0,0,0,0,0
"Syncomistes_butleri",0,0,0,0,0,0,0,0
"Hephaestus_tulliensis",0,0,0,0,0,0,0,0
"Hephaestus_jenkinsi",0,0,0,0,0,0,0,0
"Hephaestus_epirrhinos",0,0,0,0,0,0,0,0
"Hephaestus_fuliginosus",0,0,0,0,0,0,0,0
"Scortum_neili",0,0,0,0,0,0,0,0
"Scortum_hillii",0,0,0,0,0,0,0,0
"Scortum_parviceps",0,0,0,0,0,0,0,0
"Scortum_barcoo",0,0,0,0,0,0,0,0
"Pingalla_midgleyi",0,0,0,0,0,0,0,0
"Pingalla_lorentzi",0,0,0,0,0,0,0,0
"Pingalla_gilberti",0,0,0,0,0,0,0,0
"Bidyanus_welchi",0,0,0,0,0,0,0,0
"Bidyanus_bidyanus",0,0,0,0,0,0,0,0
"Amniataba_percoides",0,0,0,0,0,0,0,0
"Amniataba_affinis",0,0,0,0,0,0,0,0
"Hannia_greenwayi",0,0,0,0,0,0,0,0
"Leiopotherapon_plumbeus",0,0,0,0,0,0,0,0
"Leiopotherapon_aheneus",0,0,0,0,0,0,0,0
"Amniataba_caudavittata",0,0,0,0,0,0,0,0
"Variichthys_lacustris",0,0,0,0,0,0,0,0
"Variichthys_jamoerensis",0,0,0,0,0,0,0,0
"Leiopotherapon_unicolor",0,0,0,0,0,0,0,0
"Hephaestus_habbemai",0,0,0,0,0,0,0,0
"Hephaestus_carbo",0,0,0,0,0,0,0,0
"Hephaestus_transmontanus",0,0,0,0,0,0,0,0
"Mesopristes_elongatus",0,0,0,0,0,0,0,0
"Mesopristes_argenteus",0,0,0,0,0,0,0,0
"Rhynchopelates_oxyrhynchus",0,0,0,0,0,0,0,0
"Mesopristes_cancellatus",0,0,0,0,0,0,0,0
"Terapon_theraps",0,0,0,0,0,0,0,0
"Pelates_octolineatus",0,0,0,0,0,0,0,0
"Helotes_sexlineatus",0,0,0,0,0,0,0,0
"Pelates_quadrilineatus",0,0,0,0,0,0,0,0
"Terapon_puta",0,0,0,0,0,0,0,0
"Terapon_jarbua",0,0,0,0,0,0,0,0
"Kuhlia_mugil",0,0,0,0,0,0,0,0
"Kuhlia_rupestris",0,0,0,0,0,0,0,0
"Kuhlia_marginata",0,0,0,0,0,0,0,0
"Kuhlia_munda",0,0,0,0,0,0,0,0
"Girella_zebra",0,0,0,0,0,0,0,0
"Girella_simplicidens",0,0,0,0,0,0,0,0
"Girella_laevifrons",0,0,0,0,0,0,0,0
"Girella_tricuspidata",0,0,0,0,0,0,0,0
"Girella_elevata",0,0,0,0,0,0,0,0
"Scorpis_georgiana",0,0,0,0,0,0,0,0.00868145136924596
"Scorpis_lineolata",0,0,0,0,0,0,0,0
"Scorpis_aequipinnis",0,0,0,0,0,0,0,0
"Atypichthys_strigatus",0,0,0,0,0,0,0,0.0669422093615587
"Microcanthus_strigatus",0,0,0,0,0,0,0,0.126028873085803
"Kyphosus_ocyurus",0,0,0,0,0,0,0,0
"Kyphosus_elegans",0,0,0,0,0,0,0,0
"Kyphosus_sydneyanus",0,0,0,0,0,0,0,0
"Kyphosus_bigibbus",0,0,0,0,0,0,0,0
"Kyphosus_sectatrix",0,0,0,0,0,0,0,0
"Kyphosus_cornelii",0,0,0,0,0,0,0,0
"Oplegnathus_conwayi",0,0,0,0,0,0,0,0.0118718886836859
"Limnichthys_fasciatus",0,0,0,0,0,0,0,2.28874751175072
"Scombrops_boops",0,0,0,0,0,0,0,0
"Dinolestes_lewini",0,0,0,0,0,0,0,0.0304777727212532
"Pentaceros_richardsoni",0,0,0,0,0,0,0,0
"Lateolabrax_japonicus",0,0,0,0,0,0,0,0
"Polyprion_americanus",0,0,0,0,0,0,0,0
"Prolatilus_jugularis",0,0,0,0,0,0,0,0
"Ammodytes_americanus",0,0,0,0,0,0,0,0
"Ammodytes_personatus",0,0,0,0,0,0,0,0
"Pinguipes_brasilianus",0,0,0,0,0,0,0,0
"Cheimarrichthys_fosterae",0,0,0,0,0,0,0,0.236724721571606
"Ichthyscopus_fasciatus",0,0,0,0,0,0,0,0
"Uranoscopus_japonicus",0,0,0,0,0,0,0,0
"Astroscopus_ygraecum",0,0,0,0,0,0,0,0
"Centrogenys_vaigiensis",0,0,0,0,0,0,0,0.182962672754985
"Pentaprion_longimanus",0,0,0,0,0,0,0,0
"Deckertichthys_aureolus",0,0,0,0,0,0,0,0
"Gerres_subfasciatus",0,0,0,0,0,0,0,0
"Gerres_setifer",0,0,0,0,0,0,0,0
"Gerres_nigri",0,0,0,0,0,0,0,0
"Gerres_methueni",0,0,0,0,0,0,0,0
"Gerres_limbatus",0,0,0,0,0,0,0,0
"Eucinostomus_havana",0,0,0,0,0,0,0,0
"Eucinostomus_gracilis",0,0,0,0,0,0,0,0
"Eucinostomus_entomelas",0,0,0,0,0,0,0,0
"Eucinostomus_dowii",0,0,0,0,0,0,0,0
"Eucinostomus_jonesii",0,0,0,0,0,0,0,0
"Eucinostomus_gula",0,0,0,0,0,0,0,0
"Eucinostomus_argenteus",0,0,0,0,0,0,0,0
"Eucinostomus_melanopterus",0,0,0,0,0,0,0,0
"Eucinostomus_currani",0,0,0,0,0,0,0,0
"Ulaema_lefroyi",0,0,0,0,0,0,0,0
"Gerres_cinereus",0,0,0,0,0,0,0,0
"Gerres_longirostris",0,0,0,0,0,0,0,0
"Gerres_oblongus",0,0,0,0,0,0,0,0
"Gerres_oyena",0,0,0,0,0,0,0,0
"Gerres_erythrourus",0,0,0,0,0,0,0,0
"Gerres_filamentosus",0,0,0,0,0,0,0,0
"Gerres_macracanthus",0,0,0,0,0,0,0,0
"Eugerres_mexicanus",0,0,0,0,0,0,0,0
"Eugerres_axillaris",0,0,0,0,0,0,0,0
"Eugerres_brasilianus",0,0,0,0,0,0,0,0
"Eugerres_lineatus",0,0,0,0,0,0,0,0
"Eugerres_plumieri",0,0,0,0,0,0,0,0
"Diapterus_auratus",0,0,0,0,0,0,0,0
"Diapterus_peruvianus",0,0,0,0,0,0,0,0
"Diapterus_rhombeus",0,0,0,0,0,0,0,0
"Sillaginopsis_panijus",0,0,0,0,0,0,0,0
"Sillago_lutea",0,0,0,0,0,0,0,0
"Sillago_japonica",0,0,0,0,0,0,0,0
"Sillago_sihama",0,0,0,0,0,0,0,0
"Sillago_maculata",0,0,0,0,0,0,0,0
"Sillago_aeolus",0,0,0,0,0,0,0,0
"Sillago_ciliata",0,0,0,0,0,0,0,0
"Sillago_flindersi",0,0,0,0,0,0,0,0
"Sillaginodes_punctatus",0,0,0,0,0,0,0,0
"Sillago_robusta",0,0,0,0,0,0,0,0
"Sillaginopodys_chondropus",0,0,0,0,0,0,0,0
"Morone_americana",0,0,0,0,0,0,0,0
"Morone_mississippiensis",0,0,0,0,0,0,0,0
"Morone_saxatilis",0,0,0,0,0,0,0,0
"Morone_chrysops",0,0,0,0,0,0,0,0
"Dicentrarchus_labrax",0,0,0,0,0,0,0,0
"Dicentrarchus_punctatus",0,0,0,0,0,0,0,0
"Rhonciscus_crocro",0,0,0,0,0,0,0,0
"Rhonciscus_bayanus",0,0,0,0,0,0,0,0
"Rhonciscus_branickii",0,0,0,0,0,0,0,0
"Rhencus_macracanthus",0,0,0,0,0,0,0,0
"Rhencus_panamensis",0,0,0,0,0,0,0,0
"Paranisotremus_moricandi",0,0,0,0,0,0,0,0
"Pomadasys_schyrii",0,0,0,0,0,0,0,0
"Pomadasys_rogerii",0,0,0,0,0,0,0,0
"Pomadasys_ramosus",0,0,0,0,0,0,0,0
"Pomadasys_multimaculatus",0,0,0,0,0,0,0,0
"Pomadasys_jubelini",0,0,0,0,0,0,0,0
"Pomadasys_commersonnii",0,0,0,0,0,0,0,0
"Haemulon_bonariense",0,0,0,0,0,0,0,0
"Haemulon_parra",0,0,0,0,0,0,0,0
"Haemulon_carbonarium",0,0,0,0,0,0,0,0
"Haemulon_sciurus",0,0,0,0,0,0,0,0
"Haemulon_plumierii",0,0,0,0,0,0,0,0
"Haemulon_maculicauda",0,0,0,0,0,0,0,0
"Haemulon_flaviguttatum",0,0,0,0,0,0,0,0
"Haemulon_steindachneri",0,0,0,0,0,0,0,0
"Haemulon_sexfasciatum",0,0,0,0,0,0,0,0
"Haemulon_scudderii",0,0,0,0,0,0,0,0
"Haemulon_aurolineatum",0,0,0,0,0,0,0,0
"Anisotremus_virginicus",0,0,0,0,0,0,0,0
"Anisotremus_taeniatus",0,0,0,0,0,0,0,0
"Anisotremus_surinamensis",0,0,0,0,0,0,0,0
"Anisotremus_caesius",0,0,0,0,0,0,0,0
"Anisotremus_interruptus",0,0,0,0,0,0,0,0
"Anisotremus_davidsonii",0,0,0,0,0,0,0,0
"Genyatremus_luteus",0,0,0,0,0,0,0,0
"Genyatremus_pacifici",0,0,0,0,0,0,0,0
"Genyatremus_dovii",0,0,0,0,0,0,0,0
"Haemulopsis_corvinaeformis",0,0,0,0,0,0,0,0
"Haemulopsis_elongatus",0,0,0,0,0,0,0,0
"Haemulopsis_leuciscus",0,0,0,0,0,0,0,0
"Conodon_nobilis",0,0,0,0,0,0,0,0
"Xenichthys_xanti",0,0,0,0,0,0,0,0
"Microlepidotus_inornatus",0,0,0,0,0,0,0,0
"Microlepidotus_brevipinnis",0,0,0,0,0,0,0,0
"Orthopristis_rubra",0,0,0,0,0,0,0,0
"Orthopristis_chalceus",0,0,0,0,0,0,0,0
"Pomadasys_argyreus",0,0,0,0,0,0,0,0
"Pomadasys_maculatus",0,0,0,0,0,0,0,0
"Pomadasys_argenteus",0,0,0,0,0,0,0,0
"Pomadasys_kaakan",0,0,0,0,0,0,0,0
"Brachydeuterus_auritus",0,0,0,0,0,0,0,0
"Pomadasys_incisus",0,0,0,0,0,0,0,0
"Pomadasys_olivaceus",0,0,0,0,0,0,0,0
"Pomadasys_perotaei",0,0,0,0,0,0,0,0
"Diagramma_pictum",0,0,0,0,0,0,0,0
"Plectorhinchus_gibbosus",0,0,0,0,0,0,0,0
"Plectorhinchus_macrolepis",0,0,0,0,0,0,0,0
"Hoplopagrus_guentherii",0,0,0,0,0,0,0,0
"Lutjanus_viridis",0,0,0,0,0,0,0,0
"Lutjanus_semicinctus",0,0,0,0,0,0,0,0
"Lutjanus_lunulatus",0,0,0,0,0,0,0,0
"Lutjanus_jordani",0,0,0,0,0,0,0,0
"Lutjanus_inermis",0,0,0,0,0,0,0,0
"Lutjanus_guttatus",0,0,0,0,0,0,0,0
"Lutjanus_goreensis",0,0,0,0,0,0,0,0
"Lutjanus_goldiei",0,0,0,0,0,0,0,0
"Lutjanus_fuscescens",0,0,0,0,0,0,0,0
"Lutjanus_endecacanthus",0,0,0,0,0,0,0,0
"Lutjanus_bitaeniatus",0,0,0,0,0,0,0,0
"Lutjanus_aratus",0,0,0,0,0,0,0,0
"Lutjanus_agennes",0,0,0,0,0,0,0,0
"Lutjanus_vitta",0,0,0,0,0,0,0,0
"Lutjanus_biguttatus",0,0,0,0,0,0,0,0
"Lutjanus_lutjanus",0,0,0,0,0,0,0,0
"Lutjanus_fulvus",0,0,0,0,0,0,0,0
"Lutjanus_bohar",0,0,0,0,0,0,0,0
"Lutjanus_decussatus",0,0,0,0,0,0,0,0
"Lutjanus_russellii",0,0,0,0,0,0,0,0
"Lutjanus_monostigma",0,0,0,0,0,0,0,0
"Lutjanus_carponotatus",0,0,0,0,0,0,0,0
"Lutjanus_ehrenbergii",0,0,0,0,0,0,0,0
"Lutjanus_fulviflamma",0,0,0,0,0,0,0,0
"Lutjanus_quinquelineatus",0,0,0,0,0,0,0,0
"Lutjanus_johnii",0,0,0,0,0,0,0,0
"Lutjanus_rivulatus",0,0,0,0,0,0,0,0
"Lutjanus_synagris",0,0,0,0,0,0,0,0
"Lutjanus_analis",0,0,0,0,0,0,0,0
"Lutjanus_novemfasciatus",0,0,0,0,0,0,0,0
"Lutjanus_cyanopterus",0,0,0,0,0,0,0,0
"Lutjanus_colorado",0,0,0,0,0,0,0,0
"Lutjanus_dentatus",0,0,0,0,0,0,0,0
"Lutjanus_argentimaculatus",0,0,0,0,0,0,0,0
"Lutjanus_argentiventris",0,0,0,0,0,0,0,0
"Lutjanus_jocu",0,0,0,0,0,0,0,0
"Lutjanus_griseus",0,0,0,0,0,0,0,0
"Lutjanus_apodus",0,0,0,0,0,0,0,0
"Lutjanus_erythropterus",0,0,0,0,0,0,0,0
"Lutjanus_gibbus",0,0,0,0,0,0,0,0
"Lutjanus_malabaricus",0,0,0,0,0,0,0,0
"Pterocaesio_chrysozona",0,0,0,0,0,0,0,0
"Centropyge_aurantonotus",0,0,0,0,0,0,0,0
"Genicanthus_lamarck",0,0,0,0,0,0,0,0
"Holacanthus_ciliaris",0,0,0,0,0,0,0,0
"Centropyge_bicolor",0,0,0,0,0,0,0,0
"Centropyge_vrolikii",0,0,0,0,0,0,0,0
"Pomacanthus_semicirculatus",0,0,0,0,0,0,0,0
"Pomacanthus_annularis",0,0,0,0,0,0,0,0
"Pomacanthus_paru",0,0,0,0,0,0,0,0
"Pomacanthus_arcuatus",0,0,0,0,0,0,0,0
"Pomacanthus_zonipectus",0,0,0,0,0,0,0,0
"Chaetodontoplus_mesoleucus",0,0,0,0,0,0,0,0
"Schuettea_woodwardi",0,0,0,0,0,0,0,0.185113665123039
"Monodactylus_sebae",0,0,0,0,0,0,0,0.179441534299836
"Monodactylus_falciformis",0,0,0,0,0,0,0,0.126987474088068
"Monodactylus_argenteus",0,0,0,0,0,0,0,0.110269868724295
"Chaetodon_triangulum",0,0,0,0,0,0,0,0
"Chaetodon_marleyi",0,0,0,0,0,0,0,0
"Chaetodon_humeralis",0,0,0,0,0,0,0,0
"Chaetodon_auriga",0,0,0,0,0,0,0,0
"Chaetodon_vagabundus",0,0,0,0,0,0,0,0
"Chaetodon_lunula",0,0,0,0,0,0,0,0
"Chaetodon_melannotus",0,0,0,0,0,0,0,0
"Chaetodon_capistratus",0,0,0,0,0,0,0,0
"Chaetodon_striatus",0,0,0,0,0,0,0,0
"Chaetodon_ocellatus",0,0,0,0,0,0,0,0
"Chaetodon_octofasciatus",0,0,0,0,0,0,0,0
"Chaetodon_trifasciatus",0,0,0,0,0,0,0,0
"Chaetodon_lunulatus",0,0,0,0,0,0,0,0
"Chaetodon_sedentarius",0,0,0,0,0,0,0,0
"Chaetodon_citrinellus",0,0,0,0,0,0,0,0
"Prognathodes_aculeatus",0,0,0,0,0,0,0,0
"Johnrandallia_nigrirostris",0,0,0,0,0,0,0,0
"Chelmon_rostratus",0,0,0,0,0,0,0,0
"Chelmonops_curiosus",0,0,0,0,0,0,0,0
"Deveximentum_ruconius",0,0,0,0,0,0,0,0
"Deveximentum_megalolepis",0,0,0,0,0,0,0,0
"Deveximentum_interruptum",0,0,0,0,0,0,0,0
"Deveximentum_indicium",0,0,0,0,0,0,0,0
"Deveximentum_insidiator",0,0,0,0,0,0,0,0
"Leiognathus_equula",0,0,0,0,0,0,0,0
"Leiognathus_brevirostris",0,0,0,0,0,0,0,0
"Eubleekeria_rapsoni",0,0,0,0,0,0,0,0
"Eubleekeria_splendens",0,0,0,0,0,0,0,0
"Nuchequula_gerreoides",0,0,0,0,0,0,0,0
"Nuchequula_nuchalis",0,0,0,0,0,0,0,0
"Nuchequula_blochii",0,0,0,0,0,0,0,0
"Equulites_lineolatus",0,0,0,0,0,0,0,0
"Equulites_leuciscus",0,0,0,0,0,0,0,0
"Gazza_minuta",0,0,0,0,0,0,0,0
"Gazza_achlamys",0,0,0,0,0,0,0,0
"Hapalogenys_analis",0,0,0,0,0,0,0,0
"Datnioides_undecimradiatus",0,0,0,0,0,0,0,0
"Datnioides_pulcher",10.4811542608953,8460485966.1152,0.0124647211539854,0.158727049510207,0.0213562637766399,0,0,0
"Datnioides_polota",0,0,0,0,0,0,0,0
"Datnioides_campbelli",8.99145161321044,6188916373.16001,0.0126088788824428,0.151460310686019,0.0215229372126323,0,0,0
"Datnioides_microlepis",0,0,0,0,0,0,0,0
"Lobotes_pacifica",0,0,0,0,0,0,0,0
"Lobotes_surinamensis",0,0,0,0,0,0,0,0
"Pagrus_auratus",0,0,0,0,0,0,0,0
"Acanthopagrus_vagus",0,0,0,0,0,0,0,0
"Acanthopagrus_schlegelii",0,0,0,0,0,0,0,0
"Diplodus_sargus",0,0,0,0,0,0,0,0
"Diplodus_cervinus",0,0,0,0,0,0,0,0
"Diplodus_capensis",0,0,0,0,0,0,0,0
"Diplodus_argenteus",0,0,0,0,0,0,0,0
"Diplodus_puntazzo",0,0,0,0,0,0,0,0
"Acanthopagrus_australis",0,0,0,0,0,0,0,0
"Acanthopagrus_butcheri",0,0,0,0,0,0,0,0
"Acanthopagrus_chinshira",0,0,0,0,0,0,0,0
"Acanthopagrus_latus",0,0,0,0,0,0,0,0
"Acanthopagrus_berda",0,0,0,0,0,0,0,0
"Acanthopagrus_bifasciatus",0,0,0,0,0,0,0,0
"Rhabdosargus_thorpei",0,0,0,0,0,0,0,0
"Rhabdosargus_sarba",0,0,0,0,0,0,0,0
"Rhabdosargus_globiceps",0,0,0,0,0,0,0,0
"Sparodon_durbanensis",0,0,0,0,0,0,0,0
"Lithognathus_mormyrus",0,0,0,0,0,0,0,0
"Lithognathus_lithognathus",0,0,0,0,0,0,0,0
"Sarpa_salpa",0,0,0,0,0,0,0,0
"Spondyliosoma_emarginatum",0,0,0,0,0,0,0,0
"Calamus_pennatula",0,0,0,0,0,0,0,0
"Calamus_brachysomus",0,0,0,0,0,0,0,0
"Pagrus_africanus",0,0,0,0,0,0,0,0
"Archosargus_rhomboidalis",0,0,0,0,0,0,0,0
"Archosargus_probatocephalus",0,0,0,0,0,0,0,0
"Lagodon_rhomboides",0,0,0,0,0,0,0,0
"Pagrus_caeruleostictus",0,0,0,0,0,0,0,0
"Pagrus_pagrus",0,0,0,0,0,0,0,0
"Evynnis_ehrenbergii",0,0,0,0,0,0,0,0
"Evynnis_cardinalis",0,0,0,0,0,0,0,0
"Rhabdosargus_holubi",0,0,0,0,0,0,0,0
"Sparus_aurata",0,0,0,0,0,0,0,0
"Cymatoceps_nasutus",0,0,0,0,0,0,0,0
"Petrus_rupestris",0,0,0,0,0,0,0,0
"Dentex_maroccanus",0,0,0,0,0,0,0,0
"Scolopsis_lineata",0,0,0,0,0,0,0,0
"Scolopsis_taenioptera",0,0,0,0,0,0,0,0
"Scolopsis_margaritifera",0,0,0,0,0,0,0,0
"Parascolopsis_eriomma",0,0,0,0,0,0,0,0
"Lethrinus_lentjan",0,0,0,0,0,0,0,0
"Lethrinus_reticulatus",0,0,0,0,0,0,0,0
"Gymnocranius_frenatus",0,0,0,0,0,0,0,0
"Caulolatilus_princeps",0,0,0,0,0,0,0,0
"Pterotolithus_maculatus",223.151298036808,373468238395.863,0.234119796651562,3.11822397044819,0.172152756762692,0,0,0
"Pteroscion_peli",0,0,0,0,0,0,0,0
"Protosciaena_bathytatos",0,0,0,0,0,0,0,0
"Petilipinnis_grunniens",160.287639655417,187976611484.436,0.239902545823733,2.81804948320865,0.17536265779172,0,0,0
"Paranibea_semiluctuosa",0,0,0,0,0,0,0,0
"Panna_microdon",0,0,0,0,0,0,0,0
"Pachyurus_stewarti",0,0,0,0,0,0,0,0
"Pachyurus_squamipennis",159.530362032207,205994713115.441,0.144967049579661,1.7534137532616,0.0988456004338349,0,0,0
"Pachyurus_schomburgkii",97.2164710229863,73214934289.4999,0.150327931799691,1.50818510686521,0.101839954168761,0,0,0
"Pachyurus_paucirastrus",61.3244445490104,28028539965.5352,0.155502948119376,1.31051570254025,0.104625776534928,0,0,0
"Pachyurus_junki",97.537197646128,74208335172.07,0.150324841865776,1.50913167173158,0.101665925984176,0,0,0
"Pachyurus_gabrielensis",60.6171727201363,27314929314.4641,0.15562518180672,1.3055509752686,0.104686501061821,0,0,0
"Pachyurus_francisci",113.567132700368,103571123385.341,0.148734721850131,1.57920501505095,0.100377316776963,0,0,0
"Pachyurus_calhamazon",40.4130569232146,11711276501.3082,0.160318650498515,1.15386778984807,0.107250942253342,0,0,0
"Pachyurus_adspersus",91.2771085322116,64246171348.7565,0.151028691030319,1.47928402279819,0.102188347922679,0,0,0
"Pachyurus_bonariensis",0,0,0,0,0,0,0,0
"Pachypops_trifilis",99.460089285573,109675189958.363,0.175862549718413,1.98856251437618,0.12250932243896,0,0,0
"Pachypops_fourcroi",0,0,0,0,0,0,0,0
"Pachypops_pigmaeus",42.8977338003061,18857207706.587,0.187012429735718,1.53845045484576,0.128815911729474,0,0,0
"Elattarchus_archidium",0,0,0,0,0,0,0,0
"Daysciaena_albida",0,0,0,0,0,0,0,0
"Corvula_macrops",0,0,0,0,0,0,0,0
"Boesemania_microlepis",0,0,0,0,0,0,0,0
"Austronibea_oedogenys",0,0,0,0,0,0,0,0
"Aspericorvina_jubata",109.218309604504,84549973406.089,0.246761941132438,2.50670713509591,0.179309036904079,0,0,0
"Umbrina_xanti",0,0,0,0,0,0,0,0
"Umbrina_dorsalis",0,0,0,0,0,0,0,0
"Umbrina_cirrosa",0,0,0,0,0,0,0,0
"Umbrina_broussonnetii",0,0,0,0,0,0,0,0
"Pennahia_aneus",0,0,0,0,0,0,0,0
"Nibea_squamosa",0,0,0,0,0,0,0,0
"Nibea_soldado",0,0,0,0,0,0,0,0
"Nibea_semifasciata",0,0,0,0,0,0,0,0
"Nibea_microgenys",0,0,0,0,0,0,0,0
"Johnius_weberi",0,0,0,0,0,0,0,0
"Johnius_trachycephalus",0,0,0,0,0,0,0,0
"Johnius_pacificus",0,0,0,0,0,0,0,0
"Johnius_novaehollandiae",57.2667057832476,24053650325.7566,0.118983242088156,0.695107129376616,0.0569197323404858,0,0,0
"Johnius_macrorhynus",0,0,0,0,0,0,0,0
"Johnius_macropterus",0,0,0,0,0,0,0,0
"Johnius_heterolepis",0,0,0,0,0,0,0,0
"Johnius_grypotus",0,0,0,0,0,0,0,0
"Johnius_glaucus",0,0,0,0,0,0,0,0
"Johnius_gangeticus",42.2184100775077,12591961407.7787,0.121629518904337,0.633880647538893,0.0581093123915696,0,0,0
"Johnius_dorsalis",0,0,0,0,0,0,0,0
"Johnius_coitor",0,0,0,0,0,0,0,0
"Johnius_carutta",0,0,0,0,0,0,0,0
"Dendrophysa_russelii",0,0,0,0,0,0,0,0
"Johnius_amblycephalus",0,0,0,0,0,0,0,0
"Johnius_borneensis",0,0,0,0,0,0,0,0
"Johnius_dussumieri",0,0,0,0,0,0,0,0
"Johnius_belangerii",0,0,0,0,0,0,0,0
"Johnius_elongatus",0,0,0,0,0,0,0,0
"Otolithes_ruber",0,0,0,0,0,0,0,0
"Pennahia_argentata",0,0,0,0,0,0,0,0
"Nibea_albiflora",0,0,0,0,0,0,0,0
"Protonibea_diacanthus",0,0,0,0,0,0,0,0
"Larimichthys_polyactis",0,0,0,0,0,0,0,0
"Collichthys_lucidus",0,0,0,0,0,0,0,0
"Bahaba_taipingensis",0,0,0,0,0,0,0,0
"Bahaba_polykladiskos",239.858879878089,64663273510.5888,0.126952548157844,4.66196430958897,0.0929258389093981,0,0,0
"Miichthys_miiuy",0,0,0,0,0,0,0,0
"Otolithoides_biauritus",0,0,0,0,0,0,0,0
"Otolithoides_pama",0,0,0,0,0,0,0,0
"Argyrosomus_regius",0,0,0,0,0,0,0,0
"Argyrosomus_inodorus",0,0,0,0,0,0,0,0
"Argyrosomus_japonicus",0,0,0,0,0,0,0,0
"Argyrosomus_hololepidotus",0,0,0,0,0,0,0,0
"Pseudotolithus_moorii",0,0,0,0,0,0,0,0
"Pseudotolithus_epipercus",0,0,0,0,0,0,0,0
"Pseudotolithus_senegalensis",0,0,0,0,0,0,0,0
"Pseudotolithus_typus",0,0,0,0,0,0,0,0
"Pseudotolithus_elongatus",0,0,0,0,0,0,0,0
"Pseudotolithus_senegallus",0,0,0,0,0,0,0,0
"Cynoscion_stolzmanni",0,0,0,0,0,0,0,0
"Isopisthus_parvipinnis",0,0,0,0,0,0,0,0
"Isopisthus_remifer",0,0,0,0,0,0,0,0
"Cynoscion_phoxocephalus",0,0,0,0,0,0,0,0
"Cynoscion_leiarchus",0,0,0,0,0,0,0,0
"Cynoscion_squamipinnis",0,0,0,0,0,0,0,0
"Cynoscion_praedatorius",0,0,0,0,0,0,0,0
"Macrodon_ancylodon",0,0,0,0,0,0,0,0
"Macrodon_mordax",0,0,0,0,0,0,0,0
"Cynoscion_microlepidotus",0,0,0,0,0,0,0,0
"Cynoscion_virescens",0,0,0,0,0,0,0,0
"Cynoscion_othonopterus",0,0,0,0,0,0,0,0
"Cynoscion_jamaicensis",0,0,0,0,0,0,0,0
"Cynoscion_nebulosus",0,0,0,0,0,0,0,0
"Cynoscion_xanthulus",0,0,0,0,0,0,0,0
"Cynoscion_albus",0,0,0,0,0,0,0,0
"Cynoscion_acoupa",0,0,0,0,0,0,0,0
"Cynoscion_steindachneri",0,0,0,0,0,0,0,0
"Cynoscion_arenarius",0,0,0,0,0,0,0,0
"Atractoscion_aequidens",0,0,0,0,0,0,0,0
"Micropogonias_megalops",0,0,0,0,0,0,0,0
"Micropogonias_ectenes",0,0,0,0,0,0,0,0
"Micropogonias_altipinnis",0,0,0,0,0,0,0,0
"Micropogonias_furnieri",0,0,0,0,0,0,0,0
"Micropogonias_undulatus",0,0,0,0,0,0,0,0
"Menticirrhus_panamensis",0,0,0,0,0,0,0,0
"Menticirrhus_nasus",0,0,0,0,0,0,0,0
"Menticirrhus_elongatus",0,0,0,0,0,0,0,0
"Menticirrhus_americanus",0,0,0,0,0,0,0,0
"Menticirrhus_littoralis",0,0,0,0,0,0,0,0
"Pogonias_cromis",0,0,0,0,0,0,0,0
"Aplodinotus_grunniens",0,0,0,0,0,0,0,0
"Leiostomus_xanthurus",0,0,0,0,0,0,0,0
"Ctenosciaena_gracilicirrhus",0,0,0,0,0,0,0,0
"Stellifer_venezuelae",23.7996441438476,8091635296.49665,0.0895250963328914,0.555655731098035,0.0553987405881739,0,0,0
"Stellifer_punctatissimus",0,0,0,0,0,0,0,0
"Stellifer_oscitans",27.6944477675993,10991161038.7096,0.0885036520612495,0.581894445474085,0.0549844620951517,0,0,0
"Stellifer_magoi",16.4347443628318,3715159920.03057,0.0919770774698229,0.4972301737956,0.0568091982202031,0,0,0
"Stellifer_ericymba",0,0,0,0,0,0,0,0
"Stellifer_ephelis",21.1091998582269,6298525137.12853,0.0903178173225503,0.536045994610131,0.0558423022592599,0,0,0
"Stellifer_colonensis",19.6202361149434,5374645744.08471,0.0907853523843176,0.524368548092717,0.0561561230461447,0,0,0
"Stellifer_chrysoleuca",0,0,0,0,0,0,0,0
"Bairdiella_icistia",0,0,0,0,0,0,0,0
"Bairdiella_ensifera",0,0,0,0,0,0,0,0
"Stellifer_stellifer",0,0,0,0,0,0,0,0
"Stellifer_rastrifer",0,0,0,0,0,0,0,0
"Ophioscion_typicus",0,0,0,0,0,0,0,0
"Ophioscion_scierus",0,0,0,0,0,0,0,0
"Stellifer_microps",0,0,0,0,0,0,0,0
"Stellifer_naso",0,0,0,0,0,0,0,0
"Stellifer_brasiliensis",0,0,0,0,0,0,0,0
"Odontoscion_dentex",0,0,0,0,0,0,0,0
"Bairdiella_armata",0,0,0,0,0,0,0,0
"Bairdiella_ronchus",0,0,0,0,0,0,0,0
"Bairdiella_chrysoura",0,0,0,0,0,0,0,0
"Stellifer_lanceolatus",0,0,0,0,0,0,0,0
"Stellifer_illecebrosus",0,0,0,0,0,0,0,0
"Pareques_viola",0,0,0,0,0,0,0,0
"Pareques_fuscovittatus",28.9875099644532,22986174663.7643,0.0468954017092084,0.461017757658367,0.0309691882957796,0,0,0
"Pareques_acuminatus",0,0,0,0,0,0,0,0
"Umbrina_coroides",0,0,0,0,0,0,0,0
"Umbrina_canosai",0,0,0,0,0,0,0,0
"Nebris_occidentalis",0,0,0,0,0,0,0,0
"Nebris_microps",0,0,0,0,0,0,0,0
"Larimus_effulgens",0,0,0,0,0,0,0,0
"Larimus_argenteus",0,0,0,0,0,0,0,0
"Larimus_breviceps",0,0,0,0,0,0,0,0
"Larimus_acclivis",0,0,0,0,0,0,0,0
"Plagioscion_squamosissimus",0,0,0,0,0,0,0,0
"Plagioscion_casattii",0,0,0,0,0,0,0,0
"Plagioscion_montei",0,0,0,0,0,0,0,0
"Plagioscion_ternetzi",0,0,0,0,0,0,0,0
"Plagioscion_surinamensis",0,0,0,0,0,0,0,0
"Plagioscion_auratus",0,0,0,0,0,0,0,0
"Paralonchurus_rathbuni",0,0,0,0,0,0,0,0
"Paralonchurus_goodei",0,0,0,0,0,0,0,0
"Paralonchurus_brasiliensis",0,0,0,0,0,0,0,0
"Paralonchurus_dumerilii",0,0,0,0,0,0,0,0
"Lonchurus_lanceolatus",0,0,0,0,0,0,0,0
"Lonchurus_elegans",0,0,0,0,0,0,0,0
"Acanthurus_xanthopterus",0,0,0,0,0,0,0,0
"Acanthurus_dussumieri",0,0,0,0,0,0,0,0
"Acanthurus_bahianus",0,0,0,0,0,0,0,0
"Acanthurus_chirurgus",0,0,0,0,0,0,0,0
"Ctenochaetus_tominiensis",0,0,0,0,0,0,0,0
"Ctenochaetus_striatus",0,0,0,0,0,0,0,0
"Acanthurus_coeruleus",0,0,0,0,0,0,0,0
"Acanthurus_lineatus",0,0,0,0,0,0,0,0
"Acanthurus_triostegus",0,0,0,0,0,0,0,0
"Zebrasoma_rostratum",0,0,0,0,0,0,0,0
"Paracanthurus_hepatus",0,0,0,0,0,0,0,0
"Prionurus_punctatus",0,0,0,0,0,0,0,0
"Naso_brevirostris",0,0,0,0,0,0,0,0
"Naso_thynnoides",0,0,0,0,0,0,0,0
"Proteracanthus_sarissophorus",0,0,0,0,0,0,0,0
"Parapsettus_panamensis",0,0,0,0,0,0,0,0
"Drepane_longimana",0,0,0,0,0,0,0,0
"Drepane_africana",0,0,0,0,0,0,0,0
"Drepane_punctata",0,0,0,0,0,0,0,0
"Ephippus_goreensis",0,0,0,0,0,0,0,0
"Platax_teira",0,0,0,0,0,0,0,0
"Platax_orbicularis",0,0,0,0,0,0,0,0
"Chaetodipterus_zonatus",0,0,0,0,0,0,0,0
"Chaetodipterus_faber",0,0,0,0,0,0,0,0
"Chaetodipterus_lippei",0,0,0,0,0,0,0,0
"Siganus_stellatus",0,0,0,0,0,0,0,0
"Siganus_javus",0,0,0,0,0,0,0,0
"Siganus_guttatus",0,0,0,0,0,0,0,0
"Siganus_virgatus",0,0,0,0,0,0,0,0
"Siganus_canaliculatus",0,0,0,0,0,0,0,0
"Siganus_sutor",0,0,0,0,0,0,0,0
"Siganus_fuscescens",0,0,0,0,0,0,0,0
"Siganus_spinus",0,0,0,0,0,0,0,0
"Priacanthus_blochii",0,0,0,0,0,0,0,0
"Heteropriacanthus_cruentatus",0,0,0,0,0,0,0,0
"Pristigenys_serrula",0,0,0,0,0,0,0,0
"Scatophagus_argus",0,0,0,0,0,0,0,0
"Scatophagus_tetracanthus",0,0,0,0,0,0,0,0
"Selenotoca_multifasciata",0,0,0,0,0,0,0,0
"Pao_turgidus",0,0,0,0,0,0,0,0
"Pao_suvattii",0,0,0,0,0,0,0,0
"Pao_palembangensis",0,0,0,0,0,0,0,0
"Pao_leiurus",0,0,0,0,0,0,0,0
"Pao_hilgendorfii",14.883009336508,51008579.3869654,0.25815524199917,0.487051608174577,0.0843986840638684,0,0,0
"Pao_cochinchinensis",0,0,0,0,0,0,0,0
"Pao_cambodgiensis",0,0,0,0,0,0,0,0
"Pao_abei",0,0,0,0,0,0,0,0
"Pao_baileyi",0,0,0,0,0,0,0,0
"Leiodon_cutcutia",0,0,0,0,0,0,0,0
"Guentheridia_formosa",0,0,0,0,0,0,0,0
"Ephippion_guttifer",0,0,0,0,0,0,0,0
"Dichotomyctere_ocellatus",0,0,0,0,0,0,0,0
"Dichotomyctere_nigroviridis",0,0,0,0,0,0,0,0
"Dichotomyctere_kretamensis",13.7888045581927,285012436.781876,0.359747175160081,0.634788224983675,0.104066491191618,0,0,0
"Dichotomyctere_erythrotaenia",0,0,0,0,0,0,0,0
"Dichotomyctere_fluviatilis",0,0,0,0,0,0,0,0
"Contusus_brevicaudus",44.5928960827251,2267389656.54425,0.24355866261595,1.3730842222659,0.178920666782001,0,0,0
"Chelonodontops_laticeps",0,0,0,0,0,0,0,0
"Chelonodontops_patoca",0,0,0,0,0,0,0,0
"Amblyrhynchote_honckenii",0,0,0,0,0,0,0,0
"Sphoeroides_trichocephalus",0,0,0,0,0,0,0,0
"Sphoeroides_rosenblatti",0,0,0,0,0,0,0,0
"Tetraodon_schoutedeni",0,0,0,0,0,0,0,0
"Carinotetraodon_lorteti",0,0,0,0,0,0,0,0
"Carinotetraodon_borneensis",0,0,0,0,0,0,0,0
"Carinotetraodon_salivator",0,0,0,0,0,0,0,0
"Carinotetraodon_travancoricus",0,0,0,0,0,0,0,0
"Auriglobus_silus",0.698000346761222,20591836.490965,0.00183040714670953,0.0116930332862607,0.00176618325272812,0,0,0
"Auriglobus_remotus",0.569942846493637,13428717.6288044,0.00185743526347587,0.0109771822952747,0.0017853833890755,0,0,0
"Auriglobus_amabilis",0,0,0,0,0,0,0,0
"Auriglobus_modestus",0,0,0,0,0,0,0,0
"Chonerhinos_naritus",0.409267727168836,33980231.846426,0.000758663567629785,0.0068873680612041,0.000736633185760672,0,0,0
"Auriglobus_nefastus",0,0,0,0,0,0,0,0
"Arothron_inconditus",0,0,0,0,0,0,0,0
"Arothron_immaculatus",0,0,0,0,0,0,0,0
"Arothron_stellatus",0,0,0,0,0,0,0,0
"Arothron_hispidus",0,0,0,0,0,0,0,0
"Arothron_meleagris",0,0,0,0,0,0,0,0
"Arothron_reticularis",0,0,0,0,0,0,0,0
"Tetraodon_mbu",27.0033582991619,2241622155.93823,0.0516156370097801,0.461658724188218,0.0458237954344929,0,0,0
"Tetraodon_duboisi",6.69985894787973,122566420.571888,0.0571808768792212,0.302376305118017,0.049856925973475,0,0,0
"Tetraodon_miurus",0,0,0,0,0,0,0,0
"Tetraodon_lineatus",0,0,0,0,0,0,0,0
"Tetraodon_pustulatus",0,0,0,0,0,0,0,0
"Canthigaster_valentini",0,0,0,0,0,0,0,0
"Canthigaster_coronata",0,0,0,0,0,0,0,0
"Canthigaster_rostrata",0,0,0,0,0,0,0,0
"Canthigaster_bennetti",0,0,0,0,0,0,0,0
"Takifugu_obscurus",0,0,0,0,0,0,0,0
"Takifugu_orbimaculatus",1.66696818911353,32591095535.0921,0.00382424514357764,0.0415834454838788,0.0042073421805362,0,0,0
"Takifugu_chinensis",0,0,0,0,0,0,0,0
"Takifugu_rubripes",0,0,0,0,0,0,0,0
"Takifugu_pseudommus",0,0,0,0,0,0,0,0
"Takifugu_niphobles",0,0,0,0,0,0,0,0
"Takifugu_oblongus",0,0,0,0,0,0,0,0
"Takifugu_vermicularis",0,0,0,0,0,0,0,0
"Takifugu_xanthopterus",0,0,0,0,0,0,0,0
"Takifugu_ocellatus",0,0,0,0,0,0,0,0
"Torquigener_hypselogeneion",0,0,0,0,0,0,0,0
"Torquigener_squamicauda",12.202062196124,325975289.015835,0.100677068521283,0.416880977193184,0.0679930950830858,0,0,0
"Torquigener_pleurogramma",0,0,0,0,0,0,0,0
"Tetractenos_hamiltoni",0,0,0,0,0,0,0,0
"Tetractenos_glaber",0,0,0,0,0,0,0,0
"Marilyna_pleurosticta",11.8864375024921,461769182.260208,0.0525869047320796,0.363840952342546,0.0482596542160466,0,0,0
"Marilyna_darwinii",0,0,0,0,0,0,0,0
"Marilyna_meraukensis",0,0,0,0,0,0,0,0
"Reicheltia_halsteadi",12.048316949167,443326926.132667,0.0571724751472915,0.384215806012575,0.0520870838369323,0,0,0
"Sphoeroides_tyleri",0,0,0,0,0,0,0,0
"Sphoeroides_lobatus",0,0,0,0,0,0,0,0
"Sphoeroides_spengleri",0,0,0,0,0,0,0,0
"Sphoeroides_testudineus",0,0,0,0,0,0,0,0
"Sphoeroides_annulatus",0,0,0,0,0,0,0,0
"Colomesus_psittacus",0,0,0,0,0,0,0,0
"Colomesus_asellus",0,0,0,0,0,0,0,0
"Sphoeroides_greeleyi",0,0,0,0,0,0,0,0
"Lagocephalus_lagocephalus",0,0,0,0,0,0,0,0
"Lagocephalus_guentheri",0,0,0,0,0,0,0,0
"Lagocephalus_laevigatus",0,0,0,0,0,0,0,0
"Lagocephalus_lunaris",0,0,0,0,0,0,0,0
"Lagocephalus_sceleratus",0,0,0,0,0,0,0,0
"Dicotylichthys_punctulatus",0,0,0,0,0,0,0,0
"Chilomycterus_spinosus",33.9422601798454,410365413.271494,0,1.006228696138,0.122247803656217,0,0,0
"Diodon_hystrix",0,0,0,0,0,0,0,0
"Diodon_holocanthus",0,0,0,0,0,0,0,0
"Diodon_nicthemerus",0,0,0,0,0,0,0,0
"Chilomycterus_schoepfii",0,0,0,0,0,0,0,0
"Chilomycterus_antillarum",0,0,0,0,0,0,0,0
"Mola_alexandrini",0,0,0,0,0,0,0,0.00622267794149377
"Meuschenia_trachylepis",0,0,0,0,0,0,0,0
"Meuschenia_australis",0,0,0,0,0,0,0,0
"Meuschenia_freycineti",0,0,0,0,0,0,0,0
"Acanthaluteres_vittiger",0,0,0,0,0,0,0,0
"Scobinichthys_granulatus",0,0,0,0,0,0,0,0
"Aluterus_schoepfii",0,0,0,0,0,0,0,0
"Aluterus_heudelotii",0,0,0,0,0,0,0,0
"Aluterus_scriptus",0,0,0,0,0,0,0,0
"Aluterus_monoceros",0,0,0,0,0,0,0,0
"Stephanolepis_hispida",0,0,0,0,0,0,0,0
"Stephanolepis_aurata",0,0,0,0,0,0,0,0
"Pervagor_janthinosoma",0,0,0,0,0,0,0,0
"Pervagor_melanocephalus",0,0,0,0,0,0,0,0
"Monacanthus_chinensis",0,0,0,0,0,0,0,0
"Acreichthys_tomentosus",0,0,0,0,0,0,0,0
"Sufflamen_verres",0,0,0,0,0,0,0,0
"Rhinecanthus_aculeatus",0,0,0,0,0,0,0,0
"Pseudobalistes_fuscus",0,0,0,0,0,0,0,0
"Pseudobalistes_naufragium",0,0,0,0,0,0,0,0
"Canthidermis_maculata",0,0,0,0,0,0,0,0
"Odonus_niger",0,0,0,0,0,0,0,0
"Balistapus_undulatus",0,0,0,0,0,0,0,0
"Tripodichthys_angustifrons",0,0,0,0,0,0,0,0
"Triacanthus_nieuhofii",0,0,0,0,0,0,0,0
"Triacanthus_biaculeatus",0,0,0,0,0,0,0,0
"Trixiphichthys_weberi",0,0,0,0,0,0,0,0
"Ostracion_meleagris",0,0,0,0,0,0,0,0.197033793290376
"Lactoria_cornuta",0,0,0,0,0,0,0,0.0898367957438393
"Acanthostracion_quadricornis",0,0,0,0,0,0,0,0.0707810739080362
"Anoplocapros_inermis",0,0,0,0,0,0,0,0.11550668520662
"Aracana_ornata",0,0,0,0,0,0,0,0.441187653661906
"Thaumatichthys_binghami",0,0,0,0,0,0,0,0.0738985184277048
"Brachionichthys_australis",0,0,0,0,0,0,0,0.635070555840997
"Abantennarius_coccineus",0,0,0,0,0,0,0,0.156370343048652
"Abantennarius_sanguineus",0,0,0,0,0,0,0,0.229263610037894
"Antennarius_biocellatus",0,0,0,0,0,0,0,0.104764078298108
"Antennarius_pictus",0,0,0,0,0,0,0,0.0455679647074825
"Antennarius_multiocellatus",0,0,0,0,0,0,0,0.0839719366209798
"Antennarius_striatus",0,0,0,0,0,0,0,0.0653469490484565
"Histrio_histrio",0,0,0,0,0,0,0,0.0768029455093338
"Lophiocharon_trisignatus",0,0,0,0,0,0,0,0.0764206822666946
"Rhycherus_gloveri",0,0,0,0,0,0,0,0.107436391855562
"Ogcocephalus_pumilus",0,0,0,0,0,0,0,0
"Ogcocephalus_notatus",0,0,0,0,0,0,0,0
"Dibranchus_spinosus",0,0,0,0,0,0,0,0
"Ogcocephalus_vespertilio",0,0,0,0,0,0,0,0
"Ogcocephalus_nasutus",0,0,0,0,0,0,0,0
"Zalieutes_elater",0,0,0,0,0,0,0,0
"Dibranchus_tremendus",0,0,0,0,0,0,0,0
"Lophiodes_caulinaris",0,0,0,0,0,0,0,0
"Lophiodes_spilurus",0,0,0,0,0,0,0,0
"Pempheris_multiradiata",0,0,0,0,0,0,0,0
"Pempheris_compressa",0,0,0,0,0,0,0,0
"Pempheris_schomburgkii",0,0,0,0,0,0,0,0
"Pempheris_schwenkii",0,0,0,0,0,0,0,0
"Pseudocheilinops_ataenia",0,0,0,0,0,0,0,0
"Dotalabrus_aurantiacus",156.199537185008,300704486.460535,0.402078001744329,3.03034886575702,0.358522668146788,0,0,0
"Doratonotus_megalepis",0,0,0,0,0,0,0,0
"Halichoeres_maculipinna",0,0,0,0,0,0,0,0
"Halichoeres_erdmanni",0,0,0,0,0,0,0,0
"Halichoeres_chrysotaenia",0,0,0,0,0,0,0,0
"Halichoeres_aestuaricola",0,0,0,0,0,0,0,0
"Halichoeres_melanurus",0,0,0,0,0,0,0,0
"Halichoeres_brownfieldi",0,0,0,0,0,0,0,0
"Coris_pictoides",0,0,0,0,0,0,0,0
"Halichoeres_margaritaceus",0,0,0,0,0,0,0,0
"Halichoeres_trimaculatus",0,0,0,0,0,0,0,0
"Halichoeres_hortulanus",0,0,0,0,0,0,0,0
"Thalassoma_lucasanum",0,0,0,0,0,0,0,0
"Thalassoma_lunare",0,0,0,0,0,0,0,0
"Thalassoma_noronhanum",0,0,0,0,0,0,0,0
"Thalassoma_bifasciatum",0,0,0,0,0,0,0,0
"Thalassoma_hardwicke",0,0,0,0,0,0,0,0
"Stethojulis_bandanensis",0,0,0,0,0,0,0,0
"Stethojulis_trilineata",0,0,0,0,0,0,0,0
"Stethojulis_interrupta",0,0,0,0,0,0,0,0
"Labropsis_alleni",0,0,0,0,0,0,0,0
"Labroides_dimidiatus",0,0,0,0,0,0,0,0
"Halichoeres_notospilus",0,0,0,0,0,0,0,0
"Halichoeres_chierchiae",0,0,0,0,0,0,0,0
"Halichoeres_nicholsi",0,0,0,0,0,0,0,0
"Halichoeres_radiatus",0,0,0,0,0,0,0,0
"Halichoeres_poeyi",0,0,0,0,0,0,0,0
"Halichoeres_bivittatus",0,0,0,0,0,0,0,0
"Halichoeres_dispilus",0,0,0,0,0,0,0,0
"Halichoeres_bathyphilus",0,0,0,0,0,0,0,0
"Coris_auricularis",0,0,0,0,0,0,0,0
"Notolabrus_tetricus",0,0,0,0,0,0,0,0
"Pictilabrus_laticlavius",0,0,0,0,0,0,0,0
"Notolabrus_parilus",0,0,0,0,0,0,0,0
"Pseudolabrus_guentheri",0,0,0,0,0,0,0,0
"Notolabrus_gymnogenis",0,0,0,0,0,0,0,0
"Notolabrus_fucicola",0,0,0,0,0,0,0,0
"Scarus_scaber",0,0,0,0,0,0,0,0
"Scarus_perrico",0,0,0,0,0,0,0,0
"Scarus_ghobban",0,0,0,0,0,0,0,0
"Scarus_forsteni",0,0,0,0,0,0,0,0
"Scarus_guacamaia",0,0,0,0,0,0,0,0
"Scarus_coelestinus",0,0,0,0,0,0,0,0
"Scarus_iseri",0,0,0,0,0,0,0,0
"Chlorurus_bleekeri",0,0,0,0,0,0,0,0
"Chlorurus_japanensis",0,0,0,0,0,0,0,0
"Hipposcarus_longiceps",0,0,0,0,0,0,0,0
"Sparisoma_rubripinne",0,0,0,0,0,0,0,0
"Sparisoma_chrysopterum",0,0,0,0,0,0,0,0
"Sparisoma_viride",0,0,0,0,0,0,0,0
"Sparisoma_aurofrenatum",0,0,0,0,0,0,0,0
"Sparisoma_radians",0,0,0,0,0,0,0,0
"Cryptotomus_roseus",0,0,0,0,0,0,0,0
"Leptoscarus_vaigiensis",0,0,0,0,0,0,0,0
"Oxycheilinus_orientalis",0,0,0,0,0,0,0,0
"Oxycheilinus_celebicus",0,0,0,0,0,0,0,0
"Epibulus_insidiator",0,0,0,0,0,0,0,0
"Cheilinus_trilobatus",0,0,0,0,0,0,0,0
"Cheilinus_oxycephalus",0,0,0,0,0,0,0,0
"Cirrhilabrus_solorensis",0,0,0,0,0,0,0,0
"Pseudocheilinus_evanidus",0,0,0,0,0,0,0,0
"Cirrhilabrus_punctatus",0,0,0,0,0,0,0,0
"Pteragogus_guttatus",0,0,0,0,0,0,0,0
"Pteragogus_enneacanthus",0,0,0,0,0,0,0,0
"Pteragogus_cryptus",0,0,0,0,0,0,0,0
"Bodianus_mesothorax",0,0,0,0,0,0,0,0
"Bodianus_pulchellus",0,0,0,0,0,0,0,0
"Bodianus_diplotaenia",0,0,0,0,0,0,0,0
"Bodianus_rufus",0,0,0,0,0,0,0,0
"Clepticus_brasiliensis",0,0,0,0,0,0,0,0
"Choerodon_anchorago",0,0,0,0,0,0,0,0
"Choerodon_schoenleinii",0,0,0,0,0,0,0,0
"Neoodax_balteatus",0,0,0,0,0,0,0,0
"Haletta_semifasciata",0,0,0,0,0,0,0,0
"Siphonognathus_beddomei",52.7531895202717,638123115.303159,0.0866226356484073,0.904018527633221,0.118984999192234,0,0,0
"Decodon_puellaris",0,0,0,0,0,0,0,0
"Achoerodus_viridis",0,0,0,0,0,0,0,0
"Achoerodus_gouldii",0,0,0,0,0,0,0,0
"Triathalassothia_argentina",193.313701841833,119676222.823541,1.08629272157938,4.21623316047404,4.53037718218841,0,0,0
"Potamobatrachus_trispinosus",0,0,0,0,0,0,0,0
"Halophryne_diemensis",0,0,0,0,0,0,0,0
"Halophryne_hutchinsi",0,0,0,0,0,0,0,0
"Batrachomoeus_occidentalis",0,0,0,0,0,0,0,0
"Batrachoides_surinamensis",0,0,0,0,0,0,0,0
"Batrachoides_pacifici",0,0,0,0,0,0,0,0
"Batrachoides_liberiensis",0,0,0,0,0,0,0,0
"Batrachoides_goldmani",117.220331834854,16664517.7112814,0.670792533724718,3.16795186956178,3.3106654536786,0,0,0
"Batrachoides_boulengeri",0,0,0,0,0,0,0,0
"Batrachoides_gilberti",0,0,0,0,0,0,0,0
"Aphos_porosus",0,0,0,0,0,0,0,0
"Porichthys_margaritatus",0,0,0,0,0,0,0,0
"Porichthys_greenei",0,0,0,0,0,0,0,0
"Porichthys_ephippiatus",69.796631405104,26872732.8058282,0.635995734279786,1.83454028170186,4.31791464695449,0,0,0
"Porichthys_analis",0,0,0,0,0,0,0,0
"Porichthys_plectrodon",0,0,0,0,0,0,0,0
"Daector_reticulata",0,0,0,0,0,0,0,0
"Daector_gerringi",0,0,0,0,0,0,0,0
"Daector_quadrizonatus",15.3316752019604,5100599.14268652,0.132449413099146,0.394254461454275,0.724327731007047,0,0,0
"Daector_dowi",0,0,0,0,0,0,0,0
"Thalassophryne_punctata",0,0,0,0,0,0,0,0
"Thalassophryne_amazonica",0,0,0,0,0,0,0,0
"Thalassophryne_nattereri",0,0,0,0,0,0,0,0
"Porichthys_porosissimus",0,0,0,0,0,0,0,0
"Opsanus_beta",0,0,0,0,0,0,0,0
"Chatrabus_hendersoni",0,0,0,0,0,0,0,0
"Batrichthys_apiatus",92.590337810152,26254682.7880233,1.09604872194545,3.23957865724848,4.82932497289787,0,0,0
"Typhliasina_pearsei",0,0,0,0,0,0,0,1.04967789624128
"Ogilbia_ventralis",0,0,0,0,0,0,0,1.42459218565378
"Dactylosurculus_gomoni",0,0,0,0,0,0,0,1.52902409251292
"Otophidium_chickcharney",0,0,0,0,0,0,0,0
"Otophidium_indefatigabile",0,0,0,0,0,0,0,0
"Neobythites_ocellatus",0,0,0,0,0,0,0,0
"Lepophidium_prorates",0,0,0,0,0,0,0,0
"Lepophidium_pheromystax",0,0,0,0,0,0,0,0
"Lepophidium_aporrhox",0,0,0,0,0,0,0,0
"Ophidion_imitator",0,0,0,0,0,0,0,0
"Genypterus_blacodes",0,0,0,0,0,0,0,0
"Dicrolene_filamentosa",0,0,0,0,0,0,0,0
"Brotula_multibarbata",0,0,0,0,0,0,0,0
"Stygnobrotula_latebricola",0,0,0,0,0,0,0,0
"Brosmophyciops_pautzkei",0,0,0,0,0,0,0,0
"Trachichthys_australis",0,0,0,0,0,0,0,0
"Hoplostethus_mento",56.2770337801599,512264192.490008,0.230053736537684,4.33372298792058,0.631993974533542,0,0,0
"Anoplogaster_cornuta",0,0,0,0,0,0,0,0.0258048956404792
"Cleidopus_gloriamaris",0,0,0,0,0,0,0,0
"Neoniphon_vexillarium",0,0,0,0,0,0,0,0
"Sargocentron_diadema",0,0,0,0,0,0,0,0
"Sargocentron_punctatissimum",0,0,0,0,0,0,0,0
"Neoniphon_sammara",0,0,0,0,0,0,0,0
"Sargocentron_suborbitale",0,0,0,0,0,0,0,0
"Holocentrus_rufus",0,0,0,0,0,0,0,0
"Holocentrus_adscensionis",0,0,0,0,0,0,0,0
"Sargocentron_caudimaculatum",0,0,0,0,0,0,0,0
"Sargocentron_tiereoides",0,0,0,0,0,0,0,0
"Sargocentron_rubrum",0,0,0,0,0,0,0,0
"Myripristis_robusta",0,0,0,0,0,0,0,0
"Myripristis_clarionensis",0,0,0,0,0,0,0,0
"Myripristis_violacea",0,0,0,0,0,0,0,0
"Myripristis_leiognathus",0,0,0,0,0,0,0,0
"Myripristis_kuntee",0,0,0,0,0,0,0,0
"Myripristis_jacobus",0,0,0,0,0,0,0,0
"Myripristis_chryseres",0,0,0,0,0,0,0,0
"Coelorinchus_caribbaeus",0,0,0,0,0,0,0,0
"Coryphaenoides_rudis",0,0,0,0,0,0,0,0
"Coryphaenoides_zaniophorus",0,0,0,0,0,0,0,0
"Nezumia_cyrano",0,0,0,0,0,0,0,0
"Nezumia_bairdii",0,0,0,0,0,0,0,0
"Bregmaceros_cantori",0,0,0,0,0,0,0,0.466840868596522
"Steindachneria_argentea",0,0,0,0,0,0,0,0.0368774529382337
"Eleginus_gracilis",0,0,0,0,0,0,0,0
"Microgadus_tomcod",0,0,0,0,0,0,0,0
"Lota_lota",0,0,0,0,0,0,0,0
"Urophycis_floridana",0,0,0,0,0,0,0,0
"Urophycis_brasiliensis",0,0,0,0,0,0,0,0
"Salilota_australis",0,0,0,0,0,0,0,0
"Pseudophycis_breviuscula",0,0,0,0,0,0,0,0
"Pseudophycis_bachus",0,0,0,0,0,0,0,0
"Laemonema_goodebeanorum",0,0,0,0,0,0,0,0
"Grammicolepis_brachiusculus",0,0,0,0,0,0,0,0.0324257338616988
"Xenolepidichthys_dalgleishi",0,0,0,0,0,0,0,0.211730319165978
"Forbesichthys_agassizii",0,0,0,0,0,0,0,0
"Amblyopsis_spelaea",0,0,0,0,0,0,0,0
"Typhlichthys_subterraneus",0,0,0,0,0,0,0,0
"Speoplatyrhinus_poulsoni",0,0,0,0,0,0,0,0
"Amblyopsis_rosae",0,0,0,0,0,0,0,0
"Chologaster_cornuta",0,0,0,0,0,0,0,0
"Aphredoderus_sayanus",0,0,0,0,0,0,0,0
"Percopsis_omiscomaycus",0,0,0,0,0,0,0,0
"Percopsis_transmontana",0,0,0,0,0,0,0,0
"Polymixia_nobilis",0,0,0,0,0,0,0,0
"Scopelopsis_multipunctatus",0,0,0,0,0,0,0,0
"Lobianchia_gemellarii",0,0,0,0,0,0,0,0
"Trachinocephalus_myops",0,0,0,0,0,0,0,0
"Parasudis_truculenta",0,0,0,0,0,0,0,0.0984625860958064
"Bathypterois_parini",156.113080563302,271611689.641558,0.335980673551611,4.79875026802261,0.576915091955854,0,0,0
"Bathypterois_atricolor",0,0,0,0,0,0,0,0
"Synodus_scituliceps",0,0,0,0,0,0,0,0
"Synodus_evermanni",0,0,0,0,0,0,0,0
"Synodus_lacertinus",0,0,0,0,0,0,0,0
"Synodus_variegatus",0,0,0,0,0,0,0,0
"Synodus_foetens",0,0,0,0,0,0,0,0
"Harpadon_nehereus",0,0,0,0,0,0,0,0
"Saurida_gracilis",0,0,0,0,0,0,0,0
"Ijimaia_antillarum",0,0,0,0,0,0,0,0.0423063503407097
"Galaxias_globiceps",0,0,0,0,0,0,0,0
"Galaxias_fontanus",0,0,0,0,0,0,0,0
"Galaxias_pullus",5.24933759608813,8046267.12089704,0.0162048017693775,0.190029992116398,0.0516557760003268,0,0,0
"Galaxias_anomalus",0,0,0,0,0,0,0,0
"Galaxias_eldoni",0,0,0,0,0,0,0,0
"Galaxias_neocaledonicus",0,0,0,0,0,0,0,0
"Galaxias_brevipinnis",0,0,0,0,0,0,0,0
"Galaxias_niger",0.550703501867763,329545.285069349,0.00421544022814652,0.038417823424142,0.0138336403278966,0,0,0
"Galaxias_johnstoni",0,0,0,0,0,0,0,0
"Galaxias_pedderensis",0,0,0,0,0,0,0,0
"Galaxias_depressiceps",0,0,0,0,0,0,0,0
"Galaxias_vulgaris",0,0,0,0,0,0,0,0
"Galaxias_gollumoides",7.87774020946535,6568671.010269,0.0304288495410227,0.329876793087137,0.111323848246671,0,0,0
"Galaxias_paucispondylus",0,0,0,0,0,0,0,0
"Galaxias_divergens",0,0,0,0,0,0,0,0
"Galaxias_macronasus",0,0,0,0,0,0,0,0
"Galaxias_cobitinis",11.178428324649,10684086.6930324,0.0414418663012461,0.445593834022154,0.132729933966883,0,0,0
"Galaxias_prognathus",0,0,0,0,0,0,0,0
"Galaxias_postvectis",0,0,0,0,0,0,0,0
"Galaxias_argenteus",0,0,0,0,0,0,0,0
"Galaxias_fasciatus",0,0,0,0,0,0,0,0
"Galaxias_truttaceus",0,0,0,0,0,0,0,0
"Galaxias_auratus",0,0,0,0,0,0,0,0
"Galaxias_tanycephalus",0,0,0,0,0,0,0,0
"Galaxias_maculatus",0,0,0,0,0,0,0,0
"Galaxias_rostratus",0,0,0,0,0,0,0,0
"Galaxias_occidentalis",0,0,0,0,0,0,0,0
"Paragalaxias_julianus",0,0,0,0,0,0,0,0
"Paragalaxias_mesotes",0,0,0,0,0,0,0,0
"Paragalaxias_eleotroides",0,0,0,0,0,0,0,0
"Paragalaxias_dissimilis",0,0,0,0,0,0,0,0
"Galaxias_parvus",0,0,0,0,0,0,0,0
"Galaxias_olidus",0,0,0,0,0,0,0,0
"Galaxias_platei",0,0,0,0,0,0,0,0
"Neochanna_burrowsius",0,0,0,0,0,0,0,0
"Neochanna_rekohua",3.34619835851664,11534593.6063168,0.0390818673276412,0.289418787009947,0.104019290057369,0,0,0
"Neochanna_diversus",0,0,0,0,0,0,0,0
"Neochanna_heleios",0,0,0,0,0,0,0,0
"Neochanna_apoda",0,0,0,0,0,0,0,0
"Neochanna_cleaveri",0,0,0,0,0,0,0,0
"Galaxias_zebratus",0,0,0,0,0,0,0,0
"Brachygalaxias_bullocki",0,0,0,0,0,0,0,0
"Galaxiella_munda",0,0,0,0,0,0,0,0
"Galaxiella_nigrostriata",0,0,0,0,0,0,0,0
"Galaxiella_pusilla",0,0,0,0,0,0,0,0
"Aplochiton_zebra",0,0,0,0,0,0,0,0
"Aplochiton_taeniatus",0,0,0,0,0,0,0,0
"Lovettia_sealii",0,0,0,0,0,0,0,0
"Neosalanx_hubbsi",1.43198396483797,31343154.5863865,0.0890516760617638,0.308577302476943,0.186526374220719,0,0,0
"Neosalanx_brevirostris",0,0,0,0,0,0,0,0
"Neosalanx_pseudotaihuensis",0,0,0,0,0,0,0,0
"Neosalanx_taihuensis",0,0,0,0,0,0,0,0
"Neosalanx_tangkahkeii",0,0,0,0,0,0,0,0
"Neosalanx_jordani",0,0,0,0,0,0,0,0
"Neosalanx_anderssoni",0,0,0,0,0,0,0,0
"Protosalanx_chinensis",0,0,0,0,0,0,0,0
"Protosalanx_hyalocranius",0,0,0,0,0,0,0,0
"Neosalanx_oligodontis",0,10595399.1349101,0.0900479554350318,0.211642380210815,0.181833075206984,0,0,0
"Salanx_chinensis",0,0,0,0,0,0,0,0
"Hemisalanx_brachyrostralis",0,0,0.000892935389124306,0,0.00217813448535841,0,0,0
"Salanx_prognathus",0,0,0,0,0,0,0,0
"Salanx_cuvieri",0,0,0,0,0,0,0,0
"Salanx_ariakensis",0,0,0,0,0,0,0,0
"Salangichthys_microdon",0,0,0,0,0,0,0,0
"Plecoglossus_altivelis",0,0,0,0,0,0,0,0.0700057830317632
"Spirinchus_thaleichthys",0,0,0,0,0,0,0,0
"Thaleichthys_pacificus",0,0,0,0,0,0,0,0
"Osmerus_mordax",0,0,0,0,0,0,0,0
"Osmerus_dentex",0,0,0,0,0,0,0,0
"Osmerus_eperlanus",0,0,0,0,0,0,0,0
"Hypomesus_transpacificus",0,0,0,0,0,0,0,0
"Hypomesus_olidus",0,0,0,0,0,0,0,0
"Hypomesus_nipponensis",0,0,0,0,0,0,0,0
"Retropinna_retropinna",0,0,0,0,0,0,0,0
"Stokellia_anisodon",0,0,0,0,0,0,0,0
"Retropinna_semoni",0,0,0,0,0,0,0,0
"Retropinna_tasmanica",0,0,0,0,0,0,0,0
"Prototroctes_maraena",0,0,0,0,0,0,0,0
"Prototroctes_oxyrhynchus",0,0,0,0,0,0,0,0
"Parahucho_perryi",0,0,0,0,0,0,0,0
"Hucho_ishikawae",0,0,0,0,0,0,0,0
"Oncorhynchus_masou",0,0,0,0,0,0,0,0
"Oncorhynchus_aguabonita",0,0,0,0,0,0,0,0
"Oncorhynchus_apache",0,0,0,0,0,0,0,0
"Oncorhynchus_gilae",0,0,0,0,0,0,0,0
"Oncorhynchus_mykiss",0,0,0,0,0,0,0,0
"Oncorhynchus_chrysogaster",0,0,0,0,0,0,0,0
"Oncorhynchus_clarkii",0,0,0,0,0,0,0,0
"Oncorhynchus_kisutch",0,0,0,0,0,0,0,0
"Oncorhynchus_tshawytscha",0,0,0,0,0,0,0,0
"Oncorhynchus_gorbuscha",0,0,0,0,0,0,0,0
"Oncorhynchus_keta",0,0,0,0,0,0,0,0
"Oncorhynchus_nerka",0,0,0,0,0,0,0,0
"Oncorhynchus_rhodurus",0,0,0,0,0,0,0,0
"Salmo_peristericus",0,0,0,0,0,0,0,0
"Salmo_pelagonicus",0,0,0,0,0,0,0,0
"Salmo_macedonicus",0,0,0,0,0,0,0,0
"Salmo_lumi",0,0,0,0,0,0,0,0
"Salmo_lourosensis",0,0,0,0,0,0,0,0
"Salmo_letnica",0,0,0,0,0,0,0,0
"Salmo_ischchan",0,0,0,0,0,0,0,0
"Salmo_farioides",0,0,0,0,0,0,0,0
"Salmo_dentex",0,0,0,0,0,0,0,0
"Salmo_cettii",0,0,0,0,0,0,0,0
"Salmo_caspius",0,0,0,0,0,0,0,0
"Salmo_balcanicus",0,0,0,0,0,0,0,0
"Salmo_aphelios",0,0,0,0,0,0,0,0
"Salmo_abanticus",21.2170245302557,4005038.38841799,0.0370761104149191,0.801105178654963,0.973879607598592,0,0,0
"Salmo_macrostigma",0,0,0,0,0,0,0,0
"Salmo_marmoratus",0,0,0,0,0,0,0,0
"Salmo_carpio",0,0,0,0,0,0,0,0
"Salmo_obtusirostris",0,0,0,0,0,0,0,0
"Salmo_ohridanus",0,0,0,0,0,0,0,0
"Salmo_trutta",0,0,0,0,0,0,0,0
"Salmo_labrax",0,0,0,0,0,0,0,0
"Salmo_salar",0,0,0,0,0,0,0,0
"Salvelinus_tolmachoffi",52.7636287968576,3965513.472647,0.0338076478624055,1.20849546030144,0.72499172689709,0,0,0
"Salvelinus_taimyricus",68.2006671027042,6544949.52170251,0.0331392512764763,1.30980918429231,0.720049031212504,0,0,0
"Salvelinus_leucomaenis",0,0,0,0,0,0,0,0
"Salvelinus_japonicus",0,0,0,0,0,0,0,0
"Salvelinus_jacuticus",0,0,0,0,0,0,0,0
"Salvelinus_czerskii",0,0,0,0,0,0,0,0
"Salvelinus_alpinus",0,0,0,0,0,0,0,0
"Salvelinus_agassizii",68.2006671027042,6544949.52170251,0.0331392512764763,1.30980918429231,0.720049031212504,0,0,0
"Salvelinus_confluentus",0,0,0,0,0,0,0,0
"Salvelinus_elgyticus",0,0,0,0,0,0,0,0
"Salvelinus_boganidae",5.88264892461783,588445.86977015,0.00308762143530187,0.136564077749478,0.0664398225298179,0,0,0
"Salvelinus_taranetzi",6.54926945498758,702739.24837107,0.0031026393687428,0.142469182727447,0.0674192281797932,0,0,0
"Salvelinus_neiva",0,0,0,0,0,0,0,0
"Salvelinus_drjagini",18.5754539199792,3144205.14646032,0.00668444350847271,0.309295768156198,0.142340580786625,0,0,0
"Salvelinus_schmidti",12.9855348382938,1472869.54378089,0.00693721327298891,0.279431903277898,0.14690938382039,0,0,0
"Salvelinus_kronocius",13.1774272950995,1498806.92611313,0.00703240244637692,0.283792353415331,0.148966957887339,0,0,0
"Salvelinus_malma",0,0,0,0,0,0,0,0
"Salvelinus_albus",17.73144281657,2772966.83539345,0.00840128432842802,0.462435502977547,0.189572945460312,0,0,0
"Salvethymus_svetovidovi",0,0,0,0,0,0,0,0
"Salvelinus_levanidovi",93.5758439776993,9303469.07123441,0.024483972827098,1.57794251340191,0.643175408557005,0,0,0
"Salvelinus_namaycush",0,0,0,0,0,0,0,0
"Salvelinus_fontinalis",0,0,0,0,0,0,0,0
"Brachymystax_tumensis",0,2727599.58900364,0.0122713347073588,0,0.151862776345945,0,0,0
"Brachymystax_savinovi",0,0,0,0,0,0,0,0
"Brachymystax_lenok",0,0,0,0,0,0,0,0
"Hucho_hucho",0,0,0,0,0,0,0,0
"Hucho_taimen",0,0,0,0,0,0,0,0
"Hucho_bleekeri",0,0,0,0,0,0,0,0
"Thymallus_yaluensis",0,0,0,0,0,0,0,0
"Thymallus_pallasii",48.217519838015,53553918.1885241,0.0368185105113312,1.4262823848343,0.290614517421978,0,0,0
"Thymallus_nigrescens",0,0,0,0,0,0,0,0
"Thymallus_grubii",0,0,0,0,0,0,0,0
"Thymallus_baicalensis",0,0,0,0,0,0,0,0
"Thymallus_brevirostris",0,0,0,0,0,0,0,0
"Thymallus_arcticus",0,0,0,0,0,0,0,0
"Thymallus_thymallus",0,0,0,0,0,0,0,0
"Coregonus_zuerichensis",0,0,0,0,0,0,0,0
"Coregonus_tugun",0,0,0,0,0,0,0,0
"Coregonus_renke",0,0,0,0,0,0,0,0
"Coregonus_reighardi",0,0,0,0,0,0,0,0
"Coregonus_pallasii",0,0,0,0,0,0,0,0
"Coregonus_nipigon",0,0,0,0,0,0,0,0
"Coregonus_nelsonii",0,0,0,0,0,0,0,0
"Coregonus_maraenoides",49.2770867251528,1066481494.0171,0.0236378857080811,1.43129021469153,0.118597041614426,0,0,0
"Coregonus_maraena",0,0,0,0,0,0,0,0
"Coregonus_johannae",0,0,0,0,0,0,0,0
"Coregonus_fera",0,0,0,0,0,0,0,0
"Coregonus_artedi",0,0,0,0,0,0,0,0
"Coregonus_alpenae",0,0,0,0,0,0,0,0
"Coregonus_oxyrinchus",0,0,0,0,0,0,0,0
"Coregonus_pidschian",0,0,0,0,0,0,0,0
"Coregonus_muksun",0,0,0,0,0,0,0,0
"Coregonus_lavaretus",0,0,0,0,0,0,0,0
"Coregonus_clupeaformis",0,0,0,0,0,0,0,0
"Coregonus_migratorius",0,0,0,0,0,0,0,0
"Coregonus_ussuriensis",0,0,0,0,0,0,0,0
"Coregonus_chadary",0,0,0,0,0,0,0,0
"Coregonus_nasus",0,0,0,0,0,0,0,0
"Coregonus_albula",0,0,0,0,0,0,0,0
"Coregonus_peled",0,0,0,0,0,0,0,0
"Coregonus_sardinella",0,0,0,0,0,0,0,0
"Coregonus_zenithicus",0,0,0,0,0,0,0,0
"Coregonus_kiyi",0,0,0,0,0,0,0,0
"Coregonus_nigripinnis",0,0,0,0,0,0,0,0
"Coregonus_hoyi",0,0,0,0,0,0,0,0
"Coregonus_autumnalis",0,0,0,0,0,0,0,0
"Coregonus_pollan",0,0,0,0,0,0,0,0
"Coregonus_laurettae",0,0,0,0,0,0,0,0
"Stenodus_leucichthys",0,0,0,0,0,0,0,0
"Stenodus_nelma",0,0,0,0,0,0,0,0
"Prosopium_abyssicola",0,0,0,0,0,0,0,0
"Prosopium_spilonotus",0,0,0,0,0,0,0,0
"Prosopium_gemmifer",0,0,0,0,0,0,0,0
"Prosopium_williamsoni",0,0,0,0,0,0,0,0
"Prosopium_cylindraceum",0,0,0,0,0,0,0,0
"Prosopium_coulterii",0,0,0,0,0,0,0,0
"Esox_americanus",0,0,0,0,0,0,0,0
"Esox_lucius",0,0,0,0,0,0,0,0
"Esox_reichertii",0,0,0,0,0,0,0,0
"Esox_masquinongy",0,0,0,0,0,0,0,0
"Esox_niger",0,0,0,0,0,0,0,0
"Novumbra_hubbsi",0,0,0,0,0,0,0,0
"Dallia_pectoralis",0,0,0,0,0,0,0,0
"Umbra_limi",0,0,0,0,0,0,0,0
"Umbra_pygmaea",0,0,0,0,0,0,0,0
"Umbra_krameri",0,0,0,0,0,0,0,0
"Argentina_brucei",0,0,0,0,0,0,0,0
"Lepidogalaxias_salamandroides",0,0,0,0,0,0,0,0
"Yaoshania_pachychilus",0,0,0,0,0,0,0,0.598413850750889
"Thryssocypris_tonlesapensis",0,0,0,0,0,0,0,0
"Thryssocypris_smaragdinus",0,0,0,0,0,0,0,0
"Sundadanio_axelrodi",0,0,0,0,0,0,0,2.73900554283361
"Stypodon_signifer",0,0,0,0,0,0,0,0
"Sarmarutilus_rubilio",0,0,0,0,0,0,0,0
"Salmostoma_untrahi",0,0,0,0,0,0,0,0
"Salmostoma_sladoni",121.859967187147,349311609.284515,0.366859992982434,4.32536977838263,1.15058152973535,0,0,0
"Salmostoma_sardinella",0,0,0,0,0,0,0,0
"Salmostoma_punjabense",77.1752658482015,134491927.331485,0.379385949956333,3.7748950943071,1.18724642593851,0,0,0
"Salmostoma_phulo",0,0,0,0,0,0,0,0
"Salmostoma_orissaense",108.230362740303,273403829.392646,0.370111364858211,4.17586196610913,1.15975407507146,0,0,0
"Salmostoma_novacula",0,0,0,0,0,0,0,0
"Salmostoma_horai",0,0,0,0,0,0,0,0
"Salmostoma_boopis",0,0,0,0,0,0,0,0
"Salmostoma_belachi",0,0,0,0,0,0,0,0
"Salmostoma_balookee",0,0,0,0,0,0,0,0
"Salmostoma_bacaila",0,0,0,0,0,0,0,0
"Salmostoma_acinaces",0,0,0,0,0,0,0,0
"Rasborichthys_helfrichii",0,0,0,0,0,0,0,0
"Pseudorhodeus_tanago",0,0,0,0,0,0,0,0
"Protomyzon_whiteheadi",0,0,0,0,0,0,0,0.814487057578807
"Protomyzon_griswoldi",0,0,0,0,0,0,0,0.516511549494712
"Protomyzon_borneensis",74.9811368771918,95397736.4501846,0.376967760548546,3.72087322610328,1.26781226354636,0,0,0.733432959837067
"Protomyzon_aphelocheilus",65.7776800766514,69568088.9258512,0.380135683356699,3.60283388935246,1.29930527609262,0,0,1.07298409118214
"Pogobrama_barbatula",0,0,0,0,0,0,0,0
"Plesiomyzon_baotingensis",0,0,0,0,0,0,0,1.25217792506397
"Parhomaloptera_microstoma",0,0,0,0,0,0,0,0.458451583472199
"Paratanakia_himantegus",0,0,0,0,0,0,0,0
"Parasewellia_monolobata",80.8497202364836,114416383.206928,0.375161377561229,3.79147279452073,1.25043035258773,0,0,0.591664923186835
"Paraprotomyzon_multifasciatus",0,0,0,0,0,0,0,0.61118180048496
"Paraprotomyzon_lungkowensis",0,0,0,0,0,0,0,0.589763778008728
"Paraleucogobio_notacanthus",136.115189562521,328936317.384406,0.360377293738114,4.55192972134973,1.22322952653595,0,0,0
"Paedocypris_progenetica",30.6563964418558,11004946.9400557,0.398983744363169,2.9617595275646,1.48385923304603,0,0,8.61856562885933
"Oreoleuciscus_potanini",0,0,0,0,0,0,0,0
"Oreoleuciscus_humilis",0,0,0,0,0,0,0,0
"Oreoleuciscus_dsapchynensis",0,0,0,0,0,0,0,0
"Oreoleuciscus_angusticephalus",231.748209442548,1014111357.50055,0.346709369608865,5.32678469150718,1.17463003909688,0,0,0
"Neogastromyzon_pauciradiatus",0,0,0,0,0,0,0,0.587364103185166
"Neogastromyzon_nieuwenhuisii",72.0350728913032,86613283.4779999,0.377936616954467,3.68473850047475,1.27754715311569,0,0,0.825521608839449
"Neogastromyzon_chini",0,0,0,0,0,0,0,0.953216805161771
"Neochela_dadiburjori",0,0,0,0,0,0,0,0
"Mirogrex_terraesanctae",0,0,0,0,0,0,0,0
"Mirogrex_hulensis",0,0,0,0,0,0,0,0
"Megarasbora_elanga",184.239461423798,830574335.004836,0.355998765278008,4.92639221723064,1.12838778397134,0,0,0
"Longiculter_siahi",0,0,0,0,0,0,0,0
"Leucos_ylikiensis",0,0,0,0,0,0,0,0
"Leucos_panosi",0,0,0,0,0,0,0,0
"Leucos_basak",0,0,0,0,0,0,0,0
"Leucos_aula",0,0,0,0,0,0,0,0
"Leucalburnus_satunini",148.111326805402,391425520.471677,0.357877657490735,4.58042381733587,1.18615394727898,0,0,0
"Laubuka_laubuca",0,0,0,0,0,0,0,0
"Laubuka_fasciata",0,0,0,0,0,0,0,0
"Laubuka_caeruleostigmata",0,0,0,0,0,0,0,0
"Ladislavia_taczanowskii",0,0,0,0,0,0,0,0
"Ladigesocypris_mermere",157.583227176173,443602771.355634,0.356185148805299,4.66200905653901,1.1806145634071,0,0,0
"Ladigesocypris_irideus",0,0,0,0,0,0,0,0
"Katibasia_insidiosa",0,0,0,0,0,0,0,1.46023265033593
"Inlecypris_jayarami",0,0,0,0,0,0,0,0
"Hypergastromyzon_humilis",0,0,0,0,0,0,0,1.24280313965825
"Gymnodanio_strigatus",89.4009071284099,221763230.358311,0.377741740949305,3.90194208861562,1.12485160105943,0,0,0
"Evarra_tlahuacensis",0,0,0,0,0,0,0,0
"Evarra_eigenmanni",0,0,0,0,0,0,0,0
"Evarra_bustamantei",0,0,0,0,0,0,0,0
"Ericymba_amplamala",0,0,0,0,0,0,0,0
"Eremichthys_acros",0,0,0,0,0,0,0,0
"Cultrichthys_compressocorpus",0,0,0,0,0,0,0,0
"Capoetobrama_kuschakewitschi",0,0,0,0,0,0,0,0
"Atrilinea_roulei",0,0,0,0,0,0,0,0
"Atrilinea_macrolepis",0,0,0,0,0,0,0,0
"Aspiolucius_esocinus",0,0,0,0,0,0,0,0
"Annamia_thuathienensis",90.7193640192214,151045562.209785,0.372411518689942,3.90079522028688,1.22384709315722,0,0,0.423913107809758
"Annamia_normani",0,0,0,0,0,0,0,0.446487049321062
"Anabarilius_yangzonensis",0,0,0,0,0,0,0,0
"Anabarilius_xundianensis",0,0,0,0,0,0,0,0
"Anabarilius_transmontanus",0,0,0,0,0,0,0,0
"Anabarilius_songmingensis",0,0,0,0,0,0,0,0
"Anabarilius_qionghaiensis",0,0,0,0,0,0,0,0
"Anabarilius_qiluensis",0,0,0,0,0,0,0,0
"Anabarilius_polylepis",0,0,0,0,0,0,0,0
"Anabarilius_maculatus",0,0,0,0,0,0,0,0
"Anabarilius_macrolepis",0,0,0,0,0,0,0,0
"Anabarilius_longicaudatus",0,0,0,0,0,0,0,0
"Anabarilius_liui",0,0,0,0,0,0,0,0
"Anabarilius_grahami",0,0,0,0,0,0,0,0
"Anabarilius_brevianalis",0,0,0,0,0,0,0,0
"Anabarilius_andersoni",0,0,0,0,0,0,0,0
"Anabarilius_alburnops",0,0,0,0,0,0,0,0
"Xenobarbus_loveridgei",0,0,0,0,0,0,0,0
"Vinagarra_laichowensis",60.730352399384,126459751.951452,0.310187020670596,3.11830619309897,0.996782695211024,0,0,0
"Typhlobarbus_nudiventris",0,0,0,0,0,0,0,0
"Troglocyclocheilus_khammouanensis",0,0,0,0,0,0,0,0
"Tariqilabeo_bicornis",0,0,0,0,0,0,0,0
"Tariqilabeo_latius",0,0,0,0,0,0,0,0
"Striuntius_lateristriga",0,0,0,0,0,0,0,0
"Striuntius_lineatus",0,0,0,0,0,0,0,0
"Sinilabeo_cirrhinoides",0,0,0,0,0,0,0,0
"Sinilabeo_longibarbatus",110.560820528506,791953216.058845,0.221269010141843,3.55334777314088,0.76038823300479,0,0,0
"Semiplotus_modestus",114.050944305476,474349949.17297,0.296336965602937,3.81184460159067,0.970592628279632,0,0,0
"Sedercypris_calidus",0,0,0,0,0,0,0,0
"Sedercypris_erubescens",0,0,0,0,0,0,0,0
"Schizopyge_niger",0,0,0,0,0,0,0,0
"Scaphiodonichthys_macracanthus",0,0,0,0,0,0,0,0
"Scaphiodonichthys_acanthopterus",0,0,0,0,0,0,0,0
"Scaphiodonichthys_burmanicus",0,0,0,0,0,0,0,0
"Rohteichthys_microlepis",0,0,0,0,0,0,0,0
"Rohtee_ogilbii",0,0,0,0,0,0,0,0
"Puntigrus_tetrazona",0,0,0,0,0,0,0,0
"Puntigrus_anchisporus",0,0,0,0,0,0,0,0
"Puntigrus_partipentazona",0,0,0,0,0,0,0,0
"Prolabeops_melanhypopterus",0,0,0,0,0,0,0,0
"Prolabeops_nyongensis",0,0,0,0,0,0,0,0
"Prolabeo_batesi",0,0,0,0,0,0,0,0
"Parator_zonatus",0,0,0,0,0,0,0,0
"Parasikukia_maculata",47.062167628341,76303242.8915353,0.316651275297127,2.96618970803725,1.04589629167686,0,0,0
"Paracapoeta_trutta",0,0,0,0,0,0,0,0
"Paracapoeta_barroisi",0,0,0,0,0,0,0,0
"Paracapoeta_erhani",0,0,0,0,0,0,0,0
"Osteochilichthys_brevidorsalis",0,0,0,0,0,0,0,0
"Osteochilichthys_thomassi",0,0,0,0,0,0,0,0
"Neobarynotus_microlepis",0,0,0,0,0,0,0,0
"Naziritor_chelynoides",0,0,0,0,0,0,0,0
"Naziritor_zhobensis",200.288308744227,1782367282.41258,0.21926774146243,4.39711335615994,1.19888188734458,0,0,0
"Namaquacypris_hospes",0,0,0,0,0,0,0,0
"Luciocyprinus_langsoni",0,0,0,0,0,0,0,0
"Luciocyprinus_striolatus",0,0,0,0,0,0,0,0
"Lepidopygopsis_typus",0,0,0,0,0,0,0,0
"Laocypris_hispida",0,0,0,0,0,0,0,0
"Kalimantania_lawak",74.3245981556236,196499298.294234,0.306046881332944,3.38334444083118,1.00873784305945,0,0,0
"Gymnostomus_ariza",0,0,0,0,0,0,0,0
"Gymnostomus_fulungee",0,0,0,0,0,0,0,0
"Enteromius_zanzibaricus",0,0,0,0,0,0,0,0
"Enteromius_zalbiensis",0,0,0,0,0,0,0,0
"Enteromius_yongei",0,0,0,0,0,0,0,0
"Enteromius_yeiensis",14.3118385135513,2985678.80962226,0.152681208840054,0.647936520820956,0.387424107682697,0,0,0
"Enteromius_walkeri",0,0,0,0,0,0,0,0
"Enteromius_viviparus",0,0,0,0,0,0,0,0
"Enteromius_viktorianus",20.4967432816344,6274133.56797323,0.148647284906986,0.719141093407018,0.377038878276483,0,0,0
"Enteromius_venustus",0,0,0,0,0,0,0,0
"Enteromius_vanderysti",24.7098442138463,9247434.97629639,0.14659574714624,0.758977917483164,0.371489577135526,0,0,0
"Enteromius_usambarae",13.296848323892,2561946.6246788,0.153518184605253,0.634568421462022,0.389908340740297,0,0,0
"Enteromius_urostigma",28.4244502125456,12436529.3333195,0.145107332406326,0.790380277169652,0.367140132067842,0,0,0
"Enteromius_unitaeniatus",0,0,0,0,0,0,0,0
"Enteromius_turkanae",0,0,0,0,0,0,0,0
"Enteromius_trispilos",0,0,0,0,0,0,0,0
"Enteromius_trispilopleura",15.4198457658745,3480668.4894587,0.151831502317206,0.662219802235352,0.385372337623056,0,0,0
"Enteromius_trispilomimus",0,0,0,0,0,0,0,0
"Enteromius_trispiloides",0,0,0,0,0,0,0,0
"Enteromius_trinotatus",23.0520001946973,8006010.3900722,0.147353289987307,0.743768079199061,0.373437153070503,0,0,0
"Enteromius_trimaculatus",0,0,0,0,0,0,0,0
"Enteromius_treurensis",0,0,0,0,0,0,0,0
"Enteromius_traorei",0,0,0,0,0,0,0,0
"Enteromius_toppini",0,0,0,0,0,0,0,0
"Enteromius_tongaensis",12.1021683825656,2108335.92526394,0.154597372171644,0.617375186914261,0.392635152259432,0,0,0
"Enteromius_tomiensis",18.8049842029648,5266873.05805691,0.149619883727529,0.701174707809764,0.379174148820669,0,0,0
"Enteromius_tiekoroi",0,0,0,0,0,0,0,0
"Enteromius_thysi",0,0,0,0,0,0,0,0
"Enteromius_thamalakanensis",0,0,0,0,0,0,0,0
"Enteromius_tetrastigma",18.0285367578069,4827456.55696181,0.150090892329753,0.692595379894284,0.380345849752984,0,0,0
"Enteromius_tetraspilus",16.4725763519945,4004878.15238554,0.15110548573532,0.674982648418005,0.383190075574706,0,0,0
"Enteromius_tegulifer",0,0,0,0,0,0,0,0
"Enteromius_tanapelagius",0,0,0,0,0,0,0,0
"Enteromius_taeniurus",0,0,0,0,0,0,0,0
"Enteromius_taeniopleura",23.7135564087753,8513589.74966941,0.147057778956533,0.749824614307593,0.372417570065636,0,0,0
"Enteromius_syntrechalepis",11.4679737788079,1883335.44407764,0.15521028500332,0.607798771506247,0.394327598511041,0,0,0
"Enteromius_sylvaticus",0,0,0,0,0,0,0,0
"Enteromius_sublineatus",0,0,0,0,0,0,0,0
"Enteromius_subinensis",0,0,0,0,0,0,0,0
"Enteromius_stigmatopygus",0,0,0,0,0,0,0,0
"Enteromius_stauchi",0,0,0,0,0,0,0,0
"Enteromius_stanleyi",28.1703235421445,12204598.2786067,0.145203177049071,0.788321269481068,0.367403384024251,0,0,0
"Enteromius_seymouri",0,0,0,0,0,0,0,0
"Enteromius_sexradiatus",19.9890333380597,5980070.06120453,0.148944634417806,0.713757404451019,0.377414052070099,0,0,0
"Enteromius_serengetiensis",0,0,0,0,0,0,0,0
"Enteromius_salessei",0,0,0,0,0,0,0,0
"Enteromius_rouxi",0,0,0,0,0,0,0,0
"Enteromius_raimbaulti",0,0,0,0,0,0,0,0
"Enteromius_radiatus",0,0,0,0,0,0,0,0
"Enteromius_quadripunctatus",13.2060962736132,2520263.30057944,0.153584898336693,0.633372379763734,0.390297519868318,0,0,0
"Enteromius_quadrilineatus",17.4433565065915,4491758.20724761,0.150440719805523,0.686089009589954,0.381593048846218,0,0,0
"Enteromius_pygmaeus",10.9481608186837,1705854.39591025,0.155731392255134,0.599716933991777,0.395942077069427,0,0,0
"Enteromius_punctitaeniatus",0,0,0,0,0,0,0,0
"Enteromius_pumilus",0,0,0,0,0,0,0,0
"Enteromius_pseudotoppini",0,0,0,0,0,0,0,0
"Enteromius_profundus",0,0,0,0,0,0,0,0
"Enteromius_prionacanthus",0,0,0,0,0,0,0,0
"Enteromius_poechii",0,0,0,0,0,0,0,0
"Enteromius_pobeguini",0,0,0,0,0,0,0,0
"Enteromius_pleurogramma",14.3118385135513,2985678.80962226,0.152681208840054,0.647936520820956,0.387424107682697,0,0,0
"Enteromius_petchkovskyi",0,0,0,0,0,0,0,0
"Enteromius_perince",0,0,0,0,0,0,0,0
"Enteromius_pellegrini",0,0,0,0,0,0,0,0
"Enteromius_parajae",0,0,0,0,0,0,0,0
"Enteromius_parablabes",0,0,0,0,0,0,0,0
"Enteromius_papilio",10.838956311131,1673376.82427069,0.155855631776159,0.597919580653596,0.396102701629088,0,0,0
"Enteromius_paludinosus",0,0,0,0,0,0,0,0
"Enteromius_pallidus",0,0,0,0,0,0,0,0
"Enteromius_owenae",0,910750.365700084,0.152376533160096,0,0.333698284346985,0,0,0
"Enteromius_olivaceus",0,0,0,0,0,0,0,0
"Enteromius_oligogrammus",0,0,0,0,0,0,0,0
"Enteromius_okae",14.3118385135513,2985678.80962226,0.152681208840054,0.647936520820956,0.387424107682697,0,0,0
"Enteromius_nyanzae",0,0,0,0,0,0,0,0
"Enteromius_nounensis",0,0,0,0,0,0,0,0
"Enteromius_niokoloensis",0,0,0,0,0,0,0,0
"Enteromius_nigrifilis",11.1558651737176,1777761.34590378,0.155526276524107,0.602942456793847,0.395183844143438,0,0,0
"Enteromius_nigeriensis",0,0,0,0,0,0,0,0
"Enteromius_neumayeri",0,0,0,0,0,0,0,0
"Enteromius_neglectus",17.2962796448416,4425653.75970788,0.15055228370914,0.684698644493372,0.38190063403989,0,0,0
"Enteromius_neefi",0,0,0,0,0,0,0,0
"Enteromius_musumbi",17.089770601195,4322771.11386876,0.150693716608819,0.682257415705345,0.382127470506974,0,0,0
"Enteromius_multilineatus",0,0,0,0,0,0,0,0
"Enteromius_motebensis",0,0,0,0,0,0,0,0
"Enteromius_mocoensis",19.0747553595064,5419599.6502757,0.149456860853571,0.704126514988603,0.378849505680863,0,0,0
"Enteromius_miolepis",0,0,0,0,0,0,0,0
"Enteromius_mimus",17.5532114518073,4568185.67439785,0.150390113799618,0.687213451851089,0.381090266347083,0,0,0
"Enteromius_melanotaenia",0,0,0,0,0,0,0,0
"Enteromius_mediosquamatus",0,0,0,0,0,0,0,0
"Enteromius_mattozi",0,0,0,0,0,0,0,0
"Enteromius_martorelli",0,0,0,0,0,0,0,0
"Enteromius_marmoratus",19.3742388386035,5603609.67220997,0.149289462187569,0.707293852409032,0.378317658301822,0,0,0
"Enteromius_manicensis",0,0,0,0,0,0,0,0
"Enteromius_magdalenae",22.5228203752685,7670649.15511194,0.14763442306741,0.738549998051421,0.373645030795269,0,0,0
"Enteromius_macrotaenia",16.2204135123546,3880996.38613266,0.151281638974,0.671934192559124,0.383584804325201,0,0,0
"Enteromius_macrops",0,0,0,0,0,0,0,0
"Enteromius_macinensis",0,0,0,0,0,0,0,0
"Enteromius_machadoi",0,0,0,0,0,0,0,0
"Enteromius_luluae",15.2021594832025,3380121.48069173,0.151992818470824,0.659474470537041,0.385768194089709,0,0,0
"Enteromius_lukusiensis",26.9253626915848,11057579.597705,0.145667146818076,0.77819309416097,0.3690518808224,0,0,0
"Enteromius_lukindae",21.2154925861342,6745652.63897832,0.148272159909233,0.72636857331955,0.37598528080995,0,0,0
"Enteromius_lujae",14.5393796068508,3081241.62155128,0.152496221492718,0.650962760662833,0.387069570255648,0,0,0
"Enteromius_luikae",0,0,0,0,0,0,0,0
"Enteromius_lufukiensis",26.9253626915848,11057579.597705,0.145667146818076,0.77819309416097,0.3690518808224,0,0,0
"Enteromius_loveridgii",22.1709266013687,7422837.21225174,0.147809291288732,0.73559938957981,0.374391487396105,0,0,0
"Enteromius_lornae",19.5645439054891,5713262.0254368,0.149176625164142,0.709344252276286,0.378115086808745,0,0,0
"Enteromius_litamba",0,0,0,0,0,0,0,0
"Enteromius_lineomaculatus",0,0,0,0,0,0,0,0
"Enteromius_liberiensis",0,0,0,0,0,0,0,0
"Enteromius_leonensis",0,0,0,0,0,0,0,0
"Enteromius_lauzannei",0,0,0,0,0,0,0,0
"Enteromius_laticeps",20.3045639675293,6171874.11218931,0.148766898256135,0.717057024614936,0.37704719829738,0,0,0
"Enteromius_lamani",25.6698286178193,10019557.6705825,0.146186974127879,0.767415568788571,0.370337008091571,0,0,0
"Enteromius_kuiluensis",0,0,0,0,0,0,0,0
"Enteromius_kissiensis",9.51121257624344,1276205.03724662,0.15737918409033,0.575895034089648,0.400301372327171,0,0,0
"Enteromius_kessleri",0,0,0,0,0,0,0,0
"Enteromius_kerstenii",0,0,0,0,0,0,0,0
"Enteromius_kamolondoensis",24.3769448814327,9007129.95711954,0.146752420974738,0.755913996785598,0.371719774766725,0,0,0
"Enteromius_janssensi",0,0,0,0,0,0,0,0
"Enteromius_jae",0,0,0,0,0,0,0,0
"Enteromius_jacksoni",0,0,0,0,0,0,0,0
"Enteromius_innocens",0,0,0,0,0,0,0,0
"Enteromius_inaequalis",0,0,0,0,0,0,0,0
"Enteromius_humilis",17.632327516625,4611916.74965611,0.150340906526111,0.688108214702829,0.380945066701278,0,0,0
"Enteromius_humeralis",20.3045639675293,6171874.11218931,0.148766898256135,0.717057024614936,0.37704719829738,0,0,0
"Enteromius_hulstaerti",0,0,0,0,0,0,0,0
"Enteromius_huguenyi",0,0,0,0,0,0,0,0
"Enteromius_holotaenia",0,0,0,0,0,0,0,0
"Enteromius_haasianus",0,0,0,0,0,0,0,0
"Enteromius_gurneyi",0,0,0,0,0,0,0,0
"Enteromius_guirali",0,0,0,0,0,0,0,0
"Enteromius_guineensis",0,0,0,0,0,0,0,0
"Enteromius_guildi",0,0,0,0,0,0,0,0
"Enteromius_greenwoodi",0,0,0,0,0,0,0,0
"Enteromius_foutensis",0,0,0,0,0,0,0,0
"Enteromius_fasciolatus",0,0,0,0,0,0,0,0
"Enteromius_eutaenia",0,0,0,0,0,0,0,0
"Enteromius_erythrozonus",0,0,0,0,0,0,0,0
"Enteromius_eburneensis",0,0,0,0,0,0,0,0
"Enteromius_dorsolineatus",23.9427819936613,8732992.50836214,0.146979958954167,0.751723899064595,0.371699393256745,0,0,0
"Enteromius_ditinensis",0,0,0,0,0,0,0,0
"Enteromius_diamouanganai",0,0,0,0,0,0,0,0
"Enteromius_dialonensis",0,0,0,0,0,0,0,0
"Enteromius_deserti",23.7135564087753,8513589.74966941,0.147057778956533,0.749824614307593,0.372417570065636,0,0,0
"Enteromius_deguidei",0,604050.036977453,0.152529944095508,0,0.339218205346754,0,0,0
"Enteromius_condei",0,0,0,0,0,0,0,0
"Enteromius_collarti",0,0,0,0,0,0,0,0
"Enteromius_clauseni",0,0,0,0,0,0,0,0
"Enteromius_citrinus",16.4725763519945,4004878.15238554,0.15110548573532,0.674982648418005,0.383190075574706,0,0,0
"Enteromius_choloensis",40.5893984036819,26379057.6177851,0.141374582651161,0.875302437421774,0.355888103786046,0,0,0
"Enteromius_chlorotaenia",0,0,0,0,0,0,0,0
"Enteromius_chiumbeensis",0,0,0,0,0,0,0,0
"Enteromius_chicapaensis",0,0,0,0,0,0,0,0
"Enteromius_caudosignatus",0,0,0,0,0,0,0,0
"Enteromius_catenarius",0,0,0,0,0,0,0,0
"Enteromius_castrasibutum",17.8395419848089,4709014.81539758,0.150193303875533,0.690573749335903,0.380896516625794,0,0,0
"Enteromius_carens",0,0,0,0,0,0,0,0
"Enteromius_carcharhinoides",0,0,0,0,0,0,0,0
"Enteromius_candens",0,0,0,0,0,0,0,0
"Enteromius_camptacanthus",0,0,0,0,0,0,0,0
"Enteromius_callipterus",0,0,0,0,0,0,0,0
"Enteromius_cadenati",0,0,0,0,0,0,0,0
"Enteromius_brichardi",0,0,0,0,0,0,0,0
"Enteromius_brevipinnis",0,0,0,0,0,0,0,0
"Enteromius_brevilateralis",0,0,0,0,0,0,0,0
"Enteromius_brevidorsalis",0,0,0,0,0,0,0,0
"Enteromius_breviceps",24.3769453611639,9007130.68242428,0.146752420956715,0.755913999619409,0.371719770968091,0,0,0
"Enteromius_brazzai",0,0,0,0,0,0,0,0
"Enteromius_brachygramma",0,0,0,0,0,0,0,0
"Enteromius_bourdariei",0,0,0,0,0,0,0,0
"Enteromius_boboi",0,0,0,0,0,0,0,0
"Enteromius_bigornei",0,0,0,0,0,0,0,0
"Enteromius_bifrenatus",0,0,0,0,0,0,0,0
"Enteromius_bawkuensis",0,0,0,0,0,0,0,0
"Enteromius_baudoni",0,0,0,0,0,0,0,0
"Enteromius_barotseensis",0,0,0,0,0,0,0,0
"Enteromius_barnardi",0,0,0,0,0,0,0,0
"Enteromius_bagbwensis",0,0,0,0,0,0,0,0
"Enteromius_atromaculatus",19.9463555789426,5927998.8421377,0.148946621133989,0.713466857849987,0.377833160038019,0,0,0
"Enteromius_atkinsoni",14.0848367133107,2888295.65248713,0.152862619196382,0.644923105957023,0.387888554849369,0,0,0
"Enteromius_atakorensis",0,0,0,0,0,0,0,0
"Enteromius_aspilus",0,0,0,0,0,0,0,0
"Enteromius_argenteus",0,0,0,0,0,0,0,0
"Enteromius_arcislongae",21.7553590272185,7127976.25866799,0.148010723568592,0.731599562651708,0.375029182848317,0,0,0
"Enteromius_arambourgi",21.3264616244265,6810575.83909842,0.148208515430997,0.727519532962522,0.375941113415637,0,0,0
"Enteromius_apleurogramma",0,0,0,0,0,0,0,0
"Enteromius_ansorgii",0,0,0,0,0,0,0,0
"Enteromius_anoplus",0,0,0,0,0,0,0,0
"Enteromius_anniae",0,0,0,0,0,0,0,0
"Enteromius_annectens",0,0,0,0,0,0,0,0
"Enteromius_anema",0,0,0,0,0,0,0,0
"Enteromius_amatolicus",22.9389365280916,7951180.61486656,0.147423638100745,0.742578887543855,0.373301288688531,0,0,0
"Enteromius_amanpoae",0,428358.686529954,0.153507703064203,0,0.33268232770904,0,0,0
"Enteromius_aloyi",0,0,0,0,0,0,0,0
"Enteromius_aliciae",0,0,0,0,0,0,0,0
"Enteromius_alberti",0,0,0,0,0,0,0,0
"Enteromius_afrovernayi",0,0,0,0,0,0,0,0
"Enteromius_afrohamiltoni",0,0,0,0,0,0,0,0
"Enteromius_ablabes",0,0,0,0,0,0,0,0
"Enteromius_aboinensis",0,0,0,0,0,0,0,0
"Eechathalakenda_ophicephalus",0,0,0,0,0,0,0,0
"Diplocheilichthys_pleurotaenia",107.823926359077,402496864.615611,0.296648822890551,3.60046320073389,0.929748835048106,0,0,0
"Desmopuntius_rhomboocellatus",0,0,0,0,0,0,0,0
"Desmopuntius_pentazona",0,0,0,0,0,0,0,0
"Desmopuntius_johorensis",0,0,0,0,0,0,0,0
"Desmopuntius_gemellus",41.0833929471591,13470997.7952846,0.177986187274098,1.6071522339792,0.539388465335048,0,0,0
"Desmopuntius_hexazona",0,0,0,0,0,0,0,0
"Decorus_xanthogenys",0,937707035.044515,0.183032138047919,0,0.667691057937117,0,0,0
"Decorus_tungting",0,0,0,0,0,0,0,0
"Decorus_rendahli",0,0,0,0,0,0,0,0
"Decorus_decorus",0,0,0,0,0,0,0,0
"Decorus_lemassoni",76.861032893839,1547014492.01642,0.182789833292141,4.67142120110736,0.678626796426914,0,0,0
"Coptostomabarbus_bellcrossi",42.2136947654851,93449234.2878951,0.231377565829197,2.34067203132019,0.761303715924398,0,0,0
"Coptostomabarbus_wittei",0,0,0,0,0,0,0,0
"Clypeobarbus_schoutedeni",36.5376627185503,70813353.0564625,0.181517990324918,1.64244604778112,0.532919728708292,0,0,0
"Clypeobarbus_pseudognathodon",45.8298091519034,113137150.332733,0.178473020529592,1.75270305414462,0.523292732186462,0,0,0
"Clypeobarbus_pleuropholis",0,0,0,0,0,0,0,0
"Clypeobarbus_matthesi",0,0,0,0,0,0,0,0
"Clypeobarbus_hypsolepis",0,0,0,0,0,0,0,0
"Clypeobarbus_bellcrossi",0,0,0,0,0,0,0,0
"Clypeobarbus_congicus",55.353254139026,167253053.646745,0.175976645803657,1.84978362208645,0.515208116779825,0,0,0
"Cheilobarbus_capensis",0,0,0,0,0,0,0,0
"Cheilobarbus_serra",0,0,0,0,0,0,0,0
"Ceratogarra_cambodgiensis",0,0,0,0,0,0,0,0
"Ceratogarra_fasciacauda",0,0,0,0,0,0,0,0
"Caecocypris_basimi",0,0,0,0,0,0,0,0
"Caecobarbus_geertsii",0,0,0,0,0,0,0,0
"Barbopsis_devecchii",0,0,0,0,0,0,0,0
"Barboides_gracilis",0,0,0,0,0,0,0,0
"Arabibarbus_arabicus",0,0,0,0,0,0,0,0
"Arabibarbus_grypus",0,0,0,0,0,0,0,0
"Amatolacypris_trevelyani",0,0,0,0,0,0,0,0
"Altigena_zhui",0,0,0,0,0,0,0,0
"Altigena_yunnanensis",0,0,0,0,0,0,0,0
"Altigena_wui",0,0,0,0,0,0,0,0
"Altigena_tonkinensis",114.819601309709,1700712839.63666,0.172695902745051,3.72833808450601,0.669567169039745,0,0,0
"Altigena_sinkleri",67.1166236805909,568089505.096392,0.179973989878223,3.26140461921142,0.716753845423624,0,0,0
"Altigena_lippa",0,0,0,0,0,0,0,0
"Altigena_discognathoides",0,0,0,0,0,0,0,0
"Altigena_elegans",47.1766821508239,276482275.783775,0.184900415410671,2.97930277389514,0.746927095911311,0,0,0
"Ageneiogarra_imberba",0,0,0,0,0,0,0,0
"Ageneiogarra_theunensis",0,0,0,0,0,0,0,0
"Acapoeta_tanganicae",0,0,0,0,0,0,0,0
"Aaptosyax_grypus",0,0,0,0,0,0,0,0
"Rhodeus_uyekii",0,0,0,0,0,0,0,0
"Rhodeus_spinalis",0,0,0,0,0,0,0,0
"Rhodeus_rheinardti",0,0,0,0,0,0,0,0
"Rhodeus_pseudosericeus",0,0,0,0,0,0,0,0
"Rhodeus_laoensis",0,0,0,0,0,0,0,0
"Phoxinus_ujmonensis",26.7860919321466,0,0.167325951727292,1.90751179092041,0.541701132129682,0,0,0
"Phoxinus_strymonicus",32.6776924551242,25360368.8626618,0.180962732794298,1.90402970187696,0.558150931488528,0,0,0
"Phoxinus_kumgangensis",0,0,0,0,0,0,0,0
"Phoxinus_issykkulensis",27.779683614705,18102599.0847791,0.183156431925765,1.81601099224325,0.565025526322806,0,0,0
"Phoxinus_grumi",11.6250335750406,0,0.185481280770337,1.53127157856285,0.56708788367617,0,0,0
"Phoxinus_colchicus",0,0,0,0,0,0,0,0
"Phoxinus_brachyurus",0,0,0,0,0,0,0,0
"Pseudophoxinus_drusensis",0,0,0,0,0,0,0,0
"Scardinius_knezevici",37.5071798902244,223814368.192288,0.0821698769703148,1.12508432211788,0.233728433922415,0,0,0
"Alburnus_zagrosensis",0,0,0,0,0,0,0,0
"Alburnus_vistonicus",0,0,0,0,0,0,0,0
"Alburnus_sellal",45.4311500273793,344239144.84624,0.0812247167851086,1.24174503959194,0.242760092240951,0,0,0
"Alburnus_scoranza",0,0,0,0,0,0,0,0
"Alburnus_heckeli",32.1497427579944,168703841.244412,0.0833617441193849,1.12733830226622,0.250373232397808,0,0,0
"Alburnus_doriae",0,0,0,0,0,0,0,0
"Alburnus_caeruleus",0,0,0,0,0,0,0,0
"Alburnus_atropatenae",0,0,0,0,0,0,0,0
"Alburnus_akili",0,0,0,0,0,0,0,0
"Chondrostoma_variabile",0,0,0,0,0,0,0,0
"Chondrostoma_scodrense",0,0,0,0,0,0,0,0
"Chondrostoma_orientale",0,0,0,0,0,0,0,0
"Chondrostoma_kubanicum",0,0,0,0,0,0,0,0
"Chondrostoma_cyri",0,0,0,0,0,0,0,0
"Chondrostoma_colchicum",25.5683619169791,95577257.3478773,0.0501874282436136,0.87090536527361,0.161149614762597,0,0,0
"Achondrostoma_oligolepis",0,0,0,0,0,0,0,0
"Achondrostoma_arcasii",0,0,0,0,0,0,0,0
"Pseudochondrostoma_duriense",0,0,0,0,0,0,0,0
"Pseudochondrostoma_polylepis",0,0,0,0,0,0,0,0
"Pseudochondrostoma_willkommii",0,0,0,0,0,0,0,0
"Parachondrostoma_miegii",0,0,0,0,0,0,0,0
"Parachondrostoma_toxostoma",0,0,0,0,0,0,0,0
"Iberochondrostoma_lemmingii",0,0,0,0,0,0,0,0
"Iberochondrostoma_almacai",0,0,0,0,0,0,0,0
"Iberochondrostoma_lusitanicum",0,0,0,0,0,0,0,0
"Chondrostoma_nasus",0,0,0,0,0,0,0,0
"Chondrostoma_holmwoodii",0,0,0,0,0,0,0,0
"Chondrostoma_prespense",0,0,0,0,0,0,0,0
"Chondrostoma_vardarense",0,0,0,0,0,0,0,0
"Chondrostoma_oxyrhynchum",0,0,0,0,0,0,0,0
"Chondrostoma_regium",0,0,0,0,0,0,0,0
"Protochondrostoma_genei",0,0,0,0,0,0,0,0
"Chondrostoma_soetta",0,0,0,0,0,0,0,0
"Chondrostoma_knerii",0,0,0,0,0,0,0,0
"Pseudophoxinus_maeandri",0,0,0,0,0,0,0,0
"Chondrostoma_fahirae",0,0,0,0,0,0,0,0
"Pseudophoxinus_antalyae",0,0,0,0,0,0,0,0
"Pseudophoxinus_handlirschi",0,0,0,0,0,0,0,0
"Pseudophoxinus_battalgilae",0,0,0,0,0,0,0,0
"Pseudophoxinus_crassus",0,0,0,0,0,0,0,0
"Pseudophoxinus_anatolicus",0,0,0,0,0,0,0,0
"Pseudophoxinus_zekayi",11.2688448781834,90841798.7989185,0.02719710548166,0.451570183593967,0.0892761932904047,0,0,0
"Pseudophoxinus_kervillei",0,0,0,0,0,0,0,0
"Pseudophoxinus_zeregi",0,0,0,0,0,0,0,0
"Telestes_croaticus",0,0,0,0,0,0,0,0
"Telestes_polylepis",0,0,0,0,0,0,0,0
"Telestes_ukliva",0,0,0,0,0,0,0,0
"Telestes_montenigrinus",0,0,0,0,0,0,0,0
"Telestes_muticellus",0,0,0,0,0,0,0,0
"Telestes_souffia",0,0,0,0,0,0,0,0
"Telestes_beoticus",0,0,0,0,0,0,0,0
"Telestes_pleurobipunctatus",0,0,0,0,0,0,0,0
"Alburnoides_taeniatus",0,0,0,0,0,0,0,0
"Alburnoides_qanati",0,0,0,0,0,0,0,0
"Alburnoides_petrubanarescui",16.376798217022,38051477.5889394,0.0340166159842188,0.437685814598427,0.100995709109541,0,0,0
"Alburnoides_nicolausi",0,0,0,0,0,0,0,0
"Alburnoides_namaki",0,0,0,0,0,0,0,0
"Alburnoides_idignensis",0,0,0,0,0,0,0,0
"Alburnoides_ohridanus",0,0,0,0,0,0,0,0
"Alburnoides_prespensis",0,0,0,0,0,0,0,0
"Alburnoides_bipunctatus",0,0,0,0,0,0,0,0
"Alburnus_thessalicus",0,0,0,0,0,0,0,0
"Alburnoides_eichwaldii",0,0,0,0,0,0,0,0
"Rutilus_meidingeri",0,0,0,0,0,0,0,0
"Rutilus_pigus",0,0,0,0,0,0,0,0
"Rutilus_rutilus",0,0,0,0,0,0,0,0
"Abramis_brama",0,0,0,0,0,0,0,0
"Blicca_bjoerkna",0,0,0,0,0,0,0,0
"Rutilus_kutum",0,0,0,0,0,0,0,0
"Rutilus_caspicus",0,0,0,0,0,0,0,0
"Rutilus_frisii",0,0,0,0,0,0,0,0
"Squalius_ulanus",8.72818979279435,16100403.2811729,0.0662965514896012,0.573871384708375,0.123317004552745,0,0,0
"Squalius_alburnoides",0,0,0,0,0,0,0,0
"Iberocypris_palaciosi",0,0,0,0,0,0,0,0
"Squalius_pyrenaicus",0,0,0,0,0,0,0,0
"Squalius_carolitertii",0,0,0,0,0,0,0,0
"Squalius_aradensis",0,0,0,0,0,0,0,0
"Squalius_torgalensis",0,0,0,0,0,0,0,0
"Squalius_lucumonis",0,0,0,0,0,0,0,0
"Squalius_svallize",0,0,0,0,0,0,0,0
"Squalius_illyricus",0,0,0,0,0,0,0,0
"Squalius_ghigii",0,0,0,0,0,0,0,0
"Squalius_keadicus",0,0,0,0,0,0,0,0
"Squalius_cephalus",0,0,0,0,0,0,0,0
"Squalius_squalus",0,0,0,0,0,0,0,0
"Squalius_prespensis",0,0,0,0,0,0,0,0
"Squalius_peloponensis",0,0,0,0,0,0,0,0
"Squalius_orpheus",0,0,0,0,0,0,0,0
"Squalius_vardarensis",0,0,0,0,0,0,0,0
"Squalius_lepidus",15.896525961559,98683510.7934104,0.0367063136492064,0.488423548114285,0.0683364628679939,0,0,0
"Petroleuciscus_borysthenicus",0,0,0,0,0,0,0,0
"Squalius_aphipsi",0,0,0,0,0,0,0,0
"Alburnus_arborella",0,0,0,0,0,0,0,0
"Alburnus_albidus",0,0,0,0,0,0,0,0
"Alburnus_belvica",0,0,0,0,0,0,0,0
"Alburnus_hohenackeri",0,0,0,0,0,0,0,0
"Alburnus_alburnus",0,0,0,0,0,0,0,0
"Alburnus_filippii",0,0,0,0,0,0,0,0
"Alburnus_volviticus",0,0,0,0,0,0,0,0
"Alburnus_chalcoides",0,0,0,0,0,0,0,0
"Leucaspius_delineatus",0,0,0,0,0,0,0,0
"Anaecypris_hispanica",0,0,0,0,0,0,0,0
"Anaecypris_punica",0,0,0,0,0,0,0,0
"Alburnus_orontis",0,0,0,0,0,0,0,0
"Alburnus_mossulensis",0,0,0,0,0,0,0,0
"Alburnus_tarichi",0,0,0,0,0,0,0,0
"Alburnus_baliki",0,0,0,0,0,0,0,0
"Scardinius_hesperidicus",0,0,0,0,0,0,0,0
"Scardinius_scardafa",0,0,0,0,0,0,0,0
"Scardinius_erythrophthalmus",0,0,0,0,0,0,0,0
"Scardinius_graecus",0,0,0,0,0,0,0,0
"Scardinius_acarnanicus",0,0,0,0,0,0,0,0
"Tropidophoxinellus_hellenicus",0,0,0,0,0,0,0,0
"Tropidophoxinellus_spartiaticus",0,0,0,0,0,0,0,0
"Pseudophoxinus_callensis",12.1516838212515,20088996.8964329,0.0475947637172635,0.473389019792906,0.167243991656895,0,0,0
"Acanthobrama_urmianus",0,0,0,0,0,0,0,0
"Acanthobrama_tricolor",43.1292566394079,202144542.369978,0.0496285763167665,0.768626352862415,0.142355200748072,0,0,0
"Acanthobrama_telavivensis",0,0,0,0,0,0,0,0
"Acanthobrama_persidis",0,0,0,0,0,0,0,0
"Acanthobrama_microlepis",0,0,0,0,0,0,0,0
"Vimba_mirabilis",0,0,0,0,0,0,0,0
"Acanthobrama_marmid",0,0,0,0,0,0,0,0
"Acanthobrama_lissneri",0,0,0,0,0,0,0,0
"Vimba_melanops",0,0,0,0,0,0,0,0
"Vimba_vimba",0,0,0,0,0,0,0,0
"Ballerus_ballerus",0,0,0,0,0,0,0,0
"Ballerus_sapa",0,0,0,0,0,0,0,0
"Leuciscus_vorax",0,0,0,0,0,0,0,0
"Leuciscus_merzbacheri",0,0,0,0,0,0,0,0
"Leuciscus_lehmanni",0,0,0,0,0,0,0,0
"Leuciscus_latus",0,0,0,0,0,0,0,0
"Leuciscus_dzungaricus",15.6666635734858,0,0.0582157263717559,1.56993130173747,0.239981404454206,0,0,0
"Leuciscus_danilewskii",0,0,0,0,0,0,0,0
"Leuciscus_chuanchicus",0,0,0,0,0,0,0,0
"Leuciscus_burdigalensis",0,0,0,0,0,0,0,0
"Leuciscus_bergi",76.0642962237485,2944015445.48294,0.0534711247830268,2.26307172442983,0.228586261625414,0,0,0
"Leuciscus_baicalensis",0,0,0,0,0,0,0,0
"Leuciscus_idus",0,0,0,0,0,0,0,0
"Leuciscus_leuciscus",0,0,0,0,0,0,0,0
"Leuciscus_schmidti",74.2533545394552,1753334142.68337,0.0509107632574621,2.10486447484229,0.223286148447784,0,0,0
"Leuciscus_waleckii",0,0,0,0,0,0,0,0
"Leuciscus_aspius",0,0,0,0,0,0,0,0
"Notemigonus_crysoleucas",0,0,0,0,0,0,0,0
"Pelasgus_epiroticus",0,0,0,0,0,0,0,0
"Pelasgus_stymphalicus",0,0,0,0,0,0,0,0
"Pelasgus_marathonicus",0,0,0,0,0,0,0,0
"Pelasgus_thesproticus",0,0,0,0,0,0,0,0
"Pelasgus_laconicus",0,0,0,0,0,0,0,0
"Pelasgus_prespensis",7.73762485358281,6327876.53236501,0.0519850701006908,0.325540319871617,0.109262198733218,0,0,0
"Pelasgus_minutus",0,0,0,0,0,0,0,0
"Delminichthys_ghetaldii",0,0,0,0,0,0,0,0
"Pseudophoxinus_egridiri",0,0,0,0,0,0,0,0
"Pachychilon_macedonicum",0,0,0,0,0,0,0,0
"Pachychilon_pictum",0,0,0,0,0,0,0,0
"Pelecus_cultratus",0,0,0,0,0,0,0,0
"Gila_crassicauda",0,0,0,0,0,0,0,0
"Gila_coriacea",0,0,0,0,0,0,0,0
"Gila_eremica",1.45413399152369,6032372.64536261,0.00947700623645588,0.0546052846581411,0.0377300800354165,0,0,0
"Gila_purpurea",0,0,0,0,0,0,0,0
"Gila_seminuda",0,0,0,0,0,0,0,0
"Gila_elegans",0,0,0,0,0,0,0,0
"Gila_nigra",0,0,0,0,0,0,0,0
"Gila_intermedia",0,0,0,0,0,0,0,0
"Gila_ditaenia",0,0,0,0,0,0,0,0
"Gila_atraria",0,0,0,0,0,0,0,0
"Gila_cypha",0,0,0,0,0,0,0,0
"Gila_brevicauda",0,0,0,0,0,0,0,0
"Gila_pulchra",0,0,0,0,0,0,0,0
"Gila_modesta",0,0,0,0,0,0,0,0
"Gila_pandora",0,0,0,0,0,0,0,0
"Gila_nigrescens",0,0,0,0,0,0,0,0
"Gila_conspersa",22.8376315417879,108362097.3822,0.0217621547340983,0.452811036201922,0.0833828708422477,0,0,0
"Ptychocheilus_lucius",0,0,0,0,0,0,0,0
"Gila_robusta",0,0,0,0,0,0,0,0
"Gila_minacae",34.4543889908179,102829160.475895,0.0105421741581208,0.266254800204434,0.0394156255768766,0,0,0
"Gila_orcuttii",0,0,0,0,0,0,0,0
"Gila_coerulea",0,0,0,0,0,0,0,0
"Acrocheilus_alutaceus",0,0,0,0,0,0,0,0
"Ptychocheilus_grandis",0,0,0,0,0,0,0,0
"Relictus_solitarius",0,0,0,0,0,0,0,0
"Hesperoleucus_symmetricus",0,0,0,0,0,0,0,0
"Siphateles_alvordensis",0,0,0,0,0,0,0,0
"Ptychocheilus_umpquae",0,0,0,0,0,0,0,0
"Ptychocheilus_oregonensis",0,0,0,0,0,0,0,0
"Siphateles_bicolor",0,0,0,0,0,0,0,0
"Mylopharodon_conocephalus",0,0,0,0,0,0,0,0
"Lavinia_exilicauda",0,0,0,0,0,0,0,0
"Orthodon_microlepidotus",0,0,0,0,0,0,0,0
"Chrosomus_saylori",0,0,0,0,0,0,0,0
"Chrosomus_neogaeus",0,0,0,0,0,0,0,0
"Chrosomus_tennesseensis",0,0,0,0,0,0,0,0
"Chrosomus_oreas",0,0,0,0,0,0,0,0
"Chrosomus_cumberlandensis",0,0,0,0,0,0,0,0
"Chrosomus_erythrogaster",0,0,0,0,0,0,0,0
"Chrosomus_eos",0,0,0,0,0,0,0,0
"Rhynchocypris_percnura",0,0,0,0,0,0,0,0
"Rhynchocypris_oxycephala",0,0,0,0,0,0,0,0
"Phoxinus_semotilus",0,0,0,0,0,0,0,0
"Phoxinus_keumkang",23.122330212066,19363867.0946964,0.0824453376808599,0.962181424286602,0.231488714629083,0,0,0
"Rhynchocypris_lagowskii",0,0,0,0,0,0,0,0
"Phoxinus_steindachneri",0,0,0,0,0,0,0,0
"Phoxinus_jouyi",26.0969799221272,16631045.1402758,0.120504843583665,1.32151373427572,0.338666810079514,0,0,0
"Rhynchocypris_czekanowskii",0,0,0,0,0,0,0,0
"Pseudaspius_sachalinensis",0,0,0,0,0,0,0,0
"Pseudaspius_hakonensis",0,0,0,0,0,0,0,0
"Pseudaspius_leptocephalus",0,0,0,0,0,0,0,0
"Pseudaspius_brandtii",0,0,0,0,0,0,0,0
"Lepidomeda_copei",0,0,0,0,0,0,0,0
"Lepidomeda_altivelis",0,0,0,0,0,0,0,0
"Lepidomeda_mollispinis",0,0,0,0,0,0,0,0
"Lepidomeda_albivallis",0,0,0,0,0,0,0,0
"Lepidomeda_vittata",0,0,0,0,0,0,0,0
"Meda_fulgida",0,0,0,0,0,0,0,0
"Plagopterus_argentissimus",0,0,0,0,0,0,0,0
"Semotilus_thoreauianus",0,0,0,0,0,0,0,0
"Semotilus_atromaculatus",0,0,0,0,0,0,0,0
"Semotilus_lumbee",0,0,0,0,0,0,0,0
"Semotilus_corporalis",0,0,0,0,0,0,0,0
"Hemitremia_flammea",0,0,0,0,0,0,0,0
"Couesius_plumbeus",0,0,0,0,0,0,0,0
"Margariscus_margarita",0,0,0,0,0,0,0,0
"Notropis_scabriceps",0,0,0.102789574932893,0,0.488838044205371,0,0,0
"Notropis_saladonis",0,0,0,0,0,0,0,0
"Notropis_perpallidus",0,0,0,0,0,0,0,0
"Notropis_ortenburgeri",11.721519297274,6671876.1843016,0.118428737954562,0.681745523629696,0.539309610817589,0,0,0
"Notropis_orca",0,0,0,0,0,0,0,0
"Notropis_nazas",14.635352885693,10608502.6765681,0.116497571310869,0.725913890521107,0.528756344883007,0,0,0
"Notropis_melanostomus",0,0,0,0,0,0,0,0
"Notropis_marhabatiensis",12.6002772695095,7736825.33317078,0.117784781604875,0.695917948884836,0.536186337265627,0,0,0
"Notropis_greenei",0,0,0,0,0,0,0,0
"Notropis_cummingsae",0,0,0,0,0,0,0,0
"Notropis_cumingii",14.635352885693,10608502.6765681,0.116497571310869,0.725913890521107,0.528756344883007,0,0,0
"Notropis_calabazas",8.62339662123883,3533661.80917896,0.121178872712487,0.625553579358694,0.554345050428215,0,0,0
"Notropis_buccula",0,0,0,0,0,0,0,0
"Notropis_buccata",0,0,0,0,0,0,0,0
"Notropis_braytoni",0,0,0,0,0,0,0,0
"Notropis_bairdi",0,0,0,0,0,0,0,0
"Notropis_aulidion",0,0,0,0,0,0,0,0
"Notropis_atrocaudalis",0,0,0,0,0,0,0,0
"Notropis_alborus",0,0,0.107101653477193,0,0.471063322906484,0,0,0
"Notropis_albizonatus",0,0,0,0,0,0,0,0
"Notropis_aguirrepequenoi",0,0,0,0,0,0,0,0
"Cyprinella_formosa",0,0,0,0,0,0,0,0
"Cyprinella_lepida",0,0,0,0,0,0,0,0
"Cyprinella_lutrensis",0,0,0,0,0,0,0,0
"Cyprinella_whipplei",0,0,0,0,0,0,0,0
"Cyprinella_spiloptera",0,0,0,0,0,0,0,0
"Cyprinella_venusta",0,0,0,0,0,0,0,0
"Cyprinella_garmani",9.60505728290108,4943273.92920859,0.0596216724700566,0.634965119573086,0.171682632232137,0,0,0
"Cyprinella_proserpina",0,0,0,0,0,0,0,0
"Cyprinella_panarcys",0,0,0,0,0,0,0,0
"Cyprinella_rutila",3.97363723968815,2603004.21706985,0.0214509223561276,0.216638966393421,0.0614435747929163,0,0,0
"Cyprinella_xanthicara",0,0,0,0,0,0,0,0
"Cyprinella_alvarezdelvillari",0,0,0,0,0,0,0,0
"Cyprinella_callitaenia",0,0,0,0,0,0,0,0
"Cyprinella_zanema",0,0,0,0,0,0,0,0
"Cyprinella_leedsi",0,0,0,0,0,0,0,0
"Cyprinella_callisema",0,0,0,0,0,0,0,0
"Cyprinella_nivea",0,0,0,0,0,0,0,0
"Cyprinella_caerulea",0,0,0,0,0,0,0,0
"Cyprinella_chloristia",0,0,0,0,0,0,0,0
"Cyprinella_analostana",0,0,0,0,0,0,0,0
"Cyprinella_camura",0,0,0,0,0,0,0,0
"Cyprinella_galactura",0,0,0,0,0,0,0,0
"Cyprinella_pyrrhomelas",0,0,0,0,0,0,0,0
"Cyprinella_xaenura",0,0,0,0,0,0,0,0
"Cyprinella_labrosa",0,0,0,0,0,0,0,0
"Cyprinella_trichroistia",0,0,0,0,0,0,0,0
"Cyprinella_gibbsi",0,0,0,0,0,0,0,0
"Tampichthys_rasconis",15.8631751510269,29971708.5683944,0.0687657202364776,0.673233343411211,0.220427826652569,0,0,0
"Tampichthys_dichroma",0,0,0,0,0,0,0,0
"Tampichthys_mandibularis",0,0,0,0,0,0,0,0
"Tampichthys_catostomops",15.7342333304678,36110397.9623292,0.0608430149905479,0.627659416565872,0.193504529425878,0,0,0
"Notropis_tropicus",15.7755381634078,29633890.9638803,0.0687829769485816,0.668964422921118,0.219116061819804,0,0,0
"Tampichthys_ipni",17.5243524701445,37194048.8932025,0.0682804447410926,0.692744763288965,0.218339489912829,0,0,0
"Tampichthys_erimyzonops",15.863174114958,29971706.6108598,0.0687657157452509,0.67323329944043,0.220427812255991,0,0,0
"Codoma_ornata",0,0,0,0,0,0,0,0
"Opsopoeodus_emiliae",0,0,0,0,0,0,0,0
"Pimephales_vigilax",0,0,0,0,0,0,0,0
"Pimephales_notatus",0,0,0,0,0,0,0,0
"Pimephales_promelas",0,0,0,0,0,0,0,0
"Pimephales_tenellus",0,0,0,0,0,0,0,0
"Cyprinella_monacha",0,0,0,0,0,0,0,0
"Cyprinella_callistia",0,0,0,0,0,0,0,0
"Notropis_simus",0,0,0,0,0,0,0,0
"Notropis_shumardi",0,0,0,0,0,0,0,0
"Notropis_candidus",0,0,0.0458650270506165,0,0.258990786071678,0,0,0
"Notropis_asperifrons",0,0,0,0,0,0,0,0
"Notropis_potteri",0,0,0.022309486439364,0,0.112527395113934,0,0,0
"Notropis_blennius",0,0,0,0,0,0,0,0
"Notropis_edwardraneyi",0,0,0.0476526722507417,0,0.29575529083924,0,0,0
"Notropis_maculatus",0,0,0,0,0,0,0,0
"Notropis_chrosomus",0,0,0,0,0,0,0,0
"Notropis_rubricroceus",0,0,0,0,0,0,0,0
"Notropis_chiliticus",0,0,0,0,0,0,0,0
"Notropis_chlorocephalus",0,0,0,0,0,0,0,0
"Notropis_lutipinnis",0,0,0,0,0,0,0,0
"Notropis_xaenocephalus",0,0,0,0,0,0,0,0
"Notropis_texanus",0,0,0,0,0,0,0,0
"Notropis_chalybaeus",0,0,0,0,0,0,0,0
"Notropis_hypsilepis",0,0,0,0,0,0,0,0
"Notropis_petersoni",0,0,0,0,0,0,0,0
"Notropis_baileyi",0,0,0,0,0,0,0,0
"Notropis_ammophilus",0,0,0,0,0,0,0,0
"Notropis_rafinesquei",0,106833.429620288,0.0402346838998928,0,0.210774955040472,0,0,0
"Notropis_longirostris",0,0,0,0,0,0,0,0
"Notropis_mekistocholas",0,0,0,0,0,0,0,0
"Notropis_nubilus",0,0,0,0,0,0,0,0
"Notropis_anogenus",0,0,0,0,0,0,0,0
"Notropis_chihuahua",0,0,0,0,0,0,0,0
"Notropis_uranoscopus",0,0,0,0,0,0,0,0
"Notropis_boops",0,0,0,0,0,0,0,0
"Notropis_heterodon",0,0,0,0,0,0,0,0
"Hybognathus_argyritis",0,0,0,0,0,0,0,0
"Hybognathus_nuchalis",0,0,0,0,0,0,0,0
"Hybognathus_hayi",0,0,0,0,0,0,0,0
"Hybognathus_amarus",0,0,0,0,0,0,0,0
"Hybognathus_regius",0,0,0,0,0,0,0,0
"Hybognathus_hankinsoni",0,0,0,0,0,0,0,0
"Hybognathus_placitus",0,0,0,0,0,0,0,0
"Hybopsis_amnis",0,0,0,0,0,0,0,0
"Hybopsis_winchelli",0,0,0.0360426447039743,0,0.126459841977045,0,0,0
"Hybopsis_amblops",0,0,0,0,0,0,0,0
"Hybopsis_lineapunctata",0,0,0,0,0,0,0,0
"Hybopsis_rubrifrons",0,0,0.0428460246472728,0,0.143920480743,0,0,0
"Notropis_topeka",0,0,0,0,0,0,0,0
"Notropis_stramineus",0,0,0,0,0,0,0,0
"Notropis_procne",0,0,0,0,0,0,0,0
"Notropis_sabinae",0,0,0,0,0,0,0,0
"Notropis_dorsalis",0,0,0,0,0,0,0,0
"Notropis_boucardi",0,0,0,0,0,0,0,0
"Notropis_moralesi",0,0,0,0,0,0,0,0
"Notropis_imeldae",0,0,0,0,0,0,0,0
"Yuriria_alta",0,0,0,0,0,0,0,0
"Yuriria_chapalae",15.816409131373,58137979.7243511,0.0436391891492917,0.474691987307143,0.170616080959555,0,0,0
"Notropis_grandis",1.11151290086623,1115362.53285082,0.00792866471557688,0.0460153295380613,0.0453376987541381,0,0,0
"Notropis_calientis",0,0,0,0,0,0,0,0
"Notropis_amecae",0,0,0,0,0,0,0,0
"Aztecula_sallaei",19.8681483547542,44384977.064568,0.0638397575380926,0.531294460412052,0.304039073509916,0,0,0
"Notropis_percobromus",0,0,0.0289923436405614,0,0.162938831007812,0,0,0
"Notropis_rubellus",0,0,0,0,0,0,0,0
"Notropis_micropteryx",0,0,0,0,0,0,0,0
"Notropis_suttkusi",2.64152410955489,1057018.31815276,0.0374392111704123,0.161094177987394,0.209433450810184,0,0,0
"Notropis_amabilis",0,0,0,0,0,0,0,0
"Notropis_jemezanus",0,0,0,0,0,0,0,0
"Notropis_stilbius",0,0,0,0,0,0,0,0
"Notropis_atherinoides",0,0,0,0,0,0,0,0
"Notropis_oxyrhynchus",0,0,0,0,0,0,0,0
"Notropis_amoenus",0,0,0,0,0,0,0,0
"Notropis_ariommus",0,0,0,0,0,0,0,0
"Notropis_wickliffi",0,0,0,0,0,0,0,0
"Notropis_girardi",0,0,0,0,0,0,0,0
"Notropis_buchanani",0,0,0,0,0,0,0,0
"Notropis_spectrunculus",0,0,0,0,0,0,0,0
"Notropis_ozarcanus",0,0,0,0,0,0,0,0
"Notropis_volucellus",0,0,0,0,0,0,0,0
"Notropis_cahabae",0,0,0,0,0,0,0,0
"Notropis_leuciodus",0,0,0,0,0,0,0,0
"Notropis_scepticus",0,0,0,0,0,0,0,0
"Notropis_semperasper",0,0,0,0,0,0,0,0
"Notropis_photogenis",0,0,0,0,0,0,0,0
"Notropis_telescopus",0,0,0,0,0,0,0,0
"Luxilus_cornutus",0,0,0,0,0,0,0,0
"Luxilus_albeolus",0,0,0,0,0,0,0,0
"Luxilus_chrysocephalus",0,0,0,0,0,0,0,0
"Luxilus_pilsbryi",0,0,0,0,0,0,0,0
"Luxilus_cardinalis",0,0,0,0,0,0,0,0
"Luxilus_zonatus",0,0,0,0,0,0,0,0
"Luxilus_cerasinus",0,0,0,0,0,0,0,0
"Notropis_rupestris",0,0,0,0,0,0,0,0
"Notropis_heterolepis",0,0,0,0,0,0,0,0
"Luxilus_coccogenis",0,0,0,0,0,0,0,0
"Luxilus_zonistius",0,0,0,0,0,0,0,0
"Hybopsis_hypsinotus",0,0,0,0,0,0,0,0
"Notropis_bifrenatus",0,0,0,0,0,0,0,0
"Lythrurus_alegnotus",0,0,0,0,0,0,0,0
"Lythrurus_bellus",0,0,0,0,0,0,0,0
"Lythrurus_atrapiculus",0,0,0,0,0,0,0,0
"Lythrurus_roseipinnis",0,0,0,0,0,0,0,0
"Lythrurus_fumeus",0,0,0,0,0,0,0,0
"Lythrurus_snelsoni",0,0,0,0,0,0,0,0
"Lythrurus_matutinus",0,0,0,0,0,0,0,0
"Lythrurus_ardens",0,0,0,0,0,0,0,0
"Lythrurus_lirus",0,0,0,0,0,0,0,0
"Lythrurus_fasciolaris",0,0,0,0,0,0,0,0
"Lythrurus_umbratilis",0,0,0,0,0,0,0,0
"Pteronotropis_stonei",0,0,0,0,0,0,0,0
"Pteronotropis_merlini",0,0,0,0,0,0,0,0
"Pteronotropis_grandipinnis",0,0,0,0,0,0,0,0
"Pteronotropis_metallicus",0,0,0,0,0,0,0,0
"Pteronotropis_euryzonus",0,0,0,0,0,0,0,0
"Pteronotropis_hypselopterus",0,0,0,0,0,0,0,0
"Pteronotropis_signipinnis",0,0,0,0,0,0,0,0
"Pteronotropis_welaka",0,0,0,0,0,0,0,0
"Pteronotropis_hubbsi",0,0,0,0,0,0,0,0
"Notropis_harperi",0,0,0,0,0,0,0,0
"Notropis_hudsonius",0,0,0,0,0,0,0,0
"Algansea_popoche",15.3207289809426,49176829.9942488,0.0556206193795372,0.56527082805227,0.188950180230032,0,0,0
"Algansea_lacustris",0,0,0,0,0,0,0,0
"Algansea_tincella",0,0,0,0,0,0,0,0
"Algansea_amecae",7.08418130450048,34752606.565139,0.0206410126721179,0.254827585659923,0.067856422374855,0,0,0
"Algansea_barbata",7.08418130450048,34752606.565139,0.0206410126721179,0.254827585659923,0.067856422374855,0,0,0
"Algansea_monticola",15.3207288448135,49176829.5572985,0.0556206188853659,0.565270823029683,0.188950178551273,0,0,0
"Algansea_avia",15.3207288448135,49176829.5572985,0.0556206188853659,0.565270823029683,0.188950178551273,0,0,0
"Algansea_aphanea",15.3207288448136,49176829.557299,0.0556206188853659,0.565270823029683,0.188950178551273,0,0,0
"Agosia_chrysogaster",0,0,0,0,0,0,0,0
"Erimystax_cahni",0,0,0,0,0,0,0,0
"Erimystax_x-punctatus",0,0,0,0,0,0,0,0
"Erimystax_insignis",0,0,0,0,0,0,0,0
"Erimystax_harryi",0,0,0,0,0,0,0,0
"Erimystax_dissimilis",0,0,0,0,0,0,0,0
"Phenacobius_uranops",0,0,0,0,0,0,0,0
"Phenacobius_crassilabrum",0,0,0,0,0,0,0,0
"Phenacobius_teretulus",0,0,0,0,0,0,0,0
"Phenacobius_mirabilis",0,0,0,0,0,0,0,0
"Phenacobius_catostomus",0,0,0,0,0,0,0,0
"Notropis_altipinnis",0,0,0,0,0,0,0,0
"Macrhybopsis_tetranema",0,2985988.62461899,0.100604462019175,0,0.458755700857322,0,0,0
"Macrhybopsis_australis",0,0,0,0,0,0,0,0
"Macrhybopsis_aestivalis",0,0,0,0,0,0,0,0
"Macrhybopsis_gelida",0,0,0,0,0,0,0,0
"Macrhybopsis_meeki",0,0,0,0,0,0,0,0
"Macrhybopsis_marconis",0,0,0,0,0,0,0,0
"Macrhybopsis_hyostoma",0,0,0,0,0,0,0,0
"Macrhybopsis_storeriana",0,0,0,0,0,0,0,0
"Platygobio_gracilis",0,0,0,0,0,0,0,0
"Dionda_melanops",6.60512974660508,22682124.956645,0.0206048330652161,0.236804235417843,0.0681922524448324,0,0,0
"Dionda_argentosa",0,0,0,0,0,0,0,0
"Dionda_nigrotaeniata",0,0,0,0,0,0,0,0
"Dionda_episcopa",0,0,0,0,0,0,0,0
"Dionda_diaboli",0,0,0,0,0,0,0,0
"Dionda_serena",0,0,0,0,0,0,0,0
"Nocomis_platyrhynchus",0,0,0,0,0,0,0,0
"Nocomis_raneyi",0,0,0,0,0,0,0,0
"Nocomis_leptocephalus",0,0,0,0,0,0,0,0
"Nocomis_micropogon",0,0,0,0,0,0,0,0
"Nocomis_biguttatus",0,0,0,0,0,0,0,0
"Nocomis_effusus",0,0,0,0,0,0,0,0
"Nocomis_asper",0,0,0,0,0,0,0,0
"Campostoma_anomalum",0,0,0,0,0,0,0,0
"Campostoma_pauciradii",0,0,0,0,0,0,0,0
"Campostoma_ornatum",0,0,0,0,0,0,0,0
"Campostoma_oligolepis",0,0,0,0,0,0,0,0
"Rhinichthys_deaconi",0,0,0,0,0,0,0,0
"Pararhinichthys_bowersi",3.91163740735576,2112359.93132737,0.018674368077706,0.215024487633752,0.0574693911263814,0,0,0
"Rhinichthys_evermanni",0,0,0,0,0,0,0,0
"Rhinichthys_cataractae",0,0,0,0,0,0,0,0
"Rhinichthys_falcatus",0,0,0,0,0,0,0,0
"Rhinichthys_umatilla",0,0,0,0,0,0,0,0
"Rhinichthys_osculus",0,0,0,0,0,0,0,0
"Rhinichthys_obtusus",0,0,0,0,0,0,0,0
"Rhinichthys_atratulus",0,0,0,0,0,0,0,0
"Oregonichthys_kalawatseti",0,0,0,0,0,0,0,0
"Oregonichthys_crameri",0,0,0,0,0,0,0,0
"Rhinichthys_cobitis",0,0,0,0,0,0,0,0
"Exoglossum_maxillingua",0,0,0,0,0,0,0,0
"Exoglossum_laurae",0,0,0,0,0,0,0,0
"Richardsonius_egregius",0,0,0,0,0,0,0,0
"Richardsonius_balteatus",0,0,0,0,0,0,0,0
"Iotichthys_phlegethontis",0,0,0,0,0,0,0,0
"Clinostomus_elongatus",0,0,0,0,0,0,0,0
"Clinostomus_funduloides",0,0,0,0,0,0,0,0
"Mylocheilus_caurinus",0,0,0,0,0,0,0,0
"Pogonichthys_macrolepidotus",0,0,0,0,0,0,0,0
"Pogonichthys_ciscoides",0,0,0,0,0,0,0,0
"Phoxinus_phoxinus",0,0,0,0,0,0,0,0
"Tanichthys_albonubes",0,0,0,0,0,0,0,0.89096424844371
"Tanichthys_micagemmae",0,0,0,0,0,0,0,1.41699360098201
"Tinca_tinca",0,0,0,0,0,0,0,0
"Microphysogobio_yunnanensis",0,0,0,0,0,0,0,0
"Microphysogobio_vietnamica",7.32785387909693,10058791.9562875,0.0554624192582113,0.3668140138483,0.142714236398539,0,0,0
"Microphysogobio_tafangensis",0,0,0,0,0,0,0,0
"Microphysogobio_microstomus",0,0,0,0,0,0,0,0
"Microphysogobio_linghensis",0,0,0,0,0,0,0,0
"Microphysogobio_liaohensis",0,0,0,0,0,0,0,0
"Microphysogobio_labeoides",0,0,0,0,0,0,0,0
"Microphysogobio_kiatingensis",0,0,0,0,0,0,0,0
"Microphysogobio_kachekensis",0,0,0,0,0,0,0,0
"Microphysogobio_chenhsienensis",0,0,0,0,0,0,0,0
"Microphysogobio_brevirostris",0,0,0,0,0,0,0,0
"Microphysogobio_anudarini",7.32785387909693,10058791.9562875,0.0554624192582113,0.3668140138483,0.142714236398539,0,0,0
"Microphysogobio_amurensis",0,0,0,0,0,0,0,0
"Microphysogobio_jeoni",1.50519213868585,3035084.18187335,0.0103347282242896,0.0385387431224879,0.0227333701343897,0,0,0
"Microphysogobio_koreensis",0,0,0,0,0,0,0,0
"Microphysogobio_yaluensis",0,0,0,0,0,0,0,0
"Microphysogobio_chinssuensis",0,0,0,0,0,0,0,0
"Microphysogobio_rapidus",6.78950660830109,13221806.4362957,0.0492780941794429,0.283520858107385,0.111307228484133,0,0,0
"Biwia_springeri",0,0,0,0,0,0,0,0
"Biwia_zezera",0,0,0,0,0,0,0,0
"Microphysogobio_longidorsalis",0,0,0,0,0,0,0,0
"Microphysogobio_tungtingensis",0,0,0,0,0,0,0,0
"Microphysogobio_elongatus",1.02890946221356,686999.556187525,0.0112359846390769,0.131592990332134,0.0281136773786081,0,0,0
"Microphysogobio_fukiensis",0,0,0,0,0,0,0,0
"Platysmacheilus_nudiventris",0,0,0,0,0,0,0,0
"Platysmacheilus_longibarbatus",0,0,0,0,0,0,0,0
"Platysmacheilus_exiguus",0,0,0,0,0,0,0,0
"Abbottina_obtusirostris",0,0,0,0,0,0,0,0
"Abbottina_rivularis",0,0,0,0,0,0,0,0
"Abbottina_liaoningensis",0,0,0,0,0,0,0,0
"Saurogobio_xiangjiangensis",0,0,0,0,0,0,0,0
"Saurogobio_dumerili",0,0,0,0,0,0,0,0
"Saurogobio_dabryi",0,0,0,0,0,0,0,0
"Saurogobio_gracilicaudatus",0,0,0,0,0,0,0,0
"Saurogobio_immaculatus",0,0,0,0,0,0,0,0
"Saurogobio_gymnocheilus",0,0,0,0,0,0,0,0
"Pseudogobio_guilinensis",0,0,0,0,0,0,0,0
"Pseudogobio_vaillanti",0,0,0,0,0,0,0,0
"Pseudogobio_esocinus",0,0,0,0,0,0,0,0
"Gobiobotia_yuanjiangensis",16.7757301631124,24343101.6407802,0.103531512047056,0.781147673866026,0.270302268738951,0,0,0
"Gobiobotia_tungi",0,0,0,0,0,0,0,0
"Gobiobotia_paucirastella",0,0,0,0,0,0,0,0
"Gobiobotia_longibarba",0,0,0,0,0,0,0,0
"Gobiobotia_kolleri",0,0,0,0,0,0,0,0
"Gobiobotia_jiangxiensis",0,0,0,0,0,0,0,0
"Gobiobotia_homalopteroidea",0,0,0,0,0,0,0,0
"Gobiobotia_guilingensis",0,0,0,0,0,0,0,0
"Gobiobotia_cheni",0,0,0,0,0,0,0,0
"Gobiobotia_brevirostris",0,0,0,0,0,0,0,0
"Gobiobotia_abbreviata",0,0,0,0,0,0,0,0
"Gobiobotia_meridionalis",2.77514589158129,3791049.37521029,0.0132095317182749,0.0999548410681671,0.0328058253186402,0,0,0
"Gobiobotia_pappenheimi",0,0,0,0,0,0,0,0
"Gobiobotia_filifer",0,0,0,0,0,0,0,0
"Gobiobotia_naktongensis",0,0,0,0,0,0,0,0
"Gobiobotia_brevibarba",0,0,0,0,0,0,0,0
"Gobiobotia_macrocephala",0,0,0,0,0,0,0,0
"Xenophysogobio_boulengeri",0,0,0,0,0,0,0,0
"Xenophysogobio_nudicorpa",0,0,0,0,0,0,0,0
"Romanogobio_persus",0,0,0,0,0,0,0,0
"Romanogobio_pentatrichus",0,0,0,0,0,0,0,0
"Romanogobio_benacensis",0,0,0,0,0,0,0,0
"Romanogobio_parvus",0,0,0,0,0,0,0,0
"Romanogobio_ciscaucasicus",0,0,0,0,0,0,0,0
"Romanogobio_albipinnatus",0,0,0,0,0,0,0,0
"Romanogobio_uranoscopus",0,0,0,0,0,0,0,0
"Romanogobio_elimeius",0,0,0,0,0,0,0,0
"Romanogobio_kesslerii",0,0,0,0,0,0,0,0
"Gobio_skadarensis",0,0,0,0,0,0,0,0
"Gobio_sibiricus",13.2411333187751,22209385.5069063,0.0443677247107539,0.650518764016771,0.137121026928358,0,0,0
"Gobio_rivuloides",0,0,0,0,0,0,0,0
"Gobio_ohridanus",0,0,0,0,0,0,0,0
"Gobio_lozanoi",0,0,0,0,0,0,0,0
"Gobio_lingyuanensis",0,0,0,0,0,0,0,0
"Gobio_insuyanus",12.9952546641018,21296213.3838308,0.0444248747771592,0.647074113181598,0.137407828092931,0,0,0
"Gobio_hettitorum",0,0,0,0,0,0,0,0
"Gobio_fushunensis",0,0,0,0,0,0,0,0
"Gobio_feraeensis",0,0,0,0,0,0,0,0
"Gobio_acutipinnatus",0,0,0,0,0,0,0,0
"Acanthogobio_guentheri",0,0,0,0,0,0,0,0
"Romanogobio_tenuicorpus",0,0,0,0,0,0,0,0
"Gobio_soldatovi",0,0,0,0,0,0,0,0
"Gobio_cynocephalus",0,0,0,0,0,0,0,0
"Gobio_huanghensis",0,0,0,0,0,0,0,0
"Mesogobio_tumenensis",0,0,0,0,0,0,0,0
"Mesogobio_lachneri",0,0,0,0,0,0,0,0
"Gobio_coriparoides",0,0,0,0,0,0,0,0
"Gobio_bulgaricus",0,0,0,0,0,0,0,0
"Gobio_gobio",0,0,0,0,0,0,0,0
"Gobio_macrocephalus",0,0,0,0,0,0,0,0
"Gnathopogon_tsinanensis",0,0,0,0,0,0,0,0
"Gnathopogon_taeniellus",0,0,0,0,0,0,0,0
"Gnathopogon_polytaenia",0,0,0,0,0,0,0,0
"Gnathopogon_strigatus",0,0,0,0,0,0,0,0
"Gnathopogon_herzensteini",0,0,0,0,0,0,0,0
"Gnathopogon_nicholsi",0,0,0,0,0,0,0,0
"Gnathopogon_imberbis",0,0,0,0,0,0,0,0
"Gobiocypris_rarus",0,0,0,0,0,0,0,0
"Gnathopogon_elongatus",0,0,0,0,0,0,0,0
"Gnathopogon_caerulescens",0,0,0,0,0,0,0,0
"Coreoleuciscus_splendidus",0,0,0,0,0,0,0,0
"Pseudorasbora_parva",0,0,0,0,0,0,0,0
"Pseudorasbora_pumila",0,0,0,0,0,0,0,0
"Pseudorasbora_elongata",0,0,0,0,0,0,0,0
"Pseudopungtungia_nigra",0,0,0,0,0,0,0,0
"Pungtungia_herzi",0,0,0,0,0,0,0,0
"Pseudopungtungia_tenuicorpus",0,0,0,0,0,0,0,0
"Rhinogobio_ventralis",0,0,0,0,0,0,0,0
"Rhinogobio_nasutus",0,0,0,0,0,0,0,0
"Rhinogobio_hunanensis",0,0,0,0,0,0,0,0
"Rhinogobio_cylindricus",0,0,0,0,0,0,0,0
"Rhinogobio_typus",0,0,0,0,0,0,0,0
"Paracanthobrama_guichenoti",0,0,0,0,0,0,0,0
"Sarcocheilichthys_variegatus",18.7595821854414,61768970.1343646,0,1.12445218793408,0.225608688538455,0,0,0
"Sarcocheilichthys_sinensis",0,0,0,0,0,0,0,0
"Sarcocheilichthys_nigripinnis",0,0,0,0,0,0,0,0
"Sarcocheilichthys_davidi",0,0,0,0,0,0,0,0
"Sarcocheilichthys_czerskii",0,0,0,0,0,0,0,0
"Sarcocheilichthys_soldatovi",0.010064917830648,68754.026042551,9.66608418898966e-05,0.00338070720322065,0.000275113279258395,0,0,0
"Sarcocheilichthys_kiangsiensis",0,0,0,0,0,0,0,0
"Sarcocheilichthys_hainanensis",6.27664198986971,3075882.73414247,0.035863172202426,0.48082653077116,0.107227421629782,0,0,0
"Sarcocheilichthys_biwaensis",0,0,0,0,0,0,0,0
"Sarcocheilichthys_lacustris",0,0,0,0,0,0,0,0
"Sarcocheilichthys_parvus",0,0,0,0,0,0,0,0
"Coreius_septentrionalis",0,0,0,0,0,0,0,0
"Coreius_guichenoti",0,0,0,0,0,0,0,0
"Coreius_heterodon",0,0,0,0,0,0,0,0
"Hemibarbus_qianjiangensis",0,0,0,0,0,0,0,0
"Hemibarbus_macracanthus",0,0,0,0,0,0,0,0
"Hemibarbus_lehoai",80.5963448247501,820903486.222838,0.100517498749616,2.15412857350135,0.358933778472605,0,0,0
"Hemibarbus_medius",0,0,0,0,0,0,0,0
"Hemibarbus_labeo",0,0,0,0,0,0,0,0
"Hemibarbus_maculatus",0,0,0,0,0,0,0,0
"Hemibarbus_umbrifer",0,0,0,0,0,0,0,0
"Belligobio_nummifer",0,0,0,0,0,0,0,0
"Belligobio_pengxianensis",0,0,0,0,0,0,0,0
"Hemibarbus_mylodon",0,0,0,0,0,0,0,0
"Hemibarbus_longirostris",0,0,0,0,0,0,0,0
"Squalidus_multimaculatus",0,0,0,0,0,0,0,0
"Squalidus_minor",0,0,0,0,0,0,0,0
"Squalidus_japonicus",16.595966057948,32948155.245764,0.0810934675726979,0.74978465572671,0.222484105579475,0,0,0
"Squalidus_intermedius",0,0,0,0,0,0,0,0
"Squalidus_gracilis",0,0,0,0,0,0,0,0
"Squalidus_chankaensis",0,0,0,0,0,0,0,0
"Squalidus_nitens",0.00814426955705365,0,7.64636300008818e-05,0,0.000233230993155103,0,0,0
"Squalidus_argentatus",0,0,0,0,0,0,0,0
"Squalidus_wolterstorffi",0,0,0,0,0,0,0,0
"Squalidus_atromaculatus",0,0,0,0,0,0,0,0
"Acheilognathus_taenianalis",29.2026372490534,16124007.819538,0.161823420310464,1.23241183110407,0.459671714407541,0,0,0
"Acheilognathus_tabira",0,0,0,0,0,0,0,0
"Acheilognathus_polyspinus",28.3611267047734,15397723.7287471,0.162273659871537,1.22511847143873,0.461252784092443,0,0,0
"Acheilognathus_peihoensis",28.3611267047734,15397723.7287471,0.162273659871537,1.22511847143873,0.461252784092443,0,0,0
"Acheilognathus_kyphus",28.3611267047734,15397723.7287471,0.162273659871537,1.22511847143873,0.461252784092443,0,0,0
"Acheilognathus_hondae",0,0,0,0,0,0,0,0
"Acheilognathus_elongatus",0,0,0,0,0,0,0,0
"Acheilognathus_elongatoides",0,0,0,0,0,0,0,0
"Acheilognathus_deignani",0,0,0,0,0,0,0,0
"Acheilognathus_barbatus",0,0,0,0,0,0,0,0
"Acheilognathus_asmussii",0,0,0,0,0,0,0,0
"Acheilognathus_longipinnis",0,0,0,0,0,0,0,0
"Acheilognathus_typus",0,0,0,0,0,0,0,0
"Acheilognathus_macropterus",0,0,0,0,0,0,0,0
"Acheilognathus_longibarbatus",6.46725957711197,1833461.04470958,0.0500456057737257,0.294913226346798,0.132490851020356,0,0,0
"Acheilognathus_barbatulus",0,0,0,0,0,0,0,0
"Acheilognathus_tonkinensis",0,0,0,0,0,0,0,0
"Acheilognathus_rhombeus",0,0,0,0,0,0,0,0
"Acheilognathus_polylepis",0,0,0,0,0,0,0,0
"Acheilognathus_omeiensis",0,0,0,0,0,0,0,0
"Acheilognathus_gracilis",0,0,0,0,0,0,0,0
"Acheilognathus_melanogaster",0,0,0,0,0,0,0,0
"Acheilognathus_meridianus",0,0,0,0,0,0,0,0
"Acheilognathus_imberbis",0,0,0,0,0,0,0,0
"Acheilognathus_cyanostigma",0,0,0,0,0,0,0,0
"Acheilognathus_majusculus",0,0,0,0,0,0,0,0
"Acheilognathus_yamatsutae",0,0,0,0,0,0,0,0
"Tanakia_somjinensis",0,0,0,0,0,0,0,0
"Tanakia_signifer",0,0,0,0,0,0,0,0
"Tanakia_koreensis",0,0,0,0,0,0,0,0
"Rhodeus_atremius",0,0,0,0,0,0,0,0
"Rhodeus_suigensis",0,0,0,0,0,0,0,0
"Rhodeus_fangi",0,0,0,0,0,0,0,0
"Rhodeus_amurensis",0,0,0,0,0,0,0,0
"Rhodeus_lighti",0,0,0,0,0,0,0,0
"Rhodeus_ocellatus",0,0,0,0,0,0,0,0
"Rhodeus_amarus",0,0,0,0,0,0,0,0
"Rhodeus_colchicus",0,0,0,0,0,0,0,0
"Rhodeus_meridionalis",0,0,0,0,0,0,0,0
"Rhodeus_sericeus",0,0,0,0,0,0,0,0
"Tanakia_limbata",0,0,0,0,0,0,0,0
"Tanakia_lanceolata",0,0,0,0,0,0,0,0
"Acheilognathus_hypselonotus",0,0,0,0,0,0,0,0
"Acanthorhodeus_chankaensis",0,0,0,0,0,0,0,0
"Culter_recurviceps",0,0,0,0,0,0,0,0
"Chanodichthys_oxycephalus",0,0,0,0,0,0,0,0
"Chanodichthys_dabryi",0,0,0,0,0,0,0,0
"Chanodichthys_erythropterus",0,0,0,0,0,0,0,0
"Culter_alburnus",0,0,0,0,0,0,0,0
"Sinibrama_wui",0,0,0,0,0,0,0,0
"Sinibrama_taeniatus",0,0,0,0,0,0,0,0
"Sinibrama_melrosei",0,0,0,0,0,0,0,0
"Sinibrama_macrops",0,0,0,0,0,0,0,0
"Sinibrama_affinis",6.17943522118287,52450571.4421367,0.0176803816103043,0.224164854110948,0.0589955109583115,0,0,0
"Culter_flavipinnis",0,0,0,0,0,0,0,0
"Ancherythroculter_wangi",0,0,0,0,0,0,0,0
"Ancherythroculter_nigrocauda",0,0,0,0,0,0,0,0
"Ancherythroculter_daovantieni",0.164713908697386,710029.571211655,0.000498902331589997,0.00555753531256444,0.00181542873431854,0,0,0
"Ancherythroculter_kurematsui",0,0,0,0,0,0,0,0
"Chanodichthys_mongolicus",0,0,0,0,0,0,0,0
"Megalobrama_elongata",0,0,0,0,0,0,0,0
"Megalobrama_pellegrini",0,0,0,0,0,0,0,0
"Megalobrama_amblycephala",0,0,0,0,0,0,0,0
"Xenocyprioides_carinatus",0,0,0,0,0,0,0,0
"Megalobrama_terminalis",0,0,0,0,0,0,0,0
"Parabramis_pekinensis",0,0,0,0,0,0,0,0
"Ischikauia_steenackeri",0,0,0,0,0,0,0,0
"Pseudolaubuca_hotaya",18.173743915882,978366623.538569,0.0496219487791303,0.641105155944139,0.182582602504902,0,0,0
"Hemiculter_varpachovskii",0,149832326.53762,0.0408601676405397,0.275574673013089,0.128457914841382,0,0,0
"Hemiculter_tchangi",0,0,0,0,0,0,0,0
"Toxabramis_hoffmanni",0,0,0,0,0,0,0,0
"Toxabramis_argentifer",1.89758141857564,5139279.88457483,0.00997827944529262,0.0527351883800184,0.0251889958316743,0,0,0
"Toxabramis_houdemeri",0,0,0,0,0,0,0,0
"Toxabramis_swinhonis",0,0,0,0,0,0,0,0
"Hainania_serrata",0,0,0,0,0,0,0,0
"Pseudohemiculter_pacboensis",1.97027644274194,15186397.0016985,0.00562986464544715,0.050446671698734,0.0175954432444692,0,0,0
"Pseudohemiculter_kweichowensis",0,0,0,0,0,0,0,0
"Pseudohemiculter_dispar",0,0,0,0,0,0,0,0
"Pseudohemiculter_hainanensis",0,0,0,0,0,0,0,0
"Hemiculter_leucisculus",0,0,0,0,0,0,0,0
"Hemiculterella_wui",0,0,0,0,0,0,0,0
"Hemiculterella_macrolepis",0,0,0,0,0,0,0,0
"Hemiculterella_sauvagei",0,0,0,0,0,0,0,0
"Hemiculter_krempfi",10.2921572948415,140756267.935824,0.0383917336252471,0.330162827660653,0.119431649271487,0,0,0
"Hemiculter_bleekeri",0,0,0,0,0,0,0,0
"Hemiculter_lucidus",0,0,0,0,0,0,0,0
"Pseudolaubuca_engraulis",0,0,0,0,0,0,0,0
"Pseudolaubuca_sinensis",0,0,0,0,0,0,0,0
"Culter_oxycephaloides",0,0,0,0,0,0,0,0
"Xenocypris_davidi",0,0,0,0,0,0,0,0
"Xenocypris_macrolepis",0,0,0,0,0,0,0,0
"Xenocypris_hupeinensis",0,0,0,0,0,0,0,0
"Xenocypris_fangi",0,0,0,0,0,0,0,0
"Plagiognathops_microlepis",0,0,0,0,0,0,0,0
"Distoechodon_tumirostris",0,0,0,0,0,0,0,0
"Pseudobrama_simoni",0,0,0,0,0,0,0,0
"Xenocypris_yunnanensis",0,0,0,0,0,0,0,0
"Hypophthalmichthys_harmandi",0,0,0,0,0,0,0,0
"Hypophthalmichthys_nobilis",0,0,0,0,0,0,0,0
"Hypophthalmichthys_molitrix",0,0,0,0,0,0,0,0
"Ochetobius_elongatus",0,0,0,0,0,0,0,0
"Mylopharyngodon_piceus",0,0,0,0,0,0,0,0
"Ctenopharyngodon_idella",0,0,0,0,0,0,0,0
"Elopichthys_bambusa",0,0,0,0,0,0,0,0
"Luciobrama_macrocephalus",0,0,0,0,0,0,0,0
"Squaliobarbus_curriculus",0,0,0,0,0,0,0,0
"Metzia_lineata",0,0,0,0,0,0,0,0
"Hemigrammocypris_neglecta",0,0,0,0,0,0,0,0
"Metzia_formosae",0,0,0,0,0,0,0,0
"Paralaubuca_stigmabrachium",0,0,0,0,0,0,0,0
"Paralaubuca_harmandi",0,0,0,0,0,0,0,0
"Paralaubuca_riveroi",0,0,0,0,0,0,0,0
"Paralaubuca_typus",0,0,0,0,0,0,0,0
"Paralaubuca_barroni",0,0,0,0,0,0,0,0
"Parachela_ingerkongi",25.8386041039924,130294917.006894,0.0733972759928608,0.932847054693851,0.24537907554358,0,0,0
"Parachela_hypophthalmus",0,0,0,0,0,0,0,0
"Parachela_cyanea",14.155627708285,36809051.3156193,0.0766869192172209,0.776445656636026,0.254560450089434,0,0,0
"Parachela_williaminae",0,0,0,0,0,0,0,0
"Parachela_siamensis",0,0,0,0,0,0,0,0
"Parachela_oxygastroides",0,0,0,0,0,0,0,0
"Parachela_maculicauda",0,0,0,0,0,0,0,0
"Oxygaster_anomalura",0,0,0,0,0,0,0,0
"Oxygaster_pointoni",0,0,0,0,0,0,0,0
"Macrochirichthys_macrochirus",0,0,0,0,0,0,0,0
"Aphyocypris_normalis",0,0,0,0,0,0,0,0
"Aphyocypris_moltrechti",0,0,0,0,0,0,0,0
"Aphyocypris_kyphus",3.16664732434369,2413321.66360804,0.037914806926638,0.19325798911397,0.0954847144871166,0,0,0
"Aphyocypris_kikuchii",0,0,0,0,0,0,0,0
"Aphyocypris_chinensis",0,0,0,0,0,0,0,0
"Aphyocypris_arcus",0,0,0,0,0,0,0,0
"Nipponocypris_temminckii",0,0,0,0,0,0,0,0
"Candidia_barbata",0,0,0,0,0,0,0,0
"Parazacco_spilurus",0,0,0,0,0,0,0,0
"Parazacco_fasciatus",0,0,0,0,0,0,0,0
"Opsariichthys_bidens",0,0,0,0,0,0,0,0
"Opsariichthys_uncirostris",0,0,0,0,0,0,0,0
"Opsariichthys_pachycephalus",0,0,0,0,0,0,0,0
"Zacco_taliensis",0,0,0,0,0,0,0,0
"Zacco_platypus",0,0,0,0,0,0,0,0
"Zacco_chengtui",0,0,0,0,0,0,0,0
"Leptobarbus_rubripinna",65.5533427020668,311099765.041508,0.163996813961206,2.11444813135765,0.570108207034974,0,0,0.0329130042411723
"Leptobarbus_melanopterus",42.2463450892104,107399743.633951,0.168578989964331,1.87783166070808,0.610754375167551,0,0,0.0988266987887455
"Leptobarbus_hosii",22.9273943279981,24463898.6860212,0.175170904674861,1.59276006097422,0.672543796532776,0,0,0.459607425105501
"Leptobarbus_melanotaenia",0,0,0,0,0,0,0,0.0335305724158304
"Leptobarbus_hoevenii",0,0,0,0,0,0,0,0.00865750793847179
"Osteochilus_striatus",45.95536715608,556896302.815531,0.203580165449717,1.91683746672946,0.67476353694224,0,0,0
"Osteochilus_spilurus",0,0,0,0,0,0,0,0
"Osteochilus_sondhii",55.2734632673482,809674057.236956,0.200665548084525,1.99978537247536,0.656214048615359,0,0,0
"Osteochilus_serokan",49.6049252533933,644710108.436042,0.202314672739998,1.95266740161117,0.668772021059632,0,0,0
"Osteochilus_schlegelii",0,0,0,0,0,0,0,0
"Osteochilus_scapularis",66.6331908253439,1161963807.60048,0.197640253807918,2.08945039409812,0.640515363511146,0,0,0
"Osteochilus_sarawakensis",66.5692917165741,1184671003.72436,0.197802320444014,2.08835338770736,0.638261966813372,0,0,0
"Osteochilus_repang",67.865161700317,1222698170.21632,0.197452011611151,2.09754181687144,0.637107827730904,0,0,0
"Osteochilus_partilineatus",37.78681229871,374394963.680664,0.206702972260983,1.82997068041366,0.693668677506309,0,0,0
"Osteochilus_melanopleura",0,0,0,0,0,0,0,0
"Osteochilus_longidorsalis",0,0,0,0,0,0,0,0
"Osteochilus_kerinciensis",65.8582290666412,1133741442.12614,0.197815577403911,2.08408559452472,0.641831136542177,0,0,0
"Osteochilus_kelabau",69.0868141146928,1250668278.66426,0.19708343902774,2.10648590465972,0.636850672987063,0,0,0
"Osteochilus_kappenii",0,0,0,0,0,0,0,0
"Osteochilus_jeruk",72.0218977345986,1378620001.15249,0.19652572494757,2.12380928550977,0.630450857739121,0,0,0
"Osteochilus_intermedius",0,0,0,0,0,0,0,0
"Osteochilus_ingeri",0,0,0,0,0,0,0,0
"Osteochilus_harrisoni",72.9241697769066,1395710309.16368,0.196254731378348,2.13297473696137,0.631738433212505,0,0,0
"Osteochilus_enneaporos",0,0,0,0,0,0,0,0
"Osteochilus_chini",0,0,0,0,0,0,0,0
"Osteochilus_brachynotopteroides",0,0,0,0,0,0,0,0
"Osteochilus_borneensis",0,0,0,0,0,0,0,0
"Osteochilus_bleekeri",53.5459071955012,755511239.842295,0.201132578942523,1.98624491342433,0.660294671091705,0,0,0
"Osteochilus_bellus",46.6210429355727,572768518.504223,0.203340744406371,1.92228187849823,0.672989920415681,0,0,0
"Puntius_waageni",39.7863313007269,150143395.784331,0.170899842492352,1.69782366984583,0.557403625822,0,0,0
"Puntius_terio",0,0,0,0,0,0,0,0
"Puntius_takhoaensis",39.7863313007269,150143395.784331,0.170899842492352,1.69782366984583,0.557403625822,0,0,0
"Puntius_spilopterus",0,0,0,0,0,0,0,0
"Puntius_sophoroides",39.7863313007269,150143395.784331,0.170899842492352,1.69782366984583,0.557403625822,0,0,0
"Puntius_sealei",0,0,0,0,0,0,0,0
"Puntius_sahyadriensis",0,0,0,0,0,0,0,0
"Puntius_puntio",0,0,0,0,0,0,0,0
"Puntius_punjabensis",27.1831135468704,68720609.1459976,0.175921124623027,1.53524789056253,0.580843429554192,0,0,0
"Puntius_paucimaculatus",0,0,0,0,0,0,0,0
"Puntius_nangalensis",39.7863313007269,150143395.784331,0.170899842492352,1.69782366984583,0.557403625822,0,0,0
"Puntius_melanostigma",0,0,0,0,0,0,0,0
"Puntius_masyai",0,0,0,0,0,0,0,0
"Puntius_cauveriensis",39.7863313007269,150143395.784331,0.170899842492352,1.69782366984583,0.557403625822,0,0,0
"Puntius_burmanicus",39.6227439442045,148842681.315545,0.17095517622025,1.69691263557552,0.55808583714489,0,0,0
"Puntius_bramoides",0,0,0,0,0,0,0,0
"Puntius_amphibius",0,0,0,0,0,0,0,0
"Puntius_ambassis",33.969043350654,108122926.058546,0.172946699324378,1.62981550975626,0.568037219619372,0,0,0
"Barbus_oligolepis",116.790499818522,1420517232.08695,0.157990685400777,2.38813859906654,0.532155077583295,0,0,0
"Barbus_cyri",0,0,0,0,0,0,0,0
"Barbus_carpathicus",0,0,0,0,0,0,0,0
"Carasobarbus_sublimus",0,0,0,0,0,0,0,0
"Carasobarbus_kosswigi",0,0,0,0,0,0,0,0
"Carasobarbus_harterti",0,0,0,0,0,0,0,0
"Carasobarbus_fritschii",0,0,0,0,0,0,0,0
"Carasobarbus_exulatus",0,0,0,0,0,0,0,0
"Luciobarbus_subquincunciatus",0,0,0,0,0,0,0,0
"Luciobarbus_nasus",0,0,0,0,0,0,0,0
"Luciobarbus_mystaceus",87.6336946881072,8374579952.44706,0.0529683018070074,2.10351440915697,0.214892417852241,0,0,0
"Luciobarbus_longiceps",0,0,0,0,0,0,0,0
"Luciobarbus_leptopogon",60.639424751297,3807823437.2796,0.0543967080069288,1.89634110854018,0.222827743238968,0,0,0
"Luciobarbus_kersin",87.6336946881072,8374579952.44706,0.0529683018070074,2.10351440915697,0.214892417852241,0,0,0
"Luciobarbus_escherichii",0,0,0,0,0,0,0,0
"Luciobarbus_callensis",0,0,0,0,0,0,0,0
"Luciobarbus_barbulus",0,0,0,0,0,0,0,0
"Luciobarbus_albanicus",0,0,0,0,0,0,0,0
"Capoeta_umbla",0,0,0,0,0,0,0,0
"Capoeta_gracilis",0,0,0,0,0,0,0,0
"Capoeta_fusca",0,0,0,0,0,0,0,0
"Capoeta_capoeta",0,0,0,0,0,0,0,0
"Capoeta_damascina",0,0,0,0,0,0,0,0
"Capoeta_buhsei",0,0,0,0,0,0,0,0
"Capoeta_bergamae",0,0,0,0,0,0,0,0
"Capoeta_pestai",0,0,0,0,0,0,0,0
"Capoeta_antalyensis",0,0,0,0,0,0,0,0
"Capoeta_tinca",0,0,0,0,0,0,0,0
"Capoeta_sieboldii",28.066742394921,1002593964.77917,0.0296309527376966,0.71879946410008,0.098554458512765,0,0,0
"Capoeta_aculeata",0,0,0,0,0,0,0,0
"Luciobarbus_comizo",0,0,0,0,0,0,0,0
"Luciobarbus_steindachneri",0,0,0,0,0,0,0,0
"Luciobarbus_bocagei",0,0,0,0,0,0,0,0
"Luciobarbus_sclateri",0,0,0,0,0,0,0,0
"Luciobarbus_microcephalus",0,0,0,0,0,0,0,0
"Luciobarbus_guiraonis",0,0,0,0,0,0,0,0
"Luciobarbus_graellsii",0,0,0,0,0,0,0,0
"Luciobarbus_mursa",0,0,0,0,0,0,0,0
"Luciobarbus_esocinus",0,0,0,0,0,0,0,0
"Luciobarbus_xanthopterus",0,0,0,0,0,0,0,0
"Luciobarbus_capito",0,0,0,0,0,0,0,0
"Luciobarbus_brachycephalus",0,0,0,0,0,0,0,0
"Luciobarbus_graecus",0,0,0,0,0,0,0,0
"Luciobarbus_pectoralis",5.10298777744689,296049532.410358,0.0055215673392005,0.189229755292901,0.0259754730516609,0,0,0
"Barbus_rebeli",0.733031918575412,4225053.8698158,0.000904402648502154,0.0205174545966758,0.0038622050900572,0,0,0
"Barbus_prespensis",0,0,0,0,0,0,0,0
"Barbus_cyclolepis",0,0,0,0,0,0,0,0
"Barbus_peloponnesius",0,0,0,0,0,0,0,0
"Barbus_strumicae",0,0,0,0,0,0,0,0
"Barbus_sperchiensis",1.90627659999643,8595471.41986801,0.00373832295564212,0.057169814071249,0.0151156237333164,0,0,0
"Barbus_petenyi",0,0,0,0,0,0,0,0
"Barbus_balcanicus",0,0,0,0,0,0,0,0
"Barbus_caninus",0,0,0,0,0,0,0,0
"Barbus_macedonicus",0,0,0,0,0,0,0,0
"Barbus_tyberinus",0,0,0,0,0,0,0,0
"Barbus_kubanicus",0,0,0,0,0,0,0,0
"Barbus_ciscaucasicus",0,0,0,0,0,0,0,0
"Barbus_plebejus",0,0,0,0,0,0,0,0
"Barbus_tauricus",0,0,0,0,0,0,0,0
"Barbus_barbus",0,0,0,0,0,0,0,0
"Barbus_lacerta",0,0,0,0,0,0,0,0
"Barbus_haasi",0,0,0,0,0,0,0,0
"Barbus_meridionalis",0,0,0,0,0,0,0,0
"Aulopyge_huegelii",0,0,0,0,0,0,0,0
"Cyprinion_watsoni",0,0,0,0,0,0,0,0
"Cyprinion_tenuiradius",0,0,0,0,0,0,0,0
"Cyprinion_semiplotum",0,0,0,0,0,0,0,0
"Cyprinion_milesi",0.833087273167352,6164589.07064623,0.0027039345588188,0.0404954071495916,0.00862012391387455,0,0,0
"Cyprinion_microphthalmum",0.833087273167352,6164589.07064623,0.0027039345588188,0.0404954071495916,0.00862012391387455,0,0,0
"Cyprinion_mhalense",0.968284401166304,8348466.68074936,0.00267300962982527,0.0422784440687707,0.00852614876053911,0,0,0
"Cyprinion_macrostomus",0,0,0,0,0,0,0,0
"Cyprinion_acinaces",0.997142119841188,8873373.94977431,0.00266719183500357,0.0426418660606496,0.00850727980102617,0,0,0
"Cyprinion_kais",0,0,0,0,0,0,0,0
"Carasobarbus_apoensis",0,0,0,0,0,0,0,0
"Schizocypris_ladigesi",45.3822346171013,262330776.178839,0.111365881478756,2.0815674552533,0.400445845176081,0,0,0
"Schizocypris_altidorsalis",45.3822329418008,262330766.494763,0.11136587736827,2.08156737841565,0.400445830395816,0,0,0
"Schizocypris_brucei",45.3822346171013,262330776.178839,0.111365881478756,2.0815674552533,0.400445845176081,0,0,0
"Schizothorax_zarudnyi",57.5046002559572,976723707.922189,0.0600759579511837,1.927840193699,0.238463312031804,0,0,0
"Schizothorax_yunnanensis",0,0,0,0,0,0,0,0
"Schizothorax_skarduensis",60.0692862738442,1063243699.72241,0.0598671468338866,1.95019601342714,0.237509669471489,0,0,0
"Schizothorax_sinensis",0,0,0,0,0,0,0,0
"Schizothorax_raraensis",0,0,0,0,0,0,0,0
"Schizothorax_pseudoaksaiensis",0,0,0,0,0,0,0,0
"Schizothorax_progastus",0,0,0,0,0,0,0,0
"Schizothorax_pelzami",55.5029051354369,882703658.050829,0.0601794983564637,1.91208014687099,0.240798070504687,0,0,0
"Schizothorax_parvus",0,0,0,0,0,0,0,0
"Schizothorax_oligolepis",0,0,0,0,0,0,0,0
"Schizothorax_ninglangensis",0,0,0,0,0,0,0,0
"Schizothorax_nepalensis",0,0,0,0,0,0,0,0
"Schizothorax_nasus",0,0,0,0,0,0,0,0
"Schizothorax_microstomus",0,0,0,0,0,0,0,0
"Schizothorax_microcephalus",57.5046002559572,976723707.922189,0.0600759579511837,1.927840193699,0.238463312031804,0,0,0
"Schizothorax_macrophthalmus",0,0,0,0,0,0,0,0
"Schizothorax_longibarbus",0,0,0,0,0,0,0,0
"Schizothorax_kumaonensis",38.7258300157846,431085335.906004,0.0618951092013925,1.73738528843798,0.249286552972836,0,0,0
"Schizothorax_huegelii",50.0806749402341,739419285.096131,0.0607207145282226,1.85764513299945,0.241676391818149,0,0,0
"Schizothorax_heterochilus",0,0,0,0,0,0,0,0
"Schizothorax_edeniana",57.5046002559572,976723707.922189,0.0600759579511837,1.927840193699,0.238463312031804,0,0,0
"Schizothorax_dainellii",57.5046002559572,976723707.922189,0.0600759579511837,1.927840193699,0.238463312031804,0,0,0
"Schizothorax_cryptolepis",0,0,0,0,0,0,0,0
"Schizothorax_davidi",0,0,0,0,0,0,0,0
"Schizothorax_kozlovi",0,0,0,0,0,0,0,0
"Schizothorax_wangchiachii",0,0,0,0,0,0,0,0
"Schizothorax_grahami",0,0,0,0,0,0,0,0
"Schizothorax_prenanti",0,0,0,0,0,0,0,0
"Schizothorax_dolichonema",0,0,0,0,0,0,0,0
"Schizothorax_chongi",0,0,0,0,0,0,0,0
"Schizothorax_nukiangensis",0,0,0,0,0,0,0,0
"Schizothorax_gongshanensis",0,0,0,0,0,0,0,0
"Schizothorax_lantsangensis",0,0,0,0,0,0,0,0
"Schizothorax_lissolabiatus",0,0,0,0,0,0,0,0
"Schizothorax_griseus",0,0,0,0,0,0,0,0
"Schizothorax_meridionalis",0,0,0,0,0,0,0,0
"Schizothorax_myzostomus",0,0,0,0,0,0,0,0
"Schizothorax_dulongensis",0,0,0,0,0,0,0,0
"Schizothorax_elongatus",0,0,0,0,0,0,0,0
"Schizothorax_molesworthi",0,0,0,0,0,0,0,0
"Schizothorax_labrosus",0,0,0,0,0,0,0,0
"Schizothorax_malacanthus",0,0,0,0,0,0,0,0
"Schizothorax_argentatus",0,0,0,0,0,0,0,0
"Schizothorax_richardsonii",0,0,0,0,0,0,0,0
"Schizothorax_esocinus",0,0,0,0,0,0,0,0
"Schizothorax_curvifrons",0,0,0,0,0,0,0,0
"Schizothorax_plagiostomus",0,0,0,0,0,0,0,0
"Schizothorax_labiatus",0,0,0,0,0,0,0,0
"Schizothorax_biddulphi",0,0,0,0,0,0,0,0
"Aspiorhynchus_laticeps",0,0,0,0,0,0,0,0
"Schizothorax_eurystomus",0,0,0,0,0,0,0,0
"Schizothorax_waltoni",0,0,0,0,0,0,0,0
"Percocypris_regani",0,0,0.0415003559276129,2.05469854389899,0.180968234379235,0,0,0
"Percocypris_pingi",0,0,0,0,0,0,0,0
"Percocypris_tchangi",0,0,0,0,0,0,0,0
"Gymnocypris_firmispinatus",0,0,0,0,0,0,0,0
"Schizopygopsis_pylzovi",0,0,0,0,0,0,0,0
"Chuanchia_labiosa",0,0,0,0,0,0,0,0
"Schizopygopsis_kessleri",1.19311615154819,4041981.30973405,0.00175695981364778,0.0530943539774074,0.00616678898465726,0,0,0
"Herzensteinia_microcephalus",0,0,0,0,0,0,0,0
"Gymnocypris_przewalskii",0,0,0,0,0,0,0,0
"Gymnocypris_eckloni",0,0,0,0,0,0,0,0
"Platypharodon_extremus",0,0,0,0,0,0,0,0
"Schizopygopsis_kialingensis",0,0,0,0,0,0,0,0
"Schizopygopsis_malacanthus",0,0,0,0,0,0,0,0
"Schizopygopsis_stoliczkai",3.86820974167514,0,0.0381210163084951,1.16987814902558,0.130384378046236,0,0,0
"Schizopygopsis_younghusbandi",0,0,0,0,0,0,0,0
"Oxygymnocypris_stewartii",0,0,0,0,0,0,0,0
"Schizopygopsis_anteroventris",8.03840397259068,47189035.343847,0.00732243852051587,0.25566892980481,0.0234951203603589,0,0,0
"Gymnocypris_potanini",0,0,0,0,0,0,0,0
"Gymnodiptychus_integrigymnatus",0,0,0,0,0,0,0,0
"Ptychobarbus_chungtienensis",0,0,0,0,0,0,0,0
"Ptychobarbus_kaznakovi",0,0,0,0,0,0,0,0
"Ptychobarbus_conirostris",0,0,0,0,0,0,0,0
"Ptychobarbus_dipogon",0,0,0,0,0,0,0,0
"Gymnodiptychus_dybowskii",0,0,0,0,0,0,0,0
"Gymnodiptychus_pachycheilus",0,0,0,0,0,0,0,0
"Diptychus_maculatus",0,0,0,0,0,0,0,0
"Onychostoma_uniforme",37.3377161945216,274133341.783293,0.0854818594373801,1.56878252778371,0.302112156293386,0,0,0
"Onychostoma_meridionale",29.0314570579823,162900909.143909,0.0871081284861866,1.46230728044954,0.309069689239838,0,0,0
"Onychostoma_lini",0,0,0,0,0,0,0,0
"Onychostoma_lepturus",39.8098785362074,306751218.670914,0.0850149857070313,1.59900969384708,0.301769934864924,0,0,0
"Onychostoma_laticeps",37.3377161945216,274133341.783293,0.0854818594373801,1.56878252778371,0.302112156293386,0,0,0
"Onychostoma_fusiforme",38.7787222742096,298665481.785325,0.0852604908985475,1.58461962880948,0.300524049356377,0,0,0
"Onychostoma_fangi",0,0,0,0,0,0,0,0
"Onychostoma_daduense",0,0,0,0,0,0,0,0
"Onychostoma_breve",0,0,0,0,0,0,0,0
"Onychostoma_barbatum",34.3537188184117,243843888.05263,0.0861777238345344,1.52881531281661,0.300810210633903,0,0,0
"Onychostoma_angustistomatum",0,0,0,0,0,0,0,0
"Acrossocheilus_yunnanensis",0,0,0,0,0,0,0,0
"Acrossocheilus_xamensis",34.6332775741697,287254537.826164,0.0792954966131219,1.44933762880946,0.281219164095161,0,0,0
"Acrossocheilus_wenchowensis",0,0,0,0,0,0,0,0
"Acrossocheilus_longipinnis",34.6478256940997,411060706.166851,0.0802616722915549,1.42740228701825,0.260805253612595,0,0,0
"Acrossocheilus_lamus",28.9922111847024,198253963.230026,0.0803509844435851,1.3797589689297,0.286091549434685,0,0,0
"Acrossocheilus_ikedai",21.8304577974293,109989246.420372,0.0820690914640161,1.2742248932844,0.293508606225297,0,0,0
"Acrossocheilus_clivosius",0,0,0,0,0,0,0,0
"Acrossocheilus_aluoiensis",28.9922111847024,198253963.230026,0.0803509844435851,1.3797589689297,0.286091549434685,0,0,0
"Acrossocheilus_hemispinus",0,0,0,0,0,0,0,0
"Acrossocheilus_kreyenbergii",0,0,0,0,0,0,0,0
"Acrossocheilus_parallens",0,0,0,0,0,0,0,0
"Acrossocheilus_fasciatus",0,0,0,0,0,0,0,0
"Acrossocheilus_paradoxus",0,0,0,0,0,0,0,0
"Onychostoma_barbatulum",0,0,0,0,0,0,0,0
"Acrossocheilus_beijiangensis",0,0,0,0,0,0,0,0
"Onychostoma_gerlachi",0,0,0,0,0,0,0,0
"Acrossocheilus_monticola",0,0,0,0,0,0,0,0
"Onychostoma_rarum",0,0,0,0,0,0,0,0
"Onychostoma_ovale",29.1159264619662,486739595.749185,0.0553964615265943,1.21248038269409,0.201233957081375,0,0,0
"Acrossocheilus_iridescens",0,0,0,0,0,0,0,0
"Onychostoma_alticorpus",0,0,0,0,0,0,0,0
"Onychostoma_simum",92.0519472028679,0,0.033998708956141,0,0.165853608009245,0,0,0
"Folifer_brevifilis",0,0,0,0,0,0,0,0
"Folifer_yunnanensis",0,0,0,0,0,0,0,0
"Onychostoma_elongatum",61.7072399086115,61823501.9963631,0.0950997923354877,1.08503682791353,0.306529180539121,0,0,0
"Onychostoma_macrolepis",0,0,0.0916482918207654,0,0.316732149004316,0,0,0
"Spinibarbus_sinensis",0,0,0,0,0,0,0,0
"Spinibarbus_denticulatus",0,0,0,0,0,0,0,0
"Spinibarbus_hollandi",0,0,0,0,0,0,0,0
"Hypselobarbus_thomassi",0,0,0,0,0,0,0,0
"Hypselobarbus_pulchellus",0,0,0,0,0,0,0,0
"Hypselobarbus_dobsoni",0,0,0,0,0,0,0,0
"Barbodes_semifasciolatus",0,0,0,0,0,0,0,0
"Barbodes_rhombeus",0,0,0,0,0,0,0,0
"Barbodes_polylepis",36.550720547661,314019822.853546,0.0802932760671658,2.31191869546399,0.332296996698242,0,0,0
"Barbodes_mahakkamensis",36.550720547661,314019822.853546,0.0802932760671658,2.31191869546399,0.332296996698242,0,0,0
"Barbodes_kuchingensis",36.550720547661,314019822.853546,0.0802932760671658,2.31191869546399,0.332296996698242,0,0,0
"Barbodes_everetti",0,0,0,0,0,0,0,0
"Barbodes_dunckeri",36.550720547661,314019822.853546,0.0802932760671658,2.31191869546399,0.332296996698242,0,0,0
"Barbodes_colemani",36.550720547661,314019822.853546,0.0802932760671658,2.31191869546399,0.332296996698242,0,0,0
"Barbodes_binotatus",0,0,0,0,0,0,0,0
"Barbodes_banksi",0,0,0,0,0,0,0,0
"Barbodes_aurotaeniatus",0,0,0,0,0,0,0,0
"Labeobarbus_xyrocheilus",0,0,0,0,0,0,0,0
"Labeobarbus_wurtzi",0,0,0,0,0,0,0,0
"Labeobarbus_wittei",44.1131637170081,1614647985.25795,0.0409530636953462,2.22484859257881,0.182140102366049,0,0,0
"Labeobarbus_werneri",25.4265280410352,519638796.888147,0.0426717360751314,1.88767266809863,0.188618389605083,0,0,0
"Labeobarbus_versluysii",0,0,0,0,0,0,0,0
"Labeobarbus_varicostoma",28.2212102813827,642973058.984082,0.0423385953621065,1.94733466186102,0.187424003011418,0,0,0
"Labeobarbus_urotaenia",12.6559574178495,120799980.163785,0.044915961899964,1.53433630274841,0.198087458525765,0,0,0
"Labeobarbus_tsanensis",0,0,0,0,0,0,0,0
"Labeobarbus_truttiformis",0,0,0,0,0,0,0,0
"Labeobarbus_tropidolepis",0,0,0,0,0,0,0,0
"Labeobarbus_trachypterus",40.2527013659154,1332949517.19959,0.041229320286762,2.16525566319604,0.183334089366447,0,0,0
"Labeobarbus_tornieri",33.7915601803657,947560805.005302,0.0417974799596569,2.05311992887681,0.184603503321985,0,0,0
"Labeobarbus_stenostoma",20.6175895381435,334400020.821467,0.0433309757403788,1.77432496250107,0.191575251387406,0,0,0
"Labeobarbus_steindachneri",49.4903999268063,2096843415.5855,0.0406366343490965,2.29933711231382,0.179803354617666,0,0,0
"Labeobarbus_stappersii",73.0318333117989,4547174701.10257,0.0394381073912513,2.58532942740712,0.176411151257399,0,0,0
"Labeobarbus_somereni",0,0,0,0,0,0,0,0
"Labeobarbus_sandersi",46.6840105949492,1845815926.6449,0.040803587324509,2.26004915232656,0.180717874985786,0,0,0
"Labeobarbus_sacratus",0,0,0,0,0,0,0,0
"Labeobarbus_ruwenzorii",34.5203629904246,968652072.34274,0.0417000078555604,2.06823637345473,0.185213528532724,0,0,0
"Labeobarbus_ruasae",0,0,0,0,0,0,0,0
"Labeobarbus_ruandae",0,0,0,0,0,0,0,0
"Labeobarbus_roylii",0,0,0,0,0,0,0,0
"Labeobarbus_rosae",19.3037993000482,290289979.914177,0.0435353640314612,1.74005456437262,0.192588150772953,0,0,0
"Labeobarbus_rocadasi",0,0,0,0,0,0,0,0
"Labeobarbus_robertsi",0,0,0,0,0,0,0,0
"Labeobarbus_rhinophorus",25.9777317731588,543137377.622664,0.0426034563730458,1.8995375961093,0.188326002987505,0,0,0
"Labeobarbus_rhinoceros",50.6776935864951,2184684276.17159,0.0405540264739718,2.31622892930969,0.179805905866915,0,0,0
"Labeobarbus_reinii",60.5033753110831,3237102771.9042,0.0400598930735034,2.4385201322957,0.176686676133826,0,0,0
"Labeobarbus_pungweensis",33.4609752141618,910199303.009032,0.0418000444765968,2.04927847720373,0.185548325040774,0,0,0
"Labeobarbus_progenys",0,0,0,0,0,0,0,0
"Labeobarbus_platyrhinus",0,0,0,0,0,0,0,0
"Labeobarbus_petitjeani",0,0,0,0,0,0,0,0
"Labeobarbus_pellegrini",32.525609478461,867744486.052519,0.0419029527447697,2.03018258989024,0.185356709535841,0,0,0
"Labeobarbus_paucisquamatus",41.1814842200611,1402907794.03979,0.0411648568784523,2.17928573004365,0.182866252547868,0,0,0
"Labeobarbus_parawaldroni",0,0,0,0,0,0,0,0
"Labeobarbus_pagenstecheri",0,0,0,0,0,0,0,0
"Labeobarbus_oxyrhynchus",0,0,0,0,0,0,0,0
"Labeobarbus_nthuwa",0,0,0,0,0,0,0,0
"Labeobarbus_nelspruitensis",42.5262234466839,1531884153.78831,0.0410962477524653,2.19745198791001,0.181572498651578,0,0,0
"Labeobarbus_nedgia",0,0,0,0,0,0,0,0
"Labeobarbus_natalensis",0,0,0,0,0,0,0,0
"Labeobarbus_nanningsi",0,0,0,0,0,0,0,0
"Labeobarbus_mungoensis",0,0,0,0,0,0,0,0
"Labeobarbus_mirabilis",0,5012278073.59504,0.0403066437282863,0,0.178686407301714,0,0,0
"Labeobarbus_micronema",0,0,0,0,0,0,0,0
"Labeobarbus_microbarbis",0,0,0,0,0,0,0,0
"Labeobarbus_megastoma",0,0,0,0,0,0,0,0
"Labeobarbus_mbami",39.0193953947122,1279684179.3931,0.0413570570843755,2.14199145805676,0.182671058719315,0,0,0
"Labeobarbus_mawambiensis",25.9777317731588,543137377.622664,0.0426034563730458,1.8995375961093,0.188326002987505,0,0,0
"Labeobarbus_mawambi",25.9777317731588,543137377.622664,0.0426034563730458,1.8995375961093,0.188326002987505,0,0,0
"Labeobarbus_maroccanus",49.3349599993675,2070026194.50961,0.0406374321246935,2.29795965929405,0.18009730231162,0,0,0
"Labeobarbus_mariae",46.5360949820408,1822002503.0684,0.0408043954366912,2.25868330820621,0.1810159233607,0,0,0
"Labeobarbus_malacanthus",0,0,0,0,0,0,0,0
"Labeobarbus_macrophtalmus",0,0,0,0,0,0,0,0
"Labeobarbus_macrolepis",0,0,0,0,0,0,0,0
"Labeobarbus_macrolepidotus",0,0,0,0,0,0,0,0
"Labeobarbus_macroceps",42.5262234466839,1531884153.78831,0.0410962477524653,2.19745198791001,0.181572498651578,0,0,0
"Labeobarbus_lufupensis",30.7402450525987,774056678.70426,0.0420830464755301,1.99675456895727,0.186026194589047,0,0,0
"Labeobarbus_lucius",0,0,0,0,0,0,0,0
"Labeobarbus_longifilis",42.3451443578412,1505369067.44002,0.0410973421621483,2.19566648574964,0.181975273222887,0,0,0
"Labeobarbus_longidorsalis",42.5262234466839,1531884153.78831,0.0410962477524653,2.19745198791001,0.181572498651578,0,0,0
"Labeobarbus_leleupanus",0,0,0,0,0,0,0,0
"Labeobarbus_lagensis",0,0,0,0,0,0,0,0
"Labeobarbus_kimberleyensis",0,0,0,0,0,0,0,0
"Labeobarbus_jubbi",0,0,0,0,0,0,0,0
"Labeobarbus_jaegeri",30.178993484719,738000682.030244,0.0421272082973923,1.98699921260641,0.186672636352469,0,0,0
"Labeobarbus_iturii",46.4743176158096,1812125791.13673,0.0408047337124251,2.25811181903951,0.181140830548298,0,0,0
"Labeobarbus_iphthimostoma",29.3509619233152,699114048.299806,0.0422186236888525,1.96952172139987,0.186778858491487,0,0,0
"Labeobarbus_humphri",37.3510067739876,1154874355.23907,0.0414747353899551,2.11614348199205,0.183754656023485,0,0,0
"Labeobarbus_gulielmi",25.9777317731588,543137377.622664,0.0426034563730458,1.8995375961093,0.188326002987505,0,0,0
"Labeobarbus_gruveli",0,0,0,0,0,0,0,0
"Labeobarbus_girardi",40.8115892779617,1410319140.3453,0.0412257725309913,2.17095063302096,0.182026069562547,0,0,0
"Labeobarbus_gestetneri",41.2606959887364,1413982274.37773,0.0411643632177045,2.18008362141388,0.182683871271154,0,0,0
"Labeobarbus_gananensis",32.9479499542915,881795690.443526,0.0418485227248345,2.04003236837363,0.185749264970752,0,0,0
"Labeobarbus_fimbriatus",30.932429403615,771917706.468326,0.0420413205698483,2.00195945548366,0.186583036581226,0,0,0
"Labeobarbus_fasolt",57.1225899643416,2760828935.40283,0.0401765152886227,2.40149651753966,0.178887558479613,0,0,0
"Labeobarbus_ethiopicus",42.1892786532959,1482824944.85956,0.0410982879645556,2.19412463961966,0.182324066973295,0,0,0
"Labeobarbus_ensis",24.8764640284274,495630307.100461,0.0427383083203366,1.87585610896802,0.189008591215851,0,0,0
"Labeobarbus_ensifer",30.9170368624733,770347168.237051,0.0420414511615601,2.00176964561418,0.186631267510572,0,0,0
"Labeobarbus_dimidiatus",0,0,0,0,0,0,0,0
"Labeobarbus_dartevellei",22.0656173354035,386144528.342203,0.0431175843659208,1.80950871013928,0.190473444847048,0,0,0
"Labeobarbus_compiniei",0,0,0,0,0,0,0,0
"Labeobarbus_codringtonii",0,0,0,0,0,0,0,0
"Labeobarbus_claudinae",0,0,0,0,0,0,0,0
"Labeobarbus_clarkeae",0,0,0,0,0,0,0,0
"Labeobarbus_cardozoi",0,0,0,0,0,0,0,0
"Labeobarbus_bynni",0,0,0,0,0,0,0,0
"Labeobarbus_brevispinis",34.317599527343,977343369.317245,0.0417480176560818,2.06250059753359,0.184434266556231,0,0,0
"Labeobarbus_brevicephalus",0,0,0,0,0,0,0,0
"Labeobarbus_boulengeri",27.0868830122592,588164513.232777,0.0424612421166885,1.92351659644905,0.188029475306615,0,0,0
"Labeobarbus_beso",52.3065305014246,2345663386.08197,0.0404663338523735,2.33705021131221,0.179163687861773,0,0,0
"Labeobarbus_batesii",0,0,0,0,0,0,0,0
"Labeobarbus_aspius",0,0,0,0,0,0,0,0
"Labeobarbus_ansorgii",0,0,0,0,0,0,0,0
"Labeobarbus_altipinnis",50.3937540453502,2135030781.04817,0.040555448489511,2.31375118009747,0.180331268468202,0,0,0
"Labeobarbus_altianalis",0,0,0,0,0,0,0,0
"Labeobarbus_alluaudi",35.4461475896991,1043507131.83275,0.0416455600785443,2.0822175893243,0.184052628396733,0,0,0
"Labeobarbus_acuticeps",0,0,0,0,0,0,0,0
"Labeobarbus_gorguari",0,0,0,0,0,0,0,0
"Labeobarbus_dainellii",0,0,0,0,0,0,0,0
"Labeobarbus_gorgorensis",0,0,0,0,0,0,0,0
"Labeobarbus_crassibarbis",0,0,0,0,0,0,0,0
"Labeobarbus_surkis",0,0,0,0,0,0,0,0
"Labeobarbus_longissimus",0,0,0,0,0,0,0,0
"Labeobarbus_platydorsus",0,0,0,0,0,0,0,0
"Labeobarbus_intermedius",0,0,0,0,0,0,0,0
"Labeobarbus_acutirostris",0,0,0,0,0,0,0,0
"Labeobarbus_polylepis",0,0,0,0,0,0,0,0
"Labeobarbus_aeneus",0,0,0,0,0,0,0,0
"Labeobarbus_caudovittatus",0,0,0,0,0,0,0,0
"Labeobarbus_marequensis",0,0,0,0,0,0,0,0
"Labeobarbus_johnstonii",0,0,0,0,0,0,0,0
"Sanagia_velifera",0,0,0,0,0,0,0,0
"Carasobarbus_luteus",0,0,0,0,0,0,0,0
"Carasobarbus_canis",0,0,0,0,0,0,0,0
"Mesopotamichthys_sharpeyi",0,0,0,0,0,0,0,0
"Labeobarbus_habereri",0,0,0,0,0,0,0,0
"Tor_polylepis",0,0,0,0,0,0,0,0
"Tor_laterivittatus",0,0,0,0,0,0,0,0
"Tor_kulkarnii",0,0,0,0,0,0,0,0
"Tor_ater",0,0,0,0,0,0,0,0
"Neolissochilus_vittatus",30.9864090887565,274431416.163449,0.0357895697644838,0.817601927574111,0.222894715615095,0,0,0
"Neolissochilus_sumatranus",19.7081642901561,107877277.498684,0.0370419117248403,0.7292214865567,0.235892333539679,0,0,0
"Neolissochilus_stevensonii",30.9864090887565,274431416.163449,0.0357895697644838,0.817601927574111,0.222894715615095,0,0,0
"Neolissochilus_spinulosus",30.9864090887565,274431416.163449,0.0357895697644838,0.817601927574111,0.222894715615095,0,0,0
"Neolissochilus_soro",0,0,0,0,0,0,0,0
"Neolissochilus_qiaojiensis",0,0,0,0,0,0,0,0
"Neolissochilus_paucisquamatus",30.9864090887565,274431416.163449,0.0357895697644838,0.817601927574111,0.222894715615095,0,0,0
"Neolissochilus_nigrovittatus",18.506669503076,93467419.8821726,0.0372027932051181,0.718436461198294,0.238573319290543,0,0,0
"Neolissochilus_hendersoni",0,0,0,0,0,0,0,0
"Neolissochilus_hemispinus",0,0,0,0,0,0,0,0
"Neolissochilus_dukai",32.1557345526759,319344549.851571,0.0357812972747653,0.823391553764165,0.218648340210982,0,0,0
"Neolissochilus_bovanicus",0,0,0,0,0,0,0,0
"Neolissochilus_blythii",11.2399683777941,34063676.4291165,0.0386628048208653,0.631557830742827,0.252233557000817,0,0,0
"Neolissochilus_soroides",0,0,0,0,0,0,0,0
"Neolissochilus_hexagonolepis",0,0,0,0,0,0,0,0
"Neolissochilus_stracheyi",0,0,0,0,0,0,0,0
"Neolissochilus_hexastichus",0,0,0,0,0,0,0,0
"Tor_tambroides",0,0,0,0,0,0,0,0
"Neolissochilus_heterostomus",0.0466925680435803,150733.160293064,4.61414382908042e-05,0.000942274465592362,0.000665103131128573,0,0,0
"Tor_douronensis",0,0,0,0,0,0,0,0
"Tor_sinensis",0,0,0,0,0,0,0,0
"Hypselobarbus_mussullah",0,0,0,0,0,0,0,0
"Tor_malabaricus",37.2719357391337,4508156085.28615,0.0177755900046989,1.08001126786425,0.112337196777136,0,0,0
"Neolissochilus_benasi",0,0,0,0,0,0,0,0
"Tor_tambra",0,0,0,0,0,0,0,0
"Tor_tor",0,0,0,0,0,0,0,0
"Tor_putitora",0,0,0,0,0,0,0,0
"Tor_khudree",0,0,0,0,0,0,0,0
"Barbodes_wynaadensis",0,0,0,0,0,0,0,0
"Hypselobarbus_micropogon",0,0,0,0,0,0,0,0
"Hypselobarbus_dubius",0,0,0,0,0,0,0,0
"Hypselobarbus_curmuca",0,0,0,0,0,0,0,0
"Hypselobarbus_kurali",0,0,0,0,0,0,0,0
"Hypselobarbus_kolus",0,0,0,0,0,0,0,0
"Hypselobarbus_lithopidos",0,0,0,0,0,0,0,0
"Hypselobarbus_jerdoni",0,0,0,0,0,0,0,0
"Osteochilus_nashii",0,0,0,0,0,0,0,0
"Barbodes_carnaticus",0,0,0,0,0,0,0,0
"Poropuntius_speleops",0,0,0,0,0,0,0,0
"Poropuntius_solitus",53.8918000424451,260073500.823395,0.163622269923786,2.08700231347973,0.560336693176457,0,0,0
"Poropuntius_smedleyi",69.2863804008663,441219602.893411,0.160646477472345,2.2484733602924,0.550188584832544,0,0,0
"Poropuntius_scapanognathus",0,0,0,0,0,0,0,0
"Poropuntius_rhomboides",0,0,0,0,0,0,0,0
"Poropuntius_margarianus",0,0,0,0,0,0,0,0
"Poropuntius_lobocheiloides",70.4318032733953,449288395.935995,0.160365052861728,2.26104676565683,0.551438606740018,0,0,0
"Poropuntius_laoensis",0,0,0,0,0,0,0,0
"Poropuntius_krempfi",83.2982257347117,988673547.004013,0.160746942261466,2.32130370883678,0.493824800785589,0,0,0
"Poropuntius_kontumensis",0,0,0,0,0,0,0,0
"Poropuntius_huguenini",135.899565127838,1797573005.91432,0.152867632260572,2.7471905717631,0.525253356377249,0,0,0
"Poropuntius_heterolepidotus",70.4318032733953,449288395.935995,0.160365052861728,2.26104676565683,0.551438606740018,0,0,0
"Poropuntius_hathe",43.0707926996753,163008973.178644,0.166346351839074,1.95198186318691,0.568856948354591,0,0,0
"Poropuntius_hampaloides",58.7148297226742,312391000.67665,0.162617295552255,2.14039382515798,0.556480443917184,0,0,0
"Poropuntius_genyognathus",0,0,0,0,0,0,0,0
"Poropuntius_fuxianhuensis",58.442735249202,0,0.148956078179399,2.28450080352443,0.53259789430199,0,0,0
"Poropuntius_faucis",31.4488614756159,84073464.6213564,0.170207572944016,1.77788316534474,0.581951298729047,0,0,0
"Poropuntius_exiguus",0,0,0,0,0,0,0,0
"Poropuntius_deauratus",0,0,0,0,0,0,0,0
"Poropuntius_daliensis",102.131803503267,996690174.697127,0.156148084355468,2.52194365874486,0.534771793656737,0,0,0
"Poropuntius_consternans",65.5731497980527,388797403.833636,0.161235406645626,2.21280724336596,0.553552792196937,0,0,0
"Poropuntius_cogginii",267.748400264255,0,0.168391718401291,0,0.722393982070003,0,0,0
"Poropuntius_chonglingchungi",0,0,0,0,0,0,0,0
"Poropuntius_chondrorhynchus",0,0,0,0,0,0,0,0
"Poropuntius_carinatus",112.239343152261,1589622043.86596,0.156481177534932,2.55733507265087,0.500232200323112,0,0,0
"Poropuntius_bolovenensis",0,0,0,0,0,0,0,0
"Poropuntius_birtwistlei",81.8830496268749,624648096.017421,0.158678084902302,2.36310498838704,0.54398930373357,0,0,0
"Poropuntius_angustus",0,0,0,0,0,0,0,0
"Poropuntius_alloiopleurus",0,0,0,0,0,0,0,0
"Systomus_jayarami",37.8913002340196,95052380.3715213,0.141978113992842,1.2566727799436,0.451945031126238,0,0,0
"Systomus_jacobusboehlkei",44.4355009705953,132320549.610105,0.140306886989114,1.31562463826041,0.446193063965584,0,0,0
"Systomus_endecanalis",0,0,0,0,0,0,0,0
"Systomus_compressiformis",51.7642481054549,181177931.306725,0.138711061561581,1.37485757255593,0.440999063885045,0,0,0
"Systomus_clavatus",60.2399325161889,249755704.442751,0.137184876250424,1.43568636699864,0.435046463561779,0,0,0
"Systomus_asoka",0,0,0,0,0,0,0,0
"Pseudobarbus_quathlambae",0,0,0,0,0,0,0,0
"Pseudobarbus_burchelli",0,0,0,0,0,0,0,0
"Pseudobarbus_burgi",0,0,0,0,0,0,0,0
"Pseudobarbus_phlegethon",0,0,0,0,0,0,0,0
"Pseudobarbus_afer",0,0,0,0,0,0,0,0
"Pseudobarbus_asper",0,0,0,0,0,0,0,0
"Pseudobarbus_tenuis",0,0,0,0,0,0,0,0
"Systomus_sarana",0,0,0,0,0,0,0,0
"Puntius_arenatus",0,0,0,0,0,0,0,0
"Systomus_martenstyni",0,0,0,0,0,0,0,0
"Systomus_orphoides",0,0,0,0,0,0,0,0
"Systomus_pleurotaenia",0,0,0,0,0,0,0,0
"Pethia_narayani",0,0,0,0,0,0,0,0
"Pethia_guganio",0,0,0,0,0,0,0,0
"Pethia_atra",0,0,0,0,0,0,0,0
"Pethia_ticto",0,0,0,0,0,0,0,0
"Pethia_cumingii",0,0,0,0,0,0,0,0
"Pethia_bandula",0,0,0,0,0,0,0,0
"Pethia_nigrofasciata",0,0,0,0,0,0,0,0
"Pethia_stoliczkana",0,0,0,0,0,0,0,0
"Pethia_conchonius",0,0,0,0,0,0,0,0
"Pethia_phutunio",0,0,0,0,0,0,0,0
"Pethia_manipurensis",0,0,0,0,0,0,0,0
"Pethia_gelius",0,0,0,0,0,0,0,0
"Dawkinsia_denisonii",0,0,0,0,0,0,0,0
"Dawkinsia_chalakkudiensis",0,0,0,0,0,0,0,0
"Dawkinsia_arulius",0,0,0,0,0,0,0,0
"Dawkinsia_srilankensis",0,0,0,0,0,0,0,0
"Dawkinsia_exclamatio",0,0,0,0,0,0,0,0
"Dawkinsia_singhala",0,0,0,0,0,0,0,0
"Dawkinsia_filamentosa",0,0,0,0,0,0,0,0
"Puntius_dorsalis",0,0,0,0,0,0,0,0
"Puntius_mahecola",0,0,0,0,0,0,0,0
"Puntius_sophore",0,0,0,0,0,0,0,0
"Puntius_chola",0,0,0,0,0,0,0,0
"Puntius_brevis",0,0,0,0,0,0,0,0
"Puntius_fraseri",0,0,0,0,0,0,0,0
"Puntius_parrah",0,0,0,0,0,0,0,0
"Puntius_bimaculatus",0,0,0,0,0,0,0,0
"Puntius_titteya",0,0,0,0,0,0,0,0
"Puntius_vittatus",0,0,0,0,0,0,0,0
"Osteobrama_vigorsii",0,0,0,0,0,0,0,0
"Osteobrama_peninsularis",0,0,0,0,0,0,0,0
"Osteobrama_neilli",0,0,0,0,0,0,0,0
"Osteobrama_feae",0,0,0,0,0,0,0,0
"Osteobrama_cunma",0,0,0,0,0,0,0,0
"Osteobrama_cotio",0,0,0,0,0,0,0,0
"Osteobrama_bhimensis",0,0,0,0,0,0,0,0
"Osteobrama_belangeri",0,0,0,0,0,0,0,0
"Osteobrama_bakeri",0,0,0,0,0,0,0,0
"Osteobrama_alfredianus",24.785820123882,107455850.304847,0.0588087538552666,0.772989086807608,0.195273637157671,0,0,0
"Haludaria_melanampyx",11.2732845389459,41102146.4113636,0.0335946355119065,0.37817822943345,0.101438833610007,0,0,0
"Haludaria_fasciata",0,0,0,0,0,0,0,0
"Hampala_salweenensis",0,0,0,0,0,0,0,0
"Hampala_dispar",0,0,0,0,0,0,0,0
"Hampala_ampalong",27.0894829921387,261139069.125887,0.0795215529162073,1.11228452387723,0.340014671160953,0,0,0
"Hampala_bimaculata",0,0,0,0,0,0,0,0
"Hampala_sabana",0,0,0,0,0,0,0,0
"Hampala_macrolepidota",0,0,0,0,0,0,0,0
"Oreichthys_parvus",0,0,0,0,0,0,0,0
"Oreichthys_cosuatis",0,0,0,0,0,0,0,0
"Eirmotus_isthmus",0,0,0,0,0,0,0,0
"Eirmotus_octozona",0,0,0,0,0,0,0,0
"Eirmotus_furvus",0,0,0,0,0,0,0,0
"Chagunius_nicholsi",0,0,0,0,0,0,0,0
"Chagunius_baileyi",0,0,0,0,0,0,0,0
"Chagunius_chagunio",0,0,0,0,0,0,0,0
"Cosmochilus_nanlaensis",0,0,0,0,0,0,0,0
"Cosmochilus_falcifer",75.696251600995,665163479.627839,0.104628511602508,1.58741631510914,0.349472941202785,0,0,0
"Barbonymus_schwanefeldii",0,0,0,0,0,0,0,0
"Barbonymus_collingwoodii",0,0,0,0,0,0,0,0
"Barbonymus_balleroides",0,0,0,0,0,0,0,0
"Mystacoleucus_greenwayi",0,0,0,0,0,0,0,0
"Mystacoleucus_atridorsalis",0,0,0,0,0,0,0,0
"Mystacoleucus_argenteus",0,0,0,0,0,0,0,0
"Mystacoleucus_marginatus",0,0,0,0,0,0,0,0
"Mystacoleucus_chilopterus",0,0,0,0,0,0,0,0
"Mystacoleucus_lepturus",0,0,0,0,0,0,0,0
"Mystacoleucus_ectypus",0,0,0,0,0,0,0,0
"Sikukia_longibarbata",1.2991618253175,5568353.07270228,0.00356496990013342,0.0443399418527204,0.0123628104847686,0,0,0
"Sikukia_flavicaudata",0,0,0,0,0,0,0,0
"Sikukia_gudgeri",0,0,0,0,0,0,0,0
"Sikukia_stejnegeri",0,0,0,0,0,0,0,0
"Hypsibarbus_suvattii",0,0,0,0,0,0,0,0
"Hypsibarbus_salweenensis",0,0,0,0,0,0,0,0
"Hypsibarbus_pierrei",0,0,0,0,0,0,0,0
"Hypsibarbus_macrosquamatus",25.2168580661394,175738132.529773,0.0559805252619752,0.768499373019347,0.186905314774037,0,0,0
"Hypsibarbus_lagleri",0,0,0,0,0,0,0,0
"Hypsibarbus_annamensis",25.2168580661394,175738132.529773,0.0559805252619752,0.768499373019347,0.186905314774037,0,0,0
"Hypsibarbus_vernayi",0,0,0,0,0,0,0,0
"Hypsibarbus_malcolmi",0,0,0,0,0,0,0,0
"Hypsibarbus_wetmorei",0,0,0,0,0,0,0,0
"Barbonymus_gonionotus",0,0,0,0,0,0,0,0
"Poropuntius_bantamensis",0,0,0,0,0,0,0,0
"Poropuntius_huangchuchieni",0,0,0,0,0,0,0,0
"Poropuntius_opisthopterus",31.845637453707,476434815.578775,0.0414655876660146,0.847677218182859,0.150215661362854,0,0,0
"Poropuntius_normani",0,0,0,0,0,0,0,0
"Sawbwa_resplendens",0,0,0,0,0,0,0,0
"Scaphognathops_theunensis",34.3975889503513,255490318.817675,0.0685974694247077,1.03733690513772,0.226369736137073,0,0,0
"Scaphognathops_bandanensis",0,0,0,0,0,0,0,0
"Scaphognathops_stejnegeri",0,0,0,0,0,0,0,0
"Discherodontus_parvus",19.688659303812,1150196054.74404,0.0457720435782514,0.389657573901868,0.0853421472864272,0,0,0
"Discherodontus_halei",0,0,0,0,0,0,0,0
"Discherodontus_ashmeadi",0,0,0,0,0,0,0,0
"Discherodontus_schroederi",0,0,0,0,0,0,0,0
"Cosmochilus_cardinalis",0,0,0,0,0,0,0,0
"Barbonymus_altus",0,0,0,0,0,0,0,0
"Cyclocheilichthys_lagleri",0,0,0,0,0,0,0,0
"Cyclocheilichthys_heteronema",0,0,0,0,0,0,0,0
"Cyclocheilichthys_furcatus",0,0,0,0,0,0,0,0
"Cyclocheilichthys_armatus",0,0,0,0,0,0,0,0
"Puntioplites_falcifer",0,0,0,0,0,0,0,0
"Puntioplites_proctozystron",0,0,0,0,0,0,0,0
"Puntioplites_waandersi",0,0,0,0,0,0,0,0
"Puntioplites_bulu",0,0,0,0,0,0,0,0
"Amblyrhynchichthys_truncatus",0,0,0,0,0,0,0,0
"Amblyrhynchichthys_micracanthus",0,0,0,0,0,0,0,0
"Cyclocheilichthys_enoplos",0,0,0,0,0,0,0,0
"Albulichthys_albuloides",0,0,0,0,0,0,0,0
"Balantiocheilos_melanopterus",0,0,0,0,0,0,0,0
"Cosmochilus_harmandi",0,0,0,0,0,0,0,0
"Cyclocheilichthys_apogon",0,0,0,0,0,0,0,0
"Anematichthys_repasson",0,0,0,0,0,0,0,0
"Sinocyclocheilus_grahami",0,0,0,0,0,0,0,0
"Sinocyclocheilus_tingi",0,0,0,0,0,0,0,0
"Sinocyclocheilus_yangzongensis",0,0,0,0,0,0,0,0
"Sinocyclocheilus_malacopterus",0,0,0,0,0,0,0,0
"Sinocyclocheilus_angustiporus",0,0,0,0,0,0,0,0
"Sinocyclocheilus_multipunctatus",0,0,0,0,0,0,0,0
"Procypris_mera",0,0,0,0,0,0,0,0
"Procypris_rabaudi",0,0,0,0,0,0,0,0
"Carassius_auratus",0,0,0,0,0,0,0,0
"Rhodeus_sinensis",0,0,0,0,0,0,0,0
"Carassius_cuvieri",0,0,0,0,0,0,0,0
"Carassius_gibelio",0,0,0,0,0,0,0,0
"Carassius_langsdorfii",0,0,0,0,0,0,0,0
"Carassius_carassius",0,0,0,0,0,0,0,0
"Cyprinus_yunnanensis",0,0,0,0,0,0,0,0
"Cyprinus_yilongensis",0,0,0,0,0,0,0,0
"Cyprinus_rubrofuscus",0,0,0,0,0,0,0,0
"Cyprinus_qionghaiensis",17.8761631705346,4143434460.23186,0.0181171684804375,0.270877412145057,0.0510166940717603,0,0,0
"Cyprinus_multitaeniatus",0,0,0,0,0,0,0,0
"Cyprinus_micristius",0,0,0,0,0,0,0,0
"Cyprinus_melanes",13.6609521197015,1378683147.51074,0.0181475999413014,0.25735015934132,0.0586623632606325,0,0,0
"Cyprinus_megalophthalmus",0,0,0,0,0,0,0,0
"Cyprinus_longzhouensis",0,0,0,0,0,0,0,0
"Cyprinus_longipectoralis",0,0,0,0,0,0,0,0
"Cyprinus_intha",0,0,0,0,0,0,0,0
"Cyprinus_ilishaestomus",0,0,0,0,0,0,0,0
"Cyprinus_fuxianensis",0,0,0,0,0,0,0,0
"Cyprinus_exophthalmus",13.6609521197015,1378683147.51074,0.0181475999413014,0.25735015934132,0.0586623632606325,0,0,0
"Cyprinus_daliensis",0,0,0,0,0,0,0,0
"Cyprinus_dai",13.6609521197015,1378683147.51074,0.0181475999413014,0.25735015934132,0.0586623632606325,0,0,0
"Cyprinus_chilia",0,55933573642.1972,0.0185833942360436,0.324951961610008,0.0473341135587775,0,0,0
"Cyprinus_barbatus",0,0,0,0,0,0,0,0
"Cyprinus_acutidorsalis",0,0,0,0,0,0,0,0
"Cyprinus_carpio",0,0,0,0,0,0,0,0
"Cyprinus_pellegrini",0,0,0,0,0,0,0,0
"Carassioides_acuminatus",68.2725813345528,2810885714.58226,0.124411436354415,1.60366105498693,0.406052939060768,0,0,0
"Thynnichthys_vaillanti",113.147959029282,4751291729.65604,0.145528443958351,2.75968084411687,0.53473101189987,0,0,0
"Thynnichthys_polylepis",0,0,0,0,0,0,0,0
"Cirrhinus_rubirostris",0,0,0,0,0,0,0,0
"Cirrhinus_macrops",0,0,0,0,0,0,0,0
"Cirrhinus_jullieni",0,0,0,0,0,0,0,0
"Cirrhinus_inornatus",0,0,0,0,0,0,0,0
"Bangana_gedrosicus",92.4022367138638,3032765177.19986,0.147445001069034,2.5327023476714,0.526093274657615,0,0,0
"Bangana_diplostoma",0,0,0,0,0,0,0,0
"Bangana_devdevi",0,0,0,0,0,0,0,0
"Bangana_almorae",104.845843282932,3799358548.24223,0.145855561078002,2.61617859064901,0.520983174753958,0,0,0
"Crossocheilus_pseudobagroides",31.4149241526948,133104911.128953,0.127569810548354,1.46819420187073,0.430498367216852,0,0,0
"Crossocheilus_periyarensis",0,0,0,0,0,0,0,0
"Crossocheilus_obscurus",0,0,0,0,0,0,0,0
"Crossocheilus_langei",0,0,0,0,0,0,0,0
"Crossocheilus_gnathopogon",44.2015066904112,265211675.397372,0.124234238101905,1.60048191169512,0.413405079876117,0,0,0
"Crossocheilus_cobitis",0,0,0,0,0,0,0,0
"Crossocheilus_atrilimes",0,0,0,0,0,0,0,0
"Garra_widdowsoni",0,0,0,0,0,0,0,0
"Garra_wanae",21.892258126716,46283046.4026682,0.116063362762447,1.22343311461813,0.371186208739418,0,0,0
"Garra_variabilis",33.6944057622412,109065256.780154,0.112106156740289,1.33492235719991,0.343253631393775,0,0,0
"Garra_typhlops",0,0,0,0,0,0,0,0
"Garra_stenorhynchus",0,0,0,0,0,0,0,0
"Garra_salweenica",42.9016433203682,180827871.720863,0.110129565369491,1.43201306032948,0.336757924405141,0,0,0
"Garra_sahilia",31.3026307273716,94037872.4079839,0.11276114928655,1.3140183133598,0.347554746212004,0,0,0
"Garra_rupecula",26.4561959097748,67215391.4381578,0.114301418850739,1.27313778538525,0.359565333544276,0,0,0
"Garra_rossica",29.6090289662569,84160753.9047736,0.113270519669882,1.30104051494395,0.351725115349456,0,0,0
"Garra_quadrimaculata",0,0,0,0,0,0,0,0
"Garra_qiaojiensis",0,0,0,0,0,0,0,0
"Garra_phillipsi",0,0,0,0,0,0,0,0
"Garra_persica",0,0,0,0,0,0,0,0
"Garra_notata",0,0,0,0,0,0,0,0
"Garra_nana",0,0,0,0,0,0,0,0
"Garra_naganensis",32.4911498205949,101332119.288343,0.112426511178847,1.32410073103074,0.34522894505864,0,0,0
"Garra_menoni",27.1263408419607,70430620.1535915,0.114057407948487,1.27892925204277,0.357851760964508,0,0,0
"Garra_mcclellandi",0,0,0,0,0,0,0,0
"Garra_manipurensis",27.3544455207552,71935687.9277132,0.11400100936793,1.28181308730685,0.357329980364736,0,0,0
"Garra_mamshuqa",23.4325337148723,52763331.9009775,0.115417618734459,1.24168177200505,0.367385195617275,0,0,0
"Garra_longipinnis",0,0,0,0,0,0,0,0
"Garra_litanensis",31.20496266064,92857379.0014787,0.112770445901156,1.31539663491523,0.3488786370266,0,0,0
"Garra_lancrenonensis",17.9562381488854,31041954.3726728,0.117892257179595,1.17144122475531,0.383377833117349,0,0,0
"Garra_kemali",0,0,0,0,0,0,0,0
"Garra_imberbis",27.8948150541136,74685652.2147142,0.11381463590134,1.28638655552593,0.355950327580095,0,0,0
"Garra_ignestii",0,0,0,0,0,0,0,0
"Garra_hindii",0,0,0,0,0,0,0,0
"Garra_gracilis",32.161004248303,108830250.547302,0.112889723061925,1.3228084585035,0.341546812646934,0,0,0
"Garra_gotyla",0,0,0,0,0,0,0,0
"Garra_ghorensis",0,0,0,0,0,0,0,0
"Garra_geba",0,0,0,0,0,0,0,0
"Garra_fisheri",0,0,0,0,0,0,0,0
"Garra_elegans",23.4325337148723,52763331.9009775,0.115417618734459,1.24168177200505,0.367385195617275,0,0,0
"Garra_dembeensis",0,0,0,0,0,0,0,0
"Garra_cyclostomata",0,0,0,0,0,0,0,0
"Garra_buettikeri",31.3026307273716,94037872.4079839,0.11276114928655,1.3140183133598,0.347554746212004,0,0,0
"Garra_blanfordii",0,0,0,0,0,0,0,0
"Garra_barreimiae",0,0,0,0,0,0,0,0
"Garra_arunachalami",30.7006985256919,89985270.9447382,0.112922465980251,1.31115052190426,0.349888603806368,0,0,0
"Garra_annandalei",45.0370156681475,200680596.784754,0.109745633366488,1.45218956098033,0.335281571939471,0,0,0
"Garra_andruzzii",0,0,0,0,0,0,0,0
"Garra_allostoma",0,0,0,0,0,0,0,0
"Garra_aethiopica",0,0,0,0,0,0,0,0
"Garra_abhoyai",0,0,0,0,0,0,0,0
"Garra_congoensis",4.35455168030111,13455219.0961925,0.0160613580405556,0.193333676312579,0.0476122593545793,0,0,0
"Garra_ornata",0,0,0,0,0,0,0,0
"Garra_waterloti",0,0,0,0,0,0,0,0
"Garra_regressus",0,0,0,0,0,0,0,0
"Garra_dembecha",0,0,0,0,0,0,0,0
"Garra_tana",0,0,0,0,0,0,0,0
"Garra_makiensis",0,0,0,0,0,0,0,0
"Garra_rufa",0,0,0,0,0,0,0,0
"Garra_nasuta",0,0,0,0,0,0,0,0
"Garra_lamta",0,0,0,0,0,0,0,0
"Garra_mirofrontis",0,0,0,0,0,0,0,0
"Garra_cyrano",0,0,0,0,0,0,0,0
"Garra_orientalis",0,0,0,0,0,0,0,0
"Garra_fuliginosa",0,0,0,0,0,0,0,0
"Garra_kempi",0,0,0,0,0,0,0,0
"Garra_lissorhynchus",0,0,0,0,0,0,0,0
"Garra_surendranathanii",0,0,0,0,0,0,0,0
"Parapsilorhynchus_tentaculatus",0,0,0,0,0,0,0,0
"Parapsilorhynchus_prateri",0,0,0,0,0,0,0,0
"Parapsilorhynchus_discophorus",0,0,0,0,0,0,0,0
"Garra_mullya",0,0,0,0,0,0,0,0
"Garra_ceylonensis",0,0,0,0,0,0,0,0
"Garra_hughi",0,0,0,0,0,0,0,0
"Garra_bicornuta",0,0,0,0,0,0,0,0
"Horalabiosa_joshuai",21.5977332140069,62001460.6407241,0.0779812646671316,0.936469515852856,0.241925863981463,0,0,0
"Crossocheilus_burmanicus",0,0,0,0,0,0,0,0
"Crossocheilus_diplochilus",0,0,0,0,0,0,0,0
"Garra_gravelyi",0,0,0,0,0,0,0,0
"Garra_borneensis",0,0,0,0,0,0,0,0
"Paracrossochilus_vittatus",0,0,0,0,0,0,0,0
"Paracrossochilus_acerus",0,0,0,0,0,0,0,0
"Sinocrossocheilus_bamaensis",0,0,0,0,0,0,0,0
"Sinocrossocheilus_guizhouensis",0,0,0,0,0,0,0,0
"Pseudocrossocheilus_tridentis",7.60115739814201,25482340.736986,0.0329129266093654,0.301924719861824,0.0976185866271832,0,0,0
"Ptychidio_jordani",0,0,0,0,0,0,0,0
"Ptychidio_macrops",0,0,0,0,0,0,0,0
"Pseudogyrinocheilus_prochilus",0,0,0.0355388666764264,0,0.101787370002888,0,0,0
"Semilabeo_notabilis",0,0,0,0,0,0,0,0
"Semilabeo_obscurus",0,0,0,0,0,0,0,0
"Parasinilabeo_assimilis",0,0,0,0,0,0,0,0
"Rectoris_mutabilis",0,0,0,0,0,0,0,0
"Rectoris_posehensis",0,0,0,0,0,0,0,0
"Rectoris_luxiensis",0,0,0,0,0,0,0,0
"Discogobio_microstoma",10.2962730471204,8592254.04707735,0.0387156957063768,0.435877957370618,0.114341494170047,0,0,0
"Discogobio_longibarbatus",0,0,0,0,0,0,0,0
"Discogobio_brachyphysallidos",0,0,0,0,0,0,0,0
"Discogobio_tetrabarbatus",0,0,0,0,0,0,0,0
"Discogobio_yunnanensis",0,0,0,0,0,0,0,0
"Linichthys_laticeps",0,0,0,0,0,0,0,0
"Mekongina_erythrospila",0,0,0,0,0,0,0,0
"Placocheilus_dulongensis",0,0,0,0,0,0,0,0
"Placocheilus_cryptonemus",0,0,0,0,0,0,0,0
"Placocheilus_caudofasciatus",0,0,0,0,0,0,0,0
"Osteochilus_kahajanensis",0,0,0,0,0,0,0,0
"Osteochilus_vittatus",0,0,0,0,0,0,0,0
"Osteochilus_microcephalus",0,0,0,0,0,0,0,0
"Osteochilus_salsburyi",0,0,0,0,0,0,0,0
"Osteochilus_lini",0,0,0,0,0,0,0,0
"Osteochilus_waandersii",0,0,0,0,0,0,0,0
"Labiobarbus_sabanus",0,0,0,0,0,0,0,0
"Labiobarbus_festivus",0,0,0,0,0,0,0,0
"Labiobarbus_fasciatus",0,0,0,0,0,0,0,0
"Labiobarbus_lineatus",0,0,0,0,0,0,0,0
"Labiobarbus_siamensis",0,0,0,0,0,0,0,0
"Labiobarbus_leptocheilus",0,0,0,0,0,0,0,0
"Labiobarbus_ocellatus",0,0,0,0,0,0,0,0
"Thynnichthys_thynnoides",0,0,0,0,0,0,0,0
"Cirrhinus_molitorella",0,0,0,0,0,0,0,0
"Barbichthys_laevis",0,0,0,0,0,0,0,0
"Henicorhynchus_entmema",0,0,0,0,0,0,0,0
"Henicorhynchus_caudimaculatus",0,0,0,0,0,0,0,0
"Lobocheilos_trangensis",28.2847984538208,146399900.07447,0.0750448327408571,0.817519232496866,0.239475530099045,0,0,0
"Lobocheilos_thavili",28.2847984538208,146399900.07447,0.0750448327408571,0.817519232496866,0.239475530099045,0,0,0
"Lobocheilos_schwanenfeldii",35.4905387594192,230488360.285839,0.0737486809305525,0.874179793343961,0.236311696560753,0,0,0
"Lobocheilos_rhabdoura",0,0,0,0,0,0,0,0
"Lobocheilos_quadrilineatus",0,0,0,0,0,0,0,0
"Lobocheilos_nigrovittatus",28.2847984538208,146399900.07447,0.0750448327408571,0.817519232496866,0.239475530099045,0,0,0
"Lobocheilos_kajanensis",26.8740845902864,130818764.164982,0.0753142400904719,0.805673586862384,0.240735299459186,0,0,0
"Lobocheilos_ixocheilos",30.9165636570993,176280765.04665,0.0745536420310762,0.838952128419416,0.237820796667105,0,0,0
"Lobocheilos_gracilis",0,0,0,0,0,0,0,0
"Lobocheilos_fowleri",28.2847984538208,146399900.07447,0.0750448327408571,0.817519232496866,0.239475530099045,0,0,0
"Lobocheilos_falcifer",0,0,0,0,0,0,0,0
"Lobocheilos_delacouri",0,0,0,0,0,0,0,0
"Lobocheilos_davisi",0,0,0,0,0,0,0,0
"Lobocheilos_cryptopogon",0,0,0,0,0,0,0,0
"Lobocheilos_cornutus",28.2847984538208,146399900.07447,0.0750448327408571,0.817519232496866,0.239475530099045,0,0,0
"Lobocheilos_melanotaenia",0,0,0,0,0,0,0,0
"Lobocheilos_bo",0,0,0,0,0,0,0,0
"Henicorhynchus_siamensis",0,0,0,0,0,0,0,0
"Henicorhynchus_ornatipinnis",0,0,0,0,0,0,0,0
"Crossocheilus_reticulatus",0,0,0,0,0,0,0,0
"Crossocheilus_nigriloba",0,0,0,0,0,0,0,0
"Crossocheilus_oblongus",0,0,0,0,0,0,0,0
"Epalzeorhynchos_munense",0,0,0,0,0,0,0,0
"Epalzeorhynchos_kalopterum",0,0,0,0,0,0,0,0
"Epalzeorhynchos_frenatum",0,0,0,0,0,0,0,0
"Epalzeorhynchos_bicolor",0,0,0,0,0,0,0,0
"Labeo_worthingtoni",0,0,0,0,0,0,0,0
"Labeo_werneri",42.2120482969056,28303003469.8402,0.0868251556645353,1.544056225282,0.254659333745144,0,0,0
"Labeo_victorianus",0,0,0,0,0,0,0,0
"Labeo_umbratus",0,0,0,0,0,0,0,0
"Labeo_trigliceps",52.7870494463027,45833734602.6628,0.0854205992270467,1.63131963545077,0.246332719257227,0,0,0
"Labeo_seeberi",0,0,0,0,0,0,0,0
"Labeo_ruddi",45.7081483962336,33525153221.2599,0.0863168709466666,1.57516210620926,0.251877968058094,0,0,0
"Labeo_rubromaculatus",0,0,0,0,0,0,0,0
"Labeo_rouaneti",0,0,0,0,0,0,0,0
"Labeo_roseopunctatus",0,0,0,0,0,0,0,0
"Labeo_rosae",0,0,0,0,0,0,0,0
"Labeo_reidi",18.8201869192591,5476226103.77891,0.0923852883992166,1.25233479785744,0.278783211769689,0,0,0
"Labeo_rectipinnis",26.1125427001491,10638991617.4411,0.0900861004092607,1.36435027610993,0.269092191605678,0,0,0
"Labeo_potail",0,0,0,0,0,0,0,0
"Labeo_porcellus",0,0,0,0,0,0,0,0
"Labeo_polli",35.3459367821939,20097846338.2944,0.0880724061491574,1.47297179728483,0.258650451386245,0,0,0
"Labeo_pierrei",0,0,0,0,0,0,0,0
"Labeo_percivali",32.5213837971005,16900509708.0703,0.088628457406789,1.4428580543504,0.261559218608773,0,0,0
"Labeo_pangusia",0,0,0,0,0,0,0,0
"Labeo_nunensis",44.7794143851023,32400018271.6151,0.0864731742369751,1.56510069435097,0.251797339781205,0,0,0
"Labeo_nigripinnis",37.4895213776372,22728158451.4936,0.0876862210980349,1.49622207667267,0.25695829706694,0,0,0
"Labeo_nigricans",17.1378894713568,4508629290.53873,0.0930396918619576,1.22249413805044,0.281956416736679,0,0,0
"Labeo_nandina",76.0189968363304,97024321771.9528,0.0830811649377466,1.79111210358224,0.235820565290429,0,0,0
"Labeo_molybdinus",51.2751263305294,43001788229.5474,0.0855974176568259,1.61912397241795,0.247323213094049,0,0,0
"Labeo_mokotoensis",31.6176643941459,15769010553.0367,0.0887838938871449,1.43284716885304,0.262989497990258,0,0,0
"Labeo_mesops",0,0,0,0,0,0,0,0
"Labeo_maleboensis",21.5537227607267,7232351707.05158,0.0914373174035322,1.29799349343398,0.274719363242714,0,0,0
"Labeo_macrostoma",0,0,0,0,0,0,0,0
"Labeo_lunatus",0,0,0,0,0,0,0,0
"Labeo_luluae",14.0758927672345,3023114390.2976,0.0944553322722363,1.1602646361055,0.287749298693192,0,0,0
"Labeo_lualabaensis",25.2979479558837,10083204838.121,0.0903394624971482,1.35281898790505,0.269505506673725,0,0,0
"Labeo_kontius",0,0,0,0,0,0,0,0
"Labeo_kirkii",36.7677228892504,21558731277.7196,0.0877781650440483,1.4897876135608,0.258295736085035,0,0,0
"Labeo_kibimbi",57.2655339042001,53618302427.4071,0.0848615790543063,1.66616498799714,0.244429528806653,0,0,0
"Labeo_kawrus",0,0,0,0,0,0,0,0
"Labeo_indramontri",49.6897001468116,39507473612.6937,0.0857453415118788,1.60847356249784,0.249505142279373,0,0,0
"Labeo_gregorii",36.1082637630592,20545193936.2412,0.0878670204955609,1.48381680259861,0.259505165913734,0,0,0
"Labeo_greenii",39.0652079752741,24493374129.4563,0.0873827859744659,1.51286275608975,0.25625821240166,0,0,0
"Labeo_fuelleborni",0,0,0,0,0,0,0,0
"Labeo_fisheri",0,0,0,0,0,0,0,0
"Labeo_falcipinnis",51.3180310816241,43149210205.146,0.0855969708592987,1.6193819675096,0.247215818960055,0,0,0
"Labeo_erythropterus",0,0,0,0,0,0,0,0
"Labeo_dhonti",25.0265243215511,9817807741.24713,0.0903987601914422,1.34886139791854,0.269978991988854,0,0,0
"Labeo_degeni",0,0,0,0,0,0,0,0
"Labeo_cylindricus",0,0,0,0,0,0,0,0
"Labeo_cyclopinnis",26.8139849600756,11363180097.1119,0.089937582245742,1.37230791815068,0.267424988127861,0,0,0
"Labeo_curriei",0,0,0,0,0,0,0,0
"Labeo_curchius",49.6897001468116,39507473612.6937,0.0857453415118788,1.60847356249784,0.249505142279373,0,0,0
"Labeo_congoro",0,0,0,0,0,0,0,0
"Labeo_chariensis",39.0581821172206,24475354227.7469,0.0873828840608303,1.51281092144708,0.256282147727135,0,0,0
"Labeo_catla",0,0,0,0,0,0,0,0
"Labeo_capensis",0,0,0,0,0,0,0,0
"Labeo_camerunensis",39.4639634177449,24764821388.3074,0.087285078238821,1.51698668283659,0.256375120925026,0,0,0
"Labeo_caeruleus",44.6748679727201,31825054344.6972,0.0864524335846827,1.56625546063794,0.252825694133409,0,0,0
"Labeo_brachypoma",0,0,0,0,0,0,0,0
"Labeo_bottegi",67.3624816176409,72344075266.2447,0.0837171511097369,1.73722323942373,0.24104391762258,0,0,0
"Labeo_barbatulus",0,0,0,0,0,0,0,0
"Labeo_ansorgii",0,0,0,0,0,0,0,0
"Labeo_alticentralis",0,0,0,0,0,0,0,0
"Labeo_alluaudi",0,0,0,0,0,0,0,0
"Labeo_forskalii",0,0,0,0,0,0,0,0
"Labeo_parvus",0,0,0,0,0,0,0,0
"Labeo_lukulae",0,0,0,0,0,0,0,0
"Labeo_quadribarbis",5.86276205914763,2095632111.38011,0.0270198921249088,0.370433246626575,0.0793337286515731,0,0,0
"Labeo_sorex",0,0,0,0,0,0,0,0
"Labeo_nasus",9.68362094400919,4772518220.97912,0.0294969325388455,0.437374736597019,0.0835553413131273,0,0,0
"Labeo_simpsoni",11.598601160034,6835466887.52201,0.0290828774267393,0.458343285827624,0.0819846929261187,0,0,0
"Labeo_sanagaensis",10.6387411064932,5743076706.2871,0.0292780355774036,0.448144647006237,0.082750665267198,0,0,0
"Labeo_barbatus",0,0,0,0,0,0,0,0
"Labeo_annectens",0,0,0,0,0,0,0,0
"Labeo_cyclorhynchus",15.0462539057541,7635383359.1515,0.0467449030292144,0.726456313853415,0.140825176074871,0,0,0
"Labeo_weeksii",0,0,0,0,0,0,0,0
"Labeo_altivelis",0,0,0,0,0,0,0,0
"Labeo_horie",0,0,0,0,0,0,0,0
"Labeo_senegalensis",0,0,0,0,0,0,0,0
"Labeo_lineatus",0,0,0,0,0,0,0,0
"Labeo_coubie",0,0,0,0,0,0,0,0
"Labeo_longipinnis",0,0,0,0,0,0,0,0
"Labeo_niloticus",0,0,0,0,0,0,0,0
"Labeo_batesii",0,0,0,0,0,0,0,0
"Labeo_rohita",0,0,0,0,0,0,0,0
"Labeo_fimbriatus",0,0,0,0,0,0,0,0
"Labeo_dussumieri",0,0,0,0,0,0,0,0
"Labeo_gonius",0,0,0,0,0,0,0,0
"Labeo_dyocheilus",0,0,0,0,0,0,0,0
"Labeo_calbasu",0,0,0,0,0,0,0,0
"Labeo_chrysophekadion",0,0,0,0,0,0,0,0
"Labeo_angra",0,0,0,0,0,0,0,0
"Labeo_yunnanensis",0,0,0,0,0,0,0,0
"Cirrhinus_mrigala",0,0,0,0,0,0,0,0
"Cirrhinus_cirrhosus",0,0,0,0,0,0,0,0
"Cirrhinus_microlepis",0,0,0,0,0,0,0,0
"Bangana_dero",0,0,0,0,0,0,0,0
"Labeo_boggut",0,0,0,0,0,0,0,0
"Thynnichthys_sandkhol",0,0,0,0,0,0,0,0
"Labeo_bata",0,0,0,0,0,0,0,0
"Schismatorhynchos_holorhynchos",0,0,0,0,0,0,0,0
"Schismatorhynchos_nukta",0,0,0,0,0,0,0,0
"Schismatorhynchos_heterorhynchos",0,0,0,0,0,0,0,0
"Labeo_boga",0,0,0,0,0,0,0,0
"Incisilabeo_behri",0,0,0,0,0,0,0,0
"Cirrhinus_reba",0,0,0,0,0,0,0,0
"Catlocarpio_siamensis",0,0,0,0,0,0,0,0
"Probarbus_labeaminor",0,0,0,0,0,0,0,0
"Probarbus_jullieni",0,0,0,0,0,0,0,0
"Probarbus_labeamajor",0,0,0,0,0,0,0,0
"Psilorhynchus_pseudecheneis",36.6163248695615,53233383.0163702,0.125559041280072,1.18950340469091,0.389639886679507,0,0,0.23303401420765
"Psilorhynchus_nudithoracicus",0,0,0,0,0,0,0,0.39216173253953
"Psilorhynchus_microphthalmus",0,0,0,0,0,0,0,0.649828713406545
"Psilorhynchus_balitora",27.7612599076139,27241444.2723308,0.127762343890952,1.10447732311213,0.407243990383423,0,0,0.470807962759851
"Psilorhynchus_amplicephalus",0,0,0,0,0,0,0,0.718127398096657
"Psilorhynchus_sucatio",0,0,0,0,0,0,0,0.555155347238803
"Psilorhynchus_homaloptera",0,0,0,0,0,0,0,0.331824778929921
"Rasbora_wilpita",0,0,0,0,0,0,0,0
"Rasbora_volzii",0,0,0,0,0,0,0,0
"Rasbora_vaillantii",45.1073807691349,29458320.8968075,0.27464811731288,1.73114195589306,0.77143081614023,0,0,0
"Rasbora_tuberculata",23.8162773424399,7746698.88878775,0.287821568455911,1.42911192920418,0.804654661572916,0,0,0
"Rasbora_truncata",0,0,0,0,0,0,0,0
"Rasbora_trifasciata",40.3241599752712,23446726.305477,0.276973333992911,1.67330121820635,0.776079646650877,0,0,0
"Rasbora_tornieri",0,0,0,0,0,0,0,0
"Rasbora_subtilis",0,0,0,0,0,0,0,0
"Rasbora_septentrionalis",0,0,0,0,0,0,0,0
"Rasbora_sarawakensis",0,0,0,0,0,0,0,0
"Rasbora_rutteni",0,0,0,0,0,0,0,0
"Rasbora_rasbora",0,0,0,0,0,0,0,0
"Rasbora_myersi",46.37473168538,31331181.9267058,0.274122000986344,1.74482013949198,0.769124482867784,0,0,0
"Rasbora_lateristriata",0,0,0,0,0,0,0,0
"Rasbora_labiosa",0,0,0,0,0,0,0,0
"Rasbora_hubbsi",0,0,0,0,0,0,0,0
"Rasbora_ennealepis",0,0,0,0,0,0,0,0
"Rasbora_dorsinotata",32.7215163558625,15044088.6346949,0.281183937619386,1.57178677377884,0.78781849314994,0,0,0
"Rasbora_caverii",0,0,0,0,0,0,0,0
"Rasbora_bunguranensis",49.4059854715624,35476952.6114978,0.272776229914624,1.77892059269332,0.767229739152126,0,0,0
"Rasbora_borneensis",0,0,0,0,0,0,0,0
"Rasbora_atridorsalis",0,0,0,0,0,0,0,0
"Rasbora_aprotaenia",36.5712660411324,18968384.8164775,0.278891605557462,1.62529646164947,0.782244820692299,0,0,0
"Rasbora_api",0,0,0,0,0,0,0,0
"Rasbora_amplistriga",0,0,0,0,0,0,0,0
"Devario_suvatti",24.2423788460454,4308874.24489502,0.110078247345348,0.782218999812666,0.287471569402265,0,0,0
"Devario_spinosus",22.8427890657194,3819837.20980453,0.110576192888235,0.768662924243833,0.288573102517732,0,0,0
"Devario_salmonatus",0,0,0,0,0,0,0,0
"Devario_peninsulae",22.5247066425308,3677659.76676477,0.110658401836581,0.765865963103981,0.289439856995663,0,0,0
"Devario_naganensis",17.0757205336244,2077866.58667912,0.112971454798568,0.706329455164436,0.295282861623558,0,0,0
"Devario_leptos",0,0,0,0,0,0,0,0
"Devario_interruptus",18.7752774057597,2527757.0532255,0.112175101158107,0.726171912847335,0.293242638070909,0,0,0
"Devario_horai",11.6572963173617,937867.874333466,0.116207709812901,0.632414944125439,0.304337369945033,0,0,0
"Devario_gibber",0,0,0,0,0,0,0,0
"Devario_fraseri",0,0,0,0,0,0,0,0
"Devario_fangfangae",0,0,0,0,0,0,0,0
"Devario_apopyris",0,0,0,0,0,0,0,0
"Devario_acuticephala",0,0,0,0,0,0,0,0
"Devario_acrostomus",0,0,0,0,0,0,0,0
"Devario_malabaricus",0,0,0,0,0,0,0,0
"Devario_pathirana",0,0,0,0,0,0,0,0
"Devario_devario",0,0,0,0,0,0,0,0
"Devario_aequipinnatus",0,0,0,0,0,0,0,0
"Devario_chrysotaeniatus",0,0,0,0,0,0,0,0
"Devario_apogon",0,0,0,0,0,0,0,0
"Devario_laoensis",0,0,0,0,0,0,0,0
"Devario_kakhienensis",0,0,0,0,0,0,0,0
"Devario_browni",0,0,0,0,0,0,0,0
"Devario_annandalei",0,0,0,0,0,0,0,0
"Devario_regina",0,0,0,0,0,0,0,0
"Devario_maetaengensis",0,0,0,0,0,0,0,0
"Devario_shanensis",0,0,0,0,0,0,0,0
"Devario_auropurpureus",0,0,0,0,0,0,0,0
"Devario_sondhii",0,0,0,0,0,0,0,0
"Microrasbora_rubescens",0,0,0,0,0,0,0,0
"Chela_cachius",0,0,0,0,0,0,0,0
"Rasbora_paucisqualis",0,0,0,0,0,0,0,0
"Danio_rerio",0,0,0,0,0,0,0,0
"Danio_kyathit",0,0,0,0,0,0,0,0
"Danio_nigrofasciatus",0,0,0,0,0,0,0,0
"Danio_albolineatus",0,0,0,0,0,0,0,0
"Danio_roseus",0,0,0,0,0,0,0,0
"Danio_kerri",0,0,0,0,0,0,0,0
"Danio_erythromicron",0,0,0,0,0,0,0,0
"Danio_choprae",0,0,0,0,0,0,0,0
"Danio_dangila",0,0,0,0,0,0,0,0
"Esomus_thermoicos",0,0,0,0,0,0,0,0
"Esomus_danrica",0,0,0,0,0,0,0,0
"Esomus_barbatus",0,0,0,0,0,0,0,0
"Esomus_altus",32.9207698549215,21161468.9062446,0.156811706191746,1.05091610498923,0.424532771391246,0,0,0
"Esomus_ahli",0,0,0,0,0,0,0,0
"Esomus_metallicus",0,0,0,0,0,0,0,0
"Esomus_longimanus",0,0,0,0,0,0,0,0
"Rasbora_hobelmani",0,0,0,0,0,0,0,0
"Rasbora_paviana",0,0,0,0,0,0,0,0
"Rasbora_elegans",0,0,0,0,0,0,0,0
"Rasbora_sumatrana",0,0,0,0,0,0,0,0
"Rasbora_rubrodorsalis",0,0,0,0,0,0,0,0
"Rasbora_steineri",0,0,0,0,0,0,0,0
"Rasbora_vulcanus",0,0,0,0,0,0,0,0
"Rasbora_meinkeni",0,0,0,0,0,0,0,0
"Rasbora_caudimaculata",0,0,0,0,0,0,0,0
"Trigonostigma_somphongsi",0,0,0,0,0,0,0,0
"Trigonostigma_espei",0,0,0,0,0,0,0,0
"Trigonostigma_heteromorpha",0,0,0,0,0,0,0,0
"Brevibora_dorsiocellata",0,0,0,0,0,0,0,0
"Brevibora_cheeya",0,0,0,0,0,0,0,0
"Rasbora_trilineata",0,0,0,0,0,0,0,0
"Rasbosoma_spilocerca",0,0,0,0,0,0,0,0
"Rasbora_borapetensis",0,0,0,0,0,0,0,0
"Rasbora_dusonensis",0,0,0,0,0,0,0,0
"Rasbora_aurotaenia",0,0,0,0,0,0,0,0
"Rasbora_argyrotaenia",0,0,0,0,0,0,0,0
"Rasbora_kottelati",0,0,0,0,0,0,0,0
"Rasbora_kalochroma",0,0,0,0,0,0,0,0
"Rasbora_einthovenii",0,0,0,0,0,0,0,0
"Rasbora_bankanensis",0,0,0,0,0,0,0,0
"Rasbora_cephalotaenia",0,0,0,0,0,0,0,0
"Boraras_brigittae",0,0,0,0,0,0,0,0
"Boraras_maculatus",0,0,0,0,0,0,0,0
"Boraras_micros",0,0,0,0,0,0,0,0
"Boraras_urophthalmoides",0,0,0,0,0,0,0,0
"Trigonopoma_pauciperforatum",0,0,0,0,0,0,0,0
"Trigonopoma_gracile",0,0,0,0,0,0,0,0
"Pectenocypris_micromysticetus",19.8848957706964,103595569.779592,0.0442707773950534,0.567915545970987,0.144681462018992,0,0,0
"Pectenocypris_korthausae",19.8848943476489,103595562.365853,0.0442707742268488,0.567915505328541,0.144681451664973,0,0,0
"Pectenocypris_balaena",0,0,0,0,0,0,0,0
"Kottelatia_brittani",0,0,0,0,0,0,0,0
"Horadandia_atukorali",0,0,0,0,0,0,0,0
"Rasboroides_vaterifloris",0,0,0,0,0,0,0,0
"Rasbora_daniconius",0,0,0,0,0,0,0,0
"Amblypharyngodon_microlepis",0,0,0,0,0,0,0,0
"Amblypharyngodon_atkinsonii",0,0,0,0,0,0,0,0
"Amblypharyngodon_chulabhornae",0,0,0,0,0,0,0,0
"Amblypharyngodon_melettinus",0,0,0,0,0,0,0,0
"Amblypharyngodon_mola",0,0,0,0,0,0,0,0
"Opsarius_tileo",0,0,0,0,0,0,0,0
"Opsarius_shacra",55.8709620200472,152491915.118175,0.21268996786084,2.03248196434463,0.750764490138456,0,0,0
"Opsarius_radiolatus",44.1901377087569,93771710.1616679,0.216401650553787,1.89128687402528,0.760359080297871,0,0,0
"Opsarius_ornatus",52.0736453040218,131430229.075965,0.213777984590589,1.98942585571608,0.754141668786052,0,0,0
"Opsarius_ngawa",49.6076514960707,119122638.596781,0.214562421416684,1.96025100085063,0.755985005534725,0,0,0
"Opsarius_gatensis",0,0,0,0,0,0,0,0
"Opsarius_dogarsinghi",0,0,0,0,0,0,0,0
"Opsarius_dimorphicus",67.7310813334828,225748008.591747,0.209640168298724,2.15601543995701,0.743662210930503,0,0,0
"Opsarius_canarensis",0,0,0,0,0,0,0,0
"Opsarius_bendelisis",0,0,0,0,0,0,0,0
"Opsarius_barna",0,0,0,0,0,0,0,0
"Raiamas_steindachneri",0,0,0,0,0,0,0,0
"Raiamas_scarciensis",0,0,0,0,0,0,0,0
"Raiamas_nigeriensis",0,0,0,0,0,0,0,0
"Raiamas_moorii",0,0,0,0,0,0,0,0
"Raiamas_longirostris",37.7439658082085,132669525.492656,0.155086611030362,1.44961060951117,0.533837833919376,0,0,0
"Raiamas_levequei",0,0,0,0,0,0,0,0
"Raiamas_intermedius",0,116066642.286265,0.154377524171036,0,0.511245621266029,0,0,0
"Raiamas_ansorgii",37.7439658082085,132669525.492656,0.155086611030362,1.44961060951117,0.533837833919376,0,0,0
"Opsaridium_tweddleorum",30.7124434473207,136907805.868857,0.0993654776270772,1.06475183877774,0.324605293972642,0,0,0
"Opsaridium_splendens",0,0,0,0,0,0,0,0
"Opsaridium_microcephalum",0,0,0,0,0,0,0,0
"Opsaridium_maculicauda",13.8725405446443,25940650.3311655,0.105319885525134,0.837474013250602,0.341465677742031,0,0,0
"Opsaridium_loveridgii",28.8212802285678,120129680.992154,0.0998374097331855,1.04459908228654,0.32584836785242,0,0,0
"Opsaridium_leleupi",31.6709987043939,146441507.32253,0.0991526888253741,1.07470512985583,0.323830506072843,0,0,0
"Opsaridium_engrauloides",21.9627104419785,67965986.9950781,0.101841444838975,0.962241242701874,0.331568563101284,0,0,0
"Opsaridium_ubangiense",0,0,0,0,0,0,0,0
"Opsaridium_zambezense",0,0,0,0,0,0,0,0
"Raiamas_salmolucius",0,0,0,0,0,0,0,0
"Opsaridium_peringueyi",0,97244443.8221947,0.0724120397388283,0.675669165733667,0.233086934834657,0,0,0
"Chelaethiops_rukwaensis",0,0,0,0,0,0,0,0
"Chelaethiops_minutus",33.6178001049312,165442884.331987,0.0802539364009701,0.976453045986257,0.258920828019053,0,0,0
"Chelaethiops_bibie",0,0,0,0,0,0,0,0
"Chelaethiops_elongatus",0,0,0,0,0,0,0,0
"Chelaethiops_congicus",0,0,0,0,0,0,0,0
"Leptocypris_taiaensis",0,0,0,0,0,0,0,0
"Leptocypris_lujae",26.2397074820827,127473451.099152,0.0837833938947012,0.897122054869916,0.260893282642941,0,0,0
"Leptocypris_konkoureensis",0,0,0,0,0,0,0,0
"Leptocypris_guineensis",0,0,0,0,0,0,0,0
"Leptocypris_crossensis",0,0,0,0,0,0,0,0
"Neobola_stellae",0,0,0,0,0,0,0,0
"Neobola_bottegoi",5.39898083496596,24709618.0038545,0.0417963273171139,0.228478994557917,0.116671325428885,0,0,0
"Neobola_fluviatilis",0,0,0,0,0,0,0,0
"Leptocypris_niloticus",0,0,0,0,0,0,0,0
"Leptocypris_weynsii",20.5683048245759,90594759.023844,0.0805469210025536,0.767323500479112,0.246205306988685,0,0,0
"Leptocypris_modestus",0,0,0,0,0,0,0,0
"Leptocypris_weeksii",18.4889574269828,63555313.5466086,0.0826069461683033,0.794447090359474,0.255094735674483,0,0,0
"Engraulicypris_spinifer",0,0,0,0,0,0,0,0
"Engraulicypris_moeruensis",2.15189456355423,10046469.2358715,0.0313132637184537,0.261617809270295,0.0994368598328233,0,0,0
"Engraulicypris_brevianalis",0,0,0,0,0,0,0,0
"Engraulicypris_sardella",0,0,0,0,0,0,0,0
"Engraulicypris_bredoi",2.44298605331377,13089007.2705983,0.0310216791035147,0.271611705243261,0.0985403168340355,0,0,0
"Rastrineobola_argentea",0,0,0,0,0,0,0,0
"Opsaridium_microlepis",0,0,0,0,0,0,0,0
"Raiamas_christyi",0,0,0,0,0,0,0,0
"Raiamas_kheeli",0,0,0,0,0,0,0,0
"Raiamas_buchholzi",0,0,0,0,0,0,0,0
"Raiamas_senegalensis",0,0,0,0,0,0,0,0
"Raiamas_batesii",0,0,0,0,0,0,0,0
"Raiamas_bola",0,0,0,0,0,0,0,0
"Barilius_ponticulus",28.3149342646082,61460873.8418308,0.119889857924216,1.0621100488565,0.439431230407376,0,0,0
"Barilius_pakistanicus",28.0890194980078,60681424.6377699,0.119976786585755,1.05942783636779,0.43932233557374,0,0,0
"Barilius_naseeri",31.4788229646294,77143272.0660475,0.118985115922926,1.09616715609971,0.435847971269413,0,0,0
"Barilius_modestus",0,0,0,0,0,0,0,0
"Barilius_evezardi",0,0,0,0,0,0,0,0
"Barilius_borneensis",0,0,0,0,0,0,0,0
"Barilius_mesopotamicus",0,0,0,0,0,0,0,0
"Barilius_vagra",0,0,0,0,0,0,0,0
"Barilius_barila",0,0,0,0,0,0,0,0
"Barilius_caudiocellatus",0,0,0,0,0,0,0,0
"Opsarius_pulchellus",0,0,0,0,0,0,0,0
"Opsarius_bakeri",0,0,0,0,0,0,0,0
"Raiamas_guttatus",0,0,0,0,0,0,0,0
"Cabdio_ukhrulensis",1.1386629004077,4358399.97134937,0.00585431112218528,0.0510121916181474,0.0184521168069663,0,0,0
"Cabdio_morar",0,0,0,0,0,0,0,0
"Cabdio_jaya",0,0,0,0,0,0,0,0
"Securicula_gora",0,0,0,0,0,0,0,0
"Luciosoma_trinema",0,0,0,0,0,0,0,0
"Luciosoma_spilopleura",0,0,0,0,0,0,0,0
"Luciosoma_pellegrinii",0,0,0,0,0,0,0,0
"Luciosoma_bleekeri",0,0,0,0,0,0,0,0
"Luciosoma_setigerum",0,0,0,0,0,0,0,0
"Opsarius_koratensis",0,0,0,0,0,0,0,0
"Nematabramis_steindachnerii",0,0,0,0,0,0,0,0
"Nematabramis_borneensis",0,0,0,0,0,0,0,0
"Nematabramis_everetti",0,0,0,0,0,0,0,0
"Malayochela_maassi",0,0,0,0,0,0,0,0
"Theriodes_sandakanensis",34.2249448754189,23645140.7498312,0.296183783063724,2.49378838727957,1.03050554535028,0,0,0
"Paralepidocephalus_yui",0,0,0,0,0,0,0,0
"Neoeucirrhichthys_maydelli",34.187154774434,23538493.5608208,0.296185823401867,2.49326360573987,1.03109688411657,0,0,0
"Turcinoemacheilus_kosswigi",0,0,0,0,0,0,0,0
"Sundoreonectes_obesus",36.6704312583394,13593400.5577777,0.179447063015708,1.90519595196661,0.980785285162942,0,0,0
"Sundoreonectes_sabanus",36.6704312583394,13593400.5577777,0.179447063015708,1.90519595196661,0.980785285162942,0,0,0
"Sphaerophysa_dianchiensis",0,0,0,0,0,0,0,0
"Speonectes_tiomanensis",0,0,0,0,0,0,0,0
"Seminemacheilus_lendlii",34.4345890607231,11945280.0937176,0.180298857655683,1.87162024073254,0.985976480780721,0,0,0
"Pteronemacheilus_meridionalis",0,0,0,0,0,0,0,0
"Physoschistura_shanensis",0,0,0,0,0,0,0,0
"Physoschistura_rivulicola",0,0,0,0,0,0,0,0
"Physoschistura_raoi",0,0,0,0,0,0,0,0
"Physoschistura_pseudobrunneana",0,0,0,0,0,0,0,0
"Physoschistura_brunneana",0,0,0,0,0,0,0,0
"Physoschistura_elongata",14.939074766504,2879763.08860065,0.105724882808622,0.937613535320689,0.391382582813456,0,0,0
"Paraschistura_punjabensis",19.0594705514154,6221058.6187931,0.0987832513820544,0.964157020526131,0.352004950851421,0,0,0
"Paraschistura_prashari",0,0,0,0,0,0,0,0
"Paraschistura_nielseni",0,0,0,0,0,0,0,0
"Paraschistura_naseeri",15.3737710237264,3933351.18303312,0.100342498575784,0.909541638431812,0.360510214479885,0,0,0
"Paraschistura_montana",0,0,0,0,0,0,0,0
"Paraschistura_microlabra",15.3737710237264,3933351.18303312,0.100342498575784,0.909541638431812,0.360510214479885,0,0,0
"Paraschistura_lindbergi",0,0,0,0,0,0,0,0
"Paraschistura_lepidocaulis",15.3737710237264,3933351.18303312,0.100342498575784,0.909541638431812,0.360510214479885,0,0,0
"Paraschistura_kessleri",0,0,0,0,0,0,0,0
"Paraschistura_cristata",0,0,0,0,0,0,0,0
"Paraschistura_alepidota",0,0,0,0,0,0,0,0
"Paraschistura_bampurensis",0,0,0,0,0,0,0,0
"Paranemachilus_genilepis",33.3734732220261,11343056.8320746,0.180802782290127,1.8545441793758,0.986246445798328,0,0,0
"Paracanthocobitis_zonalternans",0,0,0,0,0,0,0,0
"Neonoemacheilus_peguensis",19.6034165297579,3835017.16452803,0.135519802571996,1.25521688890529,0.625351505285479,0,0,0
"Neonoemacheilus_labeosus",0,0,0,0,0,0,0,0
"Neonoemacheilus_mengdingensis",18.3317879256622,3355746.00394013,0.136228055096977,1.23206458087131,0.628752997386923,0,0,0
"Mesonoemacheilus_pambarensis",0,0,0,0,0,0,0,0
"Kapuasia_maculiceps",0,0,0,0,0,0,0,0
"Iskandaria_kuschakewitschi",45.6744250795759,20903336.8656209,0.176371929476467,2.02601472337575,0.965208186080188,0,0,0
"Indoreonectes_evezardi",0,0,0,0,0,0,0,0
"Hedinichthys_macropterus",0,0,0,0,0,0,0,0
"Hedinichthys_yarkandensis",0,0,0,0,0,0,0,0
"Eidinemacheilus_smithi",0,0,0,0,0,0,0,0
"Dzihunia_amudarjensis",47.7715825334905,23742132.1360811,0.175979968976769,2.04656611797165,0.953103595762186,0,0,0
"Afronemacheilus_abyssinicus",27.8199537816931,7649642.83651785,0.183181488842431,1.76556037735876,1.00755881800203,0,0,0
"Aborichthys_tikaderi",25.0473757457051,8816753.6431186,0.117991024589654,1.22239177235013,0.465279835754723,0,0,0
"Aborichthys_kempi",0,0,0,0,0,0,0,0
"Aborichthys_garoensis",22.2904789177796,7096428.83988976,0.119124775619467,1.18230494160645,0.467996533858248,0,0,0
"Aborichthys_boutanensis",24.4790901121269,8472015.60252246,0.118225679206325,1.21454138153508,0.46568571681859,0,0,0
"Aborichthys_elongatus",0,0,0,0,0,0,0,0
"Schistura_zonata",34.0740554461244,12018313.8551099,0.18069665954314,1.88906816758015,0.998939896154341,0,0,0
"Schistura_yersini",0,0,0,0,0,0,0,0
"Schistura_xhatensis",0,0,0,0,0,0,0,0
"Schistura_waltoni",0,0,0,0,0,0,0,0
"Schistura_tubulinaris",0,0,0,0,0,0,0,0
"Schistura_tizardi",0,0,0,0,0,0,0,0
"Schistura_tirapensis",31.4354214427448,9947949.59255887,0.181647467356221,1.84721645933879,1.00984880004975,0,0,0
"Schistura_thanho",0,0,0,0,0,0,0,0
"Schistura_tenura",0,0,0,0,0,0,0,0
"Schistura_tenebrosa",0,0,0,0,0,0,0,0
"Schistura_susannae",0,0,0,0,0,0,0,0
"Schistura_suber",0,0,0,0,0,0,0,0
"Schistura_striata",0,0,0,0,0,0,0,0
"Schistura_spiloptera",0,0,0,0,0,0,0,0
"Schistura_sombooni",0,0,0,0,0,0,0,0
"Schistura_sokolovi",0,0,0,0,0,0,0,0
"Schistura_similis",0,0,0,0,0,0,0,0
"Schistura_sijuensis",0,0,0,0,0,0,0,0
"Schistura_sigillata",0,0,0,0,0,0,0,0
"Schistura_shadiwalensis",34.0740554461244,12018313.8551099,0.18069665954314,1.88906816758015,0.998939896154341,0,0,0
"Schistura_sertata",0,0,0,0,0,0,0,0
"Schistura_semiarmata",0,0,0,0,0,0,0,0
"Schistura_schultzi",0,0,0,0,0,0,0,0
"Schistura_scaturigina",39.9422581523483,16487613.4183783,0.178496117535013,1.97997401957962,0.990030156311104,0,0,0
"Schistura_russa",0,0,0,0,0,0,0,0
"Schistura_robertsi",0,0,0,0,0,0,0,0
"Schistura_rikiki",0,0,0,0,0,0,0,0
"Schistura_reticulofasciata",29.2237078530133,8641775.2667417,0.182699383357294,1.80738305152665,1.01302746235557,0,0,0
"Schistura_quasimodo",0,0,0,0,0,0,0,0
"Schistura_quaesita",0,0,0,0,0,0,0,0
"Schistura_punctifasciata",0,0,0,0,0,0,0,0
"Schistura_psittacula",0,0,0,0,0,0,0,0
"Schistura_procera",0,0,0,0,0,0,0,0
"Schistura_pridii",0,0,0,0,0,0,0,0
"Schistura_prashadi",0,0,0,0,0,0,0,0
"Schistura_porthos",0,0,0,0,0,0,0,0
"Schistura_pervagata",0,0,0,0,0,0,0,0
"Schistura_pertica",0,0,0,0,0,0,0,0
"Schistura_personata",0,0,0,0,0,0,0,0
"Schistura_paucifasciata",0,0,0,0,0,0,0,0
"Schistura_paucicincta",0,0,0,0,0,0,0,0
"Schistura_pakistanica",39.9422581523483,16487613.4183783,0.178496117535013,1.97997401957962,0.990030156311104,0,0,0
"Schistura_orthocauda",34.0740554461244,12018313.8551099,0.18069665954314,1.88906816758015,0.998939896154341,0,0,0
"Schistura_oedipus",0,0,0,0,0,0,0,0
"Schistura_obeini",0,0,0,0,0,0,0,0
"Schistura_nudidorsum",0,0,0,0,0,0,0,0
"Schistura_novemradiata",0,0,0,0,0,0,0,0
"Schistura_notostigma",0,0,0,0,0,0,0,0
"Schistura_nomi",0,0,0,0,0,0,0,0
"Schistura_nilgiriensis",0,0,0,0,0,0,0,0
"Schistura_nicholsi",0,0,0,0,0,0,0,0
"Schistura_namboensis",0,0,0,0,0,0,0,0
"Schistura_nagaensis",32.5053516165866,10652054.3551037,0.181190190143846,1.86542720738584,1.00754797631964,0,0,0
"Schistura_multifasciata",44.4437986691347,20954761.2915624,0.177191523256375,2.03955138923188,0.977442368581356,0,0,0
"Schistura_moeiensis",0,0,0,0,0,0,0,0
"Schistura_menanensis",0,0,0,0,0,0,0,0
"Schistura_melarancia",0,0,0,0,0,0,0,0
"Schistura_manipurensis",0,0,0,0,0,0,0,0
"Schistura_malaisei",0,0,0,0,0,0,0,0
"Schistura_mahnerti",0,0,0,0,0,0,0,0
"Schistura_magnifluvis",0,0,0,0,0,0,0,0
"Schistura_maepaiensis",0,0,0,0,0,0,0,0
"Schistura_macrolepis",34.0740554461244,12018313.8551099,0.18069665954314,1.88906816758015,0.998939896154341,0,0,0
"Schistura_macrocephalus",0,0,0,0,0,0,0,0
"Schistura_machensis",23.7689293699793,5587146.63111058,0.185476651028633,1.70237550170432,1.03056469904884,0,0,0
"Schistura_leukensis",0,0,0,0,0,0,0,0
"Schistura_latidens",0,0,0,0,0,0,0,0
"Schistura_laterimaculata",0,0,0,0,0,0,0,0
"Schistura_kontumensis",0,0,0,0,0,0,0,0
"Schistura_kongphengi",0,0,0,0,0,0,0,0
"Schistura_kohchangensis",0,0,0,0,0,0,0,0
"Schistura_kohatensis",19.8808733716668,3856733.74527506,0.187956278537105,1.61692643382939,1.04529552931958,0,0,0
"Schistura_kodaguensis",0,0,0,0,0,0,0,0
"Schistura_khugae",37.9978795852219,14729368.4208268,0.179102996958986,1.95227852990101,0.995768180861795,0,0,0
"Schistura_khamtanhi",0,0,0,0,0,0,0,0
"Schistura_kengtungensis",0,0,0,0,0,0,0,0
"Schistura_kaysonei",34.0740554461244,12018313.8551099,0.18069665954314,1.88906816758015,0.998939896154341,0,0,0
"Schistura_kangjupkhulensis",0,0,0,0,0,0,0,0
"Schistura_isostigma",0,0,0,0,0,0,0,0
"Schistura_irregularis",0,0,0,0,0,0,0,0
"Schistura_incerta",49.8176600226078,26321441.5864776,0.175644053615955,2.10949253163097,0.970980949875617,0,0,0
"Schistura_implicata",0,0,0,0,0,0,0,0
"Schistura_imitator",0,0,0,0,0,0,0,0
"Schistura_huongensis",0,0,0,0,0,0,0,0
"Schistura_horai",30.0767407825518,9146705.10780095,0.182291633481854,1.82287253835211,1.01148893267644,0,0,0
"Schistura_hingi",0,0,0,0,0,0,0,0
"Schistura_himachalensis",22.3919144658433,4967495.85448536,0.186339694272966,1.67248796245097,1.03376564743404,0,0,0
"Schistura_harnaiensis",34.0740554461244,12018313.8551099,0.18069665954314,1.88906816758015,0.998939896154341,0,0,0
"Schistura_globiceps",0,0,0,0,0,0,0,0
"Schistura_geisleri",0,0,0,0,0,0,0,0
"Schistura_gangetica",39.9422581523483,16487613.4183783,0.178496117535013,1.97997401957962,0.990030156311104,0,0,0
"Schistura_fusinotata",0,0,0,0,0,0,0,0
"Schistura_finis",0,0,0,0,0,0,0,0
"Schistura_fascimaculata",36.3760934866014,13424477.3111657,0.179670245948465,1.92782897804902,0.99953356428334,0,0,0
"Schistura_ephelis",0,0,0,0,0,0,0,0
"Schistura_dubia",0,0,0,0,0,0,0,0
"Schistura_dorsizona",0,0,0,0,0,0,0,0
"Schistura_devdevi",25.4252318122988,6401682.32811004,0.184528476394531,1.73645694241749,1.02619385862605,0,0,0
"Schistura_denisoni",0,0,0,0,0,0,0,0
"Schistura_defectiva",0,0,0,0,0,0,0,0
"Schistura_dayi",37.3075995702293,14272780.3792187,0.179386556310901,1.9412351220314,0.995703142045302,0,0,0
"Schistura_daubentoni",0,0,0,0,0,0,0,0
"Schistura_dalatensis",0,0,0,0,0,0,0,0
"Schistura_curtistigma",34.0740554461244,12018313.8551099,0.18069665954314,1.88906816758015,0.998939896154341,0,0,0
"Schistura_crabro",0,0,0,0,0,0,0,0
"Schistura_coruscans",0,0,0,0,0,0,0,0
"Schistura_conirostris",34.0740554461244,12018313.8551099,0.18069665954314,1.88906816758015,0.998939896154341,0,0,0
"Schistura_clatrata",0,0,0,0,0,0,0,0
"Schistura_cincticauda",0,0,0,0,0,0,0,0
"Schistura_chapaensis",34.0740554461244,12018313.8551099,0.18069665954314,1.88906816758015,0.998939896154341,0,0,0
"Schistura_cataracta",0,0,0,0,0,0,0,0
"Schistura_carletoni",21.8527502681636,4678265.20790805,0.186617925857184,1.66142996391336,1.0378099901436,0,0,0
"Schistura_carbonaria",0,0,0,0,0,0,0,0
"Schistura_callichroma",41.1421324079359,25990292.0711828,0.18048422158332,1.95813206144585,0.905795999506288,0,0,0
"Schistura_breviceps",0,0,0,0,0,0,0,0
"Schistura_bolavenensis",0,0,0,0,0,0,0,0
"Schistura_bella",0,0,0,0,0,0,0,0
"Schistura_bannaensis",26.399798190847,6923937.10435864,0.184016230364168,1.75556956964465,1.02321316279601,0,0,0
"Schistura_baluchiorum",27.319986111865,7556753.69180644,0.183650055277063,1.77173936335545,1.01691129264478,0,0,0
"Schistura_bairdi",0,0,0,0,0,0,0,0
"Schistura_bachmaensis",0,0,0,0,0,0,0,0
"Schistura_aurantiaca",0,0,0,0,0,0,0,0
"Schistura_atra",0,0,0,0,0,0,0,0
"Schistura_athos",0,0,0,0,0,0,0,0
"Schistura_arifi",35.1549677453018,12654734.7898746,0.180197981999678,1.90760594111562,0.999499950360102,0,0,0
"Schistura_aramis",0,0,0,0,0,0,0,0
"Schistura_antennata",0,0,0,0,0,0,0,0
"Schistura_anambarensis",34.0740554461244,12018313.8551099,0.18069665954314,1.88906816758015,0.998939896154341,0,0,0
"Schistura_alticrista",0,0,0,0,0,0,0,0
"Schistura_afasciata",34.0740554461244,12018313.8551099,0.18069665954314,1.88906816758015,0.998939896154341,0,0,0
"Schistura_acuticephala",0,0,0,0,0,0,0,0
"Oxynoemacheilus_tongiorgii",0,0,0,0,0,0,0,0
"Oxynoemacheilus_tigris",33.1067024405155,10976609.5496397,0.180811834033564,1.85171103584998,0.990365130563548,0,0,0
"Oxynoemacheilus_persa",49.5411993258482,25764197.0969079,0.175538487297524,2.06640204753681,0.948373422507616,0,0,0
"Oxynoemacheilus_panthera",32.1608615939801,10472780.9575539,0.18128566071843,1.83605648732593,0.990474026423484,0,0,0
"Oxynoemacheilus_longipinnis",24.4412361668081,5919739.08712032,0.18504324315653,1.70322608306877,1.01795069288372,0,0,0
"Oxynoemacheilus_leontinae",34.6018056434742,13151058.6592392,0.180761999575586,1.86735727094146,0.967908436213603,0,0,0
"Oxynoemacheilus_kiabii",0,0,0,0,0,0,0,0
"Oxynoemacheilus_kermanshahensis",33.1067024405155,10976609.5496397,0.180811834033564,1.85171103584998,0.990365130563548,0,0,0
"Oxynoemacheilus_insignis",0,0,0,0,0,0,0,0
"Oxynoemacheilus_galilaeus",33.6103781344871,14791382.4400819,0.182253937286087,1.83857337613111,0.935081145290445,0,0,0
"Oxynoemacheilus_frenatus",32.1608615939801,10472780.9575539,0.18128566071843,1.83605648732593,0.990474026423484,0,0,0
"Oxynoemacheilus_ceyhanensis",0,0,0,0,0,0,0,0
"Oxynoemacheilus_brandtii",0,0,0,0,0,0,0,0
"Oxynoemacheilus_bergianus",0,0,0,0,0,0,0,0
"Oxynoemacheilus_argyrogramma",33.875403574573,14262288.9593283,0.181824196821924,1.84766120797199,0.945442885303751,0,0,0
"Oxynoemacheilus_angorae",0,0,0,0,0,0,0,0
"Schistura_sexcauda",0,0,0,0,0,0,0,0
"Schistura_spilota",0,0,0,0,0,0,0,0
"Schistura_reidi",0,0,0,0,0,0,0,0
"Schistura_fasciolata",3.62598693630884,0,0.0407031064851501,0,0.257737970040654,0,0,0
"Schistura_macrotaenia",6.8065776371822,2605744.51726868,0.0367202921592441,0.399596516046379,0.21274980840602,0,0,0
"Schistura_caudofurca",0,0,0,0,0,0,0,0
"Schistura_bucculenta",0,0,0,0,0,0,0,0
"Schistura_amplizona",0,0,0,0,0,0,0,0
"Schistura_latifasciata",4.43181352231449,1224238.38373811,0.0257662606872377,0.267446792911177,0.140940503692022,0,0,0
"Schistura_longa",1.44812723804256,385144.124459841,0.00730403664277262,0.0743350302549449,0.0277329443173184,0,0,0
"Sectoria_heterognathos",0,0,0,0,0,0,0,0
"Sectoria_atriceps",0,0,0,0,0,0,0,0
"Homatula_oligolepis",30.1072765877398,1979344.4887999,0.085261789474777,1.21759159919923,0.300157451425378,0,0,0
"Homatula_erhaiensis",20.47498407271,890567.877067575,0.0877632475998244,1.09575507843474,0.31181379912096,0,0,0
"Homatula_anguillioides",23.0019486785604,1172286.40545643,0.0716940109997624,1.12653958363192,0.253452956144313,0,0,0
"Homatula_wujiangensis",14.6358273586231,655459.693248128,0.0459065117166687,0.840884081276188,0.159424976352797,0,0,0
"Homatula_variegata",0,0,0,0,0,0,0,0
"Homatula_potanini",0,0,0,0,0,0,0,0
"Tuberoschistura_baenzigeri",0,0,0,0,0,0,0,0
"Tuberoschistura_cambodgiensis",0,0,0,0,0,0,0,0
"Triplophysa_zamegacephala",0,0,0,0,0,0,0,0
"Triplophysa_yunnanensis",0,0,0,0,0,0,0,0
"Triplophysa_yasinensis",0,0,0,0,0,0,0,0
"Triplophysa_yaopeizhii",32.3578191582764,19172902.8103978,0.13097726082598,1.87630352599213,0.465255579013918,0,0,0
"Triplophysa_xiqiensis",0,8669167.66152796,0.131115981818144,1.31862638167861,0.44702121920174,0,0,0
"Triplophysa_xichangensis",33.83531022181,23016103.5283675,0.130940769999173,1.89233026409223,0.454592716230066,0,0,0
"Triplophysa_wuweiensis",0,0,0,0,0,0,0,0
"Triplophysa_venusta",32.3578191582764,19172902.8103978,0.13097726082598,1.87630352599213,0.465255579013918,0,0,0
"Triplophysa_ulacholica",37.3251279775163,26306816.6775691,0.129685895658676,1.95520020751049,0.458610125728807,0,0,0
"Triplophysa_trewavasae",32.3578191582764,19172902.8103978,0.13097726082598,1.87630352599213,0.465255579013918,0,0,0
"Triplophysa_tibetana",35.5510716560529,0,0.114494159461118,2.00762892959429,0.447169869892996,0,0,0
"Triplophysa_tenuis",46.4075422504264,0,0.110363132628475,2.14882130007889,0.441442911853568,0,0,0
"Triplophysa_tenuicauda",0,0,0,0,0,0,0,0
"Triplophysa_tanggulaensis",32.3578191582764,19172902.8103978,0.13097726082598,1.87630352599213,0.465255579013918,0,0,0
"Triplophysa_strauchii",0,0,0,0,0,0,0,0
"Triplophysa_stolickai",0,0,0,0,0,0,0,0
"Triplophysa_shiyangensis",0,0,0,0,0,0,0,0
"Triplophysa_shehensis",38.3111177894975,27177500.3115195,0.12934114069013,1.97224502385949,0.459888825671103,0,0,0
"Triplophysa_sellaefer",32.3578191582764,19172902.8103978,0.13097726082598,1.87630352599213,0.465255579013918,0,0,0
"Triplophysa_scleroptera",0,0,0,0,0,0,0,0
"Triplophysa_rotundiventris",0,0,0,0,0,0,0,0
"Triplophysa_robusta",0,0,0,0,0,0,0,0
"Triplophysa_pseudoscleroptera",0,0,0,0,0,0,0,0
"Triplophysa_pappenheimi",0,0,0,0,0,0,0,0
"Triplophysa_papillosolabiata",32.3578191582764,19172902.8103978,0.13097726082598,1.87630352599213,0.465255579013918,0,0,0
"Triplophysa_obtusirostra",33.83531022181,23016103.5283675,0.130940769999173,1.89233026409223,0.454592716230066,0,0,0
"Triplophysa_obscura",0,0,0,0,0,0,0,0
"Triplophysa_ninglangensis",0,0,0,0,0,0,0,0
"Triplophysa_naziri",32.3578191582764,19172902.8103978,0.13097726082598,1.87630352599213,0.465255579013918,0,0,0
"Triplophysa_nanpanjiangensis",0,0,0,0,0,0,0,0
"Triplophysa_minuta",0,0,0,0,0,0,0,0
"Triplophysa_microps",34.0691435095005,23673944.1524345,0.13093514218738,1.89481454883838,0.452969864332939,0,0,0
"Triplophysa_microphysa",32.3578191582764,19172902.8103978,0.13097726082598,1.87630352599213,0.465255579013918,0,0,0
"Triplophysa_microphthalma",0,0,0,0,0,0,0,0
"Triplophysa_marmorata",41.3622412930961,31641120.5047291,0.128577364192966,2.01749877787447,0.45794723031626,0,0,0
"Triplophysa_markehenensis",0,0,0,0,0,0,0,0
"Triplophysa_macrophthalma",32.3578191582764,19172902.8103978,0.13097726082598,1.87630352599213,0.465255579013918,0,0,0
"Triplophysa_macromaculata",0,0,0,0,0,0,0,0
"Triplophysa_leptosoma",39.7489458078537,29217875.8048282,0.128970202393846,1.99394737133221,0.459027420726936,0,0,0
"Triplophysa_ladacensis",32.4069913986133,19292401.7571339,0.130976019633771,1.87684634695883,0.4648888676816,0,0,0
"Triplophysa_labiata",0,0,0,0,0,0,0,0
"Triplophysa_kungessana",32.3578191582764,19172902.8103978,0.13097726082598,1.87630352599213,0.465255579013918,0,0,0
"Triplophysa_kullmanni",33.83531022181,23016103.5283675,0.130940769999173,1.89233026409223,0.454592716230066,0,0,0
"Triplophysa_kashmirensis",0,0,0,0,0,0,0,0
"Triplophysa_hutjertjuensis",32.3578191582764,19172902.8103978,0.13097726082598,1.87630352599213,0.465255579013918,0,0,0
"Triplophysa_hsutschouensis",0,0,0,0,0,0,0,0
"Triplophysa_hexiensis",32.3578191582764,19172902.8103978,0.13097726082598,1.87630352599213,0.465255579013918,0,0,0
"Triplophysa_hazaraensis",32.3578191582764,19172902.8103978,0.13097726082598,1.87630352599213,0.465255579013918,0,0,0
"Triplophysa_griffithii",0,0,0,0,0,0,0,0
"Triplophysa_grahami",0,0,0,0,0,0,0,0
"Triplophysa_gracilis",0,0,0,0,0,0,0,0
"Triplophysa_gejiuensis",0,0,0,0,0,0,0,0
"Triplophysa_farwelli",32.3578191582764,19172902.8103978,0.13097726082598,1.87630352599213,0.465255579013918,0,0,0
"Triplophysa_dorsalis",0,0,0,0,0,0,0,0
"Triplophysa_daqiaoensis",0,0,0,0,0,0,0,0
"Triplophysa_dalaica",25.1882562629341,0,0.119844493960842,1.81834039873844,0.441998590032533,0,0,0
"Triplophysa_cuneicephala",32.3578191582764,19172902.8103978,0.13097726082598,1.87630352599213,0.465255579013918,0,0,0
"Triplophysa_crassilabris",11.3902886316239,0,0.132362483982464,1.492522635568,0.476166962010548,0,0,0
"Triplophysa_choprai",34.322199298787,21540469.9546918,0.130379682259045,1.90937932300933,0.463797575046277,0,0,0
"Triplophysa_chondrostoma",0,0,0,0,0,0,0,0
"Triplophysa_cakaensis",0,0,0,0,0,0,0,0
"Triplophysa_brevicauda",34.4702253965106,0,0.116252495794799,1.93518497410581,0.402283139269171,0,0,0
"Triplophysa_brevibarba",32.3578191582764,19172902.8103978,0.13097726082598,1.87630352599213,0.465255579013918,0,0,0
"Triplophysa_brahui",32.3578191582764,19172902.8103978,0.13097726082598,1.87630352599213,0.465255579013918,0,0,0
"Triplophysa_brachyptera",0,0,0,0,0,0,0,0
"Triplophysa_bombifrons",46.3615770935534,41771026.1282691,0.127671575195412,2.08261729026051,0.450294189627634,0,0,0
"Triplophysa_anterodorsalis",25.8363167376155,12078236.5726114,0.13320374480768,1.75572605586738,0.47232232626906,0,0,0
"Triplophysa_angeli",0,0,0,0,0,0,0,0
"Triplophysa_alticeps",0,0,0,0,0,0,0,0
"Triplophysa_aliensis",0,0,0,0,0,0,0,0
"Barbatula_farsica",20.9629719722833,5769913.02423696,0.125421669629295,1.45238013073666,0.372588848977483,0,0,0
"Barbatula_dgebuadzei",34.6529825355561,16619947.582634,0.120851753666842,1.6655713216935,0.353399095645285,0,0,0
"Barbatula_compressirostris",38.8182129562924,21037864.1513128,0.119830298709463,1.71823827438748,0.349469078735323,0,0,0
"Triplophysa_stenura",0,0,0,0,0,0,0,0
"Triplophysa_stewarti",0,0,0,0,0,0,0,0
"Triplophysa_bleekeri",0,0,0,0,0,0,0,0
"Triplophysa_orientalis",0,0,0,0,0,0,0,0
"Triplophysa_siluroides",0,0,0,0,0,0,0,0
"Barbatula_sturanyi",0,0,0,0,0,0,0,0
"Barbatula_zetensis",0,0,0,0,0,0,0,0
"Barbatula_toni",0,0,0,0,0,0,0,0
"Barbatula_nuda",0,0,0,0,0,0,0,0
"Barbatula_barbatula",0,0,0,0,0,0,0,0
"Triplophysa_gundriseri",0,0,0,0,0,0,0,0
"Claea_dabryi",0,0,0,0,0,0,0,0
"Lefua_echigonia",0,0,0,0,0,0,0,0
"Lefua_costata",0,0,0,0,0,0,0,0
"Oreonectes_platycephalus",0,0,0,0,0,0,0,0
"Oreonectes_anophthalmus",0,0,0,0,0,0,0,0
"Traccatichthys_pulcher",0,0,0,0,0,0,0,0
"Traccatichthys_taeniatus",0,0,0,0,0,0,0,0
"Nemacheilus_yingjiangensis",23.2817614359035,3283195.72246897,0.153361827147464,1.29744685441923,0.506782287243742,0,0,0
"Nemacheilus_tuberigum",0,0,0,0,0,0,0,0
"Nemacheilus_troglocataractus",0,0,0,0,0,0,0,0
"Nemacheilus_spiniferus",0,0,0,0,0,0,0,0
"Nemacheilus_selangoricus",0,0,0,0,0,0,0,0
"Nemacheilus_saravacensis",15.6795566781933,1431780.65091778,0.157926013827297,1.16686589033472,0.529292634446118,0,0,0
"Nemacheilus_pulchellus",0,0,0,0,0,0,0,0
"Nemacheilus_platiceps",0,0,0,0,0,0,0,0
"Nemacheilus_pfeifferae",20.2030849604304,2432312.06137954,0.154972672776636,1.24917836874536,0.515022614246305,0,0,0
"Nemacheilus_oxianus",0,0,0,0,0,0,0,0
"Nemacheilus_olivaceus",0,0,0,0,0,0,0,0
"Nemacheilus_monilis",0,0,0,0,0,0,0,0
"Nemacheilus_menoni",23.2817614359035,3283195.72246897,0.153361827147464,1.29744685441923,0.506782287243742,0,0,0
"Nemacheilus_longistriatus",0,0,0,0,0,0,0,0
"Nemacheilus_longipectoralis",0,0,0,0,0,0,0,0
"Nemacheilus_lactogeneus",0,0,0,0,0,0,0,0
"Nemacheilus_keralensis",0,0,0,0,0,0,0,0
"Nemacheilus_kapuasensis",78.828942253593,40313159.0751408,0.13983260412182,1.79910382168505,0.446543233274689,0,0,0
"Nemacheilus_guentheri",0,0,0,0,0,0,0,0
"Nemacheilus_fasciatus",0,0,0,0,0,0,0,0
"Nemacheilus_elegantissimus",0,0,0,0,0,0,0,0
"Nemacheilus_drassensis",23.2817614359035,3283195.72246897,0.153361827147464,1.29744685441923,0.506782287243742,0,0,0
"Nemacheilus_doonensis",14.2128298066653,1164195.94925327,0.159075120605574,1.13615570716712,0.534869094954439,0,0,0
"Nemacheilus_cleopatra",0,0,0,0,0,0,0,0
"Nemacheilus_binotatus",0,0,0,0,0,0,0,0
"Nemacheilus_banar",0,0,0,0,0,0,0,0
"Nemacheilus_arenicolus",0,0,0,0,0,0,0,0
"Nemacheilus_anguilla",0,0,0,0,0,0,0,0
"Schistura_rupecula",15.2787381024359,3940028.65818458,0.0767739977927219,0.811367347384652,0.378925847145403,0,0,0
"Schistura_beavani",17.2146978364683,4919265.20297031,0.0760314289921287,0.841159101081273,0.377665413821817,0,0,0
"Schistura_vinciguerrae",0,0,0,0,0,0,0,0
"Schistura_sikmaiensis",0,0,0,0,0,0,0,0
"Schistura_poculi",0,0,0,0,0,0,0,0
"Yunnanilus_yangzonghaiensis",0,0,0,0,0,0,0,0
"Yunnanilus_sichuanensis",0,0,0,0,0,0,0,0
"Yunnanilus_pleurotaenia",0,0,0,0,0,0,0,0
"Yunnanilus_parvus",0,0,0,0,0,0,0,0
"Yunnanilus_paludosus",0,0,0,0,0,0,0,0
"Yunnanilus_pachycephalus",0,0,0,0,0,0,0,0
"Yunnanilus_nigromaculatus",0,0,0,0,0,0,0,0
"Yunnanilus_niger",0,0,0,0,0,0,0,0
"Yunnanilus_macrogaster",0,0,0,0,0,0,0,0
"Yunnanilus_longibulla",0,0,0,0,0,0,0,0
"Yunnanilus_elakatis",0,0,0,0,0,0,0,0
"Yunnanilus_cruciatus",0,0,0,0,0,0,0,0
"Yunnanilus_caohaiensis",0,0,0,0,0,0,0,0
"Yunnanilus_analis",3.2360961061017,628888.405041808,0.0208473228908009,0.180970552908134,0.0676638001510956,0,0,0
"Yunnanilus_brevis",0,0,0,0,0,0,0,0
"Yunnanilus_altus",0,0,0,0,0,0,0,0
"Schistura_kloetzliae",0,0,0,0,0,0,0,0
"Schistura_polytaenia",12.2415663853903,3229577.37367843,0.0654885142343703,0.664597958582009,0.303399780601866,0,0,0
"Nemacheilus_shuangjiangensis",12.1760970392281,3115652.39413032,0.0654197712380197,0.652844508186233,0.298100506769421,0,0,0
"Schistura_desmotes",0,0,0,0,0,0,0,0
"Nemacheilus_triangularis",0,0,0,0,0,0,0,0
"Nemacheilus_rueppelli",0,0,0,0,0,0,0,0
"Paracobitis_vignai",0,0,0,0,0,0,0,0
"Paracobitis_rhadinaea",0,0,0,0,0,0,0,0
"Paracobitis_malapterura",0,0,0,0,0,0,0,0
"Paracobitis_longicauda",0,0,0,0,0,0,0,0
"Paracobitis_ghazniensis",7.91637429427431,1322919.89400973,0.0651322569912685,0.549842879592145,0.220743682658102,0,0,0
"Oxynoemacheilus_bureschi",0,0,0,0,0,0,0,0
"Oxynoemacheilus_merga",0,0,0,0,0,0,0,0
"Nemacheilus_corica",0,0,0,0,0,0,0,0
"Acanthocobitis_urophthalmus",0,0,0,0,0,0,0,0
"Acanthocobitis_rubidipinnis",0,0,0,0,0,0,0,0
"Acanthocobitis_mooreh",0,0,0,0,0,0,0,0
"Acanthocobitis_botia",0,0,0,0,0,0,0,0
"Acanthocobitis_pavonacea",0,0,0,0,0,0,0,0
"Schistura_savona",11.3143074677637,378973.962328977,0.1119690256983,0.615472371898252,0.362185213739275,0,0,0
"Nemacheilus_pallidus",0,0,0,0,0,0,0,0
"Nemacheilus_masyae",0,0,0,0,0,0,0,0
"Nemacheilus_ornatus",0,0,0,0,0,0,0,0
"Travancoria_elongata",0,0,0,0,0,0,0,0.0917150246592851
"Travancoria_jonesi",0,0,0,0,0,0,0,0.107790365134239
"Pseudohomaloptera_yunnanensis",0,0,0,0,0,0,0,0.186067327114318
"Pseudohomaloptera_vulgaris",0,0,0,0,0,0,0,0.238982299809144
"Pseudohomaloptera_tatereganii",8.73714349866218,1715453.18856,0.106769418796245,0.436599089228883,0.265054332464879,0,0,0.145924980954868
"Pseudohomaloptera_leonardi",0,0,0,0,0,0,0,0.156791309949248
"Pseudohomaloptera_sexmaculata",0,0,0,0,0,0,0,0.148175113784452
"Neohomaloptera_johorensis",10.3856051186857,1329869.14052405,0.195245548025874,0.886145817951625,0.612044148294091,0,0,0.876564579155945
"Homalopterula_gymnogaster",21.3132306103704,7611240.59908763,0.186733602396982,1.08743327000493,0.5542083032349,0,0,0.17303490997746
"Homalopterula_ripleyi",16.6966755540886,4209791.05035627,0.189585715783064,1.01486779186625,0.573534147724505,0,0,0.302459239270608
"Homalopteroides_weberi",8.47835383077668,2331431.73207909,0.0996509920397063,0.431704888567765,0.259950538355368,0,0,0.250400162657159
"Homalopteroides_wassinkii",8.96661853761274,2671193.16693899,0.0993076702211538,0.438825480174028,0.258086079930112,0,0,0.222227271964457
"Homalopteroides_tweediei",0,0,0,0,0,0,0,0.333058314389241
"Homalopteroides_stephensoni",0,0,0,0,0,0,0,0.161740638629486
"Homalopteroides_smithi",0,0,0,0,0,0,0,0.115556246700588
"Homalopteroides_rupicola",0,0,0,0,0,0,0,0.64458566702302
"Homalopteroides_nebulosus",0,0,0,0,0,0,0,0.381582663105024
"Homalopteroides_indochinensis",0,0,0,0,0,0,0,0.439578320174034
"Homalopteroides_modestus",0,0,0,0,0,0,0,0.846944547548054
"Ghatsa_santhamparaiensis",0,0,0,0,0,0,0,0.173599270066306
"Ghatsa_pillaii",0,0,0,0,0,0,0,0.127000811841664
"Ghatsa_menoni",0,0,0,0,0,0,0,0.141559610556307
"Ghatsa_montana",0,0,0,0,0,0,0,0.131050121190722
"Cryptotora_thamicola",0,0,0,0,0,0,0,0.521398165413708
"Bhavania_australis",0,0,0,0,0,0,0,0.0968819653032238
"Balitoropsis_ophiolepis",0,0,0,0,0,0,0,0.0723550356752767
"Balitoropsis_zollingeri",0,0,0,0,0,0,0,0.112704024824727
"Vanmanenia_xinyiensis",0,0,0,0,0,0,0,0.0613639445377959
"Vanmanenia_ventrosquamata",12.4012505381572,4870465.40541254,0.102974094187615,0.586300564742513,0.287359809462807,0,0,0.0817346484583343
"Vanmanenia_tetraloba",0,0,0,0,0,0,0,0.0601031653887808
"Vanmanenia_striata",0,0,0,0,0,0,0,0.0544693532461941
"Vanmanenia_serrilineata",0,0,0,0,0,0,0,0.115388187195802
"Vanmanenia_multiloba",12.4012505381572,4870465.40541254,0.102974094187615,0.586300564742513,0.287359809462807,0,0,0.0817346484583343
"Vanmanenia_lineata",0,0,0,0,0,0,0,0.0629588822695198
"Vanmanenia_gymnetrus",0,0,0,0,0,0,0,0.0613409417371356
"Vanmanenia_crassicauda",0,0,0,0,0,0,0,0.109856120874806
"Formosania_tinkhami",7.90710643545473,3720752.64837764,0.0651302143179633,0.388453275294722,0.186343174456748,0,0,0.0827737642500948
"Formosania_lacustris",0,0,0,0,0,0,0,0.0548159298938887
"Formosania_davidi",0,0,0,0,0,0,0,0.091819056989216
"Formosania_stigmata",0,0,0,0,0,0,0,0.0816126196077651
"Formosania_fascicauda",0,0,0,0,0,0,0,0.0952365703330241
"Vanmanenia_hainanensis",0,0,0,0,0,0,0,0.0732749561341463
"Vanmanenia_pingchowensis",0,0,0,0,0,0,0,0.0490307420910521
"Vanmanenia_stenosoma",0,0,0,0,0,0,0,0.0748210186040256
"Liniparhomaloptera_qiongzhongensis",0,0,0,0,0,0,0,0.104317587633694
"Liniparhomaloptera_monoloba",6.66101863902508,2132699.69847966,0.0671241492712703,0.34665367425902,0.181431538487656,0,0,0.112745554666492
"Liniparhomaloptera_disparis",0,0,0,0,0,0,0,0.08662436051113
"Liniparhomaloptera_obtusirostris",0,0,0,0,0,0,0,0.101231379176446
"Pseudogastromyzon_peristictus",0,0,0,0,0,0,0,0.171476563892292
"Pseudogastromyzon_loos",5.83250837695985,1759883.0108995,0.0601528817610762,0.28974043653539,0.158996541452624,0,0,0.135971276116363
"Pseudogastromyzon_elongatus",5.83250837695985,1759883.0108995,0.0601528817610762,0.28974043653539,0.158996541452624,0,0,0.135971276116363
"Pseudogastromyzon_daon",0,0,0,0,0,0,0,0.342323995916884
"Pseudogastromyzon_changtingensis",0,0,0,0,0,0,0,0.12360912314282
"Pseudogastromyzon_buas",5.83250837695985,1759883.0108995,0.0601528817610762,0.28974043653539,0.158996541452624,0,0,0.135971276116363
"Pseudogastromyzon_cheni",0,0,0,0,0,0,0,0.238048371438085
"Pseudogastromyzon_fangi",0,0,0,0,0,0,0,0.0822635605935407
"Pseudogastromyzon_fasciatus",0,0,0,0,0,0,0,0.0811142435245344
"Pseudogastromyzon_myersi",0,0,0,0,0,0,0,0.151501414126392
"Erromyzon_sinensis",0,0,0,0,0,0,0,0.163127275676513
"Beaufortia_polylepis",0,0,0,0,0,0,0,0.180727751919669
"Beaufortia_pingi",0,0,0,0,0,0,0,0.137160178663329
"Beaufortia_leveretti",0,0,0,0,0,0,0,0.0622885455163019
"Beaufortia_huangguoshuensis",0,0,0,0,0,0,0,0.160679814153392
"Beaufortia_cyclica",0,0,0,0,0,0,0,0.24615520953703
"Beaufortia_liui",0,0,0,0,0,0,0,0.145567620982782
"Beaufortia_szechuanensis",0,0,0,0,0,0,0,0.0971892302495413
"Beaufortia_kweichowensis",0,0,0,0,0,0,0,0.116520708517134
"Sewellia_speciosa",0,0,0,0,0,0,0,0.171587087826613
"Sewellia_pterolineata",0,0,0,0,0,0,0,0.228707514840709
"Sewellia_patella",0,0,0,0,0,0,0,0.20180343344599
"Sewellia_medius",5.60632664303757,1505667.78972497,0.0604069880124412,0.285977927730628,0.164626003951191,0,0,0.15679148225835
"Sewellia_marmorata",0,0,0,0,0,0,0,0.15009404818346
"Sewellia_elongata",0,0,0,0,0,0,0,0.110962176240732
"Sewellia_diardi",0,0,0,0,0,0,0,0.113452716709901
"Sewellia_breviventralis",0,0,0,0,0,0,0,0.187427469970426
"Sewellia_analis",5.60632664303757,1505667.78972497,0.0604069880124412,0.285977927730628,0.164626003951191,0,0,0.15679148225835
"Sewellia_lineolata",0,0,0,0,0,0,0,0.143406353922873
"Sewellia_albisuera",0,0,0,0,0,0,0,0.133651943256125
"Gastromyzon_stellatus",0,0,0,0,0,0,0,0.14743315908899
"Gastromyzon_spectabilis",0,0,0,0,0,0,0,0.119960773687044
"Gastromyzon_scitulus",10.9577417169535,2281000.49714643,0.105527587163176,0.536293570752174,0.289553715971088,0,0,0.119686750623187
"Gastromyzon_ridens",0,0,0,0,0,0,0,0.159447610749191
"Gastromyzon_punctulatus",0,0,0,0,0,0,0,0.103439795006495
"Gastromyzon_pariclavis",0,0,0,0,0,0,0,0.118238100327369
"Gastromyzon_ornaticauda",0,0,0,0,0,0,0,0.0919603513221475
"Gastromyzon_monticola",0,0,0,0,0,0,0,0.0921266056865745
"Gastromyzon_megalepis",0,0,0,0,0,0,0,0.117100530445882
"Gastromyzon_katibasensis",10.9577417169535,2281000.49714643,0.105527587163176,0.536293570752174,0.289553715971088,0,0,0.119686750623187
"Gastromyzon_introrsus",0,0,0,0,0,0,0,0.0586435025861262
"Gastromyzon_fasciatus",0,0,0,0,0,0,0,0.0911260024887587
"Gastromyzon_danumensis",0,0,0,0,0,0,0,0.175580973751271
"Gastromyzon_contractus",0,0,0,0,0,0,0,0.257825024634834
"Gastromyzon_borneensis",0,0,0,0,0,0,0,0.0585054166111679
"Gastromyzon_bario",0,0,0,0,0,0,0,0.061694032958883
"Gastromyzon_aequabilis",0,0,0,0,0,0,0,0.279583681152373
"Gastromyzon_ctenocephalus",0,0,0,0,0,0,0,0.187004447871483
"Gastromyzon_lepidogaster",0,0,0,0,0,0,0,0.0512464138682609
"Glaniopsis_multiradiata",8.04891031056798,2449009.48740886,0.0377435365171582,0.240575169259777,0.108523911230536,0,0,0.0342594044803682
"Glaniopsis_gossei",7.07508410716689,1794167.85464594,0.0380548741159755,0.232935288647788,0.111103279258661,0,0,0.0493909963950525
"Glaniopsis_hanitschi",0,0,0,0,0,0,0,0
"Glaniopsis_denudata",0,0,0,0,0,0,0,0.0552028791951422
"Serpenticobitis_octozona",0,0,0,0,0,0,0,0.176438410831622
"Serpenticobitis_cingulata",0,0,0,0,0,0,0,0.291410537647163
"Serpenticobitis_zonata",0,0,0,0,0,0,0,0.244140466694347
"Homaloptera_orthogoniata",0,0,0,0,0,0,0,0.0567248543941
"Homaloptera_ogilviei",15.9746351418644,4479763.68740077,0.172433476590908,0.91559660538421,0.500517131925118,0,0,0.234271520377178
"Homaloptera_ocellata",27.7945507201797,17176041.273464,0.166611960163053,1.07190119973059,0.463620926453255,0,0,0.0670312580189579
"Homaloptera_confuzona",0,0,0,0,0,0,0,0.147639967201017
"Homaloptera_bilineata",0,0,0,0,0,0,0,0.091916793594733
"Balitora_tchangi",0,0,0,0,0,0,0,0.11109659465605
"Balitora_nujiangensis",12.7465811189561,3415563.93157351,0.138243599049373,0.671171662568113,0.369414752308318,0,0,0.107256106156569
"Balitora_mysorensis",0,0,0,0,0,0,0,0.119707426358022
"Balitora_meridionalis",0,0,0,0,0,0,0,0.100748133326382
"Balitora_longibarbata",0,0,0,0,0,0,0,0.104091047182891
"Balitora_lancangjiangensis",0,0,0,0,0,0,0,0.10931150339601
"Balitora_burmanica",0,0,0,0,0,0,0,0.0916875845408723
"Balitora_brucei",0,0,0,0,0,0,0,0.0676969100956466
"Sinogastromyzon_rugocauda",6.54537575701328,1530965.38858149,0.0745942771714927,0.348001299591799,0.201692012395028,0,0,0.150231827167327
"Sinogastromyzon_nanpanjiangensis",0,0,0,0,0,0,0,0.181304270676495
"Sinogastromyzon_minutus",6.54537575701328,1530965.38858149,0.0745942771714927,0.348001299591799,0.201692012395028,0,0,0.150231827167327
"Sinogastromyzon_chapaensis",6.54537575701328,1530965.38858149,0.0745942771714927,0.348001299591799,0.201692012395028,0,0,0.150231827167327
"Lepturichthys_fimbriatus",0,0,0,0,0,0,0,0.0366859135691342
"Hemimyzon_pengi",0,0,0,0,0,0,0,0.176773028453996
"Hemimyzon_papilio",0,0,0,0,0,0,0,0.180170324434914
"Hemimyzon_nanensis",3.91508472829558,835812.859102766,0.0469906233899724,0.227376651263453,0.133145700966081,0,0,0.189797029719714
"Hemimyzon_megalopseos",0,0,0,0,0,0,0,0.142881525909526
"Hemimyzon_macroptera",0,0,0,0,0,0,0,0.111464608096438
"Hemimyzon_khonensis",0,0,0,0,0,0,0,0.221509457465255
"Hemimyzon_confluens",0,0,0,0,0,0,0,0.256934949525464
"Hemimyzon_yaotanensis",0,0,0,0,0,0,0,0.105831915242337
"Sinogastromyzon_szechuanensis",0,0,0,0,0,0,0,0.0956005910962821
"Sinogastromyzon_hsiashiensis",0,0,0,0,0,0,0,0.164435381027755
"Sinogastromyzon_puliensis",0,0,0,0,0,0,0,0.1106243733572
"Sinogastromyzon_sichangensis",0,0,0,0,0,0,0,0.130829281311343
"Metahomaloptera_omeiensis",2.82906743287781,662938.446707233,0.0363901446531852,0.153731170184463,0.096093954099956,0,0,0.130696377099847
"Jinshaia_abbreviata",0,0,0,0,0,0,0,0.059075061395617
"Jinshaia_sinensis",0,0,0,0,0,0,0,0.0550029103503003
"Hemimyzon_formosanus",3.26815693348559,1294457.63689189,0.0274614397078517,0.150497890013874,0.0760887443828905,0,0,0.0832999067235445
"Hemimyzon_taitungensis",0,0,0,0,0,0,0,0.11091112516411
"Sinogastromyzon_wui",0,0,0,0,0,0,0,0.0673942978150681
"Sinogastromyzon_tonkinensis",0,0,0,0,0,0,0,0.215306118748784
"Balitora_annamitica",0,0,0,0,0,0,0,0.0757257209297141
"Balitora_kwangsiensis",0,0,0,0,0,0,0,0.073665099046814
"Balitora_elongata",0,0,0,0,0,0,0,0.124426572110517
"Barbucca_diabolica",0,0,0,0,0,0,0,0.643983076393149
"Ellopostoma_megalomycter",0,0,0,0,0,0,0,0.258299302097144
"Ellopostoma_mystax",31.4866116371256,23656690.8793151,0.166679637145429,1.44088792660822,0.556033551393991,0,0,0.218544782936532
"Misgurnus_tonkinensis",38.5426184377311,89359122.4107071,0.116032620630599,1.57680066992807,0.545056894818979,0,0,0
"Cobitis_simplicispina",0,0,0,0,0,0,0,0
"Cobitis_sibirica",0,0,0,0,0,0,0,0
"Cobitis_satunini",0,0,0,0,0,0,0,0
"Cobitis_rara",16.5438738569227,16548549.4389618,0.0968903097134153,1.11982755693403,0.699529800220734,0,0,0
"Cobitis_puncticulata",0,0,0,0,0,0,0,0
"Cobitis_pacifica",0,0,0,0,0,0,0,0
"Cobitis_melanoleuca",0,0,0,0,0,0,0,0
"Cobitis_matsubarae",0,0,0,0,0,0,0,0
"Cobitis_lebedevi",0,0,0,0,0,0,0,0
"Cobitis_laoensis",0,0,0,0,0,0,0,0
"Cobitis_evreni",0,0,0,0,0,0,0,0
"Cobitis_arenae",16.7986395609076,24022810.6149457,0.0978940917351903,1.10401765493859,0.646798134363602,0,0,0
"Cobitis_elongatoides",0,0,0,0,0,0,0,0
"Cobitis_tanaitica",0,0,0,0,0,0,0,0
"Cobitis_taenia",0,0,0,0,0,0,0,0
"Cobitis_stephanidisi",0,0,0,0,0,0,0,0
"Cobitis_vardarensis",0,0,0,0,0,0,0,0
"Cobitis_trichonica",0,0,0,0,0,0,0,0
"Cobitis_meridionalis",0,0,0,0,0,0,0,0
"Cobitis_hellenica",0,0,0,0,0,0,0,0
"Cobitis_arachthosensis",0,0,0,0,0,0,0,0
"Cobitis_bilseli",0,0,0,0,0,0,0,0
"Cobitis_paludica",0,0,0,0,0,0,0,0
"Cobitis_maroccana",0,0,0,0,0,0,0,0
"Cobitis_vettonica",0,0,0,0,0,0,0,0
"Cobitis_calderoni",0,0,0,0,0,0,0,0
"Cobitis_strumicae",0,0,0,0,0,0,0,0
"Cobitis_punctilineata",0,0,0,0,0,0,0,0
"Cobitis_linea",0,0,0,0,0,0,0,0
"Cobitis_bilineata",0,0,0,0,0,0,0,0
"Cobitis_elongata",0,0,0,0,0,0,0,0
"Cobitis_ohridana",0,0,0,0,0,0,0,0
"Iksookimia_longicorpa",0,0,0,0,0,0,0,0
"Iksookimia_hugowolfeldi",0,0,0,0,0,0,0,0
"Misgurnus_mohoity",0,0,0,0,0,0,0,0
"Cobitis_tetralineata",0,0,0,0,0,0,0,0
"Cobitis_lutheri",0,0,0,0,0,0,0,0
"Cobitis_macrostigma",0,0,0,0,0,0,0,0
"Iksookimia_pumila",0,0,0,0,0,0,0,0
"Iksookimia_koreensis",0,0,0,0,0,0,0,0
"Cobitis_striata",0,0,0,0,0,0,0,0
"Cobitis_biwae",0,0,0,0,0,0,0,0
"Niwaella_multifasciata",0,0,0,0,0,0,0,0
"Niwaella_delicata",0,0,0,0,0,0,0,0
"Niwaella_laterimaculata",0,0,0,0,0,0,0,0
"Cobitis_sinensis",0,0,0,0,0,0,0,0
"Cobitis_choii",0,0,0,0,0,0,0,0
"Misgurnus_anguillicaudatus",0,0,0,0,0,0,0,0
"Misgurnus_nikolskyi",41.9476739301124,31690185.5449088,0.063094656099597,0.856000459089934,0.144617803279354,0,0,0
"Misgurnus_fossilis",0,0,0,0,0,0,0,0
"Paramisgurnus_dabryanus",0,0,0,0,0,0,0,0
"Misgurnus_mizolepis",0,0,0,0,0,0,0,0
"Koreocobitis_naktongensis",0,0,0,0,0,0,0,0
"Koreocobitis_rotundicaudata",0,0,0,0,0,0,0,0
"Sabanejewia_caspia",11.3592067202451,7491212.73077236,0.0808981343800243,0.993073162076116,0.187294369683902,0,0,0
"Sabanejewia_caucasica",0,0,0,0,0,0,0,0
"Sabanejewia_aurata",0,0,0,0,0,0,0,0
"Sabanejewia_bulgarica",0,0,0,0,0,0,0,0
"Sabanejewia_balcanica",0,0,0,0,0,0,0,0
"Sabanejewia_larvata",0,0,0,0,0,0,0,0
"Canthophrys_gongota",0,0,0,0,0,0,0,0
"Lepidocephalus_macrochir",0,0,0,0,0,0,0,0
"Lepidocephalus_spectrum",0,0,0,0,0,0,0,0
"Pangio_piperata",18.5145008424592,10129412.5128132,0.154539683676317,1.02091913889742,0.438502386658828,0,0,0
"Pangio_mariarum",0,0,0,0,0,0,0,0
"Pangio_goaensis",0,0,0,0,0,0,0,0
"Pangio_fusca",0,0,0,0,0,0,0,0
"Pangio_alcoides",0,0,0,0,0,0,0,0
"Pangio_agma",21.2834260620387,13449851.0995815,0.152935936017369,1.06680350701514,0.436255564903701,0,0,0
"Pangio_myersi",0,0,0,0,0,0,0,0
"Pangio_semicincta",1.92006840620842,417404.475435173,0.0145667599769015,0.0780169343314878,0.0388484068226728,0,0,0
"Pangio_kuhlii",0,0,0,0,0,0,0,0
"Pangio_alternans",0,0,0,0,0,0,0,0
"Pangio_malayana",7.98202870027029,4049711.50360934,0.0624576998034415,0.39844082265587,0.170466190695674,0,0,0
"Pangio_cuneovirgata",0,0,0,0,0,0,0,0
"Pangio_pangia",0,0,0,0,0,0,0,0
"Pangio_oblonga",0,0,0,0,0,0,0,0
"Pangio_filinaris",0,0,0,0,0,0,0,0
"Pangio_doriae",0,0,0,0,0,0,0,0
"Pangio_anguillaris",0,0,0,0,0,0,0,0
"Pangio_muraeniformis",0,0,0,0,0,0,0,0
"Pangio_superba",24.8044398825823,1922735.23238718,0.0770874766961927,0.393700194531486,0.194043104208373,0,0,0
"Pangio_shelfordii",0,0,0,0,0,0,0,0
"Lepidocephalichthys_tomaculum",18.5584605372329,19058623.2916519,0.123117873651491,0.843437389542663,0.371782071859673,0,0,0
"Lepidocephalichthys_micropogon",0,0,0,0,0,0,0,0
"Lepidocephalichthys_lorentzi",0,0,0,0,0,0,0,0
"Lepidocephalichthys_jonklaasi",0,0,0,0,0,0,0,0
"Lepidocephalichthys_irrorata",0,0,0,0,0,0,0,0
"Lepidocephalichthys_furcatus",0,0,0,0,0,0,0,0
"Lepidocephalichthys_birmanicus",0,0,0,0,0,0,0,0
"Lepidocephalichthys_arunachalensis",15.6289447295392,13525735.1666676,0.124768995252731,0.804221222010854,0.377078879393193,0,0,0
"Lepidocephalichthys_annandalei",0,0,0,0,0,0,0,0
"Lepidocephalichthys_berdmorei",0,0,0,0,0,0,0,0
"Lepidocephalichthys_hasselti",0,0,0,0,0,0,0,0
"Lepidocephalichthys_guntea",0,0,0,0,0,0,0,0
"Lepidocephalichthys_thermalis",0,0,0,0,0,0,0,0
"Acanthopsoides_gracilis",0,0,0,0,0,0,0,0
"Acanthopsoides_delphax",0,0,0,0,0,0,0,0
"Acanthopsoides_hapalias",0,0,0,0,0,0,0,0
"Acanthopsoides_gracilentus",0,0,0,0,0,0,0,0
"Acanthopsoides_molobrion",0,0,0,0,0,0,0,0
"Kottelatlimia_pristes",0,0,0,0,0,0,0,0
"Acantopsis_thiemmedhi",0,0,0,0,0,0,0,0
"Acantopsis_spectabilis",0,0,0,0,0,0,0,0
"Acantopsis_octoactinotos",0,12546780.193955,0.107050512623277,0.700579792381311,0.31897447390524,0,0,0
"Acantopsis_dialuzona",0,0,0,0,0,0,0,0
"Vaillantella_euepiptera",0,0,0,0,0,0,0,0.0985896175583887
"Vaillantella_cinnamomea",34.9222815836281,35027898.3625489,0.163316939183646,1.47657020197483,0.551045853705526,0,0,0.0977915900318223
"Vaillantella_maassi",0,0,0,0,0,0,0,0.0922615511470541
"Yasuhikotakia_splendida",0,0,0,0,0,0,0,0.168411751667247
"Yasuhikotakia_longidorsalis",0,0,0,0,0,0,0,0.234814714278495
"Yasuhikotakia_morleti",0,0,0,0,0,0,0,0.229687093704824
"Yasuhikotakia_modesta",0,0,0,0,0,0,0,0.0423069574023937
"Yasuhikotakia_caudipunctata",0,0,0,0,0,0,0,0.195043334024441
"Yasuhikotakia_eos",0,0,0,0,0,0,0,0.199821011484523
"Yasuhikotakia_lecontei",0,0,0,0,0,0,0,0.0914404595502547
"Syncrossus_reversus",0,0,0,0,0,0,0,0.156075575413522
"Syncrossus_beauforti",0,0,0,0,0,0,0,0.0442604394378184
"Syncrossus_berdmorei",0,0,0,0,0,0,0,0.0530948508242151
"Syncrossus_helodes",0,0,0,0,0,0,0,0.0323040332975765
"Syncrossus_hymenophysa",0,0,0,0,0,0,0,0.0548708374667344
"Sinibotia_reevesae",12.1065482855639,0,0.0616488263359298,0,0.217167299431165,0,0,0.170092617889673
"Sinibotia_longiventralis",0,0,0,0,0,0,0,0.144214984801278
"Sinibotia_pulchra",0,0,0,0,0,0,0,0.127861583775043
"Sinibotia_zebra",8.24692378764225,17003951.0265645,0.0370839457924122,0.423564283063481,0.119153628712443,0,0,0.0980434138383869
"Sinibotia_superciliaris",0,0,0,0,0,0,0,0.111630987081288
"Sinibotia_robusta",0,0,0,0,0,0,0,0.0930053680405236
"Ambastaia_nigrolineata",0,0,0,0,0,0,0,0.22969361607937
"Ambastaia_sidthimunki",0,0,0,0,0,0,0,0.389362670317974
"Botia_birdi",0,0,0,0,0,0,0,0.0878914160070025
"Botia_striata",0,0,0,0,0,0,0,0.236195658644748
"Botia_dario",0,0,0,0,0,0,0,0.119790777005737
"Botia_kubotai",0,0,0,0,0,0,0,0.120231692357153
"Botia_histrionica",0,0,0,0,0,0,0,0.0715861566363748
"Botia_almorhae",0,0,0,0,0,0,0,0.0854193441519801
"Botia_lohachata",0,0,0,0,0,0,0,0.114859913084681
"Botia_rostrata",0,0,0,0,0,0,0,0.0560988270507054
"Chromobotia_macracanthus",0,0,0,0,0,0,0,0.0380839325402099
"Leptobotia_orientalis",9.81612665386716,10255614.8898702,0.0589345312466502,0.80505116868061,0.21118656850311,0,0,0.218788458039227
"Leptobotia_microphthalma",11.2304770109592,14218173.2190901,0.0584451072605624,0.836619504770263,0.207334262759057,0,0,0.16184323657971
"Leptobotia_hengyangensis",0,0,0,0,0,0,0,0.155791686817411
"Leptobotia_flavolineata",10.0538715033762,10870003.7067611,0.0588479296846973,0.810774058000642,0.210562471768534,0,0,0.208227073838414
"Leptobotia_taeniops",0,0,0,0,0,0,0,0.0645893824783099
"Leptobotia_tchangi",10.0317545323775,17005825.1520062,0.0269092757217181,0.51449989162788,0.0928753851085395,0,0,0.0578841767268332
"Leptobotia_rubrilabris",0,0,0,0,0,0,0,0.0537536805203139
"Leptobotia_pellegrini",0,0,0,0,0,0,0,0.0433828698408885
"Leptobotia_guilinensis",4.47250663072208,306349.954958626,0.0442652935318074,0.752917399949687,0.162148495076489,0,0,0.157404989549357
"Leptobotia_tientainensis",4.30985294925934,0,0.0438295085957585,0.752940469049279,0.160792532915939,0,0,0.135404164886305
"Leptobotia_elongata",0,0,0,0,0,0,0,0.0170764310052847
"Parabotia_mantschuricus",9.4380687418989,23175340.8259247,0.037280497433847,0.495976536147625,0.125187807454029,0,0,0.0722594956954732
"Parabotia_maculosus",9.17139840051781,21616436.41225,0.0373464308675573,0.491844496525584,0.125651247529921,0,0,0.0768226787506124
"Parabotia_fasciatus",0,0,0,0,0,0,0,0.06560131047249
"Parabotia_curtus",0,0,0,0,0,0,0,0.0914304065079359
"Parabotia_bimaculatus",7.81270791189509,0,0.0335603643244013,0.489231479984872,0.123447614863015,0,0,0.0862261267263611
"Parabotia_lijiangensis",0,0,0,0,0,0,0,0.0847377169425087
"Parabotia_banarescui",0,0,0,0,0,0,0,0.0718861441989097
"Parabotia_kiangsiensis",8.80569094345748,19587343.0576258,0.037441569329285,0.486388774955942,0.126428965650843,0,0,0.0848256387226378
"Gyrinocheilus_pennocki",0,0,0,0,0,0,0,0.0471068254417332
"Gyrinocheilus_aymonieri",0,0,0,0,0,0,0,0.0565235292967617
"Gyrinocheilus_pustulosus",0,0,0,0,0,0,0,0.0403982381204384
"Catostomus_utawana",0,0,0,0,0,0,0,0
"Catostomus_occidentalis",0,0,0,0,0,0,0,0
"Catostomus_latipinnis",0,0,0,0,0,0,0,0
"Catostomus_fumeiventris",0,146298206.881219,0.0633828059751635,1.70652681506281,0.446513837553082,0,0,0
"Catostomus_discobolus",0,0,0,0,0,0,0,0
"Catostomus_bernardini",0,0,0,0,0,0,0,0
"Catostomus_leopoldi",0,0,0,0,0,0,0,0
"Catostomus_conchos",0,0,0,0,0,0,0,0
"Catostomus_cahita",0,0,0,0,0,0,0,0
"Catostomus_wigginsi",0,0,0,0,0,0,0,0
"Xyrauchen_texanus",0,0,0,0,0,0,0,0
"Catostomus_insignis",0,0,0,0,0,0,0,0
"Catostomus_microps",0,0,0,0,0,0,0,0
"Catostomus_tahoensis",0,0,0,0,0,0,0,0
"Catostomus_columbianus",0,0,0,0,0,0,0,0
"Catostomus_macrocheilus",0,0,0,0,0,0,0,0
"Catostomus_ardens",0,0,0,0,0,0,0,0
"Catostomus_commersonii",0,0,0,0,0,0,0,0
"Catostomus_warnerensis",0,0,0,0,0,0,0,0
"Catostomus_rimiculus",0,0,0,0,0,0,0,0
"Catostomus_snyderi",0,0,0,0,0,0,0,0
"Chasmistes_muriei",0,0,0,0,0,0,0,0
"Chasmistes_liorus",0,0,0,0,0,0,0,0
"Chasmistes_brevirostris",0,0,0,0,0,0,0,0
"Chasmistes_cujus",0,0,0,0,0,0,0,0
"Deltistes_luxatus",0,0,0,0,0,0,0,0
"Catostomus_catostomus",0,0,0,0,0,0,0,0
"Catostomus_nebuliferus",25.1259682606382,45767266.4738225,0.0228250982700014,0.873516622854985,0.178721188617696,0,0,0
"Catostomus_plebeius",0,0,0,0,0,0,0,0
"Catostomus_clarkii",0,0,0,0,0,0,0,0
"Catostomus_santaanae",0,0,0,0,0,0,0,0
"Catostomus_platyrhynchus",0,0,0,0,0,0,0,0
"Erimyzon_tenuis",0,0,0,0,0,0,0,0
"Erimyzon_sucetta",0,0,0,0,0,0,0,0
"Erimyzon_oblongus",0,0,0,0,0,0,0,0
"Minytrema_melanops",0,0,0,0,0,0,0,0
"Moxostoma_lacerum",0,0,0,0,0,0,0,0
"Moxostoma_duquesnei",0,0,0,0,0,0,0,0
"Moxostoma_austrinum",0,0,0,0,0,0,0,0
"Moxostoma_lachneri",0,0,0,0,0,0,0,0
"Moxostoma_congestum",0,0,0,0,0,0,0,0
"Moxostoma_poecilurum",0,0,0,0,0,0,0,0
"Moxostoma_valenciennesi",0,0,0,0,0,0,0,0
"Moxostoma_rupiscartes",0,0,0,0,0,0,0,0
"Moxostoma_ariommum",0,0,0,0,0,0,0,0
"Moxostoma_anisurum",0,0,0,0,0,0,0,0
"Moxostoma_collapsum",0,1658168730.16107,0.0304346248913222,0,0.180140003930389,0,0,0
"Moxostoma_macrolepidotum",0,0,0,0,0,0,0,0
"Moxostoma_pisolabrum",2.40789262051199,29071899.9201097,0.00135117945516816,0.0726320273441612,0.00805003155504639,0,0,0
"Moxostoma_breviceps",0,0,0.0191568855234796,0,0.112350639154074,0,0,0
"Moxostoma_hubbsi",0,0,0,0,0,0,0,0
"Moxostoma_carinatum",0,0,0,0,0,0,0,0
"Moxostoma_cervinum",0,0,0,0,0,0,0,0
"Moxostoma_robustum",0,0,0,0,0,0,0,0
"Moxostoma_pappillosum",0,0,0,0,0,0,0,0
"Moxostoma_erythrurum",0,0,0,0,0,0,0,0
"Hypentelium_etowanum",0,0,0,0,0,0,0,0
"Hypentelium_nigricans",0,0,0,0,0,0,0,0
"Hypentelium_roanokense",0,0,0,0,0,0,0,0
"Thoburnia_atripinnis",0,0,0,0,0,0,0,0
"Thoburnia_rhothoeca",0,0,0,0,0,0,0,0
"Thoburnia_hamiltoni",0,0,0,0,0,0,0,0
"Ictiobus_bubalus",0,0,0,0,0,0,0,0
"Ictiobus_meridionalis",0,0,0,0,0,0,0,0
"Ictiobus_cyprinellus",0,0,0,0,0,0,0,0
"Ictiobus_niger",0,0,0,0,0,0,0,0
"Ictiobus_labiosus",293.599310022093,168581797980.842,0.0576274312811473,3.22598996623465,0.423552068805547,0,0,0
"Carpiodes_velifer",0,0,0,0,0,0,0,0
"Carpiodes_cyprinus",0,0,0,0,0,0,0,0
"Carpiodes_carpio",0,0,0,0,0,0,0,0
"Cycleptus_meridionalis",0,0,0,0,0,0,0,0
"Cycleptus_elongatus",0,0,0,0,0,0,0,0
"Myxocyprinus_asiaticus",0,0,0,0,0,0,0,0
"Proeutropiichthys_taakree",0,0,0,0,0,0,0,0
"Austroglanis_sclateri",0,0,0,0,0,0,0,0.0893651966722601
"Austroglanis_gilli",0,0,0,0,0,0,0,0
"Austroglanis_barnardi",0,0,0,0,0,0,0,0
"Astroblepus_whymperi",129.108622799576,12839991.4821914,0.463978796520651,3.00612050468919,1.7641527248419,0,0,0.591600375744756
"Astroblepus_ventralis",119.563090552603,10655567.1169733,0.466188619243862,2.94043124454212,1.78245144759168,0,0,0.70093619574509
"Astroblepus_vanceae",119.563090552603,10655567.1169733,0.466188619243862,2.94043124454212,1.78245144759168,0,0,0.70093619574509
"Astroblepus_unifasciatus",109.677240843439,8641736.15896423,0.468686914373182,2.86868470033678,1.80351930490764,0,0,0.849808608446581
"Astroblepus_ubidiai",56.0954745309783,0,0.494388173549453,0,1.89699775833619,0,0,0.330940002320007
"Astroblepus_trifasciatus",129.108622799576,12839991.4821914,0.463978796520651,3.00612050468919,1.7641527248419,0,0,0.591600375744756
"Astroblepus_taczanowskii",119.563090552603,10655567.1169733,0.466188619243862,2.94043124454212,1.78245144759168,0,0,0.70093619574509
"Astroblepus_supramollis",119.563090552603,10655567.1169733,0.466188619243862,2.94043124454212,1.78245144759168,0,0,0.70093619574509
"Astroblepus_santanderensis",119.563090552603,10655567.1169733,0.466188619243862,2.94043124454212,1.78245144759168,0,0,0.70093619574509
"Astroblepus_sabalo",0,0,0,0,0,0,0,0.574007649113622
"Astroblepus_rosei",137.957063129626,15079694.8881772,0.462071456062796,3.06282718196023,1.74766329728544,0,0,0.507802384366821
"Astroblepus_retropinnus",109.677240843439,8641736.15896423,0.468686914373182,2.86868470033678,1.80351930490764,0,0,0.849808608446581
"Astroblepus_rengifoi",88.2373287605726,5096941.85936151,0.475042865220356,2.69550873745617,1.85771113012619,0,0,1.38062226192049
"Astroblepus_regani",186.811391236308,31473755.2412133,0.453475111229448,3.34014973068154,1.67678898198651,0,0,0.257736423480536
"Astroblepus_praeliorum",119.563090552603,10655567.1169733,0.466188619243862,2.94043124454212,1.78245144759168,0,0,0.70093619574509
"Astroblepus_pholeter",0,0,0,0,0,0,0,0.764950482474679
"Astroblepus_phelpsi",109.677240843439,8641736.15896423,0.468686914373182,2.86868470033678,1.80351930490764,0,0,0.849808608446581
"Astroblepus_peruanus",99.367245250477,6800819.28189865,0.471564424617674,2.78916074898556,1.82826018542004,0,0,1.06181541991126
"Astroblepus_orientalis",119.563090552603,10655567.1169733,0.466188619243862,2.94043124454212,1.78245144759168,0,0,0.70093619574509
"Astroblepus_nicefori",109.677240843439,8641736.15896423,0.468686914373182,2.86868470033678,1.80351930490764,0,0,0.849808608446581
"Astroblepus_mindoensis",118.23436956565,10370980.0773923,0.466514485764304,2.93143741491442,1.78547462818879,0,0,0.720274754172754
"Astroblepus_micrescens",163.449147567071,22757961.4229371,0.457244713588682,3.21513924269753,1.70777602416894,0,0,0.34781717166891
"Astroblepus_marmoratus",109.677240843439,8641736.15896423,0.468686914373182,2.86868470033678,1.80351930490764,0,0,0.849808608446581
"Astroblepus_mariae",137.957063129626,15079694.8881772,0.462071456062796,3.06282718196023,1.74766329728544,0,0,0.507802384366821
"Astroblepus_mancoi",123.146043410764,11448029.7337333,0.465340662233945,2.96587013750077,1.77566926164933,0,0,0.658035559896615
"Astroblepus_longifilis",109.677240843439,8641736.15896423,0.468686914373182,2.86868470033678,1.80351930490764,0,0,0.849808608446581
"Astroblepus_longiceps",99.367245250477,6800819.28189865,0.471564424617674,2.78916074898556,1.82826018542004,0,0,1.06181541991126
"Astroblepus_latidens",119.563090552603,10655567.1169733,0.466188619243862,2.94043124454212,1.78245144759168,0,0,0.70093619574509
"Astroblepus_labialis",109.677240843439,8641736.15896423,0.468686914373182,2.86868470033678,1.80351930490764,0,0,0.849808608446581
"Astroblepus_homodon",119.563090552603,10655567.1169733,0.466188619243862,2.94043124454212,1.78245144759168,0,0,0.70093619574509
"Astroblepus_heterodon",146.966548687044,17584370.2797538,0.460270651500668,3.11961442209963,1.73325768287977,0,0,0.44289787343087
"Astroblepus_guentheri",129.108622799576,12839991.4821914,0.463978796520651,3.00612050468919,1.7641527248419,0,0,0.591600375744756
"Astroblepus_grixalvii",279.732278040142,83844333.3675818,0.442268649949964,3.74782489472781,1.58628884040866,0,0,0.103979635798127
"Astroblepus_frenatus",87.3660538332035,4975882.37459745,0.475337706762709,2.68818650245783,1.86050868186181,0,0,1.41439375981907
"Astroblepus_formosus",88.2373287605726,5096941.85936151,0.475042865220356,2.69550873745617,1.85771113012619,0,0,1.38062226192049
"Astroblepus_festae",137.957063129626,15079694.8881772,0.462071456062796,3.06282718196023,1.74766329728544,0,0,0.507802384366821
"Astroblepus_cyclopus",0,0,0,0,0,0,0,1.2202671392041
"Astroblepus_cirratus",93.7255800139443,5900424.91315377,0.473266345308304,2.74192275846006,1.84204234356751,0,0,1.20264886412309
"Astroblepus_chotae",0,0,0,0,0,0,0,0.604719095972675
"Astroblepus_chapmani",157.65892057127,20849679.4376551,0.458265522087594,3.18188214802947,1.71602094620212,0,0,0.376502301797893
"Astroblepus_caquetae",110.906278367345,8878189.26978243,0.468360459360606,2.8774609795267,1.80047423182152,0,0,0.827056104287627
"Astroblepus_cacharas",0,0,0,0,0,0,0,0.982197384986371
"Astroblepus_boulengeri",109.677240843439,8641736.15896423,0.468686914373182,2.86868470033678,1.80351930490764,0,0,0.849808608446581
"Ailiichthys_punctata",0,0,0,0,0,0,0,0
"Bagroides_melapterus",176.204951344991,273016486.066925,0.448673386652507,3.16427962248852,1.34875703672022,0,0,0
"Siluranodon_auritus",0,0,0,0,0,0,0,0
"Platytropius_siamensis",0,0,0,0,0,0,0,0
"Pachypterus_atherinoides",0,0,0,0,0,0,0,0
"Pachypterus_khavalchor",0,0,0,0,0,0,0,0
"Irvineia_orientalis",0,0,0,0,0,0,0,0
"Irvineia_voltae",0,0,0,0,0,0,0,0
"Tachysurus_virgatus",0,0,0,0,0,0,0,0
"Tachysurus_herzensteini",208.532598212307,448604065.589744,0.403512868978419,3.28154455058987,1.28755880876165,0,0,0
"Tachysurus_dumerili",0,0,0,0,0,0,0,0
"Tachysurus_brashnikowi",127.298290370072,156383409.484972,0.418043259796385,2.82460393289531,1.3314319041616,0,0,0
"Tachysurus_adiposalis",0,0,0,0,0,0,0,0
"Rhamdioglanis_frenatus",175.449548733,83590809.5336032,0.306743223845177,2.66956508030075,1.33204981279524,0,0,0
"Rhamdioglanis_transfasciatus",182.584947915118,88429874.4214011,0.305569374242957,2.70564840513873,1.33668145425359,0,0,0
"Rhamdella_rusbyi",84.2409422429412,59209273.684338,0.174661002922569,1.64927010918622,0.87275698148554,0,0,0
"Rhamdella_montana",32.3299309161765,6888714.02018404,0.186396429302642,1.2385320895641,0.952458806359223,0,0,0
"Rhamdella_longiuscula",0,0,0,0,0,0,0,0
"Rhamdella_eriarcha",109.507452745885,87032522.7192669,0.170408020816124,1.80416965136141,0.892585949297443,0,0,0
"Rhamdella_aymarae",102.141935749009,73813557.883178,0.171168488538354,1.76801990304654,0.900125299468585,0,0,0
"Rhamdella_cainguae",0,0,0,0,0,0,0,0
"Pariolius_armillatus",0,0,0,0,0,0,0,0
"Nannoglanis_fasciatus",66.106645945144,10869832.1569228,0.3294420517996,1.97672440901168,1.40628280328354,0,0,0
"Myoglanis_potaroensis",0,0,0,0,0,0,0,0
"Myoglanis_aspredinoides",91.7711791292765,48882378.0021667,0.205227698878178,1.87422592139375,1.00755317135871,0,0,0
"Myoglanis_koepckei",64.8596690905684,24059244.7975716,0.210619264798783,1.68256310400934,1.02316479585075,0,0,0
"Mastiglanis_asopos",86.4696613011016,19219195.214634,0.323131472805558,2.14639351689215,1.38302751402676,0,0,0
"Leptorhamdia_schultzi",110.726252545282,32364875.381966,0.317385640912724,2.31531181138952,1.36257762820025,0,0,0
"Leptorhamdia_essequibensis",160.724050621331,71243801.9971478,0.308960219339979,2.59556752027422,1.33176204702087,0,0,0
"Leptorhamdia_marmorata",138.372562841732,50181498.1886482,0.311968829468225,2.4835813651292,1.35423238969709,0,0,0
"Horiomyzon_retropinnatus",42.3950737193499,4266836.08134131,0.340238263390845,1.72368437399078,1.44246842475169,0,0,0
"Brachyrhamdia_rambarrani",0,0,0,0,0,0,0,0
"Brachyrhamdia_meesi",82.2659763373437,37055214.8230576,0.207281206969314,1.76292720136901,1.01158028853559,0,0,0
"Brachyrhamdia_marthae",95.9687675863265,51193208.2424009,0.204966632229931,1.8483392057983,1.00261747376414,0,0,0
"Brachyrhamdia_heteropleura",64.2920835353923,22323570.061576,0.211112580182283,1.63340930674583,1.02363255636729,0,0,0
"Brachyrhamdia_imitator",80.2497646529171,40342233.9676316,0.208609753307022,1.73558021711305,0.981403607794068,0,0,0
"Brachyglanis_phalacra",87.1145902594419,19061919.2118723,0.322696005344507,2.15359634797825,1.38946872181657,0,0,0
"Brachyglanis_nocturnus",100.326731303053,25527646.4813527,0.31934931369988,2.24995545906515,1.37981182577707,0,0,0
"Brachyglanis_microphthalmus",88.4228137100731,20147270.7312095,0.322610721842812,2.16144031955722,1.38141453431979,0,0,0
"Brachyglanis_melas",70.3521604567464,12393588.1596481,0.327957807532659,2.01484372873272,1.40107773125446,0,0,0
"Brachyglanis_frenatus",115.672596698961,34302170.7633684,0.316021686679871,2.3511846887765,1.36972198368126,0,0,0
"Brachyglanis_magoi",101.551406983426,26826972.899238,0.319325134000854,2.25516168192985,1.37114594730725,0,0,0
"Pimelodella_yuncensis",0,0,0,0,0,0,0,0
"Pimelodella_wesselii",0,0,0,0,0,0,0,0
"Pimelodella_transitoria",0,0,0,0,0,0,0,0
"Pimelodella_taenioptera",0,0,0,0,0,0,0,0
"Pimelodella_taeniophora",0,0,0,0,0,0,0,0
"Pimelodella_steindachneri",0,0,0,0,0,0,0,0
"Pimelodella_spelaea",0,0,0,0,0,0,0,0
"Pimelodella_serrata",0,0,0,0,0,0,0,0
"Pimelodella_rudolphi",0,0,0,0,0,0,0,0
"Pimelodella_roccae",0,0,0,0,0,0,0,0
"Pimelodella_robinsoni",100.40172576046,26096508.4041179,0.319580449178956,2.25381400475918,1.37817325859277,0,0,0
"Pimelodella_reyesi",0,0,0,0,0,0,0,0
"Pimelodella_procera",0,0,0,0,0,0,0,0
"Pimelodella_peruensis",0,0,0,0,0,0,0,0
"Pimelodella_peruana",0,0,0,0,0,0,0,0
"Pimelodella_pectinifer",0,0,0,0,0,0,0,0
"Pimelodella_parva",0,0,0,0,0,0,0,0
"Pimelodella_parnahybae",0,0,0,0,0,0,0,0
"Pimelodella_pappenheimi",0,0,0,0,0,0,0,0
"Pimelodella_pallida",0,0,0,0,0,0,0,0
"Pimelodella_ophthalmica",0,0,0,0,0,0,0,0
"Pimelodella_odynea",0,0,0,0,0,0,0,0
"Pimelodella_notomelas",0,0,0,0,0,0,0,0
"Pimelodella_nigrofasciata",0,0,0,0,0,0,0,0
"Pimelodella_mucosa",0,0,0,0,0,0,0,0
"Pimelodella_montana",0,0,0,0,0,0,0,0
"Pimelodella_modestus",0,0,0,0,0,0,0,0
"Pimelodella_metae",0,0,0,0,0,0,0,0
"Pimelodella_megalura",0,0,0,0,0,0,0,0
"Pimelodella_megalops",0,0,0,0,0,0,0,0
"Pimelodella_martinezi",0,0,0,0,0,0,0,0
"Pimelodella_macturki",0,0,0,0,0,0,0,0
"Pimelodella_macrocephala",0,0,0,0,0,0,0,0
"Pimelodella_linami",0,0,0,0,0,0,0,0
"Pimelodella_leptosoma",87.2663155713271,19512916.2286917,0.322892645302613,2.15697477047472,1.38705756712418,0,0,0
"Pimelodella_laurenti",0,0,0,0,0,0,0,0
"Pimelodella_kronei",0,0,0,0,0,0,0,0
"Pimelodella_itapicuruensis",0,0,0,0,0,0,0,0
"Pimelodella_ignobilis",118.306172253903,36410313.9675586,0.315664412245977,2.37218772460211,1.36897190662808,0,0,0
"Pimelodella_howesi",0,0,0,0,0,0,0,0
"Pimelodella_hasemani",0,0,0,0,0,0,0,0
"Pimelodella_hartwelli",0,0,0,0,0,0,0,0
"Pimelodella_harttii",0,0,0,0,0,0,0,0
"Pimelodella_grisea",0,0,0,0,0,0,0,0
"Pimelodella_griffini",0,0,0,0,0,0,0,0
"Pimelodella_gracilis",0,0,0,0,0,0,0,0
"Pimelodella_geryi",0,0,0,0,0,0,0,0
"Pimelodella_figueroai",0,0,0,0,0,0,0,0
"Pimelodella_eutaenia",0,0,0,0,0,0,0,0
"Pimelodella_elongata",0,0,0,0,0,0,0,0
"Pimelodella_eigenmanniorum",0,0,0,0,0,0,0,0
"Pimelodella_eigenmanni",0,0,0,0,0,0,0,0
"Pimelodella_cyanostigma",0,0,0,0,0,0,0,0
"Pimelodella_cruxenti",0,0,0,0,0,0,0,0
"Pimelodella_conquetaensis",0,0,0,0,0,0,0,0
"Pimelodella_chaparae",0,0,0,0,0,0,0,0
"Pimelodella_chagresi",0,0,0,0,0,0,0,0
"Pimelodella_buckleyi",0,0,0,0,0,0,0,0
"Pimelodella_breviceps",0,0,0,0,0,0,0,0
"Pimelodella_brasiliensis",0,0,0,0,0,0,0,0
"Pimelodella_boschmai",0,0,0,0,0,0,0,0
"Pimelodella_boliviana",0,0,0,0,0,0,0,0
"Pimelodella_australis",0,0,0,0,0,0,0,0
"Pimelodella_altipinnis",0,0,0,0,0,0,0,0
"Imparfinis_usmai",0,0,0,0,0,0,0,0
"Imparfinis_timana",0,0,0,0,0,0,0,0
"Imparfinis_spurrellii",77.2440066613281,15005944.6356952,0.32555642477171,2.05180679200638,1.37503175919823,0,0,0
"Imparfinis_schubarti",100.272647138143,25629304.8311358,0.319257280719011,2.21709964523389,1.35216118709782,0,0,0
"Imparfinis_pseudonemacheir",58.0329201475861,8070786.35774438,0.332221479628554,1.88707263982052,1.41005361783907,0,0,0
"Imparfinis_pristos",56.1669483142911,7584213.92708495,0.333091774555476,1.86865173573168,1.41176837126972,0,0,0
"Imparfinis_piperatus",50.0331115636851,5928744.6062713,0.335879219024865,1.80524101602546,1.42391508838852,0,0,0
"Imparfinis_pijpersi",101.922474740889,25964790.4378121,0.318646555936115,2.23000124651984,1.35672143722741,0,0,0
"Imparfinis_parvus",90.8172451452752,20919667.5346903,0.321633952534995,2.15254300438531,1.36051279385043,0,0,0
"Imparfinis_nemacheir",105.005008431567,27568700.812716,0.317928403149186,2.25090857386225,1.35525059151907,0,0,0
"Imparfinis_mishky",94.2367389618106,22005823.7756424,0.32047693874917,2.17991108571779,1.36556457857242,0,0,0
"Imparfinis_microps",76.4501110856024,14384830.1086719,0.325577414870555,2.04777285681438,1.3824280012636,0,0,0
"Imparfinis_longicauda",102.727303364786,26653330.0867332,0.318572485044957,2.23524965473391,1.35398139269769,0,0,0
"Imparfinis_hollandi",181.631600721704,86445549.4349921,0.305343102216575,2.64724303817968,1.30368373976603,0,0,0
"Imparfinis_hasemani",91.8454111775541,20910991.8847314,0.321107762959573,2.1621923049003,1.36649787227227,0,0,0
"Imparfinis_guttatus",123.308827842584,38393643.6268504,0.314141013397549,2.36041296063219,1.34062360656192,0,0,0
"Heptapterus_stewarti",146.092518226973,57567957.482586,0.310983170223928,2.5225594306794,1.34317792915425,0,0,0
"Heptapterus_mustelinus",0,0,0,0,0,0,0,0
"Heptapterus_mbya",150.604809726131,59963991.3330052,0.310053335888116,2.54912337896775,1.34760278349118,0,0,0
"Heptapterus_longicauda",159.237570715475,68585977.4521758,0.30897812969903,2.59097738261912,1.33820313872964,0,0,0
"Chasmocranus_tapanahoniensis",139.400800383956,51724937.4656283,0.311954408968991,2.48708641095502,1.3490361367326,0,0,0
"Chasmocranus_surinamensis",134.238964272874,47810489.7815103,0.312819841445369,2.45871709616983,1.35209286413394,0,0,0
"Chasmocranus_rosae",98.6081516075533,25055419.1422247,0.319938787222983,2.2355873513465,1.37544887863214,0,0,0
"Chasmocranus_quadrizonatus",72.7595910273913,13323165.8356255,0.32717327814967,2.03551909653897,1.39775339215341,0,0,0
"Chasmocranus_peruanus",73.2415720814452,13272710.9187679,0.326820124644117,2.04122870262673,1.40245259033878,0,0,0
"Chasmocranus_lopezae",0,0,0,0,0,0,0,0
"Chasmocranus_longior",0,0,0,0,0,0,0,0
"Chasmocranus_chimantanus",106.868599306977,29642695.5229868,0.318063529091336,2.29198344304852,1.36958911728969,0,0,0
"Chasmocranus_bleekeri",157.808822380958,66453736.3552881,0.309045447715306,2.58459051771633,1.34203930526002,0,0,0
"Cetopsorhamdia_picklei",132.232752902792,45196499.6160347,0.312900674541538,2.44980182760071,1.36018918710864,0,0,0
"Cetopsorhamdia_phantasia",0,0,0,0,0,0,0,0
"Cetopsorhamdia_orinoco",75.133796989936,14194364.2066201,0.326364107690948,2.05607851749629,1.39637560831039,0,0,0
"Cetopsorhamdia_nasus",118.278626919753,37371940.1321967,0.315925199205053,2.36301045082308,1.35650193166251,0,0,0
"Cetopsorhamdia_molinae",56.6076737749974,7753468.2086229,0.333047455136602,1.88579241126748,1.4226809370399,0,0,0
"Cetopsorhamdia_filamentosa",42.183753873681,4180479.17642204,0.340248866793118,1.72204435865648,1.44621614486972,0,0,0
"Cetopsorhamdia_boquillae",91.9938638532059,21732379.0101808,0.321600042535219,2.18835811594389,1.3802083600708,0,0,0
"Zaireichthys_zonatus",0,0,0,0,0,0,0,0
"Zaireichthys_rotundiceps",0,0,0,0,0,0,0,0
"Zaireichthys_maravensis",0,0,0,0,0,0,0,0
"Zaireichthys_mandevillei",0,0,0,0,0,0,0,0
"Zaireichthys_lacustris",0,0,0,0,0,0,0,0
"Zaireichthys_flavomaculatus",0,0,0,0,0,0,0,0
"Zaireichthys_dorae",0,0,0,0,0,0,0,0
"Zaireichthys_brevis",26.3227137089892,6862595.08502032,0.470748100410589,1.13829351100892,0.597949514397323,0,0,0
"Zaireichthys_camerunensis",0,0,0,0,0,0,0,0
"Trachyglanis_sanghensis",41.9508242720437,7259427.00974962,0.467799387185345,1.93469531497108,1.24665641230906,0,0,0
"Trachyglanis_minutus",41.9508242720437,7259427.00974962,0.467799387185345,1.93469531497108,1.24665641230906,0,0,0
"Trachyglanis_ineac",65.8208396195487,18533260.0186362,0.452472393273548,2.20837476900502,1.20629408601715,0,0,0
"Trachyglanis_intermedius",61.2416020659854,15882946.3446225,0.454829155468597,2.16294467881737,1.21410235568618,0,0,0
"Tetracamphilius_angustifrons",0,0,0,0,0,0,0,0
"Tetracamphilius_notatus",0,0,0,0,0,0,0,0
"Paramphilius_trichomycteroides",0,0,0,0,0,0,0,0
"Paramphilius_teugelsi",0,0,0,0,0,0,0,0
"Paramphilius_baudoni",0,0,0,0,0,0,0,0
"Paramphilius_firestonei",0,0,0,0,0,0,0,0
"Leptoglanis_bouilloni",41.4639413586528,11391354.8169095,0.483513518240407,1.60850660508178,0.844173549577077,0,0,0
"Leptoglanis_xenognathus",0,0,0,0,0,0,0,0
"Doumea_typica",0,0,0,0,0,0,0,0
"Doumea_thysi",0,0,0,0,0,0,0,0
"Doumea_sanaga",0,0,0,0,0,0,0,0
"Doumea_chappuisi",0,0,0,0,0,0,0,0
"Doumea_gracila",0,0,0,0,0,0,0,0
"Dolichamphilius_brieni",0,0,0,0,0,0,0,0
"Congoglanis_alula",0,0,0,0,0,0,0,0
"Andersonia_leptura",0,0,0,0,0,0,0,0
"Amphilius_zairensis",68.9668682057613,20280430.8160969,0.450722681357086,2.22794783943979,1.19562494211125,0,0,0
"Amphilius_uranoscopus",0,0,0,0,0,0,0,0
"Amphilius_pulcher",61.5261045705999,15983338.0719379,0.454540331541738,2.15515090968719,1.20624948147782,0,0,0
"Amphilius_opisthophthalmus",0,17747803.172647,0.456046309576085,0,1.23604145221601,0,0,0
"Amphilius_natalensis",0,0,0,0,0,0,0,0
"Amphilius_mamonekenensis",58.3416776980179,14234805.7859132,0.456251360201984,2.12261240213262,1.21256564519302,0,0,0
"Amphilius_maesii",58.5358013514916,14429610.6325044,0.456241901927663,2.12395598933535,1.21047585954616,0,0,0
"Amphilius_longirostris",63.5364037766582,16961231.4492309,0.453344622087477,2.17624460718169,1.20528291502302,0,0,0
"Amphilius_lentiginosus",0,0,0,0,0,0,0,0
"Amphilius_lampei",63.5364037766582,16961231.4492309,0.453344622087477,2.17624460718169,1.20528291502302,0,0,0
"Amphilius_lamani",61.7765988551666,16251288.0797728,0.454528806116618,2.1568196213941,1.20370717521626,0,0,0
"Amphilius_krefftii",0,0,0,0,0,0,0,0
"Amphilius_korupi",54.8612591622254,12537546.5005031,0.458349888554992,2.08482085696586,1.21800352162422,0,0,0
"Amphilius_kivuensis",0,0,0,0,0,0,0,0
"Amphilius_kakrimensis",0,0,0,0,0,0,0,0
"Amphilius_grandis",0,0,0,0,0,0,0,0
"Amphilius_dimonikensis",49.7488135740128,10402006.9297003,0.461952922741276,2.02572902217876,1.22355317271108,0,0,0
"Amphilius_cryptobullatus",86.2483679815386,32927938.4831674,0.443602647653836,2.37417642667872,1.16945196191875,0,0,0
"Amphilius_brevis",56.811868144342,13609165.3732084,0.45730934217563,2.10515923409197,1.21226603428726,0,0,0
"Microsynodontis_vigilis",0,0,0,0,0,0,0,0
"Microsynodontis_polli",0,0,0,0,0,0,0,0
"Microsynodontis_lamberti",0,0,0,0,0,0,0,0
"Microsynodontis_laevigata",0,0,0,0,0,0,0,0
"Microsynodontis_christyi",0,0,0,0,0,0,0,0
"Microsynodontis_armatus",0,0,0,0,0,0,0,0
"Microsynodontis_batesii",0,0,0,0,0,0,0,0
"Acanthocleithron_chapini",0,0,0,0,0,0,0,0
"Synodontis_zanzibaricus",0,0,0,0,0,0,0,0
"Synodontis_xiphias",0,0,0,0,0,0,0,0
"Synodontis_woleuensis",0,0,0,0,0,0,0,0
"Synodontis_voltae",0,0,0,0,0,0,0,0
"Synodontis_vermiculatus",0,0,0,0,0,0,0,0
"Synodontis_vaillanti",0,0,0,0,0,0,0,0
"Synodontis_thamalakanensis",0,0,0,0,0,0,0,0
"Synodontis_tanganyicae",0,0,0,0,0,0,0,0
"Synodontis_serpentis",0,0,0,0,0,0,0,0
"Synodontis_schall",0,0,0,0,0,0,0,0
"Synodontis_rufigiensis",0,0,0,0,0,0,0,0
"Synodontis_ruandae",0,0,0,0,0,0,0,0
"Synodontis_robertsi",0,0,0,0,0,0,0,0
"Synodontis_robbianus",0,0,0,0,0,0,0,0
"Synodontis_ricardoae",0,0,0,0,0,0,0,0
"Synodontis_punctifer",0,0,0,0,0,0,0,0
"Synodontis_pulcher",0,0,0,0,0,0,0,0
"Synodontis_polystigma",0,0,0,0,0,0,0,0
"Synodontis_polyodon",0,0,0,0,0,0,0,0
"Synodontis_ornatipinnis",0,0,0,0,0,0,0,0
"Synodontis_omias",0,0,0,0,0,0,0,0
"Synodontis_multimaculatus",0,0,0,0,0,0,0,0
"Synodontis_membranaceus",0,0,0,0,0,0,0,0
"Synodontis_melanopterus",0,0,0,0,0,0,0,0
"Synodontis_matthesi",0,0,0,0,0,0,0,0
"Synodontis_marmoratus",0,0,0,0,0,0,0,0
"Synodontis_manni",0,0,0,0,0,0,0,0
"Synodontis_macrostoma",0,0,0,0,0,0,0,0
"Synodontis_macrops",0,0,0,0,0,0,0,0
"Synodontis_macrophthalmus",0,0,0,0,0,0,0,0
"Synodontis_lufirae",0,0,0,0,0,0,0,0
"Synodontis_longispinis",0,0,0,0,0,0,0,0
"Synodontis_levequei",0,0,0,0,0,0,0,0
"Synodontis_leopardus",0,0,0,0,0,0,0,0
"Synodontis_laessoei",0,0,0,0,0,0,0,0
"Synodontis_koensis",0,0,0,0,0,0,0,0
"Synodontis_khartoumensis",0,0,0,0,0,0,0,0
"Synodontis_iturii",0,0,0,0,0,0,0,0
"Synodontis_ilebrevis",0,0,0,0,0,0,0,0
"Synodontis_haugi",0,0,0,0,0,0,0,0
"Synodontis_guttatus",0,0,0,0,0,0,0,0
"Synodontis_geledensis",0,0,0,0,0,0,0,0
"Synodontis_fuelleborni",0,0,0,0,0,0,0,0
"Synodontis_dorsomaculatus",0,0,0,0,0,0,0,0
"Synodontis_depauwi",0,0,0,0,0,0,0,0
"Synodontis_dekimpei",0,0,0,0,0,0,0,0
"Synodontis_cuangoanus",0,0,0,0,0,0,0,0
"Synodontis_comoensis",0,0,0,0,0,0,0,0
"Synodontis_caudalis",0,0,0,0,0,0,0,0
"Synodontis_camelopardalis",0,0,0,0,0,0,0,0
"Synodontis_bastiani",0,0,0,0,0,0,0,0
"Synodontis_aterrimus",0,0,0,0,0,0,0,0
"Synodontis_arnoulti",0,0,0,0,0,0,0,0
"Synodontis_ansorgii",0,0,0,0,0,0,0,0
"Synodontis_acanthoperca",0,0,0,0,0,0,0,0
"Synodontis_polli",0,0,0,0,0,0,0,0
"Synodontis_dhonti",0,0,0,0,0,0,0,0
"Synodontis_petricola",0,0,0,0,0,0,0,0
"Synodontis_lucipinnis",0,0,0,0,0,0,0,0
"Synodontis_irsacae",1.80910501161136,30419489.7405337,0.00812503275513527,0.138822940405655,0.0190420546335798,0,0,0
"Synodontis_victoriae",0,0,0,0,0,0,0,0
"Synodontis_grandiops",0,0,0,0,0,0,0,0
"Synodontis_multipunctatus",0,0,0,0,0,0,0,0
"Synodontis_granulosus",0,0,0,0,0,0,0,0
"Synodontis_rukwaensis",0,0,0,0,0,0,0,0
"Synodontis_acanthomias",0,0,0,0,0,0,0,0
"Synodontis_nigromaculatus",0,0,0,0,0,0,0,0
"Synodontis_zambezensis",0,0,0,0,0,0,0,0
"Synodontis_njassae",0,0,0,0,0,0,0,0
"Synodontis_gobroni",0,0,0,0,0,0,0,0
"Synodontis_courteti",0,0,0,0,0,0,0,0
"Synodontis_ocellifer",0,0,0,0,0,0,0,0
"Synodontis_caudovittatus",0,0,0,0,0,0,0,0
"Synodontis_frontosus",0,0,0,0,0,0,0,0
"Synodontis_punctulatus",0,0,0,0,0,0,0,0
"Synodontis_serratus",0,0,0,0,0,0,0,0
"Synodontis_violaceus",0,0,0,0,0,0,0,0
"Synodontis_filamentosus",0,0,0,0,0,0,0,0
"Synodontis_thysi",0,0,0,0,0,0,0,0
"Synodontis_batensoda",0,0,0,0,0,0,0,0
"Synodontis_resupinatus",0,0,0,0,0,0,0,0
"Synodontis_annectens",0,0,0,0,0,0,0,0
"Synodontis_eupterus",0,0,0,0,0,0,0,0
"Synodontis_sorex",0,0,0,0,0,0,0,0
"Synodontis_clarias",0,0,0,0,0,0,0,0
"Synodontis_budgetti",0,0,0,0,0,0,0,0
"Synodontis_obesus",0,0,0,0,0,0,0,0
"Synodontis_velifer",0,0,0,0,0,0,0,0
"Synodontis_rebeli",0,0,0,0,0,0,0,0
"Synodontis_nigrita",0,0,0,0,0,0,0,0
"Synodontis_tourei",0,0,0,0,0,0,0,0
"Synodontis_waterloti",0,0,0,0,0,0,0,0
"Synodontis_albolineatus",0,0,0,0,0,0,0,0
"Synodontis_batesii",0,0,0,0,0,0,0,0
"Synodontis_smiti",0,0,0,0,0,0,0,0
"Synodontis_soloni",0,0,0,0,0,0,0,0
"Synodontis_schoutedeni",0,0,0,0,0,0,0,0
"Synodontis_alberti",0,0,0,0,0,0,0,0
"Synodontis_congicus",0,0,0,0,0,0,0,0
"Synodontis_nummifer",0,0,0,0,0,0,0,0
"Synodontis_ornatissimus",0,0,0,0,0,0,0,0
"Synodontis_notatus",0,0,0,0,0,0,0,0
"Synodontis_pleurops",0,0,0,0,0,0,0,0
"Synodontis_pardalis",0,0,0,0,0,0,0,0
"Synodontis_brichardi",0,0,0,0,0,0,0,0
"Synodontis_katangae",0,0,0,0,0,0,0,0
"Synodontis_decorus",0,0,0,0,0,0,0,0
"Synodontis_longirostris",0,0,0,0,0,0,0,0
"Synodontis_vanderwaali",0,0,0,0,0,0,0,0
"Synodontis_nebulosus",0,0,0,0,0,0,0,0
"Synodontis_leopardinus",0,0,0,0,0,0,0,0
"Synodontis_woosnami",0,0,0,0,0,0,0,0
"Synodontis_macrostigma",0,0,0,0,0,0,0,0
"Synodontis_angelicus",0,0,0,0,0,0,0,0
"Synodontis_flavitaeniatus",0,0,0,0,0,0,0,0
"Synodontis_steindachneri",0,0,0,0,0,0,0,0
"Synodontis_tessmanni",0,0,0,0,0,0,0,0
"Synodontis_nigriventris",0,0,0,0,0,0,0,0
"Synodontis_contractus",0,0,0,0,0,0,0,0
"Synodontis_greshoffi",0,0,0,0,0,0,0,0
"Synodontis_unicolor",0,0,0,0,0,0,0,0
"Synodontis_afrofischeri",0,0,0,0,0,0,0,0
"Synodontis_centralis",0,0,0,0,0,0,0,0
"Mochokiella_paynei",0,0,0,0,0,0,0,0
"Mochokus_niloticus",0,0,0,0,0,0,0,0
"Mochokus_brevis",0,0,0,0,0,0,0,0
"Euchilichthys_royauxi",0,0,0,0,0,0,0,0
"Euchilichthys_guentheri",0,0,0,0,0,0,0,0
"Euchilichthys_astatodon",0,0,0,0,0,0,0,0
"Chiloglanis_voltae",0,0,0,0,0,0,0,0
"Chiloglanis_trilobatus",0,0,0,0,0,0,0,0
"Chiloglanis_swierstrai",0,0,0,0,0,0,0,0
"Chiloglanis_somereni",0,0,0,0,0,0,0,0
"Chiloglanis_sanagaensis",0,0,0,0,0,0,0,0
"Chiloglanis_ruziziensis",0,0,0,0,0,0,0,0
"Chiloglanis_rukwaensis",0,0,0,0,0,0,0,0
"Chiloglanis_reticulatus",0,0,0,0,0,0,0,0
"Chiloglanis_productus",3.54887593145256,786464.600377039,0.062950461898504,0.245207867596133,0.167159534025319,0,0,0
"Chiloglanis_pretoriae",0,0,0,0,0,0,0,0
"Chiloglanis_polypogon",0,0,0,0,0,0,0,0
"Chiloglanis_polyodon",0,0,0,0,0,0,0,0
"Chiloglanis_pojeri",0,0,0,0,0,0,0,0
"Chiloglanis_paratus",0,0,0,0,0,0,0,0
"Chiloglanis_orthodontus",0,0,0,0,0,0,0,0
"Chiloglanis_occidentalis",0,0,0,0,0,0,0,0
"Chiloglanis_normani",0,0,0,0,0,0,0,0
"Chiloglanis_niger",0,0,0,0,0,0,0,0
"Chiloglanis_neumanni",0,0,0,0,0,0,0,0
"Chiloglanis_microps",0,0,0,0,0,0,0,0
"Chiloglanis_micropogon",3.121012642631,599101.040679124,0.0635394405999711,0.236000446592463,0.168738600689839,0,0,0
"Chiloglanis_mbozi",0,0,0,0,0,0,0,0
"Chiloglanis_marlieri",0,0,0,0,0,0,0,0
"Chiloglanis_macropterus",0,0,0,0,0,0,0,0
"Chiloglanis_lukugae",0,0,0,0,0,0,0,0
"Chiloglanis_lufirae",0,0,0,0,0,0,0,0
"Chiloglanis_lamottei",0,0,0,0,0,0,0,0
"Chiloglanis_kazumbei",0,0,0,0,0,0,0,0
"Chiloglanis_kalambo",0,0,0,0,0,0,0,0
"Chiloglanis_igamba",0,0,0,0,0,0,0,0
"Chiloglanis_harbinger",0,0,0,0,0,0,0,0
"Chiloglanis_fasciatus",0,0,0,0,0,0,0,0
"Chiloglanis_emarginatus",0,0,0,0,0,0,0,0
"Chiloglanis_elisabethianus",0,0,0,0,0,0,0,0
"Chiloglanis_disneyi",0,0,0,0,0,0,0,0
"Chiloglanis_deckenii",0,0,0,0,0,0,0,0
"Chiloglanis_congicus",0,0,0,0,0,0,0,0
"Chiloglanis_carnosus",0,0,0,0,0,0,0,0
"Chiloglanis_cameronensis",0,0,0,0,0,0,0,0
"Chiloglanis_brevibarbis",0,0,0,0,0,0,0,0
"Chiloglanis_bifurcus",0,0,0,0,0,0,0,0
"Chiloglanis_benuensis",0,0,0,0,0,0,0,0
"Chiloglanis_batesii",0,0,0,0,0,0,0,0
"Chiloglanis_anoterus",0,0,0,0,0,0,0,0
"Chiloglanis_angolensis",0,0,0,0,0,0,0,0
"Chiloglanis_asymetricaudalis",0,0,0,0,0,0,0,0
"Chiloglanis_niloticus",0,0,0,0,0,0,0,0
"Euchilichthys_boulengeri",0,0,0,0,0,0,0,0
"Euchilichthys_dybowskii",0,0,0,0,0,0,0,0
"Atopochilus_vogti",0,0,0,0,0,0,0,0
"Atopochilus_pachychilus",0,0,0,0,0,0,0,0
"Atopochilus_mandevillei",0,0,0,0,0,0,0,0
"Atopochilus_macrocephalus",0,0,0,0,0,0,0,0
"Atopochilus_christyi",0,0,0,0,0,0,0,0
"Atopochilus_savorgnani",0,0,0,0,0,0,0,0
"Atopochilus_chabanaudi",0,0,0,0,0,0,0,0
"Malapterurus_thysi",0,0,0,0,0,0,0,0.0535902153583674
"Malapterurus_teugelsi",0,0,0,0,0,0,0,0.0647753546795577
"Malapterurus_tanoensis",0,0,0,0,0,0,0,0.0473463135530387
"Malapterurus_stiassnyae",0,0,0,0,0,0,0,0.0382823650464123
"Malapterurus_shirensis",38.1392103160225,25794369.7463031,0.258217240953854,0.782708268661876,0.399021389642198,0,0,0.0283348465380151
"Malapterurus_punctatus",26.8152389396815,10970657.410328,0.263916576248052,0.707859932254401,0.418796432943984,0,0,0.0625262663637193
"Malapterurus_oguensis",0,0,0,0,0,0,0,0.062749808693033
"Malapterurus_occidentalis",0,0,0,0,0,0,0,0.0350043825014771
"Malapterurus_minjiriya",0,0,0,0,0,0,0,0.0176228311562893
"Malapterurus_barbatus",26.8152389396815,10970657.410328,0.263916576248052,0.707859932254401,0.418796432943984,0,0,0.0625262663637193
"Malapterurus_microstoma",0,0,0,0,0,0,0,0.0155537483425318
"Malapterurus_beninensis",0,0,0,0,0,0,0,0.0595369421822813
"Malapterurus_tanganyikaensis",45.201801146163,39913051.577393,0.253420549606225,0.817449984573252,0.386071036327533,0,0,0.018751345888038
"Malapterurus_electricus",0,0,0,0,0,0,0,0.0042112283991377
"Belonoglanis_tenuis",11.8821822799294,6530451.10308107,0.12739419543713,0.460930212092437,0.185016164180701,0,0,0
"Belonoglanis_brieni",5.39133897215399,1237117.62831011,0.134972067508873,0.365705575878602,0.196779974129755,0,0,0
"Phractura_tenuicauda",3.7000652100949,1432001.8024816,0.0510152493450491,0.164500071638291,0.0756376504916925,0,0,0
"Phractura_scaphyrhynchura",0,0,0,0,0,0,0,0
"Phractura_macrura",0,0,0,0,0,0,0,0
"Phractura_lindica",3.57599890006456,1333867.54871903,0.0511442017992871,0.162874433471431,0.0758354355687329,0,0,0
"Phractura_intermedia",3.7000652100949,1432001.8024816,0.0510152493450491,0.164500071638291,0.0756376504916925,0,0,0
"Phractura_fasciata",4.4199885638193,2055939.16725037,0.050335023957114,0.173410669849657,0.0748092615362345,0,0,0
"Phractura_clauseni",0,0,0,0,0,0,0,0
"Phractura_brevicauda",0,0,0,0,0,0,0,0
"Phractura_bovei",4.07313148799777,1747048.56179316,0.0506529116221221,0.169270641349577,0.0751578808491311,0,0,0
"Phractura_longicauda",0,0,0,0,0,0,0,0
"Phractura_ansorgii",0,0,0,0,0,0,0,0
"Amphilius_jacksonii",0,0,0,0,0,0,0,0
"Notoglanidium_walkeri",0,0,0,0,0,0,0,0
"Notoglanidium_thomasi",0,0,0,0,0,0,0,0
"Notoglanidium_pallidum",0,0,0,0,0,0,0,0
"Notoglanidium_maculatum",0,0,0,0,0,0,0,0
"Notoglanidium_macrostoma",0,0,0,0,0,0,0,0
"Notoglanidium_depierrei",0,0,0,0,0,0,0,0
"Notoglanidium_akiri",0,0,0,0,0,0,0,0
"Notoglanidium_boutchangai",0,0,0,0,0,0,0,0
"Gephyroglanis_congicus",139.727371437309,422289227.693462,0.367342732156005,2.43306444554283,0.978486813301009,0,0,0
"Gephyroglanis_gymnorhynchus",67.1404420305246,90054322.9874445,0.387442697187218,1.94996517519665,1.02713926903805,0,0,0
"Amarginops_platus",74.3147647495337,111796099.351383,0.384619810137441,2.01001056885958,1.01945965188214,0,0,0
"Parauchenoglanis_punctatus",0,0,0,0,0,0,0,0
"Parauchenoglanis_pantherinus",114.69100600581,278711767.143399,0.372792631157436,2.31505076027476,1.00449531659343,0,0,0
"Parauchenoglanis_ngamensis",0,0,0,0,0,0,0,0
"Parauchenoglanis_longiceps",0,0,0,0,0,0,0,0
"Parauchenoglanis_buettikoferi",0,0,0,0,0,0,0,0
"Parauchenoglanis_altipinnis",95.7560408333112,190215129.313352,0.377686114932788,2.19113415335674,1.01610638278953,0,0,0
"Parauchenoglanis_ahli",0,0,0,0,0,0,0,0
"Chrysichthys_walkeri",0,0,0,0,0,0,0,0
"Chrysichthys_wagenaari",0,0,0,0,0,0,0,0
"Chrysichthys_uniformis",82.2558976931957,181163982.704342,0.312146402873574,2.04422552587378,0.995012379969842,0,0,0
"Chrysichthys_thysi",88.0739208782457,209074305.214042,0.310587856416523,2.08629332990511,0.990284877565756,0,0,0
"Chrysichthys_thonneri",123.393232815191,424077009.97044,0.303013651233802,2.30687615151231,0.967249038493166,0,0,0
"Chrysichthys_teugelsi",0,0,0,0,0,0,0,0
"Chrysichthys_sharpii",88.5399720477564,213638387.626225,0.310577626990137,2.088391850186,0.987574699002213,0,0,0
"Chrysichthys_rueppelli",67.3900148318619,119061936.189734,0.316717183897958,1.92637893992878,1.00926345327065,0,0,0
"Chrysichthys_punctatus",0,0,0,0,0,0,0,0
"Chrysichthys_polli",0,0,0,0,0,0,0,0
"Chrysichthys_ornatus",78.4076535960948,163936284.534019,0.313247648468385,2.01486809950326,0.998012636707158,0,0,0
"Chrysichthys_okae",36.5960271574827,33384049.614843,0.331289328620476,1.60405648456023,1.05017359266041,0,0,0
"Chrysichthys_ogooensis",76.3794812199086,155924993.28298,0.31390296991632,1.99910480864784,0.999038437186524,0,0,0
"Chrysichthys_nyongensis",73.9771666480046,145354470.008399,0.314601578790409,1.97991431420709,1.00159397200102,0,0,0
"Chrysichthys_maurus",0,0,0,0,0,0,0,0
"Chrysichthys_macropterus",0,0,0,0,0,0,0,0
"Chrysichthys_mabusi",108.231311702792,322025604.554913,0.305932897886324,2.21844925955549,0.976176077742749,0,0,0
"Chrysichthys_longipinnis",0,0,0,0,0,0,0,0
"Chrysichthys_longidorsalis",90.1202428978071,221841038.558867,0.310180125278172,2.09908807916816,0.986052517343661,0,0,0
"Chrysichthys_longibarbis",0,0,0,0,0,0,0,0
"Chrysichthys_levequei",0,0,0,0,0,0,0,0
"Chrysichthys_laticeps",0,0,0,0,0,0,0,0
"Chrysichthys_johnelsi",0,0,0,0,0,0,0,0
"Chrysichthys_hildae",0,14794699.9056763,0.326265904372419,0,0.892427671805767,0,0,0
"Chrysichthys_habereri",0,0,0,0,0,0,0,0
"Chrysichthys_duttoni",72.6245320224207,138419426.897237,0.31492035218761,1.97033722586649,1.00532678071827,0,0,0
"Chrysichthys_depressus",66.005748352901,115232284.593552,0.317310667589286,1.91275447304501,1.00781950066546,0,0,0
"Chrysichthys_delhezi",0,0,0,0,0,0,0,0
"Chrysichthys_dageti",0,0,0,0,0,0,0,0
"Chrysichthys_cranchii",0,0,0,0,0,0,0,0
"Chrysichthys_brevibarbis",106.392150543651,314019970.568849,0.306429719334097,2.20624441344615,0.975200528715189,0,0,0
"Chrysichthys_brachynema",0,0,0,0,0,0,0,0
"Chrysichthys_bocagii",62.7660168672231,102462739.160689,0.318358668240325,1.88612593381786,1.01454282155614,0,0,0
"Chrysichthys_ansorgii",77.2296779699735,158602528.203118,0.313582264270818,2.00616359778122,0.999515108167633,0,0,0
"Chrysichthys_aluuensis",0,0,0,0,0,0,0,0
"Chrysichthys_nigrodigitatus",0,0,0,0,0,0,0,0
"Chrysichthys_helicophagus",0,0,0,0,0,0,0,0
"Chrysichthys_auratus",0,0,0,0,0,0,0,0
"Clarotes_laticeps",0,0,0,0,0,0,0,0
"Clarotes_bidorsalis",29.0685242643272,74895055.224189,0.10193812866791,1.2073734180019,0.580025312354495,0,0,0
"Amphilius_atesuensis",0,0,0,0,0,0,0,0
"Amphilius_rheophilus",0,0,0,0,0,0,0,0
"Amphilius_platychir",0,0,0,0,0,0,0,0
"Auchenoglanis_biscutatus",0,0,0,0,0,0,0,0
"Auchenoglanis_occidentalis",0,0,0,0,0,0,0,0
"Parauchenoglanis_balayi",0,0,0,0,0,0,0,0
"Bathybagrus_stappersii",0,0,0,0,0,0,0,0
"Bathybagrus_sianenna",0,0,0,0,0,0,0,0
"Bathybagrus_platycephalus",2.46969454180063,1473118.71413758,0.0315929194419788,0.061930890445654,0.0434135371514344,0,0,0
"Bathybagrus_graueri",0,0,0,0,0,0,0,0
"Bathybagrus_tetranema",0,0,0,0,0,0,0,0
"Bathybagrus_grandis",0,0,0,0,0,0,0,0
"Phyllonemus_filinemus",0,0,0,0,0,0,0,0
"Phyllonemus_typus",0,0,0,0,0,0,0,0
"Phyllonemus_brichardi",0,0,0,0,0,0,0,0
"Lophiobagrus_cyclurus",0,0,0,0,0,0,0,0
"Lophiobagrus_asperispinis",0,0,0,0,0,0,0,0
"Lophiobagrus_brevispinis",0,0,0,0,0,0,0,0
"Lophiobagrus_aquilus",0,0,0,0,0,0,0,0
"Chrysichthys_dendrophorus",0,0,0,0,0,0,0,0
"Lacantunia_enigmatica",0,0,0,0,0,0,0,0.0422916103309992
"Heptapterus_multiradiatus",57.3464743660425,34508365.0424045,0.126462744517902,1.20299527538425,0.69593608074212,0,0,0
"Chasmocranus_brachynemus",71.0837113364402,54910996.8098315,0.124557132072951,1.28396081101375,0.685137599096788,0,0,0
"Imparfinis_mirini",0,0,0,0,0,0,0,0
"Imparfinis_minutus",0,0,0,0,0,0,0,0
"Taunayia_bifasciata",76.7735124449428,61531451.2234133,0.130313576553145,1.35195690437874,0.713823216520532,0,0,0
"Rhamdiopsis_moreirai",67.8750496494896,46912077.8170056,0.131432412804869,1.30272228091035,0.721044631602976,0,0,0
"Rhamdiopsis_microcephala",51.1752301901375,25443280.0064277,0.134076789186257,1.1953015404309,0.735740326902905,0,0,0
"Rhamdiopsis_krugi",30.2571622567138,8492647.86637324,0.139333219063609,1.01624200011413,0.756897822274202,0,0,0
"Phenacorhamdia_unifasciata",2.76785968615351,2910826.42795181,0.00418281448230356,0.0498278895670043,0.0236080402862314,0,0,0
"Phenacorhamdia_tenuis",3.46904853007053,4613542.8410813,0.00411276206865684,0.0534583747340269,0.0233798695117695,0,0,0
"Phenacorhamdia_taphorni",0,0,0,0,0,0,0,0
"Phenacorhamdia_somnians",2.81122986190528,2973812.15351537,0.00417653629738255,0.0501074191877691,0.0236533203468732,0,0,0
"Phenacorhamdia_provenzanoi",2.91899909642591,3196177.57783848,0.00416412852639979,0.0507012275955701,0.0236338198730913,0,0,0
"Phenacorhamdia_nigrolineata",1.9688305270653,1406469.63131231,0.00428610018962861,0.0449026881979712,0.0241413823863426,0,0,0
"Phenacorhamdia_macarenensis",2.14638386227775,1698733.25542245,0.00426033591802335,0.0460988860520468,0.0239858793004454,0,0,0
"Phenacorhamdia_hoehnei",1.9688305270653,1406469.63131231,0.00428610018962861,0.0449026881979712,0.0241413823863426,0,0,0
"Phenacorhamdia_boliviana",2.65137454005174,2633973.85126517,0.0041945938148248,0.049208103733913,0.0237239216029309,0,0,0
"Phenacorhamdia_tenebrosa",3.19213403735146,3837367.44395251,0.00413640002590384,0.0521281445624625,0.0235383741779471,0,0,0
"Phenacorhamdia_anisura",0,0,0,0,0,0,0,0
"Cetopsorhamdia_iheringi",0,0,0,0,0,0,0,0
"Pimelodella_longipinnis",63.6309585356117,37955225.3608486,0.144801924506551,1.35309834973394,0.78909379874038,0,0,0
"Parailia_spiniserrata",0,0,0,0,0,0,0,0
"Parailia_somalensis",0,0,0,0,0,0,0,0
"Parailia_occidentalis",0,0,0,0,0,0,0,0
"Parailia_pellucida",0,0,0,0,0,0,0,0
"Parailia_congica",0,0,0,0,0,0,0,0
"Schilbe_zairensis",0,0,0,0,0,0,0,0
"Schilbe_yangambianus",0,0,0,0,0,0,0,0
"Schilbe_uranoscopus",0,0,0,0,0,0,0,0
"Schilbe_tumbanus",0,0,0,0,0,0,0,0
"Schilbe_nyongensis",0,0,0,0,0,0,0,0
"Schilbe_multitaeniatus",0,0,0,0,0,0,0,0
"Schilbe_moebiusii",0,0,0,0,0,0,0,0
"Schilbe_micropogon",0,0,0,0,0,0,0,0
"Schilbe_marmoratus",0,0,0,0,0,0,0,0
"Schilbe_mandibularis",0,0,0,0,0,0,0,0
"Schilbe_laticeps",0,0,0,0,0,0,0,0
"Schilbe_grenfelli",0,0,0,0,0,0,0,0
"Schilbe_durinii",0,0,0,0,0,0,0,0
"Schilbe_djeremi",0,0,0,0,0,0,0,0
"Schilbe_congensis",0,0,0,0,0,0,0,0
"Schilbe_brevianalis",0,0,0,0,0,0,0,0
"Schilbe_bocagii",0,0,0,0,0,0,0,0
"Schilbe_banguelensis",0,0,0,0,0,0,0,0
"Schilbe_angolensis",0,0,0,0,0,0,0,0
"Schilbe_intermedius",0,0,0,0,0,0,0,0
"Schilbe_mystus",0,0,0,0,0,0,0,0
"Pareutropius_mandevillei",0,0,0,0,0,0,0,0
"Pareutropius_longifilis",0,0,0,0,0,0,0,0
"Pareutropius_debauwi",0,0,0,0,0,0,0,0
"Pareutropius_buffei",0,0,0,0,0,0,0,0
"Parauchenoglanis_monkei",0,0,0,0,0,0,0,0
"Propimelodus_eigenmanni",164.808005559845,1041146232.26282,0.244867034155488,2.84668680917617,0.971959308756915,0,0,0
"Propimelodus_araguayae",110.104610960719,448869499.300828,0.252200956637435,2.51088019069325,0.99193467974248,0,0,0
"Propimelodus_caesius",128.60081362531,620338089.537393,0.249349458363259,2.63544941015685,0.984379505246234,0,0,0
"Bagropsis_reinhardti",214.023699322718,1788164947.2387,0.240195696686921,3.08832753451677,0.96004918076217,0,0,0
"Aguarunichthys_torosus",134.664510516463,1413883766.1449,0.137182684209209,2.83187509207398,0.780494266691553,0,0,0
"Aguarunichthys_inpai",0,0,0,0,0,0,0,0
"Aguarunichthys_tocantinsensis",0,0,0,0,0,0,0,0
"Pimelodus_tetramerus",40.2707285333229,773000326.458042,0.0829644786749068,1.56389601554389,0.541072712935472,0,0,0
"Pimelodus_stewarti",0,0,0,0,0,0,0,0
"Pimelodus_punctatus",50.4912107292273,1253090093.76477,0.0816254506186201,1.67196141641195,0.531462573198393,0,0,0
"Pimelodus_platicirris",38.3720445036142,697078197.036582,0.0832520449917487,1.54146324234216,0.543034784930336,0,0,0
"Pimelodus_pintado",55.6346759912162,1528922098.92455,0.0810362747085036,1.72191152470918,0.528611378796374,0,0,0
"Pimelodus_paranaensis",48.9256455990513,1156848915.28358,0.0817764014444403,1.65788782764347,0.534432194337465,0,0,0
"Pimelodus_pantaneiro",52.4326152564061,1346371597.68412,0.0813808170545808,1.69188373915659,0.531086516137133,0,0,0
"Pimelodus_ortmanni",57.3961256538759,1638459011.3408,0.0808612794668311,1.73723633264642,0.526850590100241,0,0,0
"Pimelodus_navarroi",0,0,0,0,0,0,0,0
"Pimelodus_mysteriosus",35.6236440046076,598680397.26955,0.0837168682481905,1.50747327948895,0.545443225111808,0,0,0
"Pimelodus_multicratifer",44.1394086992917,938815872.839243,0.0824140675549797,1.60680236510324,0.537261055962171,0,0,0
"Pimelodus_microstoma",0,0,0,0,0,0,0,0
"Pimelodus_luciae",25.5707537454541,300027843.043224,0.0857851837787465,1.3643962863193,0.557154156947665,0,0,0
"Pimelodus_joannis",0,0,0,0,0,0,0,0
"Pimelodus_jivaro",50.4912107292273,1253090093.76477,0.0816254506186201,1.67196141641195,0.531462573198393,0,0,0
"Pimelodus_halisodous",30.0168226860692,419366513.479724,0.0847814461602925,1.4318195381681,0.551403058829081,0,0,0
"Pimelodus_grosskopfii",0,0,0,0,0,0,0,0
"Pimelodus_garciabarrigai",50.4912107292273,1253090093.76477,0.0816254506186201,1.67196141641195,0.531462573198393,0,0,0
"Pimelodus_britskii",65.7515070751325,2161982644.96736,0.0800410904963618,1.81067810421618,0.523126834974787,0,0,0
"Pimelodus_brevis",56.2527475427367,1554114647.75671,0.0809518689135622,1.7280359802534,0.528938814294521,0,0,0
"Pimelodus_atrobrunneus",0,0,0,0,0,0,0,0
"Pimelodus_altissimus",50.4912107292273,1253090093.76477,0.0816254506186201,1.67196141641195,0.531462573198393,0,0,0
"Pimelodus_albofasciatus",57.3961256538759,1638459011.3408,0.0808612794668311,1.73723633264642,0.526850590100241,0,0,0
"Pimelodus_absconditus",0,0,0,0,0,0,0,0
"Pimelodus_blochii",0,0,0,0,0,0,0,0
"Pimelodus_pohli",8.75615479505684,213840978.162438,0.0220895270473252,0.335721563405192,0.138240268228197,0,0,0
"Pimelodus_argenteus",0,0,0,0,0,0,0,0
"Pimelodus_coprophagus",0,0,0,0,0,0,0,0
"Pimelodus_maculatus",0,0,0,0,0,0,0,0
"Pimelodus_albicans",0,0,0,0,0,0,0,0
"Bergiaria_westermanni",14.3936951994819,107813730.40089,0.0235094265868574,0.395381533944611,0.147080506577619,0,0,0
"Bergiaria_platana",7.35814099883982,26398828.6270051,0.0246854566633476,0.320745673477758,0.152237382046877,0,0,0
"Iheringichthys_labrosus",0,0,0,0,0,0,0,0
"Iheringichthys_megalops",8.48228746999462,50317330.2905214,0.0125587305842205,0.219410382708646,0.0795431527422293,0,0,0
"Pimelodus_fur",0,0,0,0,0,0,0,0
"Parapimelodus_nigribarbis",0,0,0,0,0,0,0,0
"Parapimelodus_valenciennis",0,0,0,0,0,0,0,0
"Duopalatinus_peruanus",0,0,0,0,0,0,0,0
"Duopalatinus_emarginatus",49.3170250572232,1424581542.74135,0.0264188396396484,0.828381399116516,0.185961107884621,0,0,0
"Exallodontus_aguanai",0,0,0,0,0,0,0,0
"Phractocephalus_hemioliopterus",0,0,0,0,0,0,0,0
"Pimelodus_pictus",0,0,0,0,0,0,0,0
"Pimelodus_ornatus",0,0,0,0,0,0,0,0
"Pimelabditus_moli",29.0770241528355,595679359.259805,0.0629504960059503,1.11492381979416,0.419860863970739,0,0,0
"Megalonema_xanthum",0,0,0,0,0,0,0,0
"Megalonema_psammium",36.9818923459573,369711811.635779,0.042584686433355,0.98171146906535,0.293813518421424,0,0,0
"Megalonema_pauciradiatum",10.3780423405478,25363770.3735489,0.0466854886991613,0.660812656522297,0.31448618415499,0,0,0
"Megalonema_orixanthum",0,0,0,0,0,0,0,0
"Megalonema_argentinum",43.004216080637,502027072.775958,0.042104823774316,1.02939888635711,0.292166699017298,0,0,0
"Megalonema_platycephalum",0,0,0,0,0,0,0,0
"Megalonema_platanum",0,0,0,0,0,0,0,0
"Megalonema_amaxanthum",0,0,0,0,0,0,0,0
"Cheirocerus_goeldii",49.22664416124,694768980.797508,0.064574627623581,1.56972400414469,0.458452340191034,0,0,0
"Cheirocerus_abuelo",60.0041974333662,1050965968.52456,0.06364818061195,1.66955168696611,0.453860198159004,0,0,0
"Cheirocerus_eques",0,0,0,0,0,0,0,0
"Calophysus_macropterus",0,0,0,0,0,0,0,0
"Luciopimelodus_pati",0,0,0,0,0,0,0,0
"Pinirampus_pirinampu",0,0,0,0,0,0,0,0
"Pimelodina_flavipinnis",0,0,0,0,0,0,0,0
"Hypophthalmus_oremaculatus",41.2158527706471,901150986.310346,0.0585396202059094,1.5428593469693,0.407990018003318,0,0,0
"Hypophthalmus_edentatus",0,0,0,0,0,0,0,0
"Hypophthalmus_marginatus",0,0,0,0,0,0,0,0
"Hypophthalmus_fimbriatus",0,0,0,0,0,0,0,0
"Brachyplatystoma_vaillantii",0,0,0,0,0,0,0,0
"Brachyplatystoma_platynema",0,0,0,0,0,0,0,0
"Brachyplatystoma_juruense",0,0,0,0,0,0,0,0
"Platynematichthys_notatus",0,0,0,0,0,0,0,0
"Brachyplatystoma_tigrinum",67.6877408583235,1266766335.1767,0.0678048640392793,1.76359342214284,0.516109661974651,0,0,0
"Brachyplatystoma_capapretum",0,0,0,0,0,0,0,0
"Brachyplatystoma_rousseauxii",0,0,0,0,0,0,0,0
"Brachyplatystoma_filamentosum",0,0,0,0,0,0,0,0
"Sorubim_trigonocephalus",47.5242453357286,1026404826.12612,0.0629349034654064,1.43859066798643,0.362578926764196,0,0,0
"Sorubim_maniradii",0,0,0,0,0,0,0,0
"Sorubim_lima",0,0,0,0,0,0,0,0
"Sorubim_elongatus",0,0,0,0,0,0,0,0
"Sorubim_cuspicaudus",0,0,0,0,0,0,0,0
"Pseudoplatystoma_orinocoense",0,0,0,0,0,0,0,0
"Pseudoplatystoma_fasciatum",0,0,0,0,0,0,0,0
"Pseudoplatystoma_reticulatum",20.3542242036917,1849055547.69776,0.0132990995151122,1.12164997363574,0.126227106481876,0,0,0
"Pseudoplatystoma_metaense",0,0,0,0,0,0,0,0
"Pseudoplatystoma_tigrinum",0,0,0,0,0,0,0,0
"Pseudoplatystoma_corruscans",0,0,0,0,0,0,0,0
"Pseudoplatystoma_magdaleniatum",0,0,0,0,0,0,0,0
"Sorubimichthys_planiceps",0,0,0,0,0,0,0,0
"Zungaro_jahu",14.6432444859234,200088022.576244,0.0124404994851883,0.335094332136927,0.0872004280955368,0,0,0
"Zungaro_zungaro",0,0,0,0,0,0,0,0
"Platysilurus_malarmo",0,0,0,0,0,0,0,0
"Platysilurus_mucosus",0,0,0,0,0,0,0,0
"Platystomatichthys_sturio",60.0556028563786,743043446.148233,0.0743577276573402,1.84572134928149,0.506259813133519,0,0,0
"Hemisorubim_platyrhynchos",0,0,0,0,0,0,0,0
"Leiarius_marmoratus",0,0,0,0,0,0,0,0
"Leiarius_longibarbis",0.0733181646943372,719325.477157909,8.32930840257633e-05,0.00202455812952266,0.000581421708448573,0,0,0
"Perrunichthys_perruno",0,0,0,0,0,0,0,0
"Leiarius_pictus",75.1685012511412,1084532805.69422,0.0769120116664745,1.97021511059692,0.514848079563388,0,0,0
"Steindachneridion_punctatum",133.647033017175,3004531821.17582,0.0869627393803938,2.89459280559512,0.629541770624784,0,0,0
"Steindachneridion_melanodermatum",110.888173340094,1952953608.42886,0.0880359839453209,2.7371165030069,0.641385819747,0,0,0
"Steindachneridion_doceanum",93.5892734658985,1396735581.31202,0.0891926496143818,2.5952810996633,0.644688526824284,0,0,0
"Steindachneridion_amblyurum",122.994710831798,2466415113.52424,0.087421913819955,2.82427407795833,0.635589672226097,0,0,0
"Steindachneridion_parahybae",122.994704933531,2466414995.2467,0.087421909627598,2.82427394251903,0.635589641746914,0,0,0
"Steindachneridion_scriptum",0,0,0,0,0,0,0,0
"Cruciglanis_pacifici",58.7168820912752,271244601.121557,0.153562926436538,1.36152639644635,0.707486199029084,0,0,0.168578057660713
"Pseudopimelodus_schultzi",74.0867133311528,704023132.36707,0.126806124055819,1.25576817236963,0.555952658436102,0,0,0.0699616339305815
"Microglanis_zonatus",10.2638723073374,5441910.56059869,0.106717394466329,0.465150770203816,0.435733897851424,0,0,1.99394381221647
"Microglanis_xylographicus",0,0,0,0,0,0,0,1.21151600881095
"Microglanis_variegatus",0,0,0,0,0,0,0,0.601859591130635
"Microglanis_secundus",0,0,0,0,0,0,0,0.699836314007044
"Microglanis_robustus",11.4247389917283,7062445.62352586,0.106019053560151,0.48032455529247,0.430209060293709,0,0,1.60808474052997
"Microglanis_poecilus",24.2371992013632,43971088.3448058,0.101233389130146,0.600405533604776,0.392259731390768,0,0,0.342621517679138
"Microglanis_pellopterygius",23.9775365277573,42830165.823473,0.101299145101122,0.598342097335975,0.392654874456866,0,0,0.348841368782244
"Microglanis_pataxo",16.3196455218347,16806810.4487148,0.103721900833526,0.533862880976955,0.411716498356112,0,0,0.771024214059314
"Microglanis_parahybae",26.7884928243905,56078849.037779,0.100611506423644,0.618307718303647,0.387313848829089,0,0,0.277442146404765
"Microglanis_oliveirai",0,0,0,0,0,0,0,1.29793625328071
"Microglanis_nigripinnis",18.6318019267332,23196214.1836623,0.102881699006826,0.555311870829841,0.405113535338045,0,0,0.587960786443565
"Microglanis_minutus",13.5104104618062,10617321.4260041,0.104932683552811,0.504805409621272,0.421421856063849,0,0,1.13847865764423
"Microglanis_malabarbai",0,0,0,0,0,0,0,0.622489889891737
"Microglanis_eurystoma",0,0,0,0,0,0,0,0.333373549219205
"Microglanis_cibelae",24.7204156846481,46133959.5917409,0.101110945604736,0.603958381560935,0.391331634654601,0,0,0.329233545013705
"Microglanis_carlae",14.8690902868487,13402726.6530381,0.104316669427986,0.51933254641475,0.416461332066982,0,0,0.933991348344871
"Microglanis_cottoides",21.0728421993323,35510850.2745615,0.0867290651946361,0.574904765835884,0.375138788822619,0,0,0.345765315946611
"Microglanis_garavelloi",15.1619150969323,15951673.5728682,0.0885021683911406,0.521625515168616,0.390820284263042,0,0,0.685062986707334
"Microglanis_leptostriatus",15.2687516602872,16225318.7359158,0.0884633208052759,0.522630488721317,0.390404370424722,0,0,0.673447858503803
"Batrochoglanis_transmontanus",33.0217152547696,149143122.956189,0.0600717152430764,0.593238757722121,0.281539889690143,0,0,0.0683488560814158
"Batrochoglanis_melanurus",25.1323859894248,76823438.1629207,0.0610905353052129,0.547650700318007,0.291524603745029,0,0,0.121918610824242
"Batrochoglanis_acanthochiroides",71.7434982011908,982250265.945688,0.0572641331130531,0.743613341371554,0.254555961854084,0,0,0.0129019651176617
"Batrochoglanis_raninus",0,0,0,0,0,0,0,0.0671327165118553
"Batrochoglanis_villosus",0,0,0,0,0,0,0,0.139227473240169
"Microglanis_iheringi",0,0,0,0,0,0,0,0.39921245676861
"Pseudopimelodus_pulcher",49.3553602820848,243400777.664455,0.110221042826084,0.866551480235234,0.436150232818908,0,0,0.101971260633518
"Pseudopimelodus_bufonius",0,0,0,0,0,0,0,0.0512117090004318
"Pseudopimelodus_mangurus",0,0,0,0,0,0,0,0.0164456767513197
"Pseudopimelodus_charus",49.5418378582207,7207471058.33459,0.0505128527629399,0.983729414289932,0.331331265084923,0,0,0.0434107738306573
"Cephalosilurus_nigricaudus",110.75524929113,1267658250.79165,0.147673240251241,1.63909270999485,0.652162754538586,0,0,0.0436715486554308
"Cephalosilurus_fowleri",169.237578458344,3542221812.83571,0.143819324720487,1.8435654317675,0.612599557052112,0,0,0.0159052837396405
"Cephalosilurus_apurensis",111.47559972079,1287722857.81742,0.147613390865492,1.64200809895873,0.651521935950813,0,0,0.0429874673860208
"Cephalosilurus_albomarginatus",48.7291940675487,172397797.854881,0.155333926719247,1.28867702303987,0.72417252501771,0,0,0.248689078387215
"Lophiosilurus_alexandri",179.302247823756,4085736863.20519,0.143349928790562,1.88607494808056,0.612684413558184,0,0,0.0155336796466358
"Phreatobius_sanguijuela",0,0,0,0,0,0,0,0.571660104051134
"Phreatobius_cisternarum",42.9323781447538,33112670.8765669,0.102455667230213,1.06896617989158,0.584193684444662,0,0,0.399407561691532
"Phreatobius_dracunculus",33.9113907512623,18680051.3678723,0.103964219894318,0.999358124362095,0.603399494265622,0,0,0.678182864523346
"Pimelodella_vittata",0,0,0,0,0,0,0,0
"Pimelodella_meeki",0,0,0,0,0,0,0,0
"Pimelodella_lateristriga",0,0,0,0,0,0,0,0
"Pimelodella_laticeps",0,0,0,0,0,0,0,0
"Pimelodella_avanhandavae",0,0,0,0,0,0,0,0
"Rhamdia_xetequepeque",26.8255633624715,66642419.0185922,0.064735460387283,0.777080438546995,0.408935345063443,0,0,0
"Rhamdia_reddelli",0,0,0,0,0,0,0,0
"Rhamdia_poeyi",0,0,0,0,0,0,0,0
"Rhamdia_parryi",58.5964053085901,352235149.363532,0.0612059612047778,0.98676832253052,0.388797516383803,0,0,0
"Rhamdia_muelleri",56.6637424971251,310268690.185118,0.0612381519908499,0.979042660086288,0.394222206607525,0,0,0
"Rhamdia_macuspanensis",0,0,0,0,0,0,0,0
"Rhamdia_laukidi",77.9121266569674,619066733.424211,0.0598787301569446,1.07822899567839,0.385024644637126,0,0,0
"Rhamdia_laluchensis",0,0,0,0,0,0,0,0
"Rhamdia_jequitinhonha",0,0,0,0,0,0,0,0
"Rhamdia_itacaiunas",0,0,0,0,0,0,0,0
"Rhamdia_humilis",51.2516235436243,258186685.637973,0.0617442233864701,0.94827409266871,0.394305653470754,0,0,0
"Rhamdia_foina",48.1962049746625,223024227.103993,0.0619851041431129,0.931414673769398,0.397265582080778,0,0,0
"Rhamdia_enfurnada",58.5964053085901,352235149.363532,0.0612059612047778,0.98676832253052,0.388797516383803,0,0,0
"Rhamdia_laticauda",0,0,0,0,0,0,0,0
"Rhamdia_nicaraguensis",0,0,0,0,0,0,0,0
"Rhamdia_quelen",0,0,0,0,0,0,0,0
"Heptapterus_sympterygium",0,0,0,0,0,0,0,0
"Acentronichthys_leptos",0,0,0,0,0,0,0,0
"Imparfinis_cochabambae",28.4397124857751,17973625.6926482,0.0621204732939547,0.631139330721042,0.347737900897953,0,0,0
"Imparfinis_stictonotus",35.1704696871019,18290161.8212654,0.0933853213097535,0.888107842782033,0.523996192580939,0,0,0
"Chasmocranus_brevior",0,0,0,0,0,0,0,0
"Cetopsorhamdia_insidiosa",59.9881278243924,44676180.8627234,0.11151146369515,1.20729510134741,0.635517744784598,0,0,0
"Gladioglanis_conquistador",37.3055895252591,24600945.2014307,0.0726196430723584,0.735282347394951,0.404497931325442,0,0,0
"Gladioglanis_machadoi",0,0,0,0,0,0,0,0
"Gladioglanis_anacanthus",0,0,0,0,0,0,0,0
"Pimelodella_cristata",0,0,0,0,0,0,0,0
"Goeldiella_eques",0,0,0,0,0,0,0,0
"Imparfinis_lineatus",72.4704349020483,37238711.4033726,0.216409580089779,2.0883233459061,1.25287610266269,0,0,0
"Nemuroglanis_pauciradiatus",45.6846693539248,14263357.9680852,0.223964513425728,1.8327330330303,1.30441974118022,0,0,0
"Nemuroglanis_mariai",53.9923477789746,19989865.8470534,0.22116034697538,1.93132120086242,1.29634582478736,0,0,0
"Nemuroglanis_lanceolatus",51.2742643276765,18025477.3954552,0.222029755939907,1.900066552962,1.29845208306749,0,0,0
"Nemuroglanis_panamensis",80.1454560457015,46388028.2527164,0.214980938256027,2.17938019124158,1.26375944630405,0,0,0
"Nemuroglanis_furcatus",58.2803571266443,23704582.6272648,0.220005312522518,1.97575791581088,1.28739259215635,0,0,0
"Conorhynchos_conirostris",352.232304142358,5511411058.52639,0.219244108323713,3.40352928298597,0.871673874553067,0,0,0
"Pseudosciades_sona",0,0,0,0,0,0,0,0
"Pararius_mastersi",0,0,0,0,0,0,0,0
"Pararius_proximus",0,0,0,0,0,0,0,0
"Paragenidens_grandoculis",0,0,0,0,0,0,0,0
"Paracinetodus_carinatus",0,0,0,0,0,0,0,0
"Papuarius_latirostris",0,0,0,0,0,0,0,0
"Pachyula_conorhynchus",0,0,0,0,0,0,0,0
"Pachyula_crassilabris",0,0,0,0,0,0,0,0
"Megalosciades_augustus",0,0,0,0,0,0,0,0
"Kyataphisa_caelata",0,0,0,0,0,0,0,0
"Kyataphisa_nenga",0,0,0,0,0,0,0,0
"Doiichthys_novaeguineae",0,0,0,0,0,0,0,0
"Bleekeriella_leptaspis",0,0,0,0,0,0,0,0
"Batrachocephalus_mino",0,0,0,0,0,0,0,0
"Aceroichthys_dioctes",229.972592781939,1705389.63403952,0.989834549254758,2.23789435510196,3.32842245467112,0,0,0
"Sciades_paucus",0,0,0,0,0,0,0,0
"Arius_utik",0,0,0,0,0,0,0,0
"Arius_microcephalus",61.0198972468581,133705.19374349,0.491235234348999,0.93388518968531,2.33194099498177,0,0,0
"Arius_macronotacanthus",0,0,0,0,0,0,0,0
"Arius_jella",0,0,0,0,0,0,0,0
"Arius_jatius",0,0,0,0,0,0,0,0
"Arius_cous",49.3221401540729,88019.638957845,0.499404637311678,0.874164745797105,2.34825825265048,0,0,0
"Arius_burmanicus",0,0,0,0,0,0,0,0
"Arius_africanus",0,0,0,0,0,0,0,0
"Arius_acutirostris",0,0,0,0,0,0,0,0
"Hexanematichthys_henni",45.5736210238205,89855.5459839435,0.473940223812209,0.810093536909645,2.0996037883994,0,0,0
"Hemiarius_verrucosus",0,0,0,0,0,0,0,0
"Hemiarius_harmandi",0,0,0,0,0,0,0,0
"Neoarius_pectoralis",33.0456149733169,68085.0304211037,0.345822380688455,0.605215664473176,1.24245790109529,0,0,0
"Neoarius_midgleyi",0,0,0,0,0,0,0,0
"Brustiarius_utarus",0,0,0,0,0,0,0,0
"Potamosilurus_velutinus",0,0,0,0,0,0,0,0
"Potamosilurus_coatesi",0,0,0,0,0,0,0,0
"Potamosilurus_macrorhynchus",0,0,0,0,0,0,0,0
"Brustiarius_solidus",0,0,0,0,0,0,0,0
"Brustiarius_nox",0,0,0,0,0,0,0,0
"Cinetodus_froggatti",0,0,0,0,0,0,0,0
"Neoarius_graeffei",0,0,0,0,0,0,0,0
"Neoarius_berneyi",0,0,0,0,0,0,0,0
"Nedystoma_dayi",0,0,0,0,0,0,0,0
"Cochlefelis_spatula",0,0,0,0,0,0,0,0
"Cochlefelis_danielsi",0,0,0,0,0,0,0,0
"Nemapteryx_armiger",0,0,0,0,0,0,0,0
"Plicofollis_argyropleuron",0,0,0,0,0,0,0,0
"Plicofollis_dussumieri",0,0,0,0,0,0,0,0
"Carlarius_gigas",0,0,0,0,0,0,0,0
"Carlarius_latiscutatus",0,0,0,0,0,0,0,0
"Carlarius_heudelotii",0,0,0,0,0,0,0,0
"Carlarius_parkii",0,0,0,0,0,0,0,0
"Arius_gagora",0,0,0,0,0,0,0,0
"Arius_arius",0,0,0,0,0,0,0,0
"Tachysurus_sinensis",0,0,0,0,0,0,0,0
"Cryptarius_truncatus",0,0,0,0,0,0,0,0
"Cryptarius_daugueti",0,0,0,0,0,0,0,0
"Arius_maculatus",0,0,0,0,0,0,0,0
"Ketengus_typus",0,0,0,0,0,0,0,0
"Cephalocassis_borneensis",0,0,0,0,0,0,0,0
"Osteogeneiosus_militaris",0,0,0,0,0,0,0,0
"Hemiarius_stormii",0,0,0,0,0,0,0,0
"Cephalocassis_melanochir",0,0,0,0,0,0,0,0
"Hexanematichthys_sagor",0,0,0,0,0,0,0,0
"Arius_dispar",0,0,0,0,0,0,0,0
"Netuma_thalassina",0,0,0,0,0,0,0,0
"Netuma_bilineata",0,0,0,0,0,0,0,0
"Arius_venosus",0,0,0,0,0,0,0,0
"Ariopsis_guatemalensis",0,0,0,0,0,0,0,0
"Ariopsis_seemanni",0,0,0,0,0,0,0,0
"Ariopsis_felis",0,0,0,0,0,0,0,0
"Ariopsis_assimilis",0,0,0,0,0,0,0,0
"Potamarius_usumacintae",0,0,0,0,0,0,0,0
"Potamarius_nelsoni",0,0,0,0,0,0,0,0
"Sciades_passany",0,0,0,0,0,0,0,0
"Sciades_couma",0,0,0,0,0,0,0,0
"Sciades_proops",0,0,0,0,0,0,0,0
"Sciades_herzbergii",0,0,0,0,0,0,0,0
"Sciades_parkeri",0,0,0,0,0,0,0,0
"Sciades_dowii",0,0,0,0,0,0,0,0
"Notarius_rugispinis",0,0,0,0,0,0,0,0
"Notarius_quadriscutis",0,0,0,0,0,0,0,0
"Notarius_phrygiatus",0,0,0,0,0,0,0,0
"Notarius_osculus",0,0,0,0,0,0,0,0
"Notarius_luniscutis",0,0,0,0,0,0,0,0
"Notarius_bonillai",0,0,0,0,0,0,0,0
"Notarius_kessleri",0,0,0,0,0,0,0,0
"Aspistor_hardenbergi",25.8736358857353,41340.2593926838,0.353776450350604,0.518468807557514,1.27201924965835,0,0,0
"Notarius_insculptus",27.4630388384437,42010.2634247048,0.373679206022207,0.541428206576806,1.33347630059368,0,0,0
"Notarius_grandicassis",0,0,0,0,0,0,0,0
"Cathorops_melanopus",0,0,0,0,0,0,0,0
"Cathorops_kailolae",77.5622095621583,66001.5561847848,0.591494878014546,0.878403004890429,2.20665574180715,0,0,0
"Cathorops_fuerthii",0,0,0,0,0,0,0,0
"Cathorops_mapale",21.4359050791335,10554.9510745654,0.12508881563015,0.161155741607566,0.410955075799732,0,0,0
"Cathorops_agassizii",0,0,0,0,0,0,0,0
"Cathorops_arenatus",0,0,0,0,0,0,0,0
"Cathorops_spixii",0,0,0,0,0,0,0,0
"Cathorops_hypophthalmus",0,0,0,0,0,0,0,0
"Cathorops_tuyra",0,0,0,0,0,0,0,0
"Cathorops_steindachneri",0,0,0,0,0,0,0,0
"Cathorops_taylori",23.2899342699502,18726.8807050036,0.137052394231459,0.198020291307739,0.470436064652659,0,0,0
"Cathorops_aguadulce",0,0,0,0,0,0,0,0
"Cathorops_multiradiatus",0,0,0,0,0,0,0,0
"Cathorops_dasycephalus",0,0,0,0,0,0,0,0
"Bagre_marinus",0,0,0,0,0,0,0,0
"Bagre_panamensis",0,0,0,0,0,0,0,0
"Bagre_bagre",0,0,0,0,0,0,0,0
"Bagre_pinnimaculatus",0,0,0,0,0,0,0,0
"Genidens_machadoi",12.6374868705628,1046.15097816725,0.0117441308087718,0.0353453890087744,0.0489967398559472,0,0,0
"Genidens_barbus",0,0,0,0,0,0,0,0
"Genidens_genidens",0,0,0,0,0,0,0,0
"Occidentarius_platypogon",0,0,0,0,0,0,0,0
"Galeichthys_ater",0,0,0,0,0,0,0,0
"Galeichthys_feliceps",0,0,0,0,0,0,0,0
"Ancharius_fuscus",0,0,0,0,0,0,0,0.0826416876603163
"Gogo_brevibarbis",0,0,0,0,0,0,0,0.105918582616474
"Trogloglanis_pattersoni",0,0,0,0,0,0,0,0
"Satan_eurystomus",0,0,0,0,0,0,0,0
"Noturus_trautmani",0,0,0,0,0,0,0,0
"Noturus_fasciatus",0,0,0,0,0,0,0,0
"Noturus_stigmosus",0,0,0,0,0,0,0,0
"Noturus_gladiator",0,0,0,0,0,0,0,0
"Noturus_munitus",0,0,0,0,0,0,0,0
"Noturus_placidus",0,0,0,0,0,0,0,0
"Noturus_eleutherus",0,0,0,0,0,0,0,0
"Noturus_furiosus",0,0,0,0,0,0,0,0
"Noturus_flavater",0,0,0,0,0,0,0,0
"Noturus_flavipinnis",0,0,0,0,0,0,0,0
"Noturus_miurus",0,0,0,0,0,0,0,0
"Noturus_maydeni",0,0,0,0,0,0,0,0
"Noturus_albater",0,0,0,0,0,0,0,0
"Noturus_baileyi",0,0,0,0,0,0,0,0
"Noturus_hildebrandi",0,0,0,0,0,0,0,0
"Noturus_elegans",0,0,0,0,0,0,0,0
"Noturus_crypticus",0,0,0,0,0,0,0,0
"Noturus_stanauli",0,0,0,0,0,0,0,0
"Noturus_taylori",0,0,0,0,0,0,0,0
"Noturus_insignis",0,0,0,0,0,0,0,0
"Noturus_funebris",0,0,0,0,0,0,0,0
"Noturus_leptacanthus",0,0,0,0,0,0,0,0
"Noturus_flavus",0,0,0,0,0,0,0,0
"Noturus_phaeus",0,0,0,0,0,0,0,0
"Noturus_gilberti",0,0,0,0,0,0,0,0
"Noturus_lachneri",0,0,0,0,0,0,0,0
"Noturus_gyrinus",0,0,0,0,0,0,0,0
"Noturus_nocturnus",0,0,0,0,0,0,0,0
"Noturus_exilis",0,0,0,0,0,0,0,0
"Pylodictis_olivaris",0,0,0,0,0,0,0,0
"Ictalurus_ochoterenai",286.361372356161,845173375.652693,0.360862715638888,4.6643722732208,0.763679505283258,0,0,0
"Ictalurus_mexicanus",0,0,0,0,0,0,0,0
"Ictalurus_meridionalis",267.895909985645,732295897.915726,0.362579430565783,4.5715333393081,0.76741471145358,0,0,0
"Ictalurus_dugesii",286.361372356161,845173375.652693,0.360862715638888,4.6643722732208,0.763679505283258,0,0,0
"Ictalurus_balsanus",0,0,0,0,0,0,0,0
"Ictalurus_australis",0,0,0,0,0,0,0,0
"Ictalurus_lupus",0,0,0,0,0,0,0,0
"Ictalurus_pricei",0,0,0,0,0,0,0,0
"Ictalurus_punctatus",0,0,0,0,0,0,0,0
"Ictalurus_furcatus",0,0,0,0,0,0,0,0
"Ameiurus_melas",0,0,0,0,0,0,0,0
"Ameiurus_nebulosus",0,0,0,0,0,0,0,0
"Ameiurus_brunneus",0,0,0,0,0,0,0,0
"Ameiurus_serracanthus",0,0,0.121074433184102,0,0.212898713799537,0,0,0
"Ameiurus_natalis",0,0,0,0,0,0,0,0
"Ameiurus_catus",0,0,0,0,0,0,0,0
"Ameiurus_platycephalus",0,0,0,0,0,0,0,0
"Prietella_phreatophila",0,0,0,0,0,0,0,0
"Prietella_lundbergi",0,0,0,0,0,0,0,0
"Cranoglanis_multiradiata",0,0,0,0,0,0,0,0.022325298714218
"Cranoglanis_henrici",0,0,0,0,0,0,0,0.0245878185444173
"Cranoglanis_bouderius",0,0,0,0,0,0,0,0.0143218022537433
"Pangasius_nieuwenhuisii",95.9667289047861,669719417.6379,0.0887444006380552,2.24537518574181,0.701675375728337,0,0,0.0215919876556117
"Pangasius_myanmar",0,0,0,0,0,0,0,0.00855444170919592
"Pangasius_lithostoma",64.5977371661375,256913676.204442,0.0909761097015652,2.01806589287349,0.746768489864143,0,0,0.058325089781655
"Pangasius_kunyit",0,0,0,0,0,0,0,0.0124295260976887
"Pangasius_kinabatanganensis",62.7231702412349,239225046.367196,0.0911437795992243,2.00184092680933,0.750110716435266,0,0,0.0626616517328724
"Pangasius_humeralis",83.6564940957356,480365350.973779,0.0895120549961349,2.16372816159752,0.716977884092672,0,0,0.0304657420987908
"Pangasius_elongatus",0,0,0,0,0,0,0,0.0452975399715429
"Pangasius_djambal",0,0,0,0,0,0,0,0.011438700347117
"Pangasius_nasutus",0,0,0,0,0,0,0,0.0115472412446159
"Pangasius_conchophilus",0,0,0,0,0,0,0,0.00193022083203559
"Pangasius_bocourti",0,0,0,0,0,0,0,0.00582534066089609
"Pangasius_larnaudii",0,0,0,0,0,0,0,0.00528532900002639
"Pangasius_krempfi",0,0,0,0,0,0,0,0.00484388048712582
"Pangasius_macronema",0,0,0,0,0,0,0,0.0467192065688849
"Pangasius_polyuranodon",0,0,0,0,0,0,0,0.0102422073448136
"Pseudolais_pleurotaenia",0,0,0,0,0,0,0,0.0328420503797362
"Pseudolais_micronemus",0,0,0,0,0,0,0,0.00978789405477984
"Helicophagus_leptorhynchus",0,0,0,0,0,0,0,0.0224050951840443
"Helicophagus_waandersii",0,0,0,0,0,0,0,0.017523101914964
"Helicophagus_typus",7.67420723245973,34943161.6331917,0.00794713908394581,0.185111341054848,0.0624330199517596,0,0,0.0417235737625824
"Pangasianodon_hypophthalmus",0,0,0,0,0,0,0,0.00422836465058743
"Pangasius_sanitwongsei",0,0,0,0,0,0,0,0.00113366111968094
"Pangasius_pangasius",0,0,0,0,0,0,0,0.00123652194391778
"Pangasianodon_gigas",0,0,0,0,0,0,0,0
"Paraplotosus_albilabris",0,0,0,0,0,0,0,0
"Oloplotosus_torobo",0,0,0,0,0,0,0,0
"Oloplotosus_luteus",0,0,0,0,0,0,0,0
"Oloplotosus_mariae",0,0,0,0,0,0,0,0
"Neosiluroides_cooperensis",0,0,0,0,0,0,0,0
"Euristhmus_lepturus",0,0,0,0,0,0,0,0
"Euristhmus_nudiceps",0,0,0,0,0,0,0,0
"Anodontiglanis_dahli",0,0,0,0,0,0,0,0
"Plotosus_papuensis",0,0,0,0,0,0,0,0
"Plotosus_limbatus",0,0,0,0,0,0,0,0
"Neosilurus_pseudospinosus",57.709159830425,43082020.2996876,0.173958123789446,1.153105946035,0.846170451061239,0,0,0
"Neosilurus_novaeguineae",0,0,0,0,0,0,0,0
"Neosilurus_mollespiculum",0,0,0,0,0,0,0,0
"Neosilurus_idenburgi",0,0,0,0,0,0,0,0
"Neosilurus_gloveri",0,0,0,0,0,0,0,0
"Neosilurus_gjellerupi",0,0,0,0,0,0,0,0
"Neosilurus_equinus",0,0,0,0,0,0,0,0
"Neosilurus_brevidorsalis",0,0,0,0,0,0,0,0
"Porochilus_obbesi",0,0,0,0,0,0,0,0
"Porochilus_meraukensis",0,0,0,0,0,0,0,0
"Porochilus_rendahli",0,0,0,0,0,0,0,0
"Porochilus_argenteus",0,0,0,0,0,0,0,0
"Neosilurus_ater",0,0,0,0,0,0,0,0
"Tandanus_tandanus",0,0,0,0,0,0,0,0
"Tandanus_bostocki",0,0,0,0,0,0,0,0
"Neosilurus_hyrtlii",0,0,0,0,0,0,0,0
"Plotosus_nkunga",0,0,0,0,0,0,0,0
"Cnidoglanis_macrocephalus",0,0,0,0,0,0,0,0
"Plotosus_lineatus",0,0,0,0,0,0,0,0
"Plotosus_canius",0,0,0,0,0,0,0,0
"Parachiloglanis_hodgarti",0,0,0,0,0,0,0,0
"Glyptothorax_trewavasae",0,0,0,0,0,0,0,0
"Glyptothorax_sufii",12.7744875942784,840571.839667469,0.303997243369176,0.554884321909559,0.451091274026276,0,0,0
"Glyptothorax_striatus",28.9402873056038,7094431.72293219,0.290382968507362,0.69281847025697,0.388190321255753,0,0,0
"Glyptothorax_stolickae",22.6241044362622,2749619.0458554,0.291409343782029,0.658747542190932,0.435065913053784,0,0,0
"Glyptothorax_stocki",23.4986212340229,3025315.89549208,0.290760681676262,0.665866774989934,0.432531834114072,0,0,0
"Glyptothorax_steindachneri",23.628633481079,3094394.08375807,0.290750670026667,0.666567001498904,0.431294370954361,0,0,0
"Glyptothorax_silviae",22.3242995422842,2741811.8376644,0.291942459943889,0.655374814963745,0.433126773871422,0,0,0
"Glyptothorax_siamensis",0,0,0,0,0,0,0,0
"Glyptothorax_saisii",90.6212967406597,54813787.9577945,0.263988176118471,0.992433214415955,0.38799806567393,0,0,0
"Glyptothorax_rugimentum",0,0,0,0,0,0,0,0
"Glyptothorax_punjabensis",0,0,0,0,0,0,0,0
"Glyptothorax_prashadi",16.2394209314739,1407477.37200301,0.298828125007388,0.59588494911122,0.442630544109229,0,0,0
"Glyptothorax_plectilis",0,0,0,0,0,0,0,0
"Glyptothorax_pectinopterus",31.2942913631747,5625393.63179696,0.284910763758655,0.724476365074677,0.422126659913506,0,0,0
"Glyptothorax_nelsoni",18.4688433499426,1833693.89365871,0.295975114255798,0.619405645954285,0.43924572080382,0,0,0
"Glyptothorax_naziri",0,0,0,0,0,0,0,0
"Glyptothorax_manipurensis",28.2160707338657,4339213.49508482,0.28666584944848,0.70376322767973,0.429024525541903,0,0,0
"Glyptothorax_madraspatanus",0,0,0,0,0,0,0,0
"Glyptothorax_lonah",0,0,0,0,0,0,0,0
"Glyptothorax_kurdistanicus",0,0,0,0,0,0,0,0
"Glyptothorax_kashmirensis",24.2965449620808,3279477.28611609,0.290152072824845,0.671997167301878,0.430368082506896,0,0,0
"Glyptothorax_jalalensis",23.628633481079,3094394.08375807,0.290750670026667,0.666567001498904,0.431294370954361,0,0,0
"Glyptothorax_interspinalum",0,0,0,0,0,0,0,0
"Glyptothorax_indicus",23.9431041968333,3088617.2501222,0.290178608492584,0.670123935927304,0.433655362356071,0,0,0
"Glyptothorax_housei",0,0,0,0,0,0,0,0
"Glyptothorax_cous",23.628633481079,3094394.08375807,0.290750670026667,0.666567001498904,0.431294370954361,0,0,0
"Glyptothorax_conirostris",23.4986212340229,3025315.89549208,0.290760681676262,0.665866774989934,0.432531834114072,0,0,0
"Glyptothorax_chindwinica",27.4834097116985,4180220.4843682,0.287393520080563,0.697782639879157,0.428242513648836,0,0,0
"Glyptothorax_armeniacus",21.7087211990079,2585565.25189755,0.292537146285444,0.64972519677554,0.43378674649197,0,0,0
"Glyptothorax_anamalaiensis",23.628633481079,3094394.08375807,0.290750670026667,0.666567001498904,0.431294370954361,0,0,0
"Glyptothorax_alaknandi",17.4714932572325,1645197.7938379,0.297259139766681,0.608925429488488,0.440108371545034,0,0,0
"Glyptothorax_lampris",0,0,0,0,0,0,0,0
"Glyptothorax_laosensis",0,0,0,0,0,0,0,0
"Glyptothorax_trilineatus",0,0,0,0,0,0,0,0
"Glyptothorax_brevipinnis",3.88759057668058,392606.0833869,0.0347793932207243,0.134251724397813,0.0973315375747724,0,0,0
"Glyptothorax_gracilis",0,0,0,0,0,0,0,0
"Glyptothorax_longicauda",0,0,0,0,0,0,0,0
"Glyptothorax_ventrolineatus",7.1398717197856,631724.387676317,0.0889822053555804,0.253821185570352,0.18617028402073,0,0,0
"Glyptothorax_davissinghi",5.64043513478656,493338.161478096,0.0312949239787793,0.187198969316356,0.127370182383767,0,0,0
"Glyptothorax_annandalei",0,0,0,0,0,0,0,0
"Glyptothorax_longjiangensis",0,0,0,0,0,0,0,0
"Glyptothorax_zanaensis",0,0,0,0,0,0,0,0
"Glyptothorax_ngapang",7.49217900192469,869454.760681257,0.110802179033452,0.220600227049971,0.147302192641767,0,0,0
"Glyptothorax_minimaculatus",0,0,0,0,0,0,0,0
"Glyptothorax_platypogonides",0,0,0,0,0,0,0,0
"Glyptothorax_dorsalis",0,0,0,0,0,0,0,0
"Glyptothorax_granulus",8.72296325916338,717129.289351149,0.147395171609486,0.299762142417519,0.222308712889811,0,0,0
"Glyptothorax_poonaensis",0,0,0,0,0,0,0,0
"Glyptothorax_callopterus",0,0,0,0,0,0,0,0
"Glyptothorax_fuscus",0,0,0,0,0,0,0,0
"Glyptothorax_platypogon",0,0,0,0,0,0,0,0
"Glyptothorax_major",0,0,0,0,0,0,0,0
"Glyptothorax_sinensis",0,0,0,0,0,0,0,0
"Glyptothorax_fokiensis",0,0,0,0,0,0,0,0
"Glyptothorax_hainanensis",3.44145688096569,0,0.12058357961816,0.269725587211106,0.146078159689481,0,0,0
"Glyptothorax_honghensis",0,0,0,0,0,0,0,0
"Glyptothorax_buchanani",0,0,0,0,0,0,0,0
"Glyptothorax_macromaculatus",0,0,0,0,0,0,0,0
"Glyptothorax_deqinensis",0,0,0,0,0,0,0,0
"Glyptothorax_quadriocellatus",0,0,0,0,0,0,0,0
"Glyptothorax_pallozonus",0,0,0,0,0,0,0,0
"Glyptothorax_burmanicus",0,0,0,0,0,0,0,0
"Glyptothorax_cavia",0,0,0,0,0,0,0,0
"Glyptothorax_garhwali",17.2432767331024,2010631.74434804,0.207462307359719,0.569839658811227,0.384870688784661,0,0,0
"Glyptothorax_botius",0,0,0,0,0,0,0,0
"Glyptothorax_telchitta",0,0,0,0,0,0,0,0
"Erethistoides_pipri",18.6075963442037,4252862.84184087,0.0939485296549324,0.641115628438673,0.438434102401161,0,0,0
"Erethistoides_montana",22.0798752855863,6068905.71292807,0.0927699276729788,0.675015228521187,0.433752825117801,0,0,0
"Erethistoides_cavatura",19.6812526037409,4809812.713172,0.0935809504091312,0.651833738365176,0.436277013934787,0,0,0
"Erethistoides_ascita",19.5242912582663,4735748.98976228,0.0936400572939483,0.650278260016408,0.436434191944267,0,0,0
"Hara_filamentosa",0,0,0,0,0,0,0,0
"Caelatoglanis_zonatus",0,0,0,0,0,0,0,0
"Erethistes_pusillus",14.380803302031,3866797.8783312,0.0579954174095862,0.44999412773685,0.299177955255304,0,0,0
"Hara_hara",0,0,0,0,0,0,0,0
"Hara_horai",22.5358244520371,8719395.30865361,0.0640502187419965,0.558004036341286,0.32585340449539,0,0,0
"Erethistoides_sicula",0,0,0,0,0,0,0,0
"Hara_jerdoni",17.9267727218119,4400059.93387162,0.0826918160014518,0.594843581359153,0.400078117628991,0,0,0
"Pseudolaguvia_muricata",18.7709072602435,3737560.19395403,0.11631325898508,0.690610419822358,0.493235454382232,0,0,0
"Pseudolaguvia_kapuri",0,0,0,0,0,0,0,0
"Pseudolaguvia_inornata",19.5310748620361,4039177.84478787,0.115952331996269,0.698816037634711,0.492282726454373,0,0,0
"Pseudolaguvia_ribeiroi",40.5924393855817,18597613.8251059,0.109881457379397,0.870296199287647,0.46917974719559,0,0,0
"Pseudolaguvia_shawi",21.4007550786637,4890268.49920333,0.115178424151036,0.718441898802618,0.489485702226423,0,0,0
"Conta_conta",0,0,0,0,0,0,0,0
"Gagata_youssoufi",0,0,0,0,0,0,0,0
"Gagata_pakistanica",11.284944822076,484157.684204062,0.272354396073491,0.346951592315067,0.29187146597378,0,0,0
"Gagata_itchkeea",0,0,0,0,0,0,0,0
"Gagata_dolichonema",0,0,0,0,0,0,0,0
"Gagata_sexualis",0,0,0,0,0,0,0,0
"Gagata_cenia",0,0,0,0,0,0,0,0
"Gagata_melanopterus",0,0,0,0,0,0,0,0
"Gagata_gagata",0,0,0,0,0,0,0,0
"Nangra_robusta",0,0,0,0,0,0,0,0
"Nangra_ornata",0,0,0,0,0,0,0,0
"Nangra_bucculenta",0,0,0,0,0,0,0,0
"Nangra_assamensis",0,0,0,0,0,0,0,0
"Gogangra_viridescens",0,0,0,0,0,0,0,0
"Nangra_nangra",0,0,0,0,0,0,0,0
"Sisor_torosus",0,0,0,0,0,0,0,0
"Sisor_rheophilus",0,0,0,0,0,0,0,0
"Sisor_rabdophorus",0,0,0,0,0,0,0,0
"Sisor_chennuah",0,0,0,0,0,0,0,0
"Bagarius_rutilus",0,0,0,0,0,0,0,0
"Bagarius_bagarius",0,0,0,0,0,0,0,0
"Bagarius_suchus",0,0,0,0,0,0,0,0
"Pareuchiloglanis_sichuanensis",25.9142018739682,3028969.54687754,0.173491160432733,0.737924610680488,0.425197404154125,0,0,0
"Pareuchiloglanis_robustus",25.9142018739682,3028969.54687754,0.173491160432733,0.737924610680488,0.425197404154125,0,0,0
"Pareuchiloglanis_nebulifera",0,0,0,0,0,0,0,0
"Pareuchiloglanis_myzostoma",0,0,0,0,0,0,0,0
"Pareuchiloglanis_macrotrema",0,0,0,0,0,0,0,0
"Pareuchiloglanis_longicauda",0,0,0,0,0,0,0,0
"Pareuchiloglanis_gracilicaudata",0,0,0,0,0,0,0,0
"Creteuchiloglanis_kamengensis",0,0,0,0,0,0,0,0
"Creteuchiloglanis_gongshanensis",0,0,0,0,0,0,0,0
"Pareuchiloglanis_feae",0,0,0,0,0,0,0,0
"Creteuchiloglanis_macropterus",0,0,0,0,0,0,0,0
"Pseudexostoma_yunnanense",0,0,0,0,0,0,0,0
"Oreoglanis_vicina",0,0,0,0,0,0,0,0
"Oreoglanis_tenuicauda",0,0,0,0,0,0,0,0
"Oreoglanis_suraswadii",0,0,0,0,0,0,0,0
"Oreoglanis_sudarai",0,0,0,0,0,0,0,0
"Oreoglanis_siamensis",0,0,0,0,0,0,0,0
"Oreoglanis_setigera",0,0,0,0,0,0,0,0
"Oreoglanis_nakasathiani",0,0,0,0,0,0,0,0
"Oreoglanis_macroptera",0,0,0,0,0,0,0,0
"Oreoglanis_macronemus",0,0,0,0,0,0,0,0
"Oreoglanis_lepturus",0,0,0,0,0,0,0,0
"Oreoglanis_laciniosa",0,0,0,0,0,0,0,0
"Oreoglanis_jingdongensis",5.00770622470277,285434.27026648,0.105315794382109,0.151310361242547,0.122717112633236,0,0,0
"Oreoglanis_infulata",0,0,0,0,0,0,0,0
"Oreoglanis_hypsiura",0,0,0,0,0,0,0,0
"Oreoglanis_heteropogon",0,0,0,0,0,0,0,0
"Oreoglanis_frenata",0,0,0,0,0,0,0,0
"Oreoglanis_colurus",0,0,0,0,0,0,0,0
"Oreoglanis_insignis",0,0,0,0,0,0,0,0
"Oreoglanis_delacouri",0,0,0,0,0,0,0,0
"Pareuchiloglanis_sinensis",0,0,0,0,0,0,0,0
"Pareuchiloglanis_anteanalis",0,0,0,0,0,0,0,0
"Euchiloglanis_kishinouyei",0,0,0,0,0,0,0,0
"Exostoma_vinciguerrae",14.4001448179964,618825.476397559,0.385047421472767,0.687445774746012,0.600999282098852,0,0,0
"Exostoma_stuarti",19.2539434588477,1147740.8738898,0.377052726799893,0.749302273909855,0.58784024657974,0,0,0
"Exostoma_berdmorei",0,0,0,0,0,0,0,0
"Exostoma_labiatum",0,0,0,0,0,0,0,0
"Glaridoglanis_andersonii",0,0,0,0,0,0,0,0
"Glyptosternon_reticulatum",0,0,0,0,0,0,0,0
"Glyptosternon_maculatum",0,0,0,0,0,0,0,0
"Glyptosternon_akhtari",72.4105596872023,13411955.8186044,0.143296261351593,2.21033292408048,0.637160834003403,0,0,0
"Myersglanis_blythii",0,0,0,0,0,0,0,0
"Myersglanis_jayarami",28.3075277946667,2590347.43908402,0.455283465825546,0.946868100343633,0.701574809709486,0,0,0
"Amblyceps_variegatum",0,0,0,0,0,0,0,0.161823885363989
"Amblyceps_platycephalus",0,0,0,0,0,0,0,0.0825858328985879
"Amblyceps_murraystuarti",0,0,0,0,0,0,0,0.0559245767151306
"Amblyceps_mangois",0,0,0,0,0,0,0,0.0582867010199911
"Amblyceps_foratum",0,0,0,0,0,0,0,0.103565621121156
"Amblyceps_caecutiens",0,0,0,0,0,0,0,0.129484272095912
"Amblyceps_serratum",0,0,0,0,0,0,0,0.26161361104071
"Pseudecheneis_sympelvica",0,0,0,0,0,0,0,0
"Pseudecheneis_sulcatoides",0,0,0,0,0,0,0,0
"Pseudecheneis_serracula",0,0,0,0,0,0,0,0
"Pseudecheneis_paviei",0,0,0,0,0,0,0,0
"Pseudecheneis_immaculata",0,0,0,0,0,0,0,0
"Pseudecheneis_eddsi",0,0,0,0,0,0,0,0
"Pseudecheneis_sulcata",0,0,0,0,0,0,0,0
"Pseudecheneis_crassicauda",0,0,0,0,0,0,0,0
"Liobagrus_formosanus",0,0,0,0,0,0,0,0.165092434294936
"Liobagrus_marginatoides",0,0,0,0,0,0,0,0.171798813303742
"Liobagrus_kingi",0,0,0,0,0,0,0,0.145157770870786
"Liobagrus_marginatus",0,0,0,0,0,0,0,0.0928156358610129
"Liobagrus_styani",0,0,0,0,0,0,0,0.121185465320581
"Liobagrus_nigricauda",0,0,0,0,0,0,0,0.0756324100082406
"Liobagrus_anguillicauda",0,0,0,0,0,0,0,0.135058850511741
"Liobagrus_andersoni",0,0,0,0,0,0,0,0.0984153087639263
"Liobagrus_obesus",0,0,0,0,0,0,0,0.143325415680388
"Liobagrus_reinii",0,0,0,0,0,0,0,0.255496175551678
"Liobagrus_mediadiposalis",0,0,0,0,0,0,0,0.117169180271627
"Xiurenbagrus_xiurenensis",0,0,0,0,0,0,0,0.167920337072273
"Pseudobagarius_subtilis",0,0,0,0,0,0,0,0.535824916861834
"Pseudobagarius_sinensis",0,0,0,0,0,0,0,0.264102320625613
"Pseudobagarius_similis",0,0,0,0,0,0,0,0.378867109116534
"Pseudobagarius_pseudobagarius",0,0,0,0,0,0,0,0.309400023633407
"Pseudobagarius_macronemus",0,0,0,0,0,0,0,0.393212924895741
"Pseudobagarius_leucorhynchus",0,0,0,0,0,0,0,0.807918698504451
"Pseudobagarius_inermis",0,0,0,0,0,0,0,0.656559100386911
"Pseudobagarius_baramensis",9.32810453620058,380397.904154735,0.350187859189114,0.304090800301745,0.391795486929881,0,0,0.499224517023297
"Pseudobagarius_fuscus",9.50490939965749,398176.853110931,0.349785268415815,0.305807253477534,0.390922150722411,0,0,0.480788558297907
"Akysis_varius",0,0,0,0,0,0,0,0.545821099882266
"Akysis_variegatus",0,0,0,0,0,0,0,0.654261463879158
"Akysis_recavus",0,0,0,0,0,0,0,0.551417352154287
"Akysis_pictus",0,0,0,0,0,0,0,0.311828277925194
"Akysis_microps",9.4616948272397,240680.110152213,0.523795279578026,0.381784744583869,0.575719028283452,0,0,0.880677932558411
"Akysis_maculipinnis",0,0,0,0,0,0,0,0.776303017891101
"Akysis_heterurus",11.1944611321153,362515.953262636,0.518457874555275,0.402015694467476,0.565209427736705,0,0,0.641776851207131
"Akysis_hendricksoni",0,0,0,0,0,0,0,0.414053499578837
"Akysis_ephippifer",0,0,0,0,0,0,0,0.70077789273038
"Akysis_clavulus",0,0,0,0,0,0,0,0.656892749285677
"Akysis_brachybarbatus",0,0,0,0,0,0,0,0.470433890316455
"Parakysis_verrucosus",0,0,0,0,0,0,0,0.392865282877651
"Parakysis_anomalopteryx",2.91230414331627,129429.662251773,0.10751539110822,0.10418179641326,0.123084902367333,0,0,0.676422431992903
"Parakysis_longirostris",0,0,0,0,0,0,0,0.443296237647149
"Parakysis_grandis",4.5537989940445,384506.607147947,0.104628227831987,0.119520379891823,0.117216925031226,0,0,0.292152306779257
"Breitensteinia_cessator",0,0,0,0,0,0,0,0.21606479680595
"Acrochordonichthys_strigosus",0,0,0,0,0,0,0,0.188966844205896
"Acrochordonichthys_septentrionalis",0,0,0,0,0,0,0,0.14367164344242
"Acrochordonichthys_pachyderma",0,0,0,0,0,0,0,0.0850839824822277
"Acrochordonichthys_mahakamensis",0,0,0,0,0,0,0,0.189219404533184
"Acrochordonichthys_ischnosoma",0,0,0,0,0,0,0,0.142339891815167
"Acrochordonichthys_guttatus",0,0,0,0,0,0,0,0.150952317777182
"Acrochordonichthys_falcifer",0,0,0,0,0,0,0,0.164253413884774
"Acrochordonichthys_rugosus",0,0,0,0,0,0,0,0.130691778698653
"Acrochordonichthys_chamaeleon",0,0,0,0,0,0,0,0.148858327754975
"Clupisoma_naziri",0,0,0,0,0,0,0,0
"Clupisoma_montanum",0,0,0,0,0,0,0,0
"Clupisoma_longianale",0,0,0,0,0,0,0,0
"Clupisoma_bastari",0,0,0,0,0,0,0,0
"Eutropiichthys_goongwaree",0,0,0,0,0,0,0,0
"Eutropiichthys_burmannicus",0,0,0,0,0,0,0,0
"Eutropiichthys_vacha",0,0,0,0,0,0,0,0
"Silonia_silondia",0,0,0,0,0,0,0,0
"Silonia_childreni",0,0,0,0,0,0,0,0
"Eutropiichthys_murius",0,0,0,0,0,0,0,0
"Clupisoma_garua",0,0,0,0,0,0,0,0
"Pseudeutropius_mitchelli",0,0,0,0,0,0,0,0
"Clupisoma_prateri",0,0,0,0,0,0,0,0
"Clupisoma_sinense",0,0,0,0,0,0,0,0
"Laides_hexanema",0,0,0,0,0,0,0,0
"Laides_longibarbis",0,0,0,0,0,0,0,0
"Ailia_coila",0,0,0,0,0,0,0,0
"Leiocassis_saravacensis",44.2347494050763,159520570.429332,0.445677769326681,1.81962823249093,0.825758930289503,0,0,0
"Leiocassis_poeciloptera",0,0,0,0,0,0,0,0
"Leiocassis_longibarbus",51.1181661897468,231317387.047835,0.442006111467552,1.89409923627747,0.805722258191738,0,0,0
"Leiocassis_crassirostris",49.1475271827514,196945652.161956,0.44211456817348,1.87996742234305,0.822339518306042,0,0,0
"Leiocassis_collina",57.2554861734217,274137329.664568,0.437366184361063,1.96815195595587,0.812678772236774,0,0,0
"Leiocassis_aculeata",44.0481934915901,156785647.51287,0.445689524357682,1.81816386376091,0.827573132762913,0,0,0
"Pseudobagrus_trilineatus",0,0,0,0,0,0,0,0
"Pseudobagrus_tenuifurcatus",0,0,0,0,0,0,0,0
"Pseudobagrus_taiwanensis",20.4134361101923,50685565.6879443,0.270871985635879,0.832925183100301,0.421904456722828,0,0,0
"Pseudobagrus_taeniatus",0,0,0,0,0,0,0,0
"Pseudobagrus_omeihensis",20.4134361101923,50685565.6879443,0.270871985635879,0.832925183100301,0.421904456722828,0,0,0
"Pseudobagrus_medianalis",0,0,0,0,0,0,0,0
"Pseudobagrus_brevianalis",0,0,0,0,0,0,0,0
"Pseudobagrus_analis",20.4134361101923,50685565.6879443,0.270871985635879,0.832925183100301,0.421904456722828,0,0,0
"Pseudobagrus_albomarginatus",0,0,0,0,0,0,0,0
"Pseudobagrus_vachellii",0,0,0,0,0,0,0,0
"Pelteobagrus_ussuriensis",0,0,0,0,0,0,0,0
"Tachysurus_nitidus",0,0,0,0,0,0,0,0
"Pseudobagrus_tenuis",0,0,0,0,0,0,0,0
"Pseudobagrus_crassilabris",0,0,0,0,0,0,0,0
"Pseudobagrus_truncatus",0,0,0,0,0,0,0,0
"Pseudobagrus_brevicaudatus",12.4206986696368,26329471.5634196,0.195606425468626,0.552089724803645,0.31150693193291,0,0,0
"Pseudobagrus_pratti",0,0,0,0,0,0,0,0
"Pseudobagrus_kyphus",0,0,0,0,0,0,0,0
"Coreobagrus_ichikawai",0,0,0,0,0,0,0,0
"Coreobagrus_brevicorpus",0,0,0,0,0,0,0,0
"Pseudobagrus_koreanus",0,0,0,0,0,0,0,0
"Tachysurus_nudiceps",0,0,0,0,0,0,0,0
"Pseudobagrus_aurantiacus",0,0,0,0,0,0,0,0
"Pseudobagrus_ondon",0,0,0,0,0,0,0,0
"Pseudobagrus_tokiensis",0,0,0,0,0,0,0,0
"Tachysurus_fulvidraco",0,0,0,0,0,0,0,0
"Pelteobagrus_eupogon",0,0,0,0,0,0,0,0
"Pelteobagrus_intermedius",0,0,0,0,0,0,0,0
"Tachysurus_argentivittatus",0,0,0,0,0,0,0,0
"Nanobagrus_nebulosus",0,0,0,0,0,0,0,0
"Nanobagrus_armatus",0,0,0,0,0,0,0,0
"Nanobagrus_fuscus",0,0,0,0,0,0,0,0
"Hyalobagrus_flavus",0,0,0,0,0,0,0,0
"Hyalobagrus_ornatus",0,0,0,0,0,0,0,0
"Nanobagrus_stellatus",0,0,0,0,0,0,0,0
"Pseudomystus_vaillanti",0,0,0,0,0,0,0,0
"Pseudomystus_rugosus",25.9299141608602,145989250.789858,0.259700519160108,1.00530617887519,0.417747897913546,0,0,0
"Pseudomystus_robustus",0,0,0,0,0,0,0,0
"Pseudomystus_myersi",0,0,0,0,0,0,0,0
"Pseudomystus_mahakamensis",26.1971492206641,149312362.790686,0.259513690383564,1.00825334910244,0.417312936272903,0,0,0
"Pseudomystus_leiacanthus",0,0,0,0,0,0,0,0
"Pseudomystus_inornatus",29.5425190085942,189814330.242494,0.257141699203849,1.04635860506965,0.415300746175959,0,0,0
"Pseudomystus_flavipinnis",25.3742815319168,138793246.798619,0.260069365950858,0.999258332992564,0.41894480044921,0,0,0
"Pseudomystus_bomboides",0,0,0,0,0,0,0,0
"Pseudomystus_stenomus",0,0,0,0,0,0,0,0
"Pseudomystus_siamensis",0,0,0,0,0,0,0,0
"Bagrichthys_obscurus",0,0,0,0,0,0,0,0
"Bagrichthys_micranodus",0,0,0,0,0,0,0,0
"Bagrichthys_majusculus",25.8819605279407,138943333.92195,0.244241517834654,0.974480902538448,0.389451531990241,0,0,0
"Bagrichthys_hypselopterus",0,0,0,0,0,0,0,0
"Bagrichthys_macracanthus",0,0,0,0,0,0,0,0
"Bagrichthys_macropterus",0,0,0,0,0,0,0,0
"Leiocassis_micropogon",0,0,0,0,0,0,0,0
"Hemibagrus_wyckii",0,0,0,0,0,0,0,0
"Hemibagrus_vietnamicus",120.445671882047,1466608230.45352,0.230644452059155,3.31382952258598,1.14347561613361,0,0,0
"Hemibagrus_variegatus",0,0,0,0,0,0,0,0
"Hemibagrus_spilopterus",97.8970157297379,944387435.93953,0.234117901606027,3.11201535697118,1.15946931273606,0,0,0
"Hemibagrus_sabanus",0,0,0,0,0,0,0,0
"Hemibagrus_punctatus",0,0,0,0,0,0,0,0
"Hemibagrus_pluriradiatus",0,0,0,0,0,0,0,0
"Hemibagrus_planiceps",0,0,0,0,0,0,0,0
"Hemibagrus_olyroides",0,0,0,0,0,0,0,0
"Hemibagrus_microphthalmus",0,0,0,0,0,0,0,0
"Hemibagrus_menoda",0,0,0,0,0,0,0,0
"Hemibagrus_maydelli",0,0,0,0,0,0,0,0
"Hemibagrus_imbrifer",0,0,0,0,0,0,0,0
"Hemibagrus_hoevenii",107.020990032462,1123223242.86393,0.232496124491135,3.2004268293461,1.15691074261686,0,0,0
"Hemibagrus_gracilis",118.234492438781,1366685015.49589,0.230708090963628,3.29969481429774,1.15245175222936,0,0,0
"Hemibagrus_furcatus",0,0,0,0,0,0,0,0
"Hemibagrus_fortis",120.445671882047,1466608230.45352,0.230644452059155,3.31382952258598,1.14347561613361,0,0,0
"Hemibagrus_chrysops",120.445671882047,1466608230.45352,0.230644452059155,3.31382952258598,1.14347561613361,0,0,0
"Hemibagrus_centralus",120.445671882047,1466608230.45352,0.230644452059155,3.31382952258598,1.14347561613361,0,0,0
"Hemibagrus_caveatus",120.445671882047,1466608230.45352,0.230644452059155,3.31382952258598,1.14347561613361,0,0,0
"Hemibagrus_bongan",120.445671882047,1466608230.45352,0.230644452059155,3.31382952258598,1.14347561613361,0,0,0
"Hemibagrus_baramensis",0,0,0,0,0,0,0,0
"Mystus_wolffii",0,0,0,0,0,0,0,0
"Mystus_seengtee",49.0511791417135,420009307.549101,0.181218516028598,1.78267763293022,0.989639201773718,0,0,0
"Mystus_rufescens",0,0,0,0,0,0,0,0
"Mystus_rhegma",0,0,0,0,0,0,0,0
"Mystus_punctifer",48.9012267699035,414780228.502869,0.181221978685847,1.78163820479186,0.991213850604381,0,0,0
"Mystus_pelusius",53.3404165213438,502637024.063008,0.180131759673173,1.8272123916528,0.982887523927135,0,0,0
"Mystus_montanus",0,0,0,0,0,0,0,0
"Mystus_keletius",0,0,0,0,0,0,0,0
"Mystus_impluviatus",0,0,0,0,0,0,0,0
"Mystus_gulio",0,0,0,0,0,0,0,0
"Mystus_castaneus",46.3190578381449,374567130.092955,0.182014954656743,1.75184063509775,0.992251330764593,0,0,0
"Mystus_bimaculatus",0,0,0,0,0,0,0,0
"Mystus_armiger",0,0,0,0,0,0,0,0
"Mystus_armatus",0,0,0,0,0,0,0,0
"Mystus_albolineatus",0,0,0,0,0,0,0,0
"Mystus_alasensis",0,0,0,0,0,0,0,0
"Mystus_horai",1.0178238912414,10186374.4463314,0.00541427915146203,0.0414635203539649,0.0285717018537278,0,0,0
"Mystus_vittatus",0,0,0,0,0,0,0,0
"Mystus_malabaricus",0,0,0,0,0,0,0,0
"Mystus_pulcher",0,0,0,0,0,0,0,0
"Mystus_bleekeri",0,0,0,0,0,0,0,0
"Mystus_cavasius",0,0,0,0,0,0,0,0
"Mystus_tengara",0,0,0,0,0,0,0,0
"Mystus_multiradiatus",0,0,0,0,0,0,0,0
"Mystus_atrifasciatus",0,0,0,0,0,0,0,0
"Hemibagrus_filamentus",0,0,0,0,0,0,0,0
"Mystus_mysticetus",0,0,0,0,0,0,0,0
"Mystus_nigriceps",0,0,0,0,0,0,0,0
"Mystus_singaringan",0,0,0,0,0,0,0,0
"Mystus_bocourti",0,0,0,0,0,0,0,0
"Mystus_oculatus",0,0,0,0,0,0,0,0
"Bagrus_urostigma",38.1414176279458,3919512143.44819,0.111547450822245,1.52797931635995,0.327476672550162,0,0,0
"Bagrus_ubangensis",0,0,0,0,0,0,0,0
"Bagrus_orientalis",0,0,0,0,0,0,0,0
"Bagrus_meridionalis",0,0,0,0,0,0,0,0
"Bagrus_lubosicus",20.575208375064,1044164109.56622,0.116570010747469,1.26587644838203,0.341439979410245,0,0,0
"Bagrus_degeni",0,0,0,0,0,0,0,0
"Bagrus_caeruleus",0,0,0,0,0,0,0,0
"Bagrus_bajad",0,0,0,0,0,0,0,0
"Bagrus_filamentosus",0,0,0,0,0,0,0,0
"Bagrus_docmak",0,0,0,0,0,0,0,0
"Sperata_acicularis",0,0,0,0,0,0,0,0
"Sperata_seenghala",0,0,0,0,0,0,0,0
"Sperata_aor",0,0,0,0,0,0,0,0
"Hemibagrus_nemurus",0,0,0,0,0,0,0,0
"Hemibagrus_wyckioides",0,0,0,0,0,0,0,0
"Mystus_leucophasis",0,0,0,0,0,0,0,0
"Hemibagrus_guttatus",0,0,0,0,0,0,0,0
"Hemibagrus_macropterus",0,0,0,0,0,0,0,0
"Batasio_travancoria",0,0,0,0,0,0,0,0
"Batasio_spilurus",30.1075899454093,67243278.5394761,0.445187527682219,1.67041805049015,0.839221877296462,0,0,0
"Batasio_pakistanicus",46.9280298379218,170406287.399034,0.430983429495204,1.91250931622244,0.817083393983393,0,0,0
"Batasio_macronotus",0,0,0,0,0,0,0,0
"Batasio_fluviatilis",0,0,0,0,0,0,0,0
"Batasio_fasciolatus",43.1730818516378,142479836.271603,0.433557402976239,1.86516758129949,0.822136994100793,0,0,0
"Batasio_dayi",0,0,0,0,0,0,0,0
"Chandramara_chandramara",34.0863100172758,86799607.9575235,0.441103917020179,1.73590764593124,0.834256982875907,0,0,0
"Batasio_batasio",47.708121935755,176511296.875075,0.430470617795393,1.92162791570697,0.815893901534818,0,0,0
"Batasio_tengana",44.4076035515724,150839137.493481,0.43262918355401,1.88070063378461,0.820665969656095,0,0,0
"Batasio_tigrinus",39.4649631174168,117981951.472931,0.436399107602069,1.81430063143263,0.826367410160445,0,0,0
"Olyra_kempi",57.2790211947585,56248483.7802815,0.196200907915183,1.55553925601824,0.815287957020838,0,0,0
"Olyra_longicaudata",0,0,0,0,0,0,0,0
"Olyra_horae",39.1401664508821,25483455.3781522,0.201778713252958,1.38498949825242,0.833419000083327,0,0,0
"Horabagrus_brachysoma",0,0,0,0,0,0,0,0
"Horabagrus_nigricollaris",0,0,0,0,0,0,0,0
"Pseudeutropius_brachypopterus",0,0,0,0,0,0,0,0
"Pseudeutropius_moolenburghae",0,0,0,0,0,0,0,0
"Silurichthys_schneideri",74.1236775437688,773861084.549869,0.0906378447772242,1.19121148014221,0.301782081311396,0,0,0
"Silurichthys_sanguineus",0,0,0,0,0,0,0,0
"Silurichthys_phaiosoma",0,0,0,0,0,0,0,0
"Silurichthys_marmoratus",0,0,0,0,0,0,0,0
"Silurichthys_indragiriensis",0,0,0,0,0,0,0,0
"Silurichthys_hasseltii",0,0,0,0,0,0,0,0
"Silurichthys_citatus",0,0,0,0,0,0,0,0
"Silurichthys_gibbiceps",0,0,0,0,0,0,0,0
"Pinniwallago_kanpurensis",167.847526938392,2341043764.48099,0.231877489394404,2.50182087627304,0.557959097028554,0,0,0
"Micronema_platypogon",0,0,0,0,0,0,0,0
"Micronema_hexapterus",0,0,0,0,0,0,0,0
"Micronema_moorei",0,0,0,0,0,0,0,0
"Wallago_maculatus",0,0,0,0,0,0,0,0
"Pterocryptis_wynaadensis",0,0,0,0,0,0,0,0
"Pterocryptis_torrentis",0,0,0,0,0,0,0,0
"Pterocryptis_inusitata",0,0,0,0,0,0,0,0
"Pterocryptis_indica",80.602938469367,571050715.636983,0.180327294197525,1.70286982142688,0.480583623072267,0,0,0
"Pterocryptis_furnessi",61.9940722058229,333464796.059855,0.183887399163718,1.56948744253521,0.486353544752316,0,0,0
"Pterocryptis_cucphuongensis",0,0,0,0,0,0,0,0
"Pterocryptis_buccata",0,0,0,0,0,0,0,0
"Pterocryptis_bokorensis",0,0,0,0,0,0,0,0
"Pterocryptis_berdmorei",0,0,0,0,0,0,0,0
"Kryptopterus_schilbeides",0,0,0,0,0,0,0,0
"Kryptopterus_sabanus",0,0,0,0,0,0,0,0
"Kryptopterus_piperatus",0,0,0,0,0,0,0,0
"Kryptopterus_paraschilbeides",0,0,0,0,0,0,0,0
"Kryptopterus_palembangensis",0,0,0,0,0,0,0,0
"Kryptopterus_lais",27.2049913202869,46490453.2368276,0.153159510333992,0.841615753814472,0.380977761027037,0,0,0
"Kryptopterus_geminus",0,0,0,0,0,0,0,0
"Kryptopterus_dissitus",0,0,0,0,0,0,0,0
"Kryptopterus_cheveyi",0,0,0,0,0,0,0,0
"Hemisilurus_heterorhynchus",0,0,0,0,0,0,0,0
"Kryptopterus_bicirrhis",0,0,0,0,0,0,0,0
"Kryptopterus_minor",0.276556737854357,61450.3979108009,0.00420582511561962,0.0113520390706894,0.0096219922071749,0,0,0
"Kryptopterus_macrocephalus",0,0,0,0,0,0,0,0
"Phalacronotus_parvanalis",0,0,0,0,0,0,0,0
"Phalacronotus_micronemus",0,0,0,0,0,0,0,0
"Phalacronotus_bleekeri",0,0,0,0,0,0,0,0
"Phalacronotus_apogon",0,0,0,0,0,0,0,0
"Hemisilurus_moolenburghi",31.1183046082685,100207574.089764,0.0832955970270405,0.641009843487457,0.23660050705888,0,0,0
"Kryptopterus_limpok",0,0,0,0,0,0,0,0
"Hemisilurus_mekongensis",0,0,0,0,0,0,0,0
"Ceratoglanis_scleronema",0,0,0,0,0,0,0,0
"Ceratoglanis_pachynema",0,0,0,0,0,0,0,0
"Belodontichthys_truncatus",0,0,0,0,0,0,0,0
"Belodontichthys_dinema",0,0,0,0,0,0,0,0
"Pterocryptis_anomala",0,0,0,0,0,0,0,0
"Kryptopterus_cryptopterus",0,0,0,0,0,0,0,0
"Wallago_attu",0,0,0,0,0,0,0,0
"Pterocryptis_cochinchinensis",0,0,0,0,0,0,0,0
"Ompok_weberi",0,0,0,0,0,0,0,0
"Ompok_urbaini",0,0,0,0,0,0,0,0
"Ompok_sindensis",93.2259762556422,2974866794.2045,0.124928904857366,1.87668555332536,0.303068597821557,0,0,0
"Ompok_siluroides",0,0,0,0,0,0,0,0
"Ompok_rhadinurus",0,0,0,0,0,0,0,0
"Ompok_pluriradiatus",0,0,0,0,0,0,0,0
"Ompok_pinnatus",0,0,0,0,0,0,0,0
"Ompok_leiacanthus",0,0,0,0,0,0,0,0
"Ompok_jaynei",0,0,0,0,0,0,0,0
"Ompok_hypophthalmus",0,0,0,0,0,0,0,0
"Ompok_fumidus",0,0,0,0,0,0,0,0
"Ompok_eugeneiatus",0,0,0,0,0,0,0,0
"Ompok_canio",93.2259762556422,2974866794.2045,0.124928904857366,1.87668555332536,0.303068597821557,0,0,0
"Ompok_pabda",0,0,0,0,0,0,0,0
"Ompok_miostoma",58.8923880516099,2358964504.89661,0.105332642704599,1.31704575507127,0.205938647263143,0,0,0
"Wallago_leerii",0,0,0,0,0,0,0,0
"Ompok_bimaculatus",0,0,0,0,0,0,0,0
"Ompok_pabo",0,0,0,0,0,0,0,0
"Ompok_malabaricus",0,0,0,0,0,0,0,0
"Silurus_triostegus",0,0,0,0,0,0,0,0
"Silurus_soldatovi",0,0,0,0,0,0,0,0
"Silurus_mento",0,0,0,0,0,0,0,0
"Silurus_lithophilus",136.196474595127,2133831174.00664,0.250812652306575,2.34912924952153,0.432556216320939,0,0,0
"Silurus_grahami",0,0,0,0,0,0,0,0
"Silurus_biwaensis",0,0,0,0,0,0,0,0
"Silurus_meridionalis",0,0,0,0,0,0,0,0
"Silurus_asotus",0,0,0,0,0,0,0,0
"Silurus_lanzhouensis",0,0,0,0,0,0,0,0
"Silurus_glanis",0,0,0,0,0,0,0,0
"Silurus_aristotelis",0,0,0,0,0,0,0,0
"Silurus_microdorsalis",0,0,0,0,0,0,0,0
"Chaca_bankanensis",0,0,0,0,0,0,0,0.0994001135055564
"Chaca_chaca",0,0,0,0,0,0,0,0.101394497217363
"Xenoclarias_eupogon",50.0239746418785,81967504.8940251,0.169085059976914,0.602600113301982,0.312203104024369,0,0,0
"Uegitglanis_zammaranoi",0,0,0,0,0,0,0,0
"Platyclarias_machadoi",42.5837395566759,58057251.1091187,0.171044378631831,0.574111033178472,0.315894119039141,0,0,0
"Horaglanis_krishnai",0,0,0,0,0,0,0,0
"Encheloclarias_velatus",0,0,0,0,0,0,0,0
"Encheloclarias_tapeinopterus",0,0,0,0,0,0,0,0
"Encheloclarias_prolatus",0,0,0,0,0,0,0,0
"Encheloclarias_kelioides",0,0,0,0,0,0,0,0
"Encheloclarias_baculum",0,0,0,0,0,0,0,0
"Encheloclarias_curtisoma",0,0,0,0,0,0,0,0
"Clarias_submarginatus",0,0,0,0,0,0,0,0
"Clarias_salae",0,0,0,0,0,0,0,0
"Clarias_platycephalus",0,0,0,0,0,0,0,0
"Clarias_planiceps",63.173620782234,131489709.743537,0.166124055293021,0.646374141484763,0.308185481180547,0,0,0
"Clarias_olivaceus",54.9341472266471,98462943.9868645,0.167851903685005,0.619614190511603,0.310761279512807,0,0,0
"Clarias_nigromarmoratus",0,0,0,0,0,0,0,0
"Clarias_nigricans",0,0,0,0,0,0,0,0
"Clarias_microstomus",0,0,0,0,0,0,0,0
"Clarias_magur",50.2832625273858,82686455.8883943,0.169002821178934,0.602959795461806,0.311796492405403,0,0,0
"Clarias_macromystax",0,0,0,0,0,0,0,0
"Clarias_maclareni",0,0,0,0,0,0,0,0
"Clarias_longior",0,0,0,0,0,0,0,0
"Clarias_liocephalus",0,0,0,0,0,0,0,0
"Clarias_leiacanthus",0,0,0,0,0,0,0,0
"Clarias_laeviceps",0,0,0,0,0,0,0,0
"Clarias_kapuasensis",0,0,0,0,0,0,0,0
"Clarias_hilli",0,0,0,0,0,0,0,0
"Clarias_gracilentus",63.1397829082521,131201761.28419,0.166124610750868,0.646308174720988,0.308271234156891,0,0,0
"Clarias_engelseni",0,0,0,0,0,0,0,0
"Clarias_dumerilii",0,0,0,0,0,0,0,0
"Clarias_dhonti",0,0,0,0,0,0,0,0
"Clarias_dayi",0,0,0,0,0,0,0,0
"Clarias_cavernicola",0,0,0,0,0,0,0,0
"Clarias_cataractus",63.1397829082521,131201761.28419,0.166124610750868,0.646308174720988,0.308271234156891,0,0,0
"Clarias_brachysoma",0,0,0,0,0,0,0,0
"Clarias_batu",0,0,0,0,0,0,0,0
"Clarias_anfractus",44.3771330301741,62709603.3607721,0.170469366173255,0.581007974070128,0.315291559059793,0,0,0
"Clarias_alluaudi",0,0,0,0,0,0,0,0
"Clarias_albopunctatus",0,0,0,0,0,0,0,0
"Clarias_buettikoferi",0,0,0,0,0,0,0,0
"Clarias_buthupogon",0,0,0,0,0,0,0,0
"Clarias_agboyiensis",0,0,0,0,0,0,0,0
"Clarias_gabonensis",0,0,0,0,0,0,0,0
"Clarias_angolensis",0,0,0,0,0,0,0,0
"Channallabes_apus",0,0,0,0,0,0,0,0
"Channallabes_alvarezi",0,0,0,0,0,0,0,0
"Gymnallabes_typus",0,0,0,0,0,0,0,0
"Gymnallabes_nops",1.88684833473629,1401346.85345759,0.00738420305864479,0.0618499661477307,0.0376090438753732,0,0,0
"Clarias_werneri",0,0,0,0,0,0,0,0
"Clarias_theodorae",0,0,0,0,0,0,0,0
"Clarias_jaensis",0,0,0,0,0,0,0,0
"Clariallabes_variabilis",0,0,0,0,0,0,0,0
"Clariallabes_uelensis",5.61738335256782,6434388.60758834,0.0137021420729721,0.12013714653738,0.0634346637721082,0,0,0
"Clariallabes_teugelsi",8.33512378165727,14693451.7959148,0.013313304194244,0.135796069412673,0.0621360722366361,0,0,0
"Clariallabes_simeonsi",4.47595835220734,3986202.68930323,0.0139296674413259,0.112026879546542,0.0642830948108154,0,0,0
"Clariallabes_platyprosopos",0,0,0,0,0,0,0,0
"Clariallabes_petricola",0,0,0,0,0,0,0,0
"Clariallabes_mutsindoziensis",0,0,0,0,0,0,0,0
"Clariallabes_melas",11.219221200368,27736899.0513479,0.0130334355910505,0.148713559636186,0.0609351249571984,0,0,0
"Clariallabes_manyangae",7.60761510715264,12201139.3338773,0.0134046174243502,0.131950106367642,0.0623529030362254,0,0,0
"Clariallabes_laticeps",9.34281099038379,18634084.3863444,0.0132022024448815,0.140652071586334,0.0617522692987164,0,0,0
"Clariallabes_heterocephalus",0,0,0,0,0,0,0,0
"Clariallabes_centralis",9.50266749729601,19498734.5287795,0.013190317631989,0.141344310699315,0.0615748209957299,0,0,0
"Clariallabes_longicauda",0,0,0,0,0,0,0,0
"Clariallabes_brevibarbis",0,0,0,0,0,0,0,0
"Clarias_camerunensis",0,0,0,0,0,0,0,0
"Clarias_stappersii",0,0,0,0,0,0,0,0
"Clarias_ebriensis",0,0,0,0,0,0,0,0
"Clarias_pachynema",0,0,0,0,0,0,0,0
"Dolichallabes_microphthalmus",23.753965002685,38418865.0479754,0.0597571603883638,0.367223847033476,0.195900602081141,0,0,0
"Tanganikallabes_mortiauxi",0,0,0,0,0,0,0,0
"Platyallabes_tihoni",0,0,0,0,0,0,0,0
"Clarias_anguillaris",0,0,0,0,0,0,0,0
"Clarias_gariepinus",0,0,0,0,0,0,0,0
"Bathyclarias_rotundifrons",0,0,0,0,0,0,0,0
"Bathyclarias_longibarbis",1.2015310907243,1523234.93532545,0.0012791384828666,0.0202070743788801,0.00669270455611437,0,0,0
"Bathyclarias_foveolatus",0,0,0,0,0,0,0,0
"Bathyclarias_filicibarbis",0,0,0,0,0,0,0,0
"Bathyclarias_euryodon",1.49464303946617,2476981.09404635,0.00126012613860878,0.0215664308755432,0.00656330286347104,0,0,0
"Bathyclarias_atribranchus",0,0,0,0,0,0,0,0
"Bathyclarias_worthingtoni",0,0,0,0,0,0,0,0
"Bathyclarias_nyasensis",0,0,0,0,0,0,0,0
"Clarias_ngamensis",0,0,0,0,0,0,0,0
"Dinotopterus_cunningtoni",0,0,0,0,0,0,0,0
"Heterobranchus_bidorsalis",0,0,0,0,0,0,0,0
"Heterobranchus_isopterus",0,0,0,0,0,0,0,0
"Heterobranchus_longifilis",0,0,0,0,0,0,0,0
"Heterobranchus_boulengeri",0,0,0,0,0,0,0,0
"Clarias_dussumieri",0,0,0,0,0,0,0,0
"Clarias_meladerma",0,0,0,0,0,0,0,0
"Clarias_nieuhofii",0,0,0,0,0,0,0,0
"Clarias_macrocephalus",0,0,0,0,0,0,0,0
"Clarias_batrachus",0,0,0,0,0,0,0,0
"Clarias_fuscus",0,0,0,0,0,0,0,0
"Clarias_teijsmanni",0,0,0,0,0,0,0,0
"Heteropneustes_kemratensis",0,0,0,0,0,0,0,0
"Heteropneustes_microps",0,0,0,0,0,0,0,0
"Heteropneustes_fossilis",0,0,0,0,0,0,0,0
"Rita_sacerdotum",0,0,0,0,0,0,0,0
"Rita_macracanthus",0,0,0,0,0,0,0,0
"Rita_kuturnee",0,0,0,0,0,0,0,0
"Rita_chrysea",0,0,0,0,0,0,0,0
"Rita_rita",0,0,0,0,0,0,0,0
"Rita_gogra",0,0,0,0,0,0,0,0
"Tenellus_trimaculatus",65.0479571300574,41074347.8935847,0.190712316072456,1.73126628888198,0.84714698713498,0,0,0
"Tenellus_leporhinus",0,0,0,0,0,0,0,0
"Tenellus_ternetzi",69.9401808134758,47680613.108031,0.189675851334937,1.76729717405689,0.842103548761939,0,0,0
"Ossancora_eigenmanni",54.040114997952,87440408.447188,0.0832464461981763,1.27382832296552,0.495161325445348,0,0,0
"Nemadoras_cristinae",0,0,0,0,0,0,0,0
"Hassar_gabiru",0,0,0,0,0,0,0,0
"Hassar_orestis",0,0,0,0,0,0,0,0
"Hassar_affinis",28.6687891296482,71500122.5457874,0.026909100410909,0.556609023796797,0.189371884165202,0,0,0
"Hassar_wilderi",0,0,0,0,0,0,0,0
"Nemadoras_humeralis",39.3853761017838,72277645.8745942,0.0436385686981292,0.802730857323897,0.291455049980302,0,0,0
"Nemadoras_elongatus",39.7090814792133,73214307.3221825,0.0436060179877629,0.804814224258934,0.291539494047,0,0,0
"Nemadoras_hemipeltis",0,0,0,0,0,0,0,0
"Hemidoras_stuebelii",0,0,0,0,0,0,0,0
"Hemidoras_morei",28.3353194360997,51857143.7972748,0.0295948587936973,0.562133335432986,0.202296051813651,0,0,0
"Hemidoras_boulengeri",31.4328094134293,63948606.1947728,0.0293615467893926,0.579202544193739,0.200810954076411,0,0,0
"Hemidoras_stenopeltis",0,0,0,0,0,0,0,0
"Hemidoras_morrisi",0,0,0,0,0,0,0,0
"Ossancora_fimbriata",28.937036213716,37931722.7404021,0.0435476120334378,0.717901024901333,0.291281499133629,0,0,0
"Ossancora_asterophysa",35.1428060244734,56882581.0815477,0.0429250923942473,0.758738769437911,0.28646474587936,0,0,0
"Leptodoras_rogersae",0,0,0,0,0,0,0,0
"Leptodoras_nelsoni",0,0,0,0,0,0,0,0
"Leptodoras_cataniai",0,0,0,0,0,0,0,0
"Leptodoras_acipenserinus",0,0,0,0,0,0,0,0
"Leptodoras_juruensis",0,0,0,0,0,0,0,0
"Leptodoras_linnelli",0,0,0,0,0,0,0,0
"Leptodoras_myersi",0,0,0,0,0,0,0,0
"Leptodoras_marki",0,0,0,0,0,0,0,0
"Leptodoras_oyakawai",0,0,0,0,0,0,0,0
"Leptodoras_praelongus",0,0,0,0,0,0,0,0
"Leptodoras_copei",0,0,0,0,0,0,0,0
"Leptodoras_hasemani",0,0,0,0,0,0,0,0
"Anduzedoras_oxyrhynchus",0,0,0,0,0,0,0,0
"Trachydoras_microstomus",0,0,0,0,0,0,0,0
"Trachydoras_paraguayensis",0,0,0,0,0,0,0,0
"Trachydoras_brevis",17.4595377194229,10197164.3966673,0.0685451359385879,0.440522127235575,0.233345563781645,0,0,0
"Trachydoras_steindachneri",0,0,0,0,0,0,0,0
"Trachydoras_nattereri",0,0,0,0,0,0,0,0
"Doras_zuanoni",50.1411087618931,119790231.890845,0.0466743730127721,0.932425865026658,0.308001620917535,0,0,0
"Doras_phlyzakion",50.1411087618931,119790231.890845,0.0466743730127721,0.932425865026658,0.308001620917535,0,0,0
"Doras_carinatus",0,0,0,0,0,0,0,0
"Doras_micropoeus",0,0,0,0,0,0,0,0
"Doras_higuchii",46.1843578418166,100692659.590061,0.0469561786019457,0.911057155440836,0.310381078385425,0,0,0
"Ossancora_punctata",0,0,0,0,0,0,0,0
"Megalodoras_guayoensis",20.0000764075366,70701912.9693954,0.0126335303333199,0.332986046104296,0.0919874309747585,0,0,0
"Megalodoras_uranoscopus",0,0,0,0,0,0,0,0
"Lithodoras_dorsalis",0,0,0,0,0,0,0,0
"Centrodoras_brachiatus",0,0,0,0,0,0,0,0
"Centrodoras_hasemani",19.9165772878525,26693046.6462208,0.0279945276073604,0.487523921056438,0.189758590009659,0,0,0
"Platydoras_costatus",0,0,0,0,0,0,0,0
"Platydoras_armatulus",18.7400779149088,0,0.0351508984594761,0.220852053950023,0.0687469919358357,0,0,0
"Platydoras_hancockii",0,0,0,0,0,0,0,0
"Platydoras_brachylecis",0,0,0,0,0,0,0,0
"Pterodoras_rivasi",0,0,0,0,0,0,0,0
"Pterodoras_granulosus",0,0,0,0,0,0,0,0
"Doraops_zuloagai",0,0,0,0,0,0,0,0
"Agamyxis_albomaculatus",0,0,0,0,0,0,0,0
"Agamyxis_pectinifrons",0,0,0,0,0,0,0,0
"Centrochir_crocodili",39.7275250061703,81782456.7390418,0.054860597007175,1.19068305800847,0.374843934997846,0,0,0
"Oxydoras_sifontesi",81.7038659951596,361803258.30605,0.0520078705400308,1.48845392734066,0.36182572122103,0,0,0
"Oxydoras_niger",0,0,0,0,0,0,0,0
"Oxydoras_kneri",0,0,0,0,0,0,0,0
"Rhinodoras_boehlkei",18.245953481916,33223513.6841388,0.017335929064851,0.323674376036349,0.111747418818466,0,0,0
"Rhinodoras_armbrusteri",0,0,0,0,0,0,0,0
"Rhinodoras_gallagheri",0,0,0,0,0,0,0,0
"Orinocodoras_eigenmanni",0,0,0,0,0,0,0,0
"Rhinodoras_thomersoni",0,0,0,0,0,0,0,0
"Rhinodoras_dorbignyi",0,0,0,0,0,0,0,0
"Rhynchodoras_xingui",0,0,0,0,0,0,0,0
"Rhynchodoras_woodsi",0,0,0,0,0,0,0,0
"Rhynchodoras_castilloi",0,0,0,0,0,0,0,0
"Franciscodoras_marmoratus",0,0,0,0,0,0,0,0
"Wertheimeria_maculata",51.299835008523,96666971.9729739,0.0595849611051487,1.00880123682273,0.386315321619444,0,0,0
"Acanthodoras_depressus",44.8146589189808,53662973.8695141,0.0736904318265213,1.06968446013256,0.417900584177971,0,0,0
"Acanthodoras_spinosissimus",58.3506896855279,92195553.3853664,0.0722163364418363,1.14266653055897,0.404130956168628,0,0,0
"Acanthodoras_cataphractus",0,0,0,0,0,0,0,0
"Tympanopleura_piperata",25.0290345632744,2016090.22304763,0.35780247574992,0.834231333099165,0.631803262142915,0,0,0
"Tympanopleura_atronasus",0,0,0,0,0,0,0,0
"Tympanopleura_brevis",35.7777464134926,4234250.46558171,0.34850079303112,0.930065538333932,0.618795955537327,0,0,0
"Trachelyopterichthys_anduzei",50.9594867174164,6038039.41513002,0.340583034505587,1.32004049221395,0.885230809590135,0,0,0
"Trachelyopterichthys_taeniatus",46.6440913272026,5033493.81754038,0.342834399643372,1.28500546885142,0.889594847968491,0,0,0
"Trachelyichthys_decaradiatus",0,0,0,0,0,0,0,0
"Trachelyichthys_exilis",28.9881582029284,2643746.35926311,0.355300546121075,0.887606303922276,0.656357451468422,0,0,0
"Tocantinsia_piresi",108.104083580548,29209425.5713277,0.322367240233717,1.65785987834256,0.844261872380171,0,0,0
"Tetranematichthys_wallacei",0,0,0,0,0,0,0,0
"Tetranematichthys_barthemi",30.2409405879771,3393803.25631487,0.345949551406375,0.819882497812756,0.562704775834636,0,0,0
"Tetranematichthys_quadrifilis",0,0,0,0,0,0,0,0
"Spinipterus_acsi",0,0,0,0,0,0,0,0
"Pseudotatia_parva",23.7688735540262,1230366.87203468,0.360196799412347,1.04684560357866,0.92668994160883,0,0,0
"Pseudauchenipterus_nodosus",0,0,0,0,0,0,0,0
"Pseudauchenipterus_jequitinhonhae",32.8410858678205,3920740.64181759,0.176304211444596,0.939686739830565,0.691663100708964,0,0,0
"Pseudauchenipterus_affinis",34.8039631887895,4423699.25191127,0.175550621407732,0.956205127158287,0.689091542058121,0,0,0
"Pseudauchenipterus_flavescens",40.5281719091133,6113269.68927848,0.173633866600169,1.00127368564188,0.681988960552363,0,0,0
"Gephyromochlus_leopardus",43.1145638821726,4263726.03251879,0.344805361848316,1.2553901730356,0.894786383873105,0,0,0
"Gelanoglanis_travieso",17.9014069634481,678822.740505447,0.36772888311792,0.960440593226929,0.943144318385558,0,0,0
"Gelanoglanis_nanonocticolus",14.3943267266116,429716.135593388,0.373625823432818,0.898495838040069,0.955443161315807,0,0,0
"Gelanoglanis_stroudi",20.1199944172654,870536.082050683,0.36465178735497,0.995041072285474,0.935665889116145,0,0,0
"Entomocorus_radiosus",0,0,0,0,0,0,0,0
"Entomocorus_melaphareus",26.7231976136595,2256191.7630936,0.178697651446688,0.88369602224062,0.662774066660238,0,0,0
"Entomocorus_benjamini",30.1801784627524,2908890.86762356,0.177110817696932,0.916981040658468,0.657905289033798,0,0,0
"Entomocorus_gameroi",30.1801784714806,2908890.86846483,0.177110817748153,0.916981040923662,0.657905289224066,0,0,0
"Duringlanis_romani",13.8615536152468,85907.3613940517,0.367288222234712,0.610016168136654,0.620281597229015,0,0,0
"Duringlanis_altae",14.6889046395862,97127.5010507239,0.365755229142986,0.621017939773797,0.618159282590111,0,0,0
"Duringlanis_perugiae",0,0,0,0,0,0,0,0
"Asterophysus_batrachus",0,0,0,0,0,0,0,0
"Auchenipterus_nuchalis",0,0,0,0,0,0,0,0
"Auchenipterus_menezesi",48.8489870213141,5540493.59185531,0.341674566702024,1.30374800557118,0.88770254612718,0,0,0
"Auchenipterus_fordicei",40.2651891513906,3732714.53277279,0.346651146866259,1.22880054843991,0.89640088790561,0,0,0
"Auchenipterus_dentatus",0,0,0,0,0,0,0,0
"Auchenipterus_britskii",55.2510581105708,7173398.73497468,0.338614374471278,1.35327714917951,0.880787530767136,0,0,0
"Auchenipterus_brevior",35.9636722373166,2947279.26030665,0.349530310861964,1.18724525552366,0.902518963210012,0,0,0
"Auchenipterus_brachyurus",57.1075928281658,7762693.07122874,0.33790868236211,1.36635771082033,0.877191139411234,0,0,0
"Auchenipterus_ambyiacus",74.5983551438812,13624024.2161993,0.33140318146789,1.48159754646195,0.8622457271813,0,0,0
"Tatia_strigata",0,0,0,0,0,0,0,0
"Tatia_simplex",17.5327076388891,683958.023780273,0.434862789733368,0.801538999574724,0.78078280855652,0,0,0
"Tatia_reticulata",15.4870358545999,529893.700668924,0.438894432218854,0.7717283796005,0.786000348284642,0,0,0
"Tatia_punctata",16.8328514703352,630990.628516881,0.436229323793439,0.791494357178056,0.781935236096852,0,0,0
"Tatia_nigra",0,0,0,0,0,0,0,0
"Tatia_meesi",0,0,0,0,0,0,0,0
"Tatia_jaracatia",0,0,0,0,0,0,0,0
"Tatia_gyrina",16.0661789609146,569956.977195691,0.437659514946488,0.780584433516716,0.784974592488465,0,0,0
"Tatia_galaxias",34.0284612878263,2753110.24579106,0.414333817955311,0.980373810250888,0.749017561259484,0,0,0
"Tatia_dunni",32.9611097528236,2578221.768401,0.415314775390444,0.970786694741823,0.750216458228184,0,0,0
"Tatia_concolor",24.1919345584217,1352279.73237064,0.424850188647528,0.883561671294474,0.764185158309956,0,0,0
"Tatia_caxiuanensis",0,0,0,0,0,0,0,0
"Tatia_brunnea",0,0,0,0,0,0,0,0
"Tatia_boemia",22.5563613967142,1159803.34882338,0.42692879814698,0.865160977695074,0.768532724996809,0,0,0
"Tatia_bockmanni",0,0,0,0,0,0,0,0
"Tatia_aulopygia",0,0,0,0,0,0,0,0
"Ageneiosus_vittatus",12.9426432446954,8123235.46569819,0.111936960298736,0.844912105943654,0.421969655645817,0,0,0
"Ageneiosus_uranophthalmus",16.2363657964461,13295676.5870928,0.110165577695873,0.905001305454395,0.414878633289376,0,0,0
"Ageneiosus_polystictus",21.2356912964482,23386465.2130183,0.108035540537483,0.982299716352367,0.408136374626427,0,0,0
"Ageneiosus_pardalis",0,0,0,0,0,0,0,0
"Ageneiosus_militaris",0,0,0,0,0,0,0,0
"Ageneiosus_marmoratus",11.4384607607954,6272203.55614174,0.112950462436227,0.813186089032119,0.424765054480391,0,0,0
"Ageneiosus_magoi",0,0,0,0,0,0,0,0
"Ageneiosus_ucayalensis",0,0,0,0,0,0,0,0
"Ageneiosus_inermis",0,0,0,0,0,0,0,0
"Trachycorystes_trachycorystes",0,0,0,0,0,0,0,0
"Trachycorystes_menezesi",11.0890496851255,934533.415506324,0.209918667812165,0.454552468518895,0.359855922019749,0,0,0
"Liosomadoras_oncinus",0,0,0,0,0,0,0,0
"Auchenipterus_nigripinnis",0,0,0,0,0,0,0,0
"Auchenipterus_osteomystax",0,0,0,0,0,0,0,0
"Pseudepapterus_gracilis",0,0,0,0,0,0,0,0
"Pseudepapterus_hasemani",0,0,0,0,0,0,0,0
"Pseudepapterus_cucuhyensis",6.0927788827151,157877.736278038,0.188241743298272,0.250080633679229,0.261711257562722,0,0,0
"Trachelyopterus_teaguei",0,0,0,0,0,0,0,0
"Trachelyopterus_peloichthys",0,0,0,0,0,0,0,0
"Trachelyopterus_lucenai",0,0,0,0,0,0,0,0
"Trachelyopterus_leopardinus",11.0575456266383,1703601.36249483,0.0995363099678991,0.405033025960998,0.28332098735145,0,0,0
"Trachelyopterus_lacustris",12.4749929357286,2187596.99032716,0.0986535501103797,0.420169366275759,0.281349572388197,0,0,0
"Trachelyopterus_insignis",14.731440804305,3112211.11480498,0.0974749883779036,0.441752683819787,0.278140808668414,0,0,0
"Trachelyopterus_fisheri",14.9774965130625,3199463.18217835,0.0973348207894908,0.444261327636597,0.278391745823738,0,0,0
"Trachelyopterus_cratensis",6.03060325921049,473019.699520714,0.104008308172044,0.337175867339937,0.294958234698639,0,0,0
"Trachelyopterus_coriaceus",11.0575456266383,1703601.36249483,0.0995363099678991,0.405033025960998,0.28332098735145,0,0,0
"Trachelyopterus_ceratophysus",14.0634384929621,2767036.83625544,0.0977395735192974,0.436063870883428,0.280235192505846,0,0,0
"Trachelyopterus_amblops",13.1578772284097,2413494.45831579,0.0982249343280022,0.427226364715673,0.281175462962237,0,0,0
"Trachelyopterus_albicrux",9.33111039060156,1186471.46254101,0.100759155332009,0.38487262258429,0.28677302589082,0,0,0
"Trachelyopterus_striatulus",0,0,0,0,0,0,0,0
"Trachelyopterus_galeatus",0,0,0,0,0,0,0,0
"Epapterus_dispilurus",0,0,0,0,0,0,0,0
"Epapterus_blohmi",0,0,0,0,0,0,0,0
"Amblydoras_nheco",9.93798876459256,7884224.6553667,0.0607023376624142,0.351059703251574,0.315638620935406,0,0,0
"Amblydoras_gonzalezi",11.7474364523847,11117657.5547993,0.0599305497023121,0.365906201237381,0.308805726969905,0,0,0
"Amblydoras_bolivarensis",11.9952082996847,11586320.7247331,0.0598322199888996,0.367919163991283,0.308169852345555,0,0,0
"Amblydoras_nauticus",12.8409921246321,15669084.324543,0.0321791684401624,0.333817379336983,0.188693705770524,0,0,0
"Amblydoras_affinis",0,0,0,0,0,0,0,0
"Amblydoras_monitor",0,723001.779636971,0.0605721249564321,0,0.26293610189733,0,0,0
"Scorpiodoras_heckelii",0,0,0,0,0,0,0,0
"Scorpiodoras_liophysus",0,0,0,0,0,0,0,0
"Physopyxis_cristata",20.1022776711543,14741746.9433344,0.0582709921667877,0.625178184270702,0.32224248233307,0,0,0
"Physopyxis_lyra",0,0,0,0,0,0,0,0
"Physopyxis_ananas",19.7994399616389,14312233.9597606,0.0583416903320208,0.622725705790456,0.32272884156235,0,0,0
"Astrodoras_asterifrons",44.6645502271511,50141197.1575356,0.0977675232680292,0.940323775798517,0.439651221122197,0,0,0
"Hypodoras_forficulatus",40.7919077932538,41730370.2776028,0.0984578966809694,0.919484677962551,0.44474227659926,0,0,0
"Anadoras_regani",21.0146573684937,16744642.6673865,0.126761311452701,0.512204753383426,0.22880603395054,0,0,0
"Anadoras_insculptus",23.3490899255097,20733414.7593019,0.125734193491207,0.526043778642415,0.225943623258101,0,0,0
"Anadoras_weddellii",0,0,0,0,0,0,0,0
"Anadoras_grypus",0,0,0,0,0,0,0,0
"Auchenipterichthys_punctatus",0,0,0,0,0,0,0,0
"Auchenipterichthys_longimanus",27.9035597833656,3716087.10910841,0.191257615901739,0.699625420942075,0.443900419026782,0,0,0
"Auchenipterichthys_thoracatus",22.7164699673688,2407187.87263161,0.194134189492455,0.657493128305147,0.450026886668408,0,0,0
"Auchenipterichthys_coracoideus",0,0,0,0,0,0,0,0
"Tatia_intermedia",0,0,0,0,0,0,0,0
"Glanidium_ribeiroi",38.3493505367321,4273788.33825313,0.399397365841704,0.889445828680135,0.610981276152684,0,0,0
"Glanidium_cesarpintoi",21.662726855629,1301524.16635667,0.416531925936233,0.747475963800879,0.631854259514569,0,0,0
"Glanidium_albescens",25.4719314103617,1832801.6109534,0.4116684623326,0.784989373280727,0.625079880118122,0,0,0
"Glanidium_melanopterum",0,0,0,0,0,0,0,0
"Tatia_neivai",0,0,0,0,0,0,0,0
"Auchenipterus_demerarae",0,0,0,0,0,0,0,0
"Liosomadoras_morrowi",0,0,0,0,0,0,0,0
"Centromochlus_schultzi",3.29649968360962,73375.31434647,0.0639350640965829,0.0990309041675582,0.0822003696799629,0,0,0
"Centromochlus_musaicus",1.95239459345243,24325.4434917354,0.0664147091893337,0.0844567013765501,0.0849825353892036,0,0,0
"Centromochlus_megalops",2.66390011225429,46472.2050386437,0.064915373047329,0.0928454938352038,0.0834473853441212,0,0,0
"Centromochlus_macracanthus",0,0,0,0,0,0,0,0
"Centromochlus_heckelii",0,0,0,0,0,0,0,0
"Centromochlus_existimatus",0,0,0,0,0,0,0,0
"Xyliphius_melanopterus",74.0404143618249,95374576.7405547,0.97763533803412,1.54659076525959,0.749349725813983,0,0,0.21399640833488
"Xyliphius_magdalenae",0,0,0,0,0,0,0,0.524797432199004
"Xyliphius_lepturus",69.1908139971149,80923057.2001547,0.981759480799854,1.51733153405286,0.756574195893547,0,0,0.250140179430316
"Xyliphius_kryptos",61.6397787078317,61138197.6115853,0.988827078879169,1.46845451894103,0.768901054028281,0,0,0.325556592275306
"Xyliphius_anachoretes",53.8745198236776,44112699.3554701,0.997161055442339,1.414484709383,0.784225388877948,0,0,0.447848479439047
"Xyliphius_barbatus",57.6858693683219,52056447.7028534,0.992908298149775,1.44123809290884,0.776138581806708,0,0,0.379171121488749
"Ernstichthys_megistus",59.3429036671311,30711203.370135,1.12331196370249,1.80079315056757,1.15718548642249,0,0,0.649322466182805
"Ernstichthys_anduzei",39.5584791440172,11485941.4577615,1.15200606260632,1.60693641637018,1.22629960372718,0,0,1.66521937835015
"Ernstichthys_intonsus",48.8923381997713,19200672.6157943,1.13693957407285,1.70581196565216,1.190028208925,0,0,1.02190406192865
"Dupouyichthys_sapito",35.9454301086937,9105606.88357756,1.15889429407376,1.56443381517715,1.24336404518637,0,0,2.08328139151078
"Aspredinichthys_filamentosus",0,0,0,0,0,0,0,0.121872583326945
"Aspredinichthys_tibicen",0,0,0,0,0,0,0,0.136257647838252
"Acanthobunocephalus_nicoi",27.5393235295998,4771700.2734398,1.17822978588516,1.45103940453153,1.29094541533885,0,0,3.83941618773832
"Bunocephalus_verrucosus",0,0,0,0,0,0,0,0.348526892010474
"Bunocephalus_larai",11.6735213175644,4412956.88284547,0.255079117402335,0.354464915625074,0.301755770177829,0,0,0.802889641663901
"Bunocephalus_knerii",0,0,0,0,0,0,0,0.229116876775812
"Bunocephalus_doriae",0,0,0,0,0,0,0,0.450483935395804
"Bunocephalus_colombianus",18.4091725439159,13320504.7726011,0.24795574173876,0.402906422741415,0.28277937623392,0,0,0.27953202179067
"Bunocephalus_chamaizelus",9.05181511951881,2381505.18459924,0.259147458882443,0.330051354601041,0.312966550879585,0,0,1.45119158521737
"Bunocephalus_amaurus",18.8855971913608,14171001.036983,0.247559926553497,0.405738228236122,0.281685863558132,0,0,0.262668397248666
"Bunocephalus_coracoideus",0,0,0,0,0,0,0,0.262125610846359
"Bunocephalus_aleuropsis",0,0,0,0,0,0,0,0.35492410350788
"Amaralia_hypsiura",0,0,0,0,0,0,0,0.242444060044494
"Pterobunocephalus_depressus",54.7505325512954,32248657.3241164,0.9884427582657,1.45000649763028,0.927114248175829,0,0,0.421801956053882
"Pterobunocephalus_dolichurus",48.4085060643103,23922494.8121792,0.996028133724937,1.40038231002789,0.943286887517098,0,0,0.559066183579781
"Platystacus_cotylephorus",0,0,0,0,0,0,0,0.0264368120455036
"Aspredo_aspredo",0,0,0,0,0,0,0,0
"Pseudobunocephalus_quadriradiatus",30.2247886663473,10583846.4432691,0.942861443526385,1.01127001446619,0.687252740271,0,0,1.86154311844408
"Pseudobunocephalus_lundbergi",28.4782781623127,9162754.81134273,0.946376967803621,0.994904291685193,0.693483825956845,0,0,2.15191826234907
"Pseudobunocephalus_iheringii",40.7060116560803,21788652.4386674,0.925572440697063,1.09966873833105,0.658760830000085,0,0,0.935431046302839
"Pseudobunocephalus_bifidus",36.3690021562277,16581143.7966517,0.932090301916809,1.0656462879579,0.669644308621067,0,0,1.21949937674424
"Pseudobunocephalus_rugosus",0,0,0,0,0,0,0,2.10512847302753
"Pseudobunocephalus_amazonicus",37.3581981196465,17694822.8262621,0.930527623668524,1.07351420234774,0.666924810746864,0,0,1.14234877059383
"Micromyzon_akamai",0,0,0,0,0,0,0,5.80232933623426
"Hoplomyzon_papillatus",16.9608640960324,7452916.92054976,0.669578197969564,0.641974898702028,0.476482471236992,0,0,5.0795725962075
"Hoplomyzon_sexpapilostoma",0,0,0,0,0,0,0,2.02021213218012
"Hoplomyzon_atrizona",22.6953455459671,15105015.6757688,0.657567133213451,0.696882034183203,0.457197611686669,0,0,2.59457214734244
"Paracetopsis_bleekeri",218.679654416427,372399476.518363,0.323750338535789,3.43790379057795,1.34857136030238,0,0,0.0798527022466258
"Paracetopsis_esmeraldas",184.136350452571,245199554.173878,0.327193119364116,3.26818338807435,1.37801719144997,0,0,0.11444277135254
"Denticetopsis_seducta",59.050435278442,23873981.1215989,0.207728133277427,1.8517578967318,1.0641730169298,0,0,0.710595064636179
"Denticetopsis_sauli",31.7063022855744,5260655.40629456,0.215803352402345,1.53805702204518,1.14698302357258,0,0,2.5045757871082
"Denticetopsis_royeroi",28.4845275469796,4053477.24676158,0.217224596646337,1.48942739023047,1.16167365442352,0,0,3.10417511482077
"Denticetopsis_praecox",60.705687563239,25537781.943024,0.207379547967829,1.8677035823097,1.06107148080587,0,0,0.675549356562994
"Denticetopsis_macilenta",0,0,0,0,0,0,0,0.460504629992956
"Denticetopsis_epa",55.8823952280334,20880353.9005033,0.2084352983401,1.82215125068109,1.07173503786327,0,0,0.799146787417587
"Denticetopsis_iwokrama",52.5538421697311,17983171.6798672,0.209221581406127,1.78902283468472,1.07966998167335,0,0,0.904731941265442
"Cetopsis_umbrosa",37.6696207247851,12889490.3647291,0.139341804773078,1.37308917176411,0.843839602566232,0,0,0.627811377637468
"Cetopsis_starnesi",56.6418016953501,34756922.7403112,0.13589754338645,1.55041664681806,0.803072640289739,0,0,0.27345541513939
"Cetopsis_sarcodes",44.6573784878431,19495866.3010443,0.137893761170915,1.44431482324689,0.826481848858594,0,0,0.443125038802646
"Cetopsis_sandrae",47.3440228343403,22472788.1529903,0.13740078314954,1.46975900243223,0.820711383064579,0,0,0.393839705307548
"Cetopsis_plumbea",64.789700347339,48186125.3984405,0.134778837634844,1.61309591239774,0.789683121448173,0,0,0.2065924234502
"Cetopsis_pearsoni",63.2852154079611,45511778.4342752,0.134973909287632,1.60200030551359,0.792033850119355,0,0,0.217065735708165
"Cetopsis_parma",83.2740627329102,88700264.9597262,0.132715791448767,1.73742087627253,0.765502699945584,0,0,0.122862398157917
"Cetopsis_othonops",61.7691432299228,42907510.9407143,0.135175618161127,1.59065068372955,0.794480986291682,0,0,0.228483678521055
"Cetopsis_orinoco",55.4475844129454,33002077.7541634,0.13607558354313,1.54066311232074,0.805188338067494,0,0,0.285755854015244
"Cetopsis_oliveirai",0,0,0,0,0,0,0,1.12050624016411
"Cetopsis_motatanensis",0,0,0,0,0,0,0,0.134326025796534
"Cetopsis_montana",65.1133003886238,48771195.8894654,0.134736857911,1.61530043534347,0.789086736966705,0,0,0.20410090642097
"Cetopsis_fimbriata",59.0664016609626,38485834.1828621,0.135548095346454,1.56980057747203,0.798939104484877,0,0,0.250832905439401
"Cetopsis_caiapo",44.6573784878431,19495866.3010443,0.137893761170915,1.44431482324689,0.826481848858594,0,0,0.443125038802646
"Cetopsis_baudoensis",88.8618239400835,103868323.35145,0.132186639567646,1.77099011115813,0.759294775751517,0,0,0.10726863223932
"Cetopsis_arcana",53.7149717580265,30547662.5480429,0.136339624981155,1.52587431613124,0.808099038998509,0,0,0.303867904569586
"Cetopsis_amphiloxa",89.3973718847092,105410024.752262,0.132139866953004,1.77469447227819,0.759032431984607,0,0,0.106499732787346
"Cetopsis_candiru",0,0,0,0,0,0,0,0.0628296057565457
"Cetopsis_coecutiens",0,0,0,0,0,0,0,0.0793805315960892
"Cetopsis_gobioides",61.4369575253282,42350681.8657273,0.135221201395348,1.58830119699049,0.79513089593507,0,0,0.231503979105881
"Cetopsidium_roae",0,0,0,0,0,0,0,0.931148771775556
"Cetopsidium_pemon",0,0,0,0,0,0,0,0.887330151078434
"Cetopsidium_orientale",0,0,0,0,0,0,0,0.56304822438864
"Cetopsidium_morenoi",0,0,0,0,0,0,0,0.879403110144084
"Cetopsidium_minutum",0,0,0,0,0,0,0,0.718497523750573
"Cetopsidium_soniae",0,0,0,0,0,0,0,1.13551891871069
"Cetopsidium_ferreirai",0,0,0,0,0,0,0,1.08475639827487
"Helogenes_uruyensis",51.7267193378603,18174724.8993765,0.20993681768965,1.82073438343769,1.11424135562657,0,0,0.899889634534472
"Helogenes_gouldingi",55.0028856986739,21102767.3370948,0.209147846668708,1.85445002132894,1.10605233240852,0,0,0.794869593597799
"Helogenes_marmoratus",0,0,0,0,0,0,0,0.359447258926725
"Helogenes_castaneus",55.0028856986739,21102767.3370948,0.209147846668708,1.85445002132894,1.10605233240852,0,0,0.794869593597799
"Olivaichthys_cuyanus",28.2106348570688,13382767.674756,0.0743371838270919,0.738712817798711,0.407883281638135,0,0,0.124282027988523
"Olivaichthys_mesembrinus",23.9144183654996,8963321.33595626,0.0751035297444018,0.704941500487311,0.417427308998117,0,0,0.181200419863322
"Olivaichthys_viedmensis",0,0,0,0,0,0,0,0.0685815415185659
"Diplomystes_chilensis",13.8356817639096,6751291.04231607,0.0379580172856341,0.381766079230738,0.215122346374122,0,0,0.152722874982048
"Diplomystes_nahuelbutaensis",0,0,0,0,0,0,0,0.125721312024317
"Diplomystes_camposensis",0,0,0,0,0,0,0,0.134898711295224
"Transancistrus_aequinoctialis",74.7681959763227,2794382.62263942,0.816635721647735,2.53188016922541,1.6045580850701,0,0,0
"Spectracanthicus_murinus",77.1514549151431,3008655.29774088,0.814914297196678,2.5484417699481,1.59301197475743,0,0,0
"Spectracanthicus_punctatissimus",80.6259977179336,3299998.08620497,0.812218741310792,2.5755326728792,1.58268244639038,0,0,0
"Soromonichthys_stearleyi",0,0,0,0,0,0,0,0
"Scobinancistrus_aureatus",116.645473846904,6854197.93697013,0.788650381344367,2.80555349953174,1.50252212177603,0,0,0
"Scobinancistrus_pariolispos",112.833149573918,6556423.71239302,0.791322939609331,2.7821649685973,1.50327973896869,0,0,0
"Ricola_macrops",130.675022094169,9111366.50456676,0.784214785924279,2.98872006349044,1.53955992636513,0,0,0
"Rhinolekos_schaeferi",0,0,0,0,0,0,0,0
"Rhinolekos_britskii",0,0,0,0,0,0,0,0
"Rhinolekos_garavelloi",0,0,0,0,0,0,0,0
"Rhadinoloricaria_rhami",51.8010569516942,1845897.66187803,0.597595971469935,1.7058467849979,1.03349106754363,0,0,0
"Rhadinoloricaria_ommation",0,0,0,0,0,0,0,0
"Rhadinoloricaria_macromystax",54.9289491616231,2076466.02037076,0.594878721739122,1.73205917385253,1.02703210057719,0,0,0
"Rhadinoloricaria_listrorhinos",53.7794089230217,1962550.12608253,0.595575931986601,1.72367089517229,1.03245387775636,0,0,0
"Rhadinoloricaria_laani",52.3954058171515,1881976.36789214,0.596989040996994,1.71074007913267,1.03264925030511,0,0,0
"Rhadinoloricaria_bahuaja",0,0,0,0,0,0,0,0
"Rhadinoloricaria_condei",54.9666222266273,2066853.57605944,0.594741066740214,1.73411537339627,1.02929273315734,0,0,0
"Reganella_depressa",93.7271268332543,4571602.30039003,0.804071378747879,2.73899275659488,1.599001713483,0,0,0
"Pyxiloricaria_menezesi",105.185289241355,5774584.96123384,0.796968240029057,2.82391735718323,1.58004002113904,0,0,0
"Pterosturisoma_microps",113.272800364336,6804029.85828067,0.792816896143669,2.8781410841167,1.56337978604417,0,0,0
"Pseudorinelepis_genibarbis",0,0,0,0,0,0,0,0
"Pseudoqolus_koko",0,0,0,0,0,0,0,0
"Pseudoloricaria_laeviuscula",173.900458092105,16142446.1307237,0.766954960602286,3.22123126981579,1.49481396999531,0,0,0
"Pogonopoma_wertheimeri",112.124368256439,6508502.24115084,0.791799588071196,2.77156683249705,1.49868962418832,0,0,0
"Pogonopoma_obscurum",119.572502122807,7183824.65579189,0.787058842997009,2.82410746270182,1.49947642092202,0,0,0
"Pogonopoma_parahybae",123.738875371154,7729837.04109147,0.785117969134753,2.85213426674332,1.49490241764607,0,0,0
"Planiloricaria_cryptodon",132.46753412886,9179977.90023249,0.782854249399156,3.00161052039877,1.54356869394318,0,0,0
"Paulasquama_callis",0,0,0,0,0,0,0,0
"Paraloricaria_vetula",0,0,0,0,0,0,0,0
"Paraloricaria_agastor",76.4748021329995,6040482.54057614,0.337284158619982,2.91434534209725,1.43860512631086,0,0,0
"Paraloricaria_commersonoides",132.418948672666,20077115.6682623,0.324316453605288,3.35779308777497,1.33412265558063,0,0,0
"Paralithoxus_surinamensis",51.1536267296003,1310907.96044911,0.841427028093325,2.30850794847848,1.68401327092626,0,0,0
"Paralithoxus_stocki",64.5361619148888,2109108.25420487,0.826520962717153,2.44327578355181,1.63229136771465,0,0,0
"Paralithoxus_planquettei",66.1804447473271,2213666.10582164,0.824812317680304,2.45661333862509,1.62603689664094,0,0,0
"Paralithoxus_pallidimaculatus",54.7289004430201,1493840.76229935,0.836852444235765,2.34788644368234,1.67169722719856,0,0,0
"Paralithoxus_boujardi",62.9548647460523,1983756.10222524,0.82781085968657,2.43019738489045,1.64188947818409,0,0,0
"Paralithoxus_bovallii",61.2486071056266,1873902.9207742,0.8295420205172,2.41409189129275,1.64827452899524,0,0,0
"Otothyropsis_marapoama",40.8021107181263,1094702.06120682,0.672796238255831,1.7425022375101,1.23522765012523,0,0,0
"Otothyropsis_piribebuy",0,0,0,0,0,0,0,0
"Niobichthys_ferrarisi",53.5063146478861,1366740.2648966,0.835732679934362,2.23293468059414,1.58966793602346,0,0,0
"Neblinichthys_yaravi",36.8772865650604,883259.43206934,0.614862800778306,1.54308054118791,1.09445871907855,0,0,0
"Neblinichthys_roraima",38.3649668559844,959638.278456991,0.613035662150715,1.55780966083411,1.08810194638049,0,0,0
"Neblinichthys_pilosus",50.2053838397932,1657284.74028394,0.600386622102272,1.66266800123296,1.04942096828497,0,0,0
"Neblinichthys_brevibracchium",0,0,0,0,0,0,0,0
"Neblinichthys_echinasus",0,0,0,0,0,0,0,0
"Nannoptopoma_spectabile",0,0,0,0,0,0,0,0
"Nannoptopoma_sternoptychum",0,0,0,0,0,0,0,0
"Micracanthicus_vandragti",0,0,0,0,0,0,0,0
"Metaloricaria_nijsseni",156.82513959267,13042960.8155149,0.77299464196116,3.13699581271519,1.51352659324308,0,0,0
"Metaloricaria_paucidens",149.044420199218,12044504.6839158,0.776639088966629,3.09128422077892,1.51361703119746,0,0,0
"Lithoxus_lithoides",73.1681934708709,2711462.72669725,0.818396752466933,2.5177353724597,1.60505343137664,0,0,0
"Lithogenes_villosus",0,0,0,0,0,0,0,0
"Lithogenes_wahari",0,0,0,0,0,0,0,0
"Lipopterichthys_carrioni",69.7687490706322,2446703.42848483,0.82124230095429,2.48888576856997,1.61686708157209,0,0,0
"Limatulichthys_griseus",124.835740762062,8333556.0782006,0.787049449235968,2.95040378630015,1.54440416841549,0,0,0
"Leptoancistrus_canensis",68.8197756773152,2397699.28932383,0.822324953485579,2.47970838727682,1.61715122281807,0,0,0
"Leptoancistrus_cordobensis",48.6869397520155,1182819.2387936,0.844588044794508,2.28135728309981,1.69619549594195,0,0,0
"Lampiella_gibbosa",41.1579546235571,802257.875640058,0.852877761251777,2.09313370993236,1.64429683028098,0,0,0
"Isorineloricaria_spinosissima",176.455068884372,16393767.2756146,0.765100138657488,3.16057381941118,1.45063207773585,0,0,0
"Isorineloricaria_tenuicauda",174.010936570313,15484323.9850241,0.765166740766466,3.15218724388246,1.46117691372078,0,0,0
"Hopliancistrus_tricornis",90.9625996501916,4195183.25621108,0.804506439527704,2.65093292700418,1.55764525035886,0,0,0
"Hemiodontichthys_acipenserinus",0,0,0,0,0,0,0,0
"Guyanancistrus_brevispinis",92.1842289912912,4340139.25202731,0.803836764252603,2.65629279238384,1.5506980971339,0,0,0
"Furcodontichthys_novaesi",88.3564059675626,4101923.46703527,0.808021427379975,2.69397092179002,1.60401040852089,0,0,0
"Fonchiiichthys_rupestris",45.1751429614228,1403997.25639613,0.667345114666737,1.84107783610177,1.2387258250053,0,0,0
"Fonchiiichthys_uracanthus",0,0,0,0,0,0,0,0
"Exastilithoxus_fimbriatus",61.6144871340802,1901350.30842656,0.829216597652866,2.41637854629497,1.64524500387363,0,0,0
"Exastilithoxus_hoedemani",56.936738978141,1623018.91953036,0.834365631890659,2.37029763881875,1.66198776108236,0,0,0
"Etsaputu_relictum",0,0,0,0,0,0,0,0
"Dolichancistrus_pediculatus",78.0259096055546,3066266.62375106,0.814111428033153,2.55739460652727,1.59321296349709,0,0,0
"Dolichancistrus_cobrensis",70.3738605770014,2478823.77823571,0.820581036434298,2.49576893273152,1.61755431017563,0,0,0
"Dolichancistrus_atratoensis",71.709964843841,2577427.14727368,0.819415187589897,2.50770875840117,1.61373779758331,0,0,0
"Dolichancistrus_carnegiei",91.7774643659301,4226267.30136634,0.80365070859633,2.65725415948634,1.55879871634614,0,0,0
"Dentectus_barbarmatus",103.625835368297,5640156.52201574,0.798052614478444,2.81060018106277,1.57922521369142,0,0,0
"Curculionichthys_insperatus",0,0,0,0,0,0,0,0
"Curculionichthys_luteofrenatus",0,0,0,0,0,0,0,0
"Cordylancistrus_torbesensis",43.1450915270935,1182942.98983516,0.672124384603883,1.78349998125274,1.24365581213959,0,0,0
"Cordylancistrus_platyrhynchus",47.0371224008893,1394076.76640623,0.667376901717439,1.82140688642344,1.23158572575634,0,0,0
"Cordylancistrus_daguae",47.0371224008893,1394076.76640623,0.667376901717439,1.82140688642344,1.23158572575634,0,0,0
"Cordylancistrus_nephelion",0,0,0,0,0,0,0,0
"Brochiloricaria_chauliodon",148.516171888756,11870786.2449786,0.776656292811367,3.08919411493761,1.51641021980506,0,0,0
"Brochiloricaria_macrodon",148.516171888756,11870786.2449786,0.776656292811367,3.08919411493761,1.51641021980506,0,0,0
"Baryancistrus_xanthellus",0,0,0,0,0,0,0,0
"Baryancistrus_niveatus",60.0622396221008,2603475.23520084,0.539737877559652,1.62760355028122,0.910575803664403,0,0,0
"Baryancistrus_longipinnis",46.28075913986,1531187.66280563,0.55070964233928,1.52659498873302,0.942084427959194,0,0,0
"Baryancistrus_demantoides",0,0,0,0,0,0,0,0
"Baryancistrus_beggini",0,0,0,0,0,0,0,0
"Baryancistrus_chrysolomus",0,0,0,0,0,0,0,0
"Avalithoxus_jantjae",0,0,0,0,0,0,0,0
"Aposturisoma_myriodon",127.365263608059,8590277.56227301,0.785579266402855,2.96938608424499,1.54591460231624,0,0,0
"Andeancistrus_platycephalus",0,0,0,0,0,0,0,0
"Ancistomus_spinosissimus",0,0,0,0,0,0,0,0
"Ancistomus_spilomma",0,0,0,0,0,0,0,0
"Ancistomus_micrommatos",0,0,0,0,0,0,0,0
"Ancistomus_snethlageae",45.2312976312033,1367606.16622565,0.563473856656904,1.42111021669944,0.948469442620208,0,0,0
"Hisonotus_paulinus",26.1684432670058,686675.271336924,0.382520875302276,1.10615736276429,0.76406278199352,0,0,0
"Hisonotus_maculipinnis",26.1684432670058,686675.271336924,0.382520875302276,1.10615736276429,0.76406278199352,0,0,0
"Hisonotus_hungy",0,0,0,0,0,0,0,0
"Hisonotus_heterogaster",26.4846627772999,703469.232654898,0.382095214957734,1.10387498603751,0.757787628124385,0,0,0
"Hisonotus_depressinotus",24.489156847299,610191.671410445,0.384922598491256,1.10509355782971,0.784671800803692,0,0,0
"Hisonotus_depressicauda",27.5649002214141,757115.371130756,0.380718938309492,1.10711722246324,0.747817947761543,0,0,0
"Pareiorhaphis_stephanus",0,0,0,0,0,0,0,0
"Pareiorhaphis_regani",0,0,0,0,0,0,0,0
"Pareiorhaphis_mutuca",0,0,0,0,0,0,0,0
"Neoplecostomus_variipictus",23.3017194192337,818678.099218884,0.283050386773239,0.790118410236922,0.484987187790908,0,0,0
"Neoplecostomus_granosus",22.578224686808,774917.209988507,0.283814533678728,0.782474494362743,0.485013846171068,0,0,0
"Isbrueckerichthys_calvus",1.48913722217765,47611.212354409,0.0210728189151189,0.0569035698896087,0.0335019540454412,0,0,0
"Isbrueckerichthys_saxicola",1.46090985390748,46275.8966682288,0.0211107945446209,0.0565550751845482,0.0334670550693086,0,0,0
"Isbrueckerichthys_epakmos",0,0,0,0,0,0,0,0
"Isbrueckerichthys_duseni",0,0,0,0,0,0,0,0
"Isbrueckerichthys_alipionis",0,0,0,0,0,0,0,0
"Neoplecostomus_ribeirensis",12.0051870379703,427949.499919087,0.15134375158049,0.410801412287393,0.245444333731679,0,0,0
"Pareiorhaphis_hypselurus",0,0,0,0,0,0,0,0
"Pareiorhaphis_nudulus",0,0,0,0,0,0,0,0
"Pareiorhaphis_parmula",0,0,0,0,0,0,0,0
"Pareiorhaphis_eurycephalus",0,0,0,0,0,0,0,0
"Pareiorhaphis_vestigipinnis",0,0,0,0,0,0,0,0
"Pareiorhaphis_hystrix",0,0,0,0,0,0,0,0
"Pareiorhaphis_steindachneri",0,0,0,0,0,0,0,0
"Pareiorhaphis_cameroni",0,0,0,0,0,0,0,0
"Pareiorhaphis_azygolechis",0,0,0,0,0,0,0,0
"Pareiorhaphis_splendens",0,0,0,0,0,0,0,0
"Kronichthys_heylandi",0,0,0,0,0,0,0,0
"Kronichthys_subteres",0,0,0,0,0,0,0,0
"Kronichthys_lacerta",6.8126912362826,189678.032052442,0.115137898980402,0.286304506665424,0.18976744450147,0,0,0
"Neoplecostomus_selenae",0,0,0,0,0,0,0,0
"Neoplecostomus_paranensis",0,0,0,0,0,0,0,0
"Neoplecostomus_yapo",0,0,0,0,0,0,0,0
"Neoplecostomus_corumba",0,0,0,0,0,0,0,0
"Neoplecostomus_microps",0,0,0,0,0,0,0,0
"Neoplecostomus_espiritosantensis",11.1226031353217,402237.312596512,0.138419538432753,0.375603175586805,0.229396263723466,0,0,0
"Neoplecostomus_franciscoensis",12.8723035103174,484243.402782707,0.153863464509495,0.423118324377902,0.255610606050674,0,0,0
"Pareiorhina_brachyrhyncha",0,0,0,0,0,0,0,0
"Pareiorhina_carrancas",0,0,0,0,0,0,0,0
"Pareiorhaphis_nasuta",0,0,0,0,0,0,0,0
"Pareiorhaphis_scutula",0,0,0,0,0,0,0,0
"Pareiorhaphis_bahianus",0,0,0,0,0,0,0,0
"Pseudotocinclus_parahybae",13.6577205110996,117912.739488236,0.33303702862977,0.787948455948348,0.602749467794446,0,0,0
"Pseudotocinclus_tietensis",11.3421006431572,0,0.319707177835016,0.772970101046316,0.593409213888344,0,0,0
"Pseudotocinclus_juquiae",12.6122066676525,102811.762646133,0.33565957677405,0.790639150990651,0.625687075299116,0,0,0
"Pareiorhina_rudolphi",16.2584264872591,234921.171324707,0.336089686679423,0.815547898865715,0.599189549319344,0,0,0
"Parotocinclus_prata",0,0,0,0,0,0,0,0
"Parotocinclus_polyochrus",20.6370310553423,539509.019507738,0.319285655638361,0.865095411080566,0.614464998184223,0,0,0
"Parotocinclus_planicauda",0,0,0,0,0,0,0,0
"Parotocinclus_muriaensis",20.757249532119,546598.091583382,0.319150912032167,0.865907069065361,0.613481237570809,0,0,0
"Parotocinclus_longirostris",20.0195791531016,512846.814417736,0.320232065625497,0.86403324664779,0.621021199803961,0,0,0
"Parotocinclus_jimi",21.0758727434148,563836.754331268,0.318728232344408,0.865429867042411,0.608745509093112,0,0,0
"Parotocinclus_haroldoi",21.3397182531614,573997.664316348,0.318299362438475,0.865085894798222,0.605642500533435,0,0,0
"Parotocinclus_doceanus",22.3512727734512,620853.125873402,0.316836118337679,0.863306255255678,0.592680331669497,0,0,0
"Parotocinclus_cristatus",21.0758727434148,563836.754331268,0.318728232344408,0.865429867042411,0.608745509093112,0,0,0
"Parotocinclus_cesarpintoi",21.9343718411172,601064.596745886,0.31743109368141,0.864530946584908,0.598426450083969,0,0,0
"Parotocinclus_bahiensis",20.8016071757765,548745.026511139,0.3190710533773,0.864621569426769,0.611700160300295,0,0,0
"Parotocinclus_arandai",0,0,0,0,0,0,0,0
"Parotocinclus_amazonensis",18.4986666727202,441973.383461325,0.322461748456383,0.857325640509502,0.636125773604954,0,0,0
"Epactionotus_yasi",6.82967042038753,162035.546779335,0.10601039654204,0.254147985035672,0.179409230864971,0,0,0
"Epactionotus_bilineatus",6.87630529990309,163605.023058044,0.105935028841525,0.254310637555539,0.179117645493438,0,0,0
"Eurycheilichthys_limulus",4.39041824541475,111141.603120438,0.0630154798410197,0.153365381372569,0.106104704746156,0,0,0
"Eurycheilichthys_pantherinus",0,0,0,0,0,0,0,0
"Hisonotus_notatus",7.36745984792945,174956.538141055,0.112982237619613,0.269888169365425,0.189143974684728,0,0,0
"Hisonotus_taimensis",2.96002281834356,74350.8519720644,0.0421839592029445,0.101364409163544,0.0677599844376902,0,0,0
"Hisonotus_laevior",0,0,0,0,0,0,0,0
"Hisonotus_leucophrys",0,0,0,0,0,0,0,0
"Hisonotus_charrua",4.17585796161609,88975.5850236431,0.0722667598126719,0.166811869741287,0.119944300176183,0,0,0
"Hisonotus_leucofrenatus",7.85204863746223,211188.575698284,0.105235740857701,0.260564707727975,0.172885099589242,0,0,0
"Hisonotus_megaloplax",0,0,0,0,0,0,0,0
"Hisonotus_aky",2.10911533283712,45316.3925662263,0.0329373842045196,0.0756688499890034,0.0540957987826929,0,0,0
"Hisonotus_montanus",0,0,0,0,0,0,0,0
"Hisonotus_iota",0,0,0,0,0,0,0,0
"Hisonotus_nigricauda",0,0,0,0,0,0,0,0
"Hisonotus_ringueleti",0,0,0,0,0,0,0,0
"Pseudotothyris_obtusa",0,0,0,0,0,0,0,0
"Pseudotothyris_janeirensis",1.51154502914054,46617.8216705465,0.0185677275539963,0.0503343173427961,0.0325552141060735,0,0,0
"Hisonotus_francirochai",0,0,0,0,0,0,0,0
"Microlepidogaster_perforata",8.68565368524095,289561.939086832,0.115266916915298,0.294174880768543,0.1920712325319,0,0,0
"Microlepidogaster_longicolla",0,0,0,0,0,0,0,0
"Microlepidogaster_dimorpha",0,0,0,0,0,0,0,0
"Parotocinclus_bidentatus",10.5514121426753,294475.463836583,0.152210141177942,0.395524358460201,0.270556301534759,0,0,0
"Parotocinclus_maculicauda",0,0,0,0,0,0,0,0
"Parotocinclus_eppleyi",0,0,0,0,0,0,0,0
"Parotocinclus_britskii",0,0,0,0,0,0,0,0
"Hisonotus_chromodontus",0,0,0,0,0,0,0,0
"Parotocinclus_collinsae",20.3511052884025,591262.949389564,0.275702376234234,0.720996214431363,0.485719558985478,0,0,0
"Parotocinclus_aripuanensis",18.1951694597402,440575.672041207,0.312374722995291,0.817135488818807,0.602132840530296,0,0,0
"Parotocinclus_jumbo",0,0,0,0,0,0,0,0
"Otothyris_rostrata",0,0,0,0,0,0,0,0
"Otothyris_lophophanes",0,0,0,0,0,0,0,0
"Otothyris_travassosi",0,0,0,0,0,0,0,0
"Otothyris_juquiae",0,0,0,0,0,0,0,0
"Pareiorhaphis_garbei",0,0,0,0,0,0,0,0
"Schizolecis_guentheri",0,0,0,0,0,0,0,0
"Corumbataia_veadeiros",0,0,0,0,0,0,0,0
"Corumbataia_cuestae",3.11134931517051,128383.48957481,0.0364809076132031,0.107272889736212,0.0634109925257872,0,0,0
"Corumbataia_britskii",0,0,0,0,0,0,0,0
"Corumbataia_tocantinensis",3.21572527510431,135528.880730371,0.0364820007982201,0.107536985887939,0.0627840889318977,0,0,0
"Gymnotocinclus_anosteos",0,0,0,0,0,0,0,0
"Otocinclus_tapirape",0,0,0,0,0,0,0,0
"Otocinclus_mura",24.3456203021311,1008521.98065389,0.0784506043683451,0.852067712903579,0.494028091068813,0,0,0
"Otocinclus_mimulus",0,0,0,0,0,0,0,0
"Otocinclus_mariae",23.0522244487703,903932.360741821,0.0787792425890419,0.838456219042109,0.495645271920036,0,0,0
"Otocinclus_mangaba",0,0,0,0,0,0,0,0
"Otocinclus_macrospilus",23.9322848222388,970861.479794633,0.0785437077888052,0.84793219461375,0.494939404601723,0,0,0
"Otocinclus_huaorani",22.5865382272892,864734.088368802,0.0788934085796195,0.83356563596207,0.496623038171486,0,0,0
"Otocinclus_hoppei",23.0522244487703,903932.360741821,0.0787792425890419,0.838456219042109,0.495645271920036,0,0,0
"Otocinclus_hasemani",21.2255049566639,764932.380653501,0.0792961325858344,0.824549385428231,0.503326519738148,0,0,0
"Otocinclus_caxarari",21.4395251926098,786686.804378376,0.0792720799083361,0.831355758874847,0.505969686063346,0,0,0
"Otocinclus_bororo",22.149544677009,829286.402645304,0.0790044118638482,0.828886279044235,0.497496913826463,0,0,0
"Otocinclus_batmani",0,0,0,0,0,0,0,0
"Otocinclus_affinis",0,0,0,0,0,0,0,0
"Otocinclus_arnoldi",0,0,0,0,0,0,0,0
"Otocinclus_flexilis",0,0,0,0,0,0,0,0
"Otocinclus_xakriaba",21.0567066907152,783751.628448718,0.074754640379685,0.799149440647283,0.480366784296181,0,0,0
"Otocinclus_vestitus",0,0,0,0,0,0,0,0
"Otocinclus_vittatus",0,0,0,0,0,0,0,0
"Otocinclus_cocama",0,0,0,0,0,0,0,0
"Hypoptopoma_psilogaster",0,0,0,0,0,0,0,0
"Hypoptopoma_muzuspi",0,0,0,0,0,0,0,0
"Hypoptopoma_machadoi",21.3279695965542,574510.466632192,0.311431295544939,0.821923408601047,0.54604871440104,0,0,0
"Hypoptopoma_incognitum",0,0,0,0,0,0,0,0
"Hypoptopoma_elongatum",0,0,0,0,0,0,0,0
"Hypoptopoma_brevirostratum",0,0,0,0,0,0,0,0
"Hypoptopoma_bianale",0,0,0,0,0,0,0,0
"Hypoptopoma_baileyi",0,0,0,0,0,0,0,0
"Oxyropsis_acutirostris",13.4671217276499,319738.829297578,0.217022045108155,0.540366110085104,0.372296993049984,0,0,0
"Oxyropsis_carinata",1.54362973145784,51365.8096197681,0.0171344823193517,0.0470919299706178,0.0283607480736411,0,0,0
"Oxyropsis_wrightiana",0,0,0,0,0,0,0,0
"Hypoptopoma_thoracatum",0,0,0,0,0,0,0,0
"Hypoptopoma_guianense",0,0,0,0,0,0,0,0
"Hypoptopoma_gulare",0,0,0,0,0,0,0,0
"Hypoptopoma_steindachneri",0,0,0,0,0,0,0,0
"Hypoptopoma_inexspectatum",0,0,0,0,0,0,0,0
"Acestridium_triplax",0,0,0,0,0,0,0,0
"Acestridium_discus",18.3001421385893,743907.176403075,0.207232409867123,0.613196131901732,0.34775877922185,0,0,0
"Acestridium_dichromum",17.6197264831405,686087.113859807,0.20780010480612,0.606529881985788,0.348926267208805,0,0,0
"Acestridium_colombiense",0,0,0,0,0,0,0,0
"Acestridium_gymnogaster",17.1552122812142,648564.256945679,0.208207016059269,0.601848541267492,0.349689511201582,0,0,0
"Acestridium_martini",18.3001419827204,743907.170066849,0.207232408102018,0.613196126678876,0.347758776259779,0,0,0
"Acestridium_scutatum",17.1552122812111,648564.256945613,0.20820701605927,0.601848541267445,0.349689511201616,0,0,0
"Dekeyseria_niveata",47.5079627660582,1796183.94667189,0.502502106501114,1.53286891945262,0.92667185535752,0,0,0
"Dekeyseria_brachyura",47.6877202977114,1775147.25303872,0.502015590235581,1.53488626402188,0.929461993202302,0,0,0
"Dekeyseria_amazonica",54.8091274364772,2381065.4120163,0.496785567157901,1.58423158880452,0.908172158707953,0,0,0
"Leporacanthicus_joselimai",28.1074243399878,824845.09858937,0.409476675673129,1.09034470504745,0.725905871442051,0,0,0
"Leporacanthicus_galaxias",39.9198570662738,1701229.95817537,0.398589062707622,1.18185711242219,0.68719817039844,0,0,0
"Hemiancistrus_votouro",0,0,0,0,0,0,0,0
"Hemiancistrus_meizospilos",0,0,0,0,0,0,0,0
"Hemiancistrus_megacephalus",21.1115102135818,672106.127597318,0.309035758788779,0.821696091836055,0.543327454472533,0,0,0
"Hemiancistrus_landoni",26.7227734261114,1054747.79309753,0.303122166299713,0.868636032168352,0.527554478409883,0,0,0
"Hemiancistrus_hammarlundi",16.5931160838965,408815.048082146,0.314782789422089,0.776034144779672,0.562775797559523,0,0,0
"Hemiancistrus_guahiborum",24.1795226956388,876334.099877045,0.30567949131411,0.848244727289418,0.533577164054321,0,0,0
"Hemiancistrus_chlorostictus",22.8474448287492,792938.372032989,0.307184180572783,0.836256100246778,0.536052921847713,0,0,0
"Hemiancistrus_cerrado",0,0,0,0,0,0,0,0
"Panaqolus_purusiensis",18.9721912364439,788936.637615674,0.228459954613169,0.681266105884959,0.411507265799082,0,0,0
"Panaqolus_nocturnus",19.9663025399472,859768.334703078,0.227423493687729,0.690569690429258,0.410458622440988,0,0,0
"Panaqolus_gnomus",14.3049212489672,443045.965407772,0.233507364013078,0.637815320065938,0.429094198470601,0,0,0
"Panaqolus_dentex",15.1008334432785,495092.520259792,0.232531870434235,0.64572324880407,0.425456975032669,0,0,0
"Panaqolus_changae",0,0,0,0,0,0,0,0
"Panaqolus_albomaculatus",18.6102176897668,742375.42549455,0.228638323966714,0.679199986382448,0.414852356356826,0,0,0
"Aphanotorulus_phrixosoma",16.9076845059618,620227.167439942,0.230470972910318,0.66379910922274,0.419440191838765,0,0,0
"Aphanotorulus_horridus",32.0753678808258,2237650.69935874,0.219232922603973,0.781096518799137,0.389821485161279,0,0,0
"Aphanotorulus_emarginatus",0,0,0,0,0,0,0,0
"Hypostomus_wuchereri",23.9899774057251,3721131.74965068,0.126664666906905,0.705959405877094,0.242546837646234,0,0,0
"Hypostomus_wilsoni",20.2886033341397,2545340.76033839,0.128111834952941,0.673380753558227,0.247359577473196,0,0,0
"Hypostomus_weberi",16.4530885901392,1688133.97168501,0.13027203153972,0.639074472503281,0.253326332350708,0,0,0
"Hypostomus_watwata",28.3560321979362,4971801.44612579,0.124861091768996,0.743349028108962,0.242554207771473,0,0,0
"Hypostomus_vermicularis",17.1809157850255,1791368.88258397,0.129709672706662,0.646593552742098,0.253370714984135,0,0,0
"Hypostomus_ventromaculatus",0,0,0,0,0,0,0,0
"Hypostomus_variostictus",8.88164099405465,478162.709804767,0.136625849664793,0.552861893378623,0.277253223420985,0,0,0
"Hypostomus_varimaculosus",10.0404171040263,610497.186520972,0.135312846658173,0.569830567738662,0.273109365057001,0,0,0
"Hypostomus_variipictus",21.9676254031696,3050048.22543085,0.127426177143752,0.688622240538027,0.245026186677141,0,0,0
"Hypostomus_vaillanti",16.9457089575156,1763848.42716719,0.129903655765641,0.644105128667295,0.253179507172405,0,0,0
"Hypostomus_uruguayensis",0,0,0,0,0,0,0,0
"Hypostomus_unae",16.8579779043252,1726780.95397612,0.129907863834818,0.643468564720153,0.253862831978744,0,0,0
"Hypostomus_tietensis",14.1479198376215,1218101.84152328,0.131725370740357,0.617778990420075,0.260234353144909,0,0,0
"Hypostomus_ternetzi",0,0,0,0,0,0,0,0
"Hypostomus_tenuis",17.31394774301,1865486.42026511,0.129738972038242,0.646720121203677,0.251581466960419,0,0,0
"Hypostomus_tapijara",0,0,0,0,0,0,0,0
"Hypostomus_taphorni",18.5928869742766,2117236.019089,0.128939102405529,0.657686646965009,0.249725595509419,0,0,0
"Hypostomus_surinamensis",16.0828192066159,1580686.93135141,0.130418188513977,0.63646319005376,0.255349061945899,0,0,0
"Hypostomus_subcarinatus",22.8187047530668,3294736.77082895,0.127059804937578,0.696354623255766,0.244418998679767,0,0,0
"Hypostomus_soniae",16.0206249570598,1555824.00879145,0.130421342115214,0.635993596744111,0.255863334508165,0,0,0
"Hypostomus_sculpodon",0,0,0,0,0,0,0,0
"Hypostomus_scaphyceps",7.72682936628892,358673.325463032,0.138087100223343,0.534600003475352,0.282752739494329,0,0,0
"Hypostomus_saramaccensis",13.6169241648628,1121878.54942894,0.132097580896085,0.612414714448413,0.261951781288805,0,0,0
"Hypostomus_roseopunctatus",0,0,0,0,0,0,0,0
"Hypostomus_rondoni",10.4417465293171,662693.654496137,0.134909985038087,0.574776312131336,0.271262623969352,0,0,0
"Hypostomus_rhantos",0,0,0,0,0,0,0,0
"Hypostomus_pyrineusi",17.9375499118103,2012048.08298685,0.129393164398391,0.651178021758591,0.249672993210738,0,0,0
"Hypostomus_pusarum",16.1486226644439,1607318.32107446,0.130414865237831,0.63695843666721,0.254808224824397,0,0,0
"Hypostomus_punctatus",0,0,0,0,0,0,0,0
"Hypostomus_pseudohemiurus",10.1570790908087,627226.70823164,0.135204343222319,0.570883311428845,0.272188720685597,0,0,0
"Hypostomus_pospisili",18.0832357393931,1966558.57427321,0.129142715164566,0.65401314565922,0.251709647756122,0,0,0
"Hypostomus_plecostomus",0,0,0,0,0,0,0,0
"Hypostomus_piratatu",20.7709124947636,2611893.90739795,0.127789705002955,0.678788118594749,0.248173769299595,0,0,0
"Hypostomus_peckoltoides",0,0,0,0,0,0,0,0
"Hypostomus_paucipunctatus",16.9969556455846,1801809.97675811,0.129936634939817,0.643659376142496,0.252008763436006,0,0,0
"Hypostomus_paucimaculatus",13.8899240990878,1187956.82322912,0.131970915323471,0.615007607447318,0.260374300794573,0,0,0
"Hypostomus_paranensis",18.0832357393931,1966558.57427321,0.129142715164566,0.65401314565922,0.251709647756122,0,0,0
"Hypostomus_pantherinus",9.00959761163959,489757.001949645,0.136451364798245,0.554965257087043,0.277059712327836,0,0,0
"Hypostomus_pagei",0,0,0,0,0,0,0,0
"Hypostomus_oculeus",18.2073004444633,2022353.93096611,0.129137204786242,0.654865530300494,0.250817557793245,0,0,0
"Hypostomus_niceforoi",14.6641686606286,1299922.38866188,0.131323288655056,0.62311532701192,0.259263887137924,0,0,0
"Hypostomus_nematopterus",13.1836106984397,1051856.31243621,0.132437400606941,0.607956978356175,0.263229861355465,0,0,0
"Hypostomus_mutucae",13.2562201973535,1084576.58969423,0.132465830811257,0.607889638177803,0.261746363447906,0,0,0
"Hypostomus_multidens",0,0,0,0,0,0,0,0
"Hypostomus_micromaculatus",16.9457089575156,1763848.42716719,0.129903655765641,0.644105128667295,0.253179507172405,0,0,0
"Hypostomus_meleagris",21.8519935899475,2984888.25293399,0.127430374151474,0.687930278568577,0.2456986064134,0,0,0
"Hypostomus_maracaiboensis",0,0,0,0,0,0,0,0
"Hypostomus_macushi",0,0,0,0,0,0,0,0
"Hypostomus_macrops",21.2431706472678,2863564.54968983,0.127771776976608,0.681701364337451,0.245293393407231,0,0,0
"Hypostomus_macrophthalmus",11.4194047103978,788349.166282821,0.133938896967355,0.587432152009776,0.268388093195299,0,0,0
"Hypostomus_luteus",0,0,0,0,0,0,0,0
"Hypostomus_luteomaculatus",20.9534270632315,2707087.61925804,0.127782728158159,0.679920301860686,0.247048896079527,0,0,0
"Hypostomus_luetkeni",19.6739816158059,2399552.36959343,0.128425741758917,0.667206917741117,0.247667406094989,0,0,0
"Hypostomus_longiradiatus",22.8806690969552,3331499.66241626,0.127057654629945,0.696714442379124,0.244075057591964,0,0,0
"Hypostomus_lima",18.5506517480507,2097625.58355155,0.128940932374283,0.657401790278982,0.250020671734916,0,0,0
"Hypostomus_lexi",28.6602548846189,5193709.1109194,0.12485277655045,0.744861686267372,0.24121383429078,0,0,0
"Hypostomus_levis",16.9897588935457,1798690.32996955,0.12993697835838,0.643607451242356,0.252064189460825,0,0,0
"Hypostomus_latirostris",17.9375499118103,2012048.08298685,0.129393164398391,0.651178021758591,0.249672993210738,0,0,0
"Hypostomus_latifrons",21.2049762197837,2842556.0186075,0.127773211947115,0.681467711619147,0.245522719326343,0,0,0
"Hypostomus_laplatae",32.6049527610734,6856084.98891992,0.123705389098585,0.773004036732709,0.238356448042054,0,0,0
"Hypostomus_kopeyaka",0,0,0,0,0,0,0,0
"Hypostomus_johnii",13.5152011969922,1113613.69037656,0.132211016006027,0.611288911115728,0.261893413623572,0,0,0
"Hypostomus_jaguribensis",12.6592505816757,974856.606272084,0.132884095773059,0.601897770592438,0.264345119520352,0,0,0
"Hypostomus_itacua",12.1474751684111,893361.971878784,0.133294561434976,0.596058226545622,0.266045867398416,0,0,0
"Hypostomus_isbrueckeri",0,0,0,0,0,0,0,0
"Hypostomus_interruptus",13.8899240990878,1187956.82322912,0.131970915323471,0.615007607447318,0.260374300794573,0,0,0
"Hypostomus_hoplonites",22.9228159648325,3356681.54550846,0.127056195380756,0.696958733437971,0.243841923502723,0,0,0
"Hypostomus_holostictus",15.3000718329442,1412934.74393944,0.130878501429868,0.629544077809809,0.257894411011988,0,0,0
"Hypostomus_hemiurus",17.5875613802283,1905913.86214787,0.129535823274571,0.6495063367852,0.251620682319836,0,0,0
"Hypostomus_hemicochliodon",0,0,0,0,0,0,0,0
"Hypostomus_gymnorhynchus",20.2734424062474,2537566.96400342,0.12811243262153,0.67328486971008,0.24745561521696,0,0,0
"Hypostomus_goyazensis",17.9375499118103,2012048.08298685,0.129393164398391,0.651178021758591,0.249672993210738,0,0,0
"Hypostomus_garmani",0,0,0,0,0,0,0,0
"Hypostomus_francisci",24.5681295862782,3754623.10652284,0.126268592755558,0.712319363836915,0.24427968315068,0,0,0
"Hypostomus_fonchii",15.5488597661947,1474028.26188213,0.130753694883092,0.631230605245826,0.256535128663354,0,0,0
"Hypostomus_fluviatilis",16.0828192066159,1580686.93135141,0.130418188513977,0.63646319005376,0.255349061945899,0,0,0
"Hypostomus_faveolus",0,0,0,0,0,0,0,0
"Hypostomus_ericius",0,0,0,0,0,0,0,0
"Hypostomus_ericae",21.1342724628455,2803973.55851955,0.127775875174827,0.681034283971787,0.245948897355809,0,0,0
"Hypostomus_dlouhyi",19.1910368053746,2310270.07275946,0.128722162863989,0.661937379514866,0.247385446691424,0,0,0
"Hypostomus_denticulatus",0,0,0,0,0,0,0,0
"Hypostomus_crassicauda",15.0731107717083,1371202.75249005,0.131031946369906,0.627267750851027,0.258397663917492,0,0,0
"Hypostomus_cordovae",0,0,0,0,0,0,0,0
"Hypostomus_corantijni",16.9969556455846,1801809.97675811,0.129936634939817,0.643659376142496,0.252008763436006,0,0,0
"Hypostomus_coppenamensis",14.1479198376215,1218101.84152328,0.131725370740357,0.617778990420075,0.260234353144909,0,0,0
"Hypostomus_chrysostiktos",0,0,0,0,0,0,0,0
"Hypostomus_carvalhoi",15.0219234447439,1393558.45622644,0.131171326102797,0.626407162564953,0.25741465337869,0,0,0
"Hypostomus_carinatus",19.4475849271141,2288560.56710726,0.128435018398093,0.665737483110172,0.249160393828794,0,0,0
"Hypostomus_borellii",15.8879688130306,1557030.26780424,0.130584877488399,0.634388900859961,0.255282618575046,0,0,0
"Hypostomus_bolivianus",14.0442590971319,1212537.95357295,0.131848304155929,0.61659779388773,0.260032930039115,0,0,0
"Hypostomus_atropinnis",16.3438886686448,1642756.64221499,0.130277445493422,0.638264303020201,0.254203827068403,0,0,0
"Hypostomus_aspilogaster",20.2370068440331,2518957.92095037,0.128113870812188,0.673054198864577,0.247686865176621,0,0,0
"Hypostomus_aspidolepis",0,0,0,0,0,0,0,0
"Hypostomus_asperatus",18.6317838322522,2135418.64500899,0.128937420777881,0.657948524963694,0.249454742155537,0,0,0
"Hypostomus_argus",8.91516311620141,0,0.122570426350087,0.570585954916898,0.259816057944264,0,0,0
"Hypostomus_annectens",18.6511997247264,2144538.77121673,0.128936582692007,0.658079079349491,0.249319863248635,0,0,0
"Hypostomus_agna",16.7255280043546,1738804.6443743,0.13008984907424,0.641764977265095,0.252989481475502,0,0,0
"Hypostomus_nigromaculatus",2.2087486873921,88099.2260066233,0.0245735665939575,0.129698588239723,0.0493274559680884,0,0,0
"Hypostomus_regani",0,0,0,0,0,0,0,0
"Hypostomus_myersi",3.07331367374705,165930.914921542,0.0241020103912437,0.140624664016612,0.0474772543181878,0,0,0
"Hypostomus_margaritifer",5.00358492844631,247394.441305327,0.0304592157931132,0.185651930802484,0.0582935824471796,0,0,0
"Hypostomus_hermanni",0,0,0,0,0,0,0,0
"Hypostomus_alatus",3.51948296127176,44616.3125422053,0.0216002452080361,0.117789661217369,0.0393292531614273,0,0,0
"Hypostomus_microstomus",4.31986972276067,93496.2393140223,0.0331239718910029,0.177450620252755,0.0621564484758339,0,0,0
"Hypostomus_topavae",9.41871605182214,535427.748813116,0.0342258870874499,0.241133792727539,0.0651291432214674,0,0,0
"Hypostomus_iheringii",6.49994792760441,189242.177602698,0.0660549838655439,0.333573607670099,0.129441530463561,0,0,0
"Hypostomus_paulinus",10.2470473277219,483141.544949294,0.0807988257512627,0.439087447666642,0.156942884409825,0,0,0
"Hypostomus_heraldoi",0,0,0,0,0,0,0,0
"Hypostomus_albopunctatus",0,0,0,0,0,0,0,0
"Hypostomus_auroguttatus",0,0,0,0,0,0,0,0
"Hypostomus_strigaticeps",8.22430196698737,728839.602820827,0.0454183590538439,0.280207646006545,0.0887617891877708,0,0,0
"Hypostomus_hondae",0,0,0,0,0,0,0,0
"Hypostomus_plecostomoides",0,0,0,0,0,0,0,0
"Hypostomus_robinii",0,0,0,0,0,0,0,0
"Hypostomus_brevis",2.89339040536444,355680.236912456,0.0332260160879777,0.172768970691163,0.0685021143832268,0,0,0
"Hypostomus_derbyi",5.84380623537325,1456789.09373713,0.0314472507930487,0.205442476805726,0.0627395334608115,0,0,0
"Hypostomus_ancistroides",0,0,0,0,0,0,0,0
"Hypostomus_commersoni",0,0,0,0,0,0,0,0
"Hypostomus_affinis",0,0,0,0,0,0,0,0
"Hypostomus_boulengeri",0,0,0,0,0,0,0,0
"Hypostomus_cochliodon",0,0,0,0,0,0,0,0
"Hemiancistrus_fuliginosus",17.3000760166344,1570395.46015487,0.144199288890955,0.657759270793448,0.281592630441679,0,0,0
"Hemiancistrus_punctulatus",18.7438527413464,1804776.48165383,0.143192071544718,0.671509108081545,0.280063093884725,0,0,0
"Pterygoplichthys_xinguensis",26.926447965719,2609601.70773382,0.14775629389694,0.576273046664413,0.30505679752052,0,0,0
"Pterygoplichthys_weberi",0,0,0,0,0,0,0,0
"Pterygoplichthys_undecimalis",0,0,0,0,0,0,0,0
"Pterygoplichthys_punctatus",0,0,0,0,0,0,0,0
"Pterygoplichthys_parnaibae",26.1935404546955,2476825.76942586,0.148092876622544,0.572438016560361,0.306014560678462,0,0,0
"Pterygoplichthys_lituratus",29.1755882470471,3221595.03087,0.147072560710158,0.585694829010456,0.29829803725517,0,0,0
"Pterygoplichthys_ambrosettii",0,0,0,0,0,0,0,0
"Pterygoplichthys_scrophus",0,0,0,0,0,0,0,0
"Pterygoplichthys_pardalis",0,0,0,0,0,0,0,0
"Pterygoplichthys_disjunctivus",0,0,0,0,0,0,0,0
"Pterygoplichthys_gibbiceps",0,0,0,0,0,0,0,0
"Pterygoplichthys_joselimaianus",0,0,0,0,0,0,0,0
"Aphanotorulus_unicolor",0,0,0,0,0,0,0,0
"Parancistrus_aurantiacus",11.2568361513576,633973.260708154,0.0952299037193016,0.301447517606235,0.183644883773186,0,0,0
"Parancistrus_nudiventris",10.8745344990658,596311.478329588,0.0955136165689754,0.298758525716007,0.184102173074782,0,0,0
"Pterygoplichthys_multiradiatus",0,0,0,0,0,0,0,0
"Pterygoplichthys_etentaculatus",21.5318034764375,1819318.36922704,0.111846635098381,0.282014074152477,0.231072655983236,0,0,0
"Pterygoplichthys_zuliaensis",29.3912764980185,3320168.08133999,0.147065785654203,0.586517142108112,0.297159265161353,0,0,0
"Peckoltia_vermiculata",8.35397489624568,236464.417287284,0.106692104349242,0.287396743236734,0.180393431615664,0,0,0
"Peckoltia_sabaji",0,0,0,0,0,0,0,0
"Peckoltia_pankimpuju",8.35653201667414,236760.726145526,0.106691900571079,0.287413499060696,0.180364765374912,0,0,0
"Peckoltia_multispinis",8.08795922256744,218176.002353253,0.106906326435213,0.28532388221223,0.181736330164619,0,0,0
"Peckoltia_furcata",7.09806676553585,167668.390937644,0.108003210091644,0.276613709407868,0.185056668327729,0,0,0
"Peckoltia_compta",0,0,0,0,0,0,0,0
"Peckoltia_caenosa",0,0,0,0,0,0,0,0
"Peckoltia_brevis",0,0,0,0,0,0,0,0
"Peckoltia_braueri",0,0,0,0,0,0,0,0
"Peckoltia_bachi",0,0,0,0,0,0,0,0
"Peckoltia_oligospila",2.25089269359102,97512.6276034803,0.0270818601744851,0.0746019298066496,0.0475631141062693,0,0,0
"Peckoltia_lineola",0,0,0,0,0,0,0,0
"Peckoltia_cavatica",0,0,0,0,0,0,0,0
"Peckoltia_otali",0,0,0,0,0,0,0,0
"Peckoltia_capitulata",0,0,0,0,0,0,0,0
"Peckoltia_simulata",0,0,0,0,0,0,0,0
"Peckoltia_vittata",0,0,0,0,0,0,0,0
"Hypancistrus_zebra",0,0,0,0,0,0,0,0
"Hypancistrus_lunaorum",3.95252800873707,8341.00638468987,0.0738866243373277,0.144052059192106,0.112566775707169,0,0,0
"Hypancistrus_inspector",0,0,0,0,0,0,0,0
"Hypancistrus_furunculus",3.95252800873707,8341.00638468987,0.0738866243373277,0.144052059192106,0.112566775707169,0,0,0
"Hypancistrus_contradens",3.95252756423165,8341.00544665145,0.0738866160279615,0.144052042991862,0.112566763047793,0,0,0
"Hypancistrus_debilittera",3.95252800873707,8341.00638468987,0.0738866243373277,0.144052059192106,0.112566775707169,0,0,0
"Aphanotorulus_ammophilus",0,0,0,0,0,0,0,0
"Panaqolus_maccus",0,0,0,0,0,0,0,0
"Panaque_titan",4.11228509709928,136869.701651535,0.0532311204570831,0.141949273565256,0.0930816671832246,0,0,0
"Panaque_suttonorum",0,0,0,0,0,0,0,0
"Panaque_schaeferi",4.11228509709928,136869.701651535,0.0532311204570831,0.141949273565256,0.0930816671832246,0,0,0
"Panaque_bathyphilus",2.18748054107096,38991.3411038403,0.055955009958921,0.121948416109533,0.101058958826537,0,0,0
"Panaque_armbrusteri",4.80252902793243,186763.290777517,0.052601676973225,0.148600515260342,0.0922289041487661,0,0,0
"Panaque_cochliodon",3.8247918110492,116709.855608685,0.0535021332794861,0.139043982848235,0.0937746589202303,0,0,0
"Panaque_nigrolineatus",5.40955140203096,249803.185351171,0.0522160678692659,0.153509454015164,0.0905291194814252,0,0,0
"Hemiancistrus_medians",25.8190324926689,1226085.69901409,0.24792014541801,0.744961068433462,0.429045573729474,0,0,0
"Hemiancistrus_subviridis",0,0,0,0,0,0,0,0
"Leporacanthicus_heterodon",21.7753290803402,810158.867682377,0.286511386605331,0.822758775502705,0.502309845873476,0,0,0
"Pseudacanthicus_spinosus",21.2491441847853,1391151.93112479,0.17084997106068,0.594372013982101,0.29457244603644,0,0,0
"Pseudacanthicus_serratus",24.2214149648173,1902219.04154831,0.169432814869107,0.616221207494604,0.289052414862814,0,0,0
"Pseudacanthicus_histrix",40.7139349656734,5666747.66471885,0.163101551383758,0.716444899918111,0.277135199143815,0,0,0
"Pseudacanthicus_leopardus",0,0,0,0,0,0,0,0
"Pseudacanthicus_fordii",18.2276913110049,1022892.38146311,0.17291977898901,0.572856051990664,0.300639388054619,0,0,0
"Megalancistrus_parananus",0,0,0,0,0,0,0,0
"Megalancistrus_barrae",19.5601468445629,733583.125286229,0.218352288499251,0.631603617760406,0.366997241502462,0,0,0
"Acanthicus_adonis",38.0694826745484,1575462.4410695,0.384733700632677,1.13386960892526,0.667620498230677,0,0,0
"Acanthicus_hystrix",66.1604854731307,5232171.96795532,0.369857767295174,1.3207010151267,0.627970989597196,0,0,0
"Leporacanthicus_triactis",41.2546005524166,1838046.88252378,0.382204539178081,1.1546313665082,0.660193147190329,0,0,0
"Chaetostoma_yurubiense",20.1550202116726,768472.986331482,0.230112519112875,0.640038351417167,0.400593715942179,0,0,0
"Chaetostoma_venezuelae",13.5661527745141,348003.566065694,0.237402339738084,0.582827723956838,0.423008084102485,0,0,0
"Chaetostoma_vasquezi",20.9305067469505,845249.34966501,0.229573116913279,0.64448257976059,0.396251604451664,0,0,0
"Chaetostoma_vagum",15.6746713575625,468124.783004976,0.234779259652067,0.603218932490482,0.414336282156384,0,0,0
"Chaetostoma_thomsoni",19.0128283420518,694097.488499403,0.231287167614165,0.630640977141101,0.402362078747837,0,0,0
"Chaetostoma_taczanowskii",18.3778437075871,636759.784594314,0.231767189028615,0.626387977101663,0.406066090317797,0,0,0
"Chaetostoma_tachiraense",14.7104728188556,408542.206865795,0.235877399830459,0.594014878559762,0.418350587445461,0,0,0
"Chaetostoma_stroumpoulos",17.768551707332,608686.278928575,0.232555525436426,0.620448522177304,0.405713080203398,0,0,0
"Chaetostoma_stannii",19.9384963687158,769056.368616076,0.230477095436226,0.637286111308951,0.398878483476817,0,0,0
"Chaetostoma_sovichthys",13.4379103432287,341710.963834919,0.237581500526454,0.581173645831298,0.42317392748295,0,0,0
"Chaetostoma_pearsei",17.3362664460634,574824.67691312,0.232951668406406,0.617614743646766,0.408267648679511,0,0,0
"Chaetostoma_paucispinis",13.6082740246665,347798.891418587,0.237285703106859,0.583150111869627,0.423165381310738,0,0,0
"Chaetostoma_patiae",19.4506454693096,713305.664607537,0.230728619950044,0.634469741855951,0.402587267534718,0,0,0
"Chaetostoma_palmeri",13.956482080419,367100.853847044,0.236841988396335,0.586584796077363,0.421416254868475,0,0,0
"Chaetostoma_mollinasum",13.0655594843601,324816.815725458,0.238150313137785,0.577017891167466,0.424151881052091,0,0,0
"Chaetostoma_milesi",18.7067537365929,670066.591169042,0.2315601897491,0.628206986473307,0.403416170532038,0,0,0
"Chaetostoma_microps",13.5587578121311,347228.011616361,0.237403147563687,0.582767190560914,0.423127868647325,0,0,0
"Chaetostoma_marmorescens",18.1029650015712,616364.646324186,0.232022882769237,0.624166024668859,0.407063859352851,0,0,0
"Chaetostoma_marginatum",19.3010372412159,714693.896530507,0.231007211327482,0.632975660642975,0.401657134370827,0,0,0
"Chaetostoma_loborhynchos",18.4489428668683,652417.197254043,0.231821657414353,0.626094442917527,0.40407357749955,0,0,0
"Chaetostoma_leucomelas",21.6669859851571,895562.143865995,0.228863752007052,0.650397531501465,0.395565927423034,0,0,0
"Chaetostoma_lepturum",22.3904785256474,943236.792695299,0.228161092913112,0.655553488170756,0.394686859817178,0,0,0
"Chaetostoma_jegui",0,0,0,0,0,0,0,0
"Chaetostoma_guairense",14.2379001611482,383800.128581927,0.2365097638565,0.589498653864051,0.420100411862825,0,0,0
"Chaetostoma_formosae",0,0,0,0,0,0,0,0
"Chaetostoma_fischeri",23.7977351979342,1055635.45477367,0.226990867657042,0.66494531164133,0.391854248641419,0,0,0
"Chaetostoma_dupouii",14.0919104675523,373477.393293685,0.236649776016179,0.588321462403531,0.42137188574889,0,0,0
"Chaetostoma_dorsale",14.7977125020905,418547.261594705,0.235868695900711,0.594684338360704,0.417068051226038,0,0,0
"Chaetostoma_dermorhynchum",21.9512034238668,903277.537970444,0.228493531135052,0.652936647046486,0.396348899164755,0,0,0
"Chaetostoma_daidalmatos",17.768551707332,608686.278928575,0.232555525436426,0.620448522177304,0.405713080203398,0,0,0
"Chaetostoma_changae",0,0,0,0,0,0,0,0
"Chaetostoma_brevilabiatum",17.0770322945038,554012.615959326,0.233174404744537,0.615547621461871,0.40965191412066,0,0,0
"Chaetostoma_breve",23.7977351979342,1055635.45477367,0.226990867657042,0.66494531164133,0.391854248641419,0,0,0
"Chaetostoma_branickii",17.9061528080083,606227.889397759,0.232265283096247,0.622470374570299,0.407272581307717,0,0,0
"Chaetostoma_anale",19.5579835726425,729550.462858093,0.23072069580253,0.635135233538674,0.401438434438289,0,0,0
"Chaetostoma_alternifasciatum",19.2276222532039,697603.893955587,0.230952036408978,0.633289013753908,0.403643402382523,0,0,0
"Chaetostoma_aburrensis",17.768551707332,608686.278928575,0.232555525436426,0.620448522177304,0.405713080203398,0,0,0
"Chaetostoma_anomalum",0,0,0,0,0,0,0,0
"Chaetostoma_lineopunctatum",0,0,0,0,0,0,0,0
"Corymbophanes_kaiei",19.448840032325,553818.641505383,0.30713144498227,0.794112054609597,0.525295667095062,0,0,0
"Corymbophanes_andersoni",0,0,0,0,0,0,0,0
"Ancistrus_verecundus",0,0,0,0,0,0,0,0
"Ancistrus_variolus",6.04665140758633,44177.251677389,0.129937477605166,0.248600416714705,0.208361232557207,0,0,0
"Ancistrus_triradiatus",7.99838128509115,76979.861461171,0.127061564924018,0.264197849999622,0.199210315022937,0,0,0
"Ancistrus_tombador",0,0,0,0,0,0,0,0
"Ancistrus_temminckii",0,0,0,0,0,0,0,0
"Ancistrus_taunayi",0,0,0,0,0,0,0,0
"Ancistrus_tamboensis",7.6099646068723,69742.047612554,0.127568810401352,0.26133880804476,0.200792354611413,0,0,0
"Ancistrus_stigmaticus",9.92901325530709,121282.711290863,0.124991642011595,0.276736435405432,0.191497134861701,0,0,0
"Ancistrus_spinosus",10.9392963965726,144972.63126465,0.124000985748041,0.28498835411097,0.191058314925642,0,0,0
"Ancistrus_sericeus",6.14552083192212,45903.5887156885,0.129795332907381,0.249375825563166,0.207509143056766,0,0,0
"Ancistrus_reisi",0,0,0,0,0,0,0,0
"Ancistrus_piriformis",7.65783894068731,71554.8553058009,0.127563817789237,0.261651200599362,0.200139538594713,0,0,0
"Ancistrus_parecis",0,0,0,0,0,0,0,0
"Ancistrus_occloi",8.77878931275682,93118.4297696556,0.126135397927835,0.269123949819633,0.195622673249338,0,0,0
"Ancistrus_occidentalis",7.75999442299327,73268.2072452611,0.127415073243096,0.26231186988793,0.19969845633132,0,0,0
"Ancistrus_nudiceps",7.50418111156805,67806.5448404215,0.127712118797496,0.260658638889585,0.201373524739389,0,0,0
"Ancistrus_mullerae",0,0,0,0,0,0,0,0
"Ancistrus_montanus",7.99838128509115,76979.861461171,0.127061564924018,0.264197849999622,0.199210315022937,0,0,0
"Ancistrus_minutus",0,0,0,0,0,0,0,0
"Ancistrus_megalostomus",7.65783894068731,71554.8553058009,0.127563817789237,0.261651200599362,0.200139538594713,0,0,0
"Ancistrus_martini",7.89975065784454,75687.2980252399,0.127223371819435,0.263537027795691,0.199424496450889,0,0,0
"Ancistrus_marcapatae",8.3031463601163,84101.3340528066,0.126738311080585,0.265896261024606,0.19712994523912,0,0,0
"Ancistrus_malacops",7.40477861376197,66559.3424417364,0.127881236760323,0.259724939433077,0.20137528109348,0,0,0
"Ancistrus_maculatus",8.88653786847096,94777.1095797507,0.125988685740306,0.270186338514682,0.195773268452964,0,0,0
"Ancistrus_macrophthalmus",7.50418111156805,67806.5448404215,0.127712118797496,0.260658638889585,0.201373524739389,0,0,0
"Ancistrus_lithurgicus",9.25057321422208,102835.936751721,0.125584559952357,0.272026183680378,0.193951951028498,0,0,0
"Ancistrus_lineolatus",7.92828898684758,75540.0402074182,0.127145437894338,0.263734288696169,0.199577419707008,0,0,0
"Ancistrus_leucostictus",0,0,0,0,0,0,0,0
"Ancistrus_latifrons",10.040761887722,121874.412725141,0.124810564009355,0.277896213000332,0.19211115633423,0,0,0
"Ancistrus_jelskii",6.933935735961,58362.654943266,0.12855435875586,0.256248582103401,0.203764355424299,0,0,0
"Ancistrus_jataiensis",0,0,0,0,0,0,0,0
"Ancistrus_hoplogenys",0,0,0,0,0,0,0,0
"Ancistrus_heterorhynchus",6.8177762027546,56653.9367412501,0.128745398303163,0.255291190907628,0.204179586575823,0,0,0
"Ancistrus_gymnorhynchus",0,0,0,0,0,0,0,0
"Ancistrus_fulvus",7.83504358153733,75012.8541726897,0.127335914663269,0.262799053982018,0.199191485781995,0,0,0
"Ancistrus_formoso",0,0,0,0,0,0,0,0
"Ancistrus_eustictus",11.0523171934769,151199.952285772,0.123993031840899,0.285546910697826,0.190041280798403,0,0,0
"Ancistrus_dubius",9.10737311490423,100700.479441205,0.125789464645448,0.271320109129799,0.194348221935186,0,0,0
"Ancistrus_damasceni",6.88967298517256,57923.6476000359,0.128640374197797,0.255697142975084,0.203605012647889,0,0,0
"Ancistrus_cuiabae",8.78529071852368,92569.8310324559,0.126100424621813,0.269503285281237,0.196148131729761,0,0,0
"Ancistrus_cryptophthalmus",0,0,0,0,0,0,0,0
"Ancistrus_clementinae",8.31614034239206,84641.1781124109,0.126737074279123,0.265975477701528,0.196969941828003,0,0,0
"Ancistrus_claro",6.92484408015023,58513.577446475,0.128586600225095,0.255895842253909,0.203347676811969,0,0,0
"Ancistrus_chagresi",11.6199869299263,168271.332029422,0.123545519670414,0.28970262476053,0.189200458283868,0,0,0
"Ancistrus_centrolepis",11.2331154730138,153989.900032807,0.123779535401638,0.287121996292937,0.190453875461115,0,0,0
"Ancistrus_caucanus",6.26781302210658,47955.1123533988,0.129614856250767,0.250602795015182,0.206880271320964,0,0,0
"Ancistrus_bufonius",8.78529071852368,92569.8310324559,0.126100424621813,0.269503285281237,0.196148131729761,0,0,0
"Ancistrus_brevifilis",8.88653786847096,94777.1095797507,0.125988685740306,0.270186338514682,0.195773268452964,0,0,0
"Ancistrus_bolivianus",7.83504358153733,75012.8541726897,0.127335914663269,0.262799053982018,0.199191485781995,0,0,0
"Ancistrus_bodenhameri",8.71719526305283,92540.1239413906,0.126240629100111,0.268679569970804,0.195580089599391,0,0,0
"Ancistrus_aguaboensis",0,0,0,0,0,0,0,0
"Ancistrus_agostinhoi",0,0,0,0,0,0,0,0
"Ancistrus_abilhoai",0,0,0,0,0,0,0,0
"Ancistrus_multispinis",4.45775264457939,51128.0011259771,0.0516632410272389,0.115671925162932,0.079777533356431,0,0,0
"Ancistrus_cirrhosus",0,0,0,0,0,0,0,0
"Ancistrus_brevipinnis",8.14759508893671,61580.3687771542,0.100953449995525,0.198751585716781,0.158091894974614,0,0,0
"Ancistrus_dolichopterus",0,0,0,0,0,0,0,0
"Ancistrus_pirareta",0,0,0,0,0,0,0,0
"Ancistrus_ranunculus",0,0,0,0,0,0,0,0
"Pseudolithoxus_tigris",0,0,0,0,0,0,0,0
"Pseudolithoxus_nicoi",0,0,0,0,0,0,0,0
"Pseudolithoxus_kelsorum",0,0,0,0,0,0,0,0
"Pseudolithoxus_dumus",0,0,0,0,0,0,0,0
"Pseudolithoxus_anthrax",0,0,0,0,0,0,0,0
"Lasiancistrus_schomburgkii",16.4074240979096,568189.286389347,0.194595729669196,0.535421005009263,0.32449373763028,0,0,0
"Lasiancistrus_heteracanthus",0,0,0,0,0,0,0,0
"Lasiancistrus_guacharote",0,0,0,0,0,0,0,0
"Lasiancistrus_tentaculatus",16.6039809198561,578229.806531894,0.194371290852447,0.537056232456084,0.324377142923008,0,0,0
"Lasiancistrus_caucanus",20.5161791485945,880216.636616395,0.191128092985926,0.563881825924909,0.314679150947822,0,0,0
"Dekeyseria_pulchra",0,0,0,0,0,0,0,0
"Dekeyseria_picta",1.6977110853761,67214.2848968737,0.0177803958405021,0.0527190485286548,0.0320120311671325,0,0,0
"Pseudancistrus_yekuana",9.1501932821149,168981.405795539,0.216038099457367,0.477319199387017,0.371742352294617,0,0,0
"Pseudancistrus_sidereus",0,0,0,0,0,0,0,0
"Pseudancistrus_reus",0,0,0,0,0,0,0,0
"Pseudancistrus_pectegenitor",20.5788225233924,871090.58027225,0.202799045814275,0.577713276154469,0.33125250647396,0,0,0
"Pseudancistrus_orinoco",12.5507744810332,317050.760826846,0.210720605811335,0.515598303048497,0.357247161921051,0,0,0
"Pseudancistrus_nigrescens",16.5213529430134,553320.877178513,0.206246090428091,0.549444221994667,0.34297448669135,0,0,0
"Pseudancistrus_longispinis",13.998951827602,401123.176268628,0.209032170557724,0.528579780264866,0.350571538095836,0,0,0
"Pseudancistrus_kwinti",13.3527899123356,360171.889531573,0.209714902959118,0.522751553764516,0.353609563826233,0,0,0
"Pseudancistrus_guentheri",13.656199626779,377183.179352541,0.209356692323031,0.525813978570434,0.352703401009466,0,0,0
"Pseudancistrus_genisetiger",13.9345205770142,393622.455830693,0.209038188610639,0.528115476863153,0.351412337335391,0,0,0
"Pseudancistrus_depressus",14.1483113164213,410312.343887642,0.208866550231944,0.529807762490702,0.349895544132038,0,0,0
"Pseudancistrus_corantijniensis",0,0,0,0,0,0,0,0
"Pseudancistrus_coquenani",12.4445289025191,313349.388579741,0.21089556647982,0.514170176438245,0.35701152711361,0,0,0
"Pseudancistrus_niger",17.0434005058063,588380.676594826,0.205737289521464,0.553659223992614,0.34168291769703,0,0,0
"Pseudancistrus_barbatus",18.9378651536365,731171.850443163,0.204077623854504,0.567287153812958,0.336161526710242,0,0,0
"Dekeyseria_scaphirhyncha",59.0286606808892,2776800.83436158,0.493970191858703,1.61090607670067,0.897205083069537,0,0,0
"Farlowella_vittata",44.5285918800743,893792.322419511,0.528486575080345,1.3918115695431,0.909914098854126,0,0,0
"Farlowella_venezuelensis",41.5760903022056,780294.660432826,0.531342059964342,1.36670460669666,0.915901832942145,0,0,0
"Farlowella_smithi",28.7082780472079,365560.305807803,0.546537148769683,1.23884057084682,0.9526236837795,0,0,0
"Farlowella_schreitmuelleri",39.4487474903554,719951.35376026,0.533956869379798,1.34590349404242,0.915489979229543,0,0,0
"Farlowella_rugosa",43.3530396712331,842685.442177591,0.529490432917846,1.38221369562425,0.913290887074825,0,0,0
"Farlowella_reticulata",0,0,0,0,0,0,0,0
"Farlowella_paraguayensis",38.9711649048653,679765.464143216,0.533873716368579,1.34423155619581,0.923703214848598,0,0,0
"Farlowella_oxyrryncha",0,0,0,0,0,0,0,0
"Farlowella_odontotumulus",38.9711649048653,679765.464143216,0.533873716368579,1.34423155619581,0.923703214848598,0,0,0
"Farlowella_martini",40.9912711365772,769537.760354785,0.532192500628717,1.36097058165902,0.914611034063027,0,0,0
"Farlowella_mariaelenae",38.2224538797335,657766.726488272,0.534775728717851,1.33615881644891,0.923553585526197,0,0,0
"Farlowella_knerii",37.1109457646996,632077.803131048,0.536348451492373,1.3242124834295,0.922109777026979,0,0,0
"Farlowella_jauruensis",33.2555126805069,491963.976136632,0.54037963277534,1.28842547764548,0.938765210517805,0,0,0
"Farlowella_isbruckeri",33.6271735419544,514853.071848793,0.540342153971809,1.29115613012116,0.933363081284269,0,0,0
"Farlowella_henriquei",37.6339140134547,640817.395481503,0.535515139383182,1.33064527104891,0.924250418565039,0,0,0
"Farlowella_hahni",41.8757416349135,803563.926163693,0.531318247141351,1.36857556317357,0.912492694866395,0,0,0
"Farlowella_gracilis",42.7641250938455,836205.243281552,0.530410818893133,1.37626381817444,0.910944148316897,0,0,0
"Farlowella_curtirostra",35.7062484017358,577784.352387788,0.53773631229543,1.31184814167046,0.928489000896718,0,0,0
"Farlowella_colombiensis",37.0433546726735,622670.764513616,0.536231264834629,1.32516799868065,0.925372607623403,0,0,0
"Farlowella_altocorpus",0,0,0,0,0,0,0,0
"Farlowella_acus",0,0,0,0,0,0,0,0
"Loricaria_tucumanensis",25.6599907719357,529481.000430344,0.470194344454223,1.09640660042924,0.853665900645158,0,0,0
"Loricaria_spinulifera",0,0,0,0,0,0,0,0
"Loricaria_pumila",0,0,0,0,0,0,0,0
"Loricaria_piracicabae",30.7411080026499,767069.688784166,0.463775372513467,1.14963267207696,0.836773508105886,0,0,0
"Loricaria_nickeriensis",25.4368516378819,528053.148766781,0.470744037707216,1.09277399917364,0.851330076843815,0,0,0
"Loricaria_lundbergi",0,0,0,0,0,0,0,0
"Loricaria_lata",39.3182041422139,1301164.12819648,0.455539888791386,1.22530722714469,0.810481138892796,0,0,0
"Loricaria_holmbergi",25.3346007336881,515628.59845825,0.470650625434596,1.09307129112748,0.855260604135453,0,0,0
"Loricaria_cataphracta",0,0,0,0,0,0,0,0
"Loricaria_birindellii",0,0,0,0,0,0,0,0
"Loricaria_apeltogaster",43.3095806684259,1596704.02625972,0.452297435636727,1.25640043705138,0.800752002144748,0,0,0
"Loricariichthys_ucayalensis",31.4945318108016,740267.867445075,0.404029639752648,1.04246589063824,0.701313203836881,0,0,0
"Loricariichthys_stuebelii",32.5418989739677,772792.150777864,0.40270237178894,1.05308146595507,0.70282133402825,0,0,0
"Loricariichthys_rostratus",40.1920813882913,1182527.85199254,0.39621437489752,1.11621777029141,0.69002373145085,0,0,0
"Loricariichthys_nudirostris",36.8251197489352,988985.301039031,0.398861817218607,1.09012614014069,0.696001916651629,0,0,0
"Loricariichthys_melanocheilus",51.7374885107743,2064408.35128622,0.389236650308468,1.19463028392677,0.668473962723338,0,0,0
"Loricariichthys_labialis",35.3186372977676,932501.776227119,0.400485847563664,1.07613982787769,0.69453242750864,0,0,0
"Loricariichthys_hauxwelli",38.299915334738,1097501.50395219,0.397995132040226,1.10069865655707,0.689889136156365,0,0,0
"Loricariichthys_edentatus",24.4410533401869,428621.108665399,0.411489474196789,0.973543190076126,0.722347201063268,0,0,0
"Loricariichthys_derbyi",33.7614020879231,859145.529452457,0.401995655213235,1.06216474045038,0.695718689015874,0,0,0
"Loricariichthys_chanjoo",38.299915334738,1097501.50395219,0.397995132040226,1.10069865655707,0.689889136156365,0,0,0
"Loricariichthys_cashibo",38.299915334738,1097501.50395219,0.397995132040226,1.10069865655707,0.689889136156365,0,0,0
"Loricariichthys_brunneus",38.299915334738,1097501.50395219,0.397995132040226,1.10069865655707,0.689889136156365,0,0,0
"Loricariichthys_acutus",0,0,0,0,0,0,0,0
"Rineloricaria_zaina",0,0,0,0,0,0,0,0
"Rineloricaria_wolfei",16.3071388994786,236168.484725945,0.259215695837992,0.579464780998546,0.405152235722872,0,0,0
"Rineloricaria_tropeira",0,0,0,0,0,0,0,0
"Rineloricaria_thrissoceps",16.3071388994786,236168.484725945,0.259215695837992,0.579464780998546,0.405152235722872,0,0,0
"Rineloricaria_teffeana",16.5872625100071,245694.678493662,0.258918665909996,0.581830622941757,0.403891405504878,0,0,0
"Rineloricaria_strigilata",0,0,0,0,0,0,0,0
"Rineloricaria_stewarti",13.8022490045144,167901.197153791,0.262525118474,0.554057671056769,0.412037570193321,0,0,0
"Rineloricaria_stellata",0,0,0,0,0,0,0,0
"Rineloricaria_steindachneri",17.4928535981239,277198.16586518,0.257970281017529,0.589397538165171,0.400261386060767,0,0,0
"Rineloricaria_setepovos",0,0,0,0,0,0,0,0
"Rineloricaria_sanga",0,0,0,0,0,0,0,0
"Rineloricaria_reisi",0,0,0,0,0,0,0,0
"Rineloricaria_quadrensis",16.9892234386055,262667.148933534,0.258601825106082,0.585004421949026,0.401281403938671,0,0,0
"Rineloricaria_phoxocephala",17.1667046921936,265375.323637139,0.258297701100314,0.586709495360849,0.401598614851634,0,0,0
"Rineloricaria_osvaldoi",0,0,0,0,0,0,0,0
"Rineloricaria_nigricauda",10.9093590102918,105128.990763166,0.26738942397005,0.520198857845854,0.421210164526234,0,0,0
"Rineloricaria_morrowi",16.3071388994786,236168.484725945,0.259215695837992,0.579464780998546,0.405152235722872,0,0,0
"Rineloricaria_misionera",0,0,0,0,0,0,0,0
"Rineloricaria_microlepidota",16.2975384645032,235600.08334073,0.259216648496662,0.579399779491224,0.405276149225315,0,0,0
"Rineloricaria_microlepidogaster",0,0,0,0,0,0,0,0
"Rineloricaria_melini",15.8651871221021,226851.175213464,0.259891800970596,0.574359550010931,0.404493856459045,0,0,0
"Rineloricaria_maquinensis",0,0,0,0,0,0,0,0
"Rineloricaria_magdalenae",17.903683983751,346102.440159624,0.259064641853314,0.589867320927712,0.385970626781989,0,0,0
"Rineloricaria_maacki",0,0,0,0,0,0,0,0
"Rineloricaria_longicauda",0,0,0,0,0,0,0,0
"Rineloricaria_lima",16.3071388994786,236168.484725945,0.259215695837992,0.579464780998546,0.405152235722872,0,0,0
"Rineloricaria_langei",0,0,0,0,0,0,0,0
"Rineloricaria_lanceolata",13.8570641314155,170646.468168788,0.262518624817549,0.55447616412072,0.411190396346374,0,0,0
"Rineloricaria_kronei",16.2975384645032,235600.08334073,0.259216648496662,0.579399779491224,0.405276149225315,0,0,0
"Rineloricaria_konopickyi",13.4985356042281,160768.072080022,0.262989653009558,0.550763847690243,0.412842608976024,0,0,0
"Rineloricaria_jubata",20.6068824711468,387666.694153288,0.254775329534159,0.615786028724303,0.393543842977522,0,0,0
"Rineloricaria_isaaci",0,0,0,0,0,0,0,0
"Rineloricaria_hoehnei",10.2756536999169,92785.4826952874,0.268591353389077,0.512195572190858,0.424257465684573,0,0,0
"Rineloricaria_heteroptera",16.1094132753398,233035.471375961,0.25955519163843,0.577061911539915,0.404457294402496,0,0,0
"Rineloricaria_hasemani",19.9887833760559,358387.947317955,0.255226268802345,0.611243439413109,0.396154297029259,0,0,0
"Rineloricaria_formosa",17.2756513293006,272334.558820101,0.258287503485374,0.587416979951122,0.40028149755044,0,0,0
"Rineloricaria_felipponei",16.2975384645032,235600.08334073,0.259216648496662,0.579399779491224,0.405276149225315,0,0,0
"Rineloricaria_eigenmanni",13.9334209360616,174526.962856657,0.262509622183421,0.555056891962428,0.410018742919049,0,0,0
"Rineloricaria_daraha",0,0,0,0,0,0,0,0
"Rineloricaria_cubataonis",9.86908326040711,84722.2535986859,0.269338605309604,0.506703419507933,0.426576514764504,0,0,0
"Rineloricaria_catamarcensis",16.2975384645032,235600.08334073,0.259216648496662,0.579399779491224,0.405276149225315,0,0,0
"Rineloricaria_castroi",17.8095531997437,285991.572754261,0.257574762570253,0.592666653309613,0.400250683728393,0,0,0
"Rineloricaria_caracasensis",16.2975384645032,235600.08334073,0.259216648496662,0.579399779491224,0.405276149225315,0,0,0
"Rineloricaria_capitonia",0,0,0,0,0,0,0,0
"Rineloricaria_cadeae",0,0,0,0,0,0,0,0
"Rineloricaria_cacerensis",16.2975384645032,235600.08334073,0.259216648496662,0.579399779491224,0.405276149225315,0,0,0
"Rineloricaria_beni",12.0713399528352,128356.835538601,0.265270978732612,0.534677723124695,0.417534179996617,0,0,0
"Rineloricaria_aurata",16.2975384645032,235600.08334073,0.259216648496662,0.579399779491224,0.405276149225315,0,0,0
"Rineloricaria_anitae",0,0,0,0,0,0,0,0
"Rineloricaria_anhaguapitan",0,0,0,0,0,0,0,0
"Rineloricaria_altipinnis",17.4700845887279,273663.196243708,0.257913316984725,0.589878791859674,0.401564970719528,0,0,0
"Rineloricaria_aequalicuspis",0,0,0,0,0,0,0,0
"Rineloricaria_platyura",0,0,0,0,0,0,0,0
"Rineloricaria_parva",0,0,0,0,0,0,0,0
"Ixinandria_steinbachi",0,0,0,0,0,0,0,0
"Loricariichthys_microdon",0,0,0,0,0,0,0,0
"Loricariichthys_maculatus",0,0,0,0,0,0,0,0
"Rineloricaria_latirostris",20.0200063850603,601061.488777104,0.204460873677776,0.563038738755774,0.3350569411253,0,0,0
"Spatuloricaria_phelpsi",0,0,0,0,0,0,0,0
"Spatuloricaria_nudiventris",10.506442062339,266617.642123494,0.154974205615088,0.383290568550859,0.261592366042833,0,0,0
"Spatuloricaria_lagoichthys",13.0532499774867,420084.992187221,0.15248441888624,0.405601753456011,0.25489502944244,0,0,0
"Spatuloricaria_gymnogaster",52.6733286243362,8353457.50891008,0.137794114969602,0.590121614779959,0.216788155054014,0,0,0
"Spatuloricaria_fimbriata",6.5381022728229,99167.6679580105,0.16057936438437,0.338436036152532,0.276353323000041,0,0,0
"Spatuloricaria_evansii",12.5494980226776,379026.975664542,0.152829213139647,0.401987690904965,0.257349025951403,0,0,0
"Spatuloricaria_euacanthagenys",19.2516348370887,909310.068773389,0.147915851043185,0.449521989281346,0.245389441088517,0,0,0
"Spatuloricaria_curvispina",15.0623232010873,561339.542555701,0.150812317154347,0.421156418480501,0.251061595119857,0,0,0
"Spatuloricaria_caquetae",19.2516348370887,909310.068773389,0.147915851043185,0.449521989281346,0.245389441088517,0,0,0
"Spatuloricaria_puganensis",19.251632817001,909309.97335884,0.14791583552227,0.449521942112685,0.24538941533963,0,0,0
"Spatuloricaria_atratoensis",13.8830012648176,467416.222539976,0.151672526407029,0.412782574696467,0.254396735606545,0,0,0
"Loricaria_clavipinna",0,0,0,0,0,0,0,0
"Loricaria_parnahybae",10.0824686811399,337424.978541593,0.13859275931795,0.381548549314328,0.274587481283893,0,0,0
"Rineloricaria_pentamaculata",15.9303549557168,251309.57774479,0.254327279824447,0.579607688620787,0.406704844461046,0,0,0
"Rineloricaria_fallax",0,0,0,0,0,0,0,0
"Crossoloricaria_variegata",14.5184506405916,383044.814417562,0.164173952150177,0.423336032794108,0.260188244288829,0,0,0
"Crossoloricaria_venezuelae",0,0,0,0,0,0,0,0
"Crossoloricaria_cephalaspis",8.9898072249154,145044.606763781,0.170338927351978,0.37284761489098,0.273389218464452,0,0,0
"Dasyloricaria_tuyrensis",71.802287676959,647466.822146037,0.221438221714893,0.597603081444607,0.359533281759224,0,0,0
"Dasyloricaria_seminuda",50.1828000245833,312657.237430116,0.227610583104929,0.543769645370104,0.373462091703066,0,0,0
"Dasyloricaria_latiura",71.802287676959,647466.822146037,0.221438221714893,0.597603081444607,0.359533281759224,0,0,0
"Dasyloricaria_filamentosa",0,0,0,0,0,0,0,0
"Dasyloricaria_capetensis",47.3482451664595,279102.953139807,0.228661168103859,0.535183716114931,0.375208366369378,0,0,0
"Loricariichthys_anus",0,0,0,0,0,0,0,0
"Loricariichthys_castaneus",7.93931258295966,320436.204876859,0.0735855012881309,0.269844111337093,0.144207734662828,0,0,0
"Loricariichthys_platymetopon",0,0,0,0,0,0,0,0
"Fonchiiloricaria_nanodon",0,0,0,0,0,0,0,0
"Farlowella_platorynchus",0,0,0,0,0,0,0,0
"Sturisoma_tenuirostre",6.70933521209473,66149.6288915232,0.14302178482345,0.295492144876229,0.237882462167915,0,0,0
"Sturisoma_rostratum",9.15239329677793,121775.276894754,0.139558058969497,0.321130210328232,0.231331580385492,0,0,0
"Sturisoma_robustum",9.72130394009351,139744.195819532,0.138986296115316,0.326153769133812,0.229212354442943,0,0,0
"Sturisoma_nigrirostrum",0,0,0,0,0,0,0,0
"Sturisoma_monopelte",9.15239329677793,121775.276894754,0.139558058969497,0.321130210328232,0.231331580385492,0,0,0
"Sturisoma_lyra",8.73502659971377,111056.045263875,0.140071652984649,0.317165523698137,0.232345389158407,0,0,0
"Sturisoma_guentheri",9.28183587379034,128978.085962788,0.139545828041475,0.321990473349348,0.229650708558875,0,0,0
"Sturisoma_caquetae",9.15239329677793,121775.276894754,0.139558058969497,0.321130210328232,0.231331580385492,0,0,0
"Sturisoma_brevirostre",8.77732976761608,113273.30424639,0.140067429829163,0.317457551842331,0.231763230270492,0,0,0
"Sturisoma_barbatum",0,0,0,0,0,0,0,0
"Pseudohemiodon_thorectes",17.4030214606581,364020.9929609,0.379637115669962,0.877115641827201,0.719025190374612,0,0,0
"Pseudohemiodon_platycephalus",21.913555892484,586860.437543392,0.373099825825308,0.931700268889906,0.700326651625073,0,0,0
"Pseudohemiodon_lamina",20.5702123057025,506840.820848029,0.374689862789354,0.917285318370509,0.708014575335639,0,0,0
"Pseudohemiodon_devincenzii",19.4239532326582,446510.366450437,0.376207816931431,0.903671953394843,0.713600558254922,0,0,0
"Pseudohemiodon_apithanos",19.553207842419,458793.823901578,0.376192245789207,0.904814390592412,0.711147160596835,0,0,0
"Pseudohemiodon_laticeps",28.7924223427108,1016050.24828755,0.36529680578723,1.00186917789385,0.681555970542877,0,0,0
"Pseudohemiodon_amazonum",15.2840478876688,274897.664070481,0.383211156433655,0.847832535428188,0.731148461528271,0,0,0
"Loricaria_simillima",0,0,0,0,0,0,0,0
"Proloricaria_prolixa",0,0,0,0,0,0,0,0
"Loricaria_lentiginosa",28.9027004013565,1086194.76786715,0.32220829951435,0.901021437781735,0.547099560095382,0,0,0
"Harttia_uatumensis",0,0,0,0,0,0,0,0
"Harttia_trombetensis",0,0,0,0,0,0,0,0
"Harttia_torrenticola",25.2671683380902,723132.503216473,0.353548333799134,0.896179446116995,0.593510059762837,0,0,0
"Harttia_punctata",0,0,0,0,0,0,0,0
"Harttia_merevari",25.0696521660781,700280.305076763,0.35356564960683,0.894840696903748,0.595933628660605,0,0,0
"Harttia_longipinna",27.0491430210529,835488.448917168,0.351774575015457,0.912145687119576,0.588462375748629,0,0,0
"Harttia_garavelloi",19.5985719298926,426888.050275099,0.360373090405988,0.838331997240419,0.610916410133889,0,0,0
"Harttia_duriventris",0,0,0,0,0,0,0,0
"Harttia_dissidens",0,0,0,0,0,0,0,0
"Harttia_depressa",0,0,0,0,0,0,0,0
"Harttia_novalimensis",16.9096198278192,337021.257511044,0.341970938332264,0.774425628706763,0.583849548121744,0,0,0
"Harttia_carvalhoi",17.0636504096735,342830.065210531,0.341720910259027,0.776542652625645,0.583673767487171,0,0,0
"Harttia_leiopleura",18.9599098572369,426135.820604993,0.339014372813741,0.798739665957876,0.577205885819215,0,0,0
"Harttia_gracilis",20.6661849927879,507105.412485073,0.336766480306527,0.817104060939477,0.572071196582481,0,0,0
"Harttia_loricariformis",28.6784418377638,998457.472740601,0.328537776330275,0.890565738494834,0.551353240248321,0,0,0
"Harttia_kronei",0,0,0,0,0,0,0,0
"Harttia_fowleri",30.5666219795911,1230032.5304008,0.308035362548771,0.873704831492791,0.515959277323667,0,0,0
"Cteniloricaria_maculata",15.6394751699304,440096.215555007,0.204254338170747,0.518796505978216,0.343333102071123,0,0,0
"Cteniloricaria_platystoma",0,0,0,0,0,0,0,0
"Harttia_surinamensis",2.43321384277553,81040.734530736,0.0312652675904349,0.0824020268858596,0.0528551022657793,0,0,0
"Harttia_fluminensis",0,0,0,0,0,0,0,0
"Harttia_guianensis",0,0,0,0,0,0,0,0
"Harttiella_longicauda",0,0,0,0,0,0,0,0
"Harttiella_janmoli",0,0,0,0,0,0,0,0
"Harttiella_crassicauda",0,0,0,0,0,0,0,0
"Harttiella_pilosa",0,0,0,0,0,0,0,0
"Harttiella_parva",0,0,0,0,0,0,0,0
"Harttiella_intermedia",0,0,0,0,0,0,0,0
"Harttiella_lucifer",0,0,0,0,0,0,0,0
"Farlowella_amazonum",18.9007843231703,213906.567876974,0.299333441536523,0.666682135425513,0.484007504586808,0,0,0
"Farlowella_nattereri",0,0,0,0,0,0,0,0
"Lamontichthys_parakana",0,0,0,0,0,0,0,0
"Lamontichthys_maracaibero",0,0,0,0,0,0,0,0
"Lamontichthys_llanero",20.7306163434968,689268.061160617,0.249163119397655,0.67744985574361,0.416779010437745,0,0,0
"Lamontichthys_filamentosus",18.7724339779904,562639.80842135,0.251060477118204,0.66034559219131,0.421602214373979,0,0,0
"Lamontichthys_stibaros",0,0,0,0,0,0,0,0
"Lamontichthys_avacanoeiro",0,0,0,0,0,0,0,0
"Sturisomatichthys_tamanae",17.4496405471337,154106.953620454,0.313732614811794,0.669491368210352,0.481386834692737,0,0,0
"Sturisomatichthys_panamense",0,0,0,0,0,0,0,0
"Sturisomatichthys_leightoni",17.1502516711133,150647.582123588,0.314275863123084,0.665681705594952,0.480613466097403,0,0,0
"Sturisomatichthys_kneri",0,0,0,0,0,0,0,0
"Sturisomatichthys_festivum",16.6142752894271,137539.142435379,0.314758163330115,0.660840425482779,0.48488985084531,0,0,0
"Sturisomatichthys_dariense",18.9537085637587,180425.42729269,0.311636096830281,0.684371940592081,0.478063749709129,0,0,0
"Sturisomatichthys_citurensis",0,0,0,0,0,0,0,0
"Sturisomatichthys_aureum",0,0,0,0,0,0,0,0
"Rhinelepis_aspera",0,0,0,0,0,0,0,0
"Rhinelepis_strigosa",149.762777837673,251041623.491133,0.256830419358687,3.95610117011462,1.28384372155166,0,0,0
"Delturus_brevis",62.594524745685,2684991.57805135,0.603081784551342,1.80367445158844,1.04625006130898,0,0,0
"Delturus_angulicauda",62.4483613136773,2683421.3351534,0.603255849314417,1.80057674172226,1.04429785303692,0,0,0
"Hemipsilichthys_gobio",0,0,0,0,0,0,0,0
"Hemipsilichthys_papillatus",0,0,0,0,0,0,0,0
"Hemipsilichthys_nimius",0,0,0,0,0,0,0,0
"Delturus_carinotus",39.620126428468,1751423.30756542,0.36769906239748,1.08859530490209,0.616339043272333,0,0,0
"Delturus_parahybae",65.9377815118186,2975934.88822273,0.600566192859185,1.82410793961405,1.03753728769224,0,0,0
"Scoloplax_empousa",0,0,0,0,0,0,0,2.94019160080114
"Scoloplax_dolicholophia",39.7566418248647,5466910.28503132,0.213869211160227,1.37292255393584,1.07284511518575,0,0,6.6259410910956
"Scoloplax_dicra",43.5415737782467,6817290.95315479,0.212668493672911,1.40917899501344,1.05969175810226,0,0,5.41216846364172
"Scoloplax_baskini",0,0,0,0,0,0,0,4.22429767560284
"Scoloplax_distolothrix",0,0,0,0,0,0,0,3.60470664364025
"Corydoras_xinguensis",15.0717123489896,247412.477043783,0.178431592469318,0.459567641184062,0.567543831693707,0,0,0
"Corydoras_urucu",0,0,0,0,0,0,0,0
"Corydoras_sychri",0,0,0,0,0,0,0,0
"Corydoras_surinamensis",18.3982132987293,374257.919591745,0.175806051260695,0.486794725386679,0.558660361057353,0,0,0
"Corydoras_spectabilis",0,0,0,0,0,0,0,0
"Corydoras_sarareensis",16.8223455769637,311429.929351318,0.176994394289279,0.474478152257372,0.562616585742447,0,0,0
"Corydoras_saramaccensis",18.3982132987293,374257.919591745,0.175806051260695,0.486794725386679,0.558660361057353,0,0,0
"Corydoras_sanchesi",16.087254218544,283101.237006424,0.177566560415903,0.468400346779544,0.564839139676146,0,0,0
"Corydoras_pinheiroi",19.7276915919713,433428.604662625,0.174909646331964,0.496747112045401,0.555493224836095,0,0,0
"Corydoras_petracinii",17.6999100300576,345314.997994707,0.176310620118431,0.481339293211745,0.56031152848437,0,0,0
"Corydoras_paucerna",0,0,0,0,0,0,0,0
"Corydoras_parallelus",18.5042031082654,379553.199949697,0.175743715011482,0.487558562853715,0.558157392101337,0,0,0
"Corydoras_ourastigma",0,0,0,0,0,0,0,0
"Corydoras_ortegai",0,0,0,0,0,0,0,0
"Corydoras_orphnopterus",19.8871196937013,440950.734397698,0.174808134338546,0.497901477565864,0.555095678613909,0,0,0
"Corydoras_noelkempffi",0,0,0,0,0,0,0,0
"Corydoras_micracanthus",15.8364022517163,274712.920464305,0.177789038177301,0.466200110172361,0.565191247902836,0,0,0
"Corydoras_longipinnis",20.6066167307337,475341.273124772,0.174355482334775,0.503052704950399,0.553450119451001,0,0,0
"Corydoras_latus",18.6203226522425,383862.961819412,0.175652108495018,0.488489857494381,0.558102708749688,0,0,0
"Corydoras_lamberti",15.343249929717,256901.297934113,0.178198726411309,0.46195258393943,0.566709964899081,0,0,0
"Corydoras_isbrueckeri",0,0,0,0,0,0,0,0
"Corydoras_incolicana",0,0,0,0,0,0,0,0
"Corydoras_heteromorphus",0,0,0,0,0,0,0,0
"Corydoras_griseus",0,0,0,0,0,0,0,0
"Corydoras_gladysae",0,0,0,0,0,0,0,0
"Corydoras_evelynae",0,0,0,0,0,0,0,0
"Corydoras_esperanzae",18.3595716995177,372801.237862455,0.175836238771099,0.48648517063206,0.558691675729904,0,0,0
"Corydoras_crimmeni",15.8364022517163,274712.920464305,0.177789038177301,0.466200110172361,0.565191247902836,0,0,0
"Corydoras_cochui",0,0,0,0,0,0,0,0
"Corydoras_carlae",18.9735576354118,398730.481312938,0.17540133537106,0.491197835412348,0.557437241314523,0,0,0
"Corydoras_boehlkei",12.0352254681295,155008.846719688,0.181436007707741,0.430657835443137,0.577760801056723,0,0,0
"Corydoras_bifasciatus",18.5042031082654,379553.199949697,0.175743715011482,0.487558562853715,0.558157392101337,0,0,0
"Corydoras_baderi",0,0,0,0,0,0,0,0
"Corydoras_areio",18.1666862918879,365441.683411287,0.175985889775332,0.484941620535097,0.558891930301636,0,0,0
"Corydoras_approuaguensis",19.6214555382783,428383.585085703,0.174976803875446,0.495978308555727,0.555780311288434,0,0,0
"Corydoras_amphibelus",17.6999100300576,345314.997994707,0.176310620118431,0.481339293211745,0.56031152848437,0,0,0
"Corydoras_amandajanea",20.1258697397264,450853.188049276,0.174638293169472,0.499700577638319,0.554910124427112,0,0,0
"Aspidoras_virgulatus",9.08407526889182,155821.03924267,0.124019867503489,0.262624956515605,0.39442343459732,0,0,0
"Aspidoras_velites",7.74707837533175,111936.643456735,0.12549515444456,0.250864622384681,0.399516330926913,0,0,0
"Aspidoras_rochai",10.3216278607504,203680.180569272,0.122861216552454,0.272548828278718,0.390413066642472,0,0,0
"Aspidoras_psammatides",0,0,0,0,0,0,0,0
"Aspidoras_menezesi",0,0,0,0,0,0,0,0
"Aspidoras_maculosus",0,0,0.10887141458896,0,0.289445472327476,0,0,0
"Aspidoras_lakoi",9.69459707680894,178734.541975391,0.123431680801103,0.267622580899909,0.392308153577775,0,0,0
"Aspidoras_brunneus",6.5624182664595,79372.5219012833,0.127055910370665,0.239147443231444,0.40479012493762,0,0,0
"Aspidoras_belenos",0,0,0,0,0,0,0,0
"Corydoras_julii",0,0,0,0,0,0,0,0
"Corydoras_punctatus",0,0,0,0,0,0,0,0
"Corydoras_kanei",1.62554637634996,23868.870903185,0.0180201220216486,0.0497975580993598,0.060461105353155,0,0,0
"Corydoras_arcuatus",0,0,0,0,0,0,0,0
"Corydoras_schwartzi",0,0,0,0,0,0,0,0
"Corydoras_paragua",0,0,0,0,0,0,0,0
"Corydoras_bicolor",0,0,0,0,0,0,0,0
"Corydoras_brevirostris",0,0,0,0,0,0,0,0
"Corydoras_copei",0,0,0,0,0,0,0,0
"Corydoras_trilineatus",0,0,0,0,0,0,0,0
"Corydoras_leucomelas",0,0,0,0,0,0,0,0
"Corydoras_araguaiaensis",0,0,0,0,0,0,0,0
"Corydoras_multimaculatus",2.52415037411738,46775.6711413378,0.0211093941635905,0.0636036228348968,0.0705876562709366,0,0,0
"Corydoras_boesemani",0,0,0,0,0,0,0,0
"Corydoras_bondi",0,0,0,0,0,0,0,0
"Corydoras_loretoensis",0,0,0,0,0,0,0,0
"Corydoras_panda",0,0,0,0,0,0,0,0
"Corydoras_similis",1.87788385736492,28416.0985185374,0.0278617387848604,0.0541993387048572,0.062464382701725,0,0,0
"Corydoras_caudimaculatus",0,0,0,0,0,0,0,0
"Corydoras_polystictus",0,0,0,0,0,0,0,0
"Corydoras_weitzmani",0,0,0,0,0,0,0,0
"Corydoras_cruziensis",1.51781429158057,30206.8210212572,0.0134014972281399,0.0380217415792924,0.0412007521926663,0,0,0
"Corydoras_acrensis",0,0,0,0,0,0,0,0
"Corydoras_guianensis",3.30318627427033,52278.5362407264,0.0365436276098661,0.0927385144426063,0.107454657809294,0,0,0
"Corydoras_burgessi",0,0,0,0,0,0,0,0
"Corydoras_davidsandsi",0,0,0,0,0,0,0,0
"Corydoras_duplicareus",0,0,0,0,0,0,0,0
"Corydoras_adolfoi",0,0,0,0,0,0,0,0
"Corydoras_osteocarus",0,0,0,0,0,0,0,0
"Corydoras_axelrodi",0,0,0,0,0,0,0,0
"Corydoras_metae",0,0,0,0,0,0,0,0
"Corydoras_concolor",0,0,0,0,0,0,0,0
"Corydoras_loxozonus",0,0,0,0,0,0,0,0
"Corydoras_melini",0,0,0,0,0,0,0,0
"Corydoras_coppenamensis",0,0,0,0,0,0,0,0
"Corydoras_breei",0,0,0,0,0,0,0,0
"Corydoras_sipaliwini",3.6174701012817,60431.5400654936,0.0345460995797644,0.0975608565757998,0.113092579766217,0,0,0
"Corydoras_habrosus",0,0,0,0,0,0,0,0
"Corydoras_oiapoquensis",0,0,0,0,0,0,0,0
"Corydoras_gossei",0,0,0,0,0,0,0,0
"Corydoras_sterbai",0,0,0,0,0,0,0,0
"Corydoras_atropersonatus",0,0,0,0,0,0,0,0
"Corydoras_armatus",0,0,0,0,0,0,0,0
"Corydoras_pulcher",0.701646882790335,10576.1363562229,0.00738827046656387,0.0213963141714764,0.0246205627508777,0,0,0
"Corydoras_robustus",0,0,0,0,0,0,0,0
"Corydoras_ambiacus",0,0,0,0,0,0,0,0
"Corydoras_agassizii",0,0,0,0,0,0,0,0
"Corydoras_virginiae",0,0,0,0,0,0,0,0
"Corydoras_leopardus",0,0,0,0,0,0,0,0
"Corydoras_haraldschultzi",0,0,0,0,0,0,0,0
"Corydoras_melanistius",0,0,0,0,0,0,0,0
"Corydoras_gomezi",0,0,0,0,0,0,0,0
"Corydoras_seussi",0,0,0,0,0,0,0,0
"Corydoras_robineae",0,0,0,0,0,0,0,0
"Corydoras_ornatus",0,0,0,0,0,0,0,0
"Corydoras_spilurus",0,0,0,0,0,0,0,0
"Corydoras_condiscipulus",0,0,0,0,0,0,0,0
"Corydoras_delphax",0,0,0,0,0,0,0,0
"Corydoras_imitator",3.29072398299846,56335.0819272758,0.0313827090297555,0.0907820915625791,0.105198989699261,0,0,0
"Corydoras_crypticus",2.89046145349922,43035.0456979419,0.0316867613480513,0.0874654118788828,0.106316226074034,0,0,0
"Corydoras_reticulatus",0,0,0,0,0,0,0,0
"Corydoras_sodalis",0,0,0,0,0,0,0,0
"Corydoras_geryi",1.84424449121996,34150.2741067316,0.0177822093572404,0.0508972526257009,0.0592364674013634,0,0,0
"Corydoras_pantanalensis",0,0,0,0,0,0,0,0
"Corydoras_filamentosus",3.77498907499173,42786.450566545,0.054295013989054,0.134606591184701,0.182787923569302,0,0,0
"Corydoras_garbei",0,0,0,0,0,0,0,0
"Corydoras_difluviatilis",0,0,0,0,0,0,0,0
"Corydoras_britskii",5.26203309647147,98806.8343639973,0.045421071953912,0.135482788552961,0.155724591191143,0,0,0
"Corydoras_multiradiatus",4.44561100714963,69390.3520100099,0.0459885627611186,0.129083133660096,0.157957609480464,0,0,0
"Corydoras_splendens",0,0,0,0,0,0,0,0
"Corydoras_rabauti",0,0,0,0,0,0,0,0
"Corydoras_zygatus",0,0,0,0,0,0,0,0
"Corydoras_eques",0,0,0,0,0,0,0,0
"Corydoras_aeneus",0,0,0,0,0,0,0,0
"Corydoras_melanotaenia",0,0,0,0,0,0,0,0
"Corydoras_potaroensis",0,0,0,0,0,0,0,0
"Corydoras_albolineatus",0,0,0,0,0,0,0,0
"Corydoras_tukano",0,0,0,0,0,0,0,0
"Corydoras_reynoldsi",0,0,0,0,0,0,0,0
"Corydoras_ehrhardti",0,0,0,0,0,0,0,0
"Corydoras_nattereri",0,0,0,0,0,0,0,0
"Corydoras_paleatus",0,0,0,0,0,0,0,0
"Corydoras_diphyes",0,0,0,0,0,0,0,0
"Corydoras_flaveolus",7.91008004869704,118237.577989315,0.0973132459936932,0.235114181551158,0.316653853245461,0,0,0
"Aspidoras_fuscoguttatus",0.0977928513941843,1880.98523002069,0.00129219164351343,0.0026949146987598,0.00419315532424181,0,0,0
"Aspidoras_microgalaeus",0,0,0,0,0,0,0,0
"Aspidoras_taurus",0,0,0,0,0,0,0,0
"Aspidoras_depinnai",0,0,0,0,0,0,0,0
"Aspidoras_raimundi",1.27729838141354,9128.45438739398,0.0562014016845193,0.0399214980630251,0.0819781888099013,0,0,0
"Aspidoras_eurycephalus",2.92238865274007,30461.9749701203,0.0778069758327183,0.0938540169963099,0.169857049519183,0,0,0
"Aspidoras_albater",3.24362144568259,37766.6843248127,0.0772015588139719,0.0967024033209527,0.16845465241109,0,0,0
"Aspidoras_poecilus",0,0,0,0,0,0,0,0
"Scleromystax_barbatus",0,0,0,0,0,0,0,0
"Scleromystax_macropterus",12.5649094479601,722362.516512455,0.0828399934565715,0.28214033164443,0.298292313813054,0,0,0
"Scleromystax_prionotos",0,0,0,0,0,0,0,0
"Corydoras_nijsseni",1.51724353402023,19941.2889151993,0.0184600396498585,0.0503533398843285,0.0627655496963446,0,0,0
"Corydoras_napoensis",0,0,0,0,0,0,0,0
"Corydoras_elegans",0,0,0,0,0,0,0,0
"Corydoras_nanus",0,0,0,0,0,0,0,0
"Corydoras_bilineatus",0,0,0,0,0,0,0,0
"Corydoras_undulatus",0,0,0,0,0,0,0,0
"Aspidoras_pauciradiatus",6.97824986743609,76771.1689383661,0.0807186030491906,0.206790589612858,0.267004953011882,0,0,0
"Corydoras_gracilis",0,0,0,0,0,0,0,0
"Corydoras_hastatus",0,0,0,0,0,0,0,0
"Corydoras_guapore",0,0,0,0,0,0,0,0
"Corydoras_pygmaeus",0,0,0,0,0,0,0,0
"Corydoras_treitlii",0,0,0,0,0,0,0,0
"Corydoras_narcissus",2.23167471747103,39753.0453585468,0.0207931148451068,0.0612775988308718,0.0704687330221958,0,0,0
"Corydoras_serratus",2.71823739568661,40249.2467629506,0.030253402682359,0.083820744233684,0.102518447738472,0,0,0
"Corydoras_blochi",0,0,0,0,0,0,0,0
"Corydoras_solox",4.4270323580139,75613.3704187384,0.0414772194637975,0.123016832292524,0.140096571070566,0,0,0
"Corydoras_oxyrhynchus",3.84544657254225,56587.7883989237,0.0419165666667102,0.118054147116459,0.141512223824774,0,0,0
"Corydoras_amapaensis",0,0,0,0,0,0,0,0
"Corydoras_geoffroy",7.1565685549494,124843.762607562,0.0612112008889071,0.184732891598577,0.206198672674935,0,0,0
"Corydoras_aurofrenatus",0,0,0,0,0,0,0,0
"Corydoras_ellisae",0,0,0,0,0,0,0,0
"Corydoras_negro",0,0,0,0,0,0,0,0
"Corydoras_acutus",0,0,0,0,0,0,0,0
"Corydoras_cervinus",3.39722231931927,49551.6741043089,0.035378028102842,0.0989294241188278,0.121436053329389,0,0,0
"Corydoras_septentrionalis",0,0,0,0,0,0,0,0
"Corydoras_stenocephalus",0,0,0,0,0,0,0,0
"Corydoras_pastazensis",0,0,0,0,0,0,0,0
"Corydoras_maculifer",9.51216942024705,86497.3739746163,0.0919977428038018,0.255889208429642,0.3009456077257,0,0,0
"Corydoras_simulatus",0,0,0,0,0,0,0,0
"Corydoras_coriatae",2.12014184312799,34418.2843974261,0.019795380683263,0.0574456330486466,0.0667782164103061,0,0,0
"Corydoras_semiaquilus",0,0,0,0,0,0,0,0
"Corydoras_fowleri",0,0,0,0,0,0,0,0
"Lepthoplosternum_ucamara",9.69186690242827,537011.650193611,0.369254040012005,0.330365561635653,0.373273028351247,0,0,0
"Lepthoplosternum_stellatum",9.7351821016828,542277.101863256,0.369138095021333,0.330786946999196,0.373106530331017,0,0,0
"Lepthoplosternum_beni",10.2511130031778,603405.959681765,0.367713981705034,0.33561555078241,0.37140092443381,0,0,0
"Lepthoplosternum_tordilho",8.44778154432454,483363.313496033,0.309419519528852,0.278449900596533,0.308152162437782,0,0,0
"Lepthoplosternum_pectorale",0,0,0,0,0,0,0,0
"Lepthoplosternum_altamazonicum",10.2511127413374,603405.944269182,0.367713972312655,0.335615542209901,0.371400914947268,0,0,0
"Megalechis_thoracata",0,0,0,0,0,0,0,0
"Callichthys_serralabium",0,0,0,0,0,0,0,0
"Callichthys_oibaensis",18.4089881762324,538166.347788379,0.379678860153684,0.445025400251522,0.395918975585418,0,0,0
"Callichthys_callichthys",0,0,0,0,0,0,0,0
"Callichthys_fabricioi",0,0,0,0,0,0,0,0
"Hoplosternum_punctatum",16.1793085694657,105953403.614052,0.495629946400856,0.500843615992329,0.593792879439297,0,0,0
"Hoplosternum_littorale",0,0,0,0,0,0,0,0
"Hoplosternum_magdalenae",20.7051980489559,176472183.301204,0.486590226155907,0.537598107517672,0.582186781470918,0,0,0
"Dianema_urostriatum",0,0,0,0,0,0,0,0
"Dianema_longibarbis",0,0,0,0,0,0,0,0
"Tridentopsis_tocantinsi",22.6424029108603,627558.363282729,0.256240315527913,0.770919814223894,0.729021963110907,0,0,2.61948579491665
"Tridentopsis_cahuali",22.1551582743967,595344.423184653,0.256589092588176,0.766336365855336,0.731430837751502,0,0,2.76200457025796
"Tridentopsis_pearsoni",22.6424029108603,627558.363282729,0.256240315527913,0.770919814223894,0.729021963110907,0,0,2.61948579491665
"Tridensimilis_brevis",23.6257701348911,695786.856258947,0.255567011491348,0.78038639109487,0.72484763615669,0,0,2.38382924607166
"Tridensimilis_venezuelae",20.971136896071,520946.890277582,0.257457726787264,0.754049650736445,0.736504583309437,0,0,3.0990359801364
"Tridens_melanops",25.1327623363256,808573.724342812,0.254594582339105,0.794597525274152,0.71909024909151,0,0,2.08874056932624
"Trichogenes_longipinnis",0,0,0,0,0,0,0,0.179215348585952
"Stenolicmus_ix",0,0,0,0,0,0,0,3.36806981681224
"Stenolicmus_sarmientoi",103.021928531971,45549310.3287734,0.162378588213005,0.994619901138814,0.437951573472415,0,0,0.0834866383651418
"Stegophilus_septentrionalis",32.0773640517192,2472810.77358053,0.174855558008163,0.736736384952508,0.547748661727694,0,0,1.10159611114429
"Stegophilus_insidiosus",0,0,0,0,0,0,0,1.14910761053202
"Stegophilus_panzeri",30.2656016469071,2145710.62756102,0.175469843058849,0.723203005388243,0.550763086266996,0,0,1.2147932034739
"Stauroglanis_gouldingi",25.1327622766432,808573.722422592,0.254594581734537,0.794597523387272,0.719090247383943,0,0,2.08874056557721
"Silvinichthys_bortayro",0,0,0,0,0,0,0,1.90430076693405
"Silvinichthys_mendozensis",0,0,0,0,0,0,0,0.615521312275533
"Scleronema_operculatum",43.5332056106743,3062862.2800036,0.246030831418816,0.926240401053957,0.663910992558437,0,0,0.573660161260771
"Scleronema_angustirostre",38.0751032786364,2214085.42871806,0.248100310460221,0.892844147002327,0.677535847514376,0,0,0.794954431605773
"Scleronema_minutum",32.0487701670778,1457619.42756965,0.250767623107998,0.850274908446075,0.694031856133108,0,0,1.17689817459024
"Schultzichthys_bondi",36.5006646807288,2023107.90528422,0.249123974723842,0.909422420416205,0.708524432841015,0,0,1.45846776085626
"Schultzichthys_gracilis",27.3362787821377,998410.806556144,0.253486444082718,0.827982506311186,0.726621352188807,0,0,2.30840729803697
"Rhizosomichthys_totae",61.1540657444083,6983239.30551013,0.240882945934837,1.01885695403219,0.632286278864507,0,0,0.259894297871226
"Pygidianops_magoi",0,0,0,0,0,0,0,3.0992398542212
"Pygidianops_eigenmanni",24.4936732620598,1580051.63589162,0.154163204159883,0.632360103641427,0.48762349099781,0,0,2.5866917582833
"Pygidianops_amphioxus",29.3148384404659,2443896.05495351,0.152457393016431,0.665744301118919,0.475849144374566,0,0,1.73270045728361
"Pygidianops_cuao",0,0,0,0,0,0,0,2.38345558886553
"Potamoglanis_hasemani",17.2748001374058,325398.28918126,0.260569365690138,0.713419835304864,0.756315396109052,0,0,4.7859444671118
"Potamoglanis_johnsoni",18.3795799977658,378207.769420391,0.259568511956271,0.726054535348719,0.749777559326844,0,0,4.15438292546638
"Plectrochilus_wieneri",36.2146636001927,3174583.96856985,0.174031428172175,0.777353402579535,0.5388753496943,0,0,0.628189931220566
"Plectrochilus_diabolicus",35.6336206303693,3052606.25999241,0.174207521889232,0.773914459705062,0.540198684047965,0,0,0.653428526298797
"Plectrochilus_machadoi",0,0,0,0,0,0,0,0.481680639705381
"Parastegophilus_maculatus",0,0,0,0,0,0,0,0.696232899988302
"Parastegophilus_paulensis",34.9228090212311,3118892.1768326,0.174204130596555,0.761509502968303,0.532815014946339,0,0,0.835136692037614
"Paracanthopoma_parva",27.4697044847018,1009046.2786226,0.253372187529404,0.826628919317267,0.72333268787468,0,0,2.17003911591775
"Miuroglanis_platycephalus",48.6463121157448,4016842.65219865,0.244392129553759,0.959938637900382,0.65725765380789,0,0,0.478477603150994
"Microcambeva_ribeirae",0,0,0,0,0,0,0,0.852716238509265
"Microcambeva_barbata",20.4269116120113,880794.753542133,0.17972370395604,0.64751536251738,0.569016070503567,0,0,2.15414497430937
"Microcambeva_draco",25.6824355313753,1535384.41738165,0.177192900804095,0.691333672556141,0.551513639962726,0,0,1.29116088217338
"Malacoglanis_gelatinosus",20.6166200341341,499869.812642789,0.257732333118592,0.750533758235691,0.738411204169153,0,0,3.23042133229344
"Ituglanis_ramiroi",0,0,0,0,0,0,0,1.95158557554769
"Ituglanis_proops",22.6338494960375,1842255.60617405,0.421258131646833,0.464585211754532,0.374070354487111,0,0,0.585540274317657
"Ituglanis_passensis",0,0,0,0,0,0,0,0.59481542478303
"Ituglanis_parkoi",33.8389564922349,4880221.46547002,0.410797206909127,0.518731273206649,0.351939375358213,0,0,0.219888353939268
"Ituglanis_parahybae",20.9519477328222,1527980.06035455,0.423296880217369,0.454855135610317,0.378476074731647,0,0,0.706681670662795
"Ituglanis_paraguassuensis",0,0,0,0,0,0,0,1.22025805532785
"Ituglanis_nebulosus",0,0,0,0,0,0,0,1.63767586250768
"Ituglanis_metae",21.1976260080359,1571743.87984153,0.422988447447805,0.456310974225912,0.377807607154088,0,0,0.686900896854405
"Ituglanis_mambai",0,0,0,0,0,0,0,0.621663360229865
"Ituglanis_macunaima",17.3023283020253,960477.971246759,0.428358904381593,0.430912237035406,0.388819848045246,0,0,1.09618885901268
"Ituglanis_laticeps",22.944800626141,1904165.06352222,0.420898882539064,0.466326147741306,0.373297160041404,0,0,0.566402578489846
"Ituglanis_herberti",38.0352070406631,6492821.3631418,0.407921631952423,0.538726770390304,0.34831912311736,0,0,0.182288641518499
"Ituglanis_guayaberensis",20.9519477328222,1527980.06035455,0.423296880217369,0.454855135610317,0.378476074731647,0,0,0.706681670662795
"Ituglanis_gracilior",21.3603631081601,1601133.29910564,0.422786225870334,0.457268590169546,0.377369708386634,0,0,0.674225697149564
"Ituglanis_epikarsticus",0,0,0,0,0,0,0,1.72225681272913
"Ituglanis_eichorniarum",19.699904331758,1315831.48665903,0.424919678093485,0.446997570506711,0.381767726742991,0,0,0.813739793807636
"Ituglanis_cahyensis",0,0,0,0,0,0,0,1.02021465217346
"Ituglanis_amazonicus",0,0,0,0,0,0,0,0.704637117009556
"Ituglanis_bambui",0,0,0,0,0,0,0,1.09604838776568
"Glaphyropoma_rodriguesi",0,0,0,0,0,0,0,0.788288255479567
"Glaphyropoma_spinosum",0,0,0,0,0,0,0,0.64343944183097
"Glanapteryx_anguilla",37.6077297660096,2150677.80803063,0.248318137914805,0.891730627488935,0.680663597377976,0,0,0.849212539472439
"Glanapteryx_niobium",37.6077297660096,2150677.80803063,0.248318137914805,0.891730627488935,0.680663597377976,0,0,0.849212539472439
"Eremophilus_mutisii",97.4736874064859,21602166.8464074,0.23396277990596,1.15774178131972,0.589131386266831,0,0,0.0835085433901526
"Copionodon_pecten",6.11577486494769,0,0.166599442588656,0.465829572669357,0.524672739904715,0,0,0.547289730158258
"Copionodon_lianae",0,0,0,0,0,0,0,0.552290826217231
"Copionodon_orthiocarinatus",0,0,0,0,0,0,0,0.443491119205945
"Ammoglanis_pulex",0,0,0,0,0,0,0,4.75733108337054
"Ammoglanis_amapaensis",0,0,0,0,0,0,0,3.69034377287657
"Ammoglanis_diaphanus",0,0,0,0,0,0,0,3.51991507825006
"Trichomycterus_zonatus",54.9789237837523,5399458.89150155,0.242510491639986,0.991127709623713,0.64387911528594,0,0,0.345907739472273
"Trichomycterus_yuska",0,0,0,0,0,0,0,0.320856654449845
"Trichomycterus_weyrauchi",54.9789237837523,5399458.89150155,0.242510491639986,0.991127709623713,0.64387911528594,0,0,0.345907739472273
"Trichomycterus_vittatus",54.9789237837523,5399458.89150155,0.242510491639986,0.991127709623713,0.64387911528594,0,0,0.345907739472273
"Trichomycterus_venulosus",58.1662409096303,6189241.91093097,0.241657460232727,1.00655750530532,0.638400113958544,0,0,0.30154746502602
"Trichomycterus_variegatus",54.9789237837523,5399458.89150155,0.242510491639986,0.991127709623713,0.64387911528594,0,0,0.345907739472273
"Trichomycterus_unicolor",54.9789237837523,5399458.89150155,0.242510491639986,0.991127709623713,0.64387911528594,0,0,0.345907739472273
"Trichomycterus_uisae",0,0,0,0,0,0,0,0.489515742947705
"Trichomycterus_tupinamba",54.9789237837523,5399458.89150155,0.242510491639986,0.991127709623713,0.64387911528594,0,0,0.345907739472273
"Trichomycterus_triguttatus",54.9789237837523,5399458.89150155,0.242510491639986,0.991127709623713,0.64387911528594,0,0,0.345907739472273
"Trichomycterus_trefauti",0,0,0,0,0,0,0,0.337418961735022
"Trichomycterus_transandianus",54.9789237837523,5399458.89150155,0.242510491639986,0.991127709623713,0.64387911528594,0,0,0.345907739472273
"Trichomycterus_tiraquae",41.5670446369421,2739646.4505817,0.246755861245797,0.915561295610552,0.66949729680505,0,0,0.653681322455197
"Trichomycterus_therma",0,0,0,0,0,0,0,0.670623186861925
"Trichomycterus_tenuis",55.9018984923388,5621663.43450326,0.242258176603551,0.995661191934975,0.642255635517413,0,0,0.332163507101058
"Trichomycterus_taroba",40.9855762010006,2647732.7112964,0.246973309765925,0.912032559584898,0.67092903130751,0,0,0.676496872620555
"Trichomycterus_taeniops",54.9789237837523,5399458.89150155,0.242510491639986,0.991127709623713,0.64387911528594,0,0,0.345907739472273
"Trichomycterus_taenia",54.9789237837523,5399458.89150155,0.242510491639986,0.991127709623713,0.64387911528594,0,0,0.345907739472273
"Trichomycterus_taczanowskii",54.9789237837523,5399458.89150155,0.242510491639986,0.991127709623713,0.64387911528594,0,0,0.345907739472273
"Trichomycterus_striatus",0,0,0,0,0,0,0,0.336374982728407
"Trichomycterus_straminius",54.9789237837523,5399458.89150155,0.242510491639986,0.991127709623713,0.64387911528594,0,0,0.345907739472273
"Trichomycterus_stellatus",54.9789237837523,5399458.89150155,0.242510491639986,0.991127709623713,0.64387911528594,0,0,0.345907739472273
"Trichomycterus_stawiarski",54.9789237837523,5399458.89150155,0.242510491639986,0.991127709623713,0.64387911528594,0,0,0.345907739472273
"Trichomycterus_spilosoma",88.1846962974706,16959602.4370725,0.235450842899422,1.12817846945694,0.599360362850009,0,0,0.109454580601406
"Trichomycterus_spegazzinii",54.9789237837523,5399458.89150155,0.242510491639986,0.991127709623713,0.64387911528594,0,0,0.345907739472273
"Trichomycterus_sketi",0,0,0,0,0,0,0,0.62796667225918
"Trichomycterus_santanderensis",0,0,0,0,0,0,0,0.300798972561687
"Trichomycterus_sandovali",54.9789237837523,5399458.89150155,0.242510491639986,0.991127709623713,0.64387911528594,0,0,0.345907739472273
"Trichomycterus_ruitoquensis",54.9789237837523,5399458.89150155,0.242510491639986,0.991127709623713,0.64387911528594,0,0,0.345907739472273
"Trichomycterus_rubiginosus",54.9789237837523,5399458.89150155,0.242510491639986,0.991127709623713,0.64387911528594,0,0,0.345907739472273
"Trichomycterus_romeroi",54.9789237837523,5399458.89150155,0.242510491639986,0.991127709623713,0.64387911528594,0,0,0.345907739472273
"Trichomycterus_roigi",53.8693057702062,5139257.74632968,0.24281985565732,0.985603740079058,0.64587295529594,0,0,0.363517183789874
"Trichomycterus_rivulatus",117.162263743541,33852235.6742611,0.231387059002252,1.22838084023736,0.579399909087372,0,0,0.061853747406851
"Trichomycterus_riojanus",54.9789237837523,5399458.89150155,0.242510491639986,0.991127709623713,0.64387911528594,0,0,0.345907739472273
"Trichomycterus_retropinnis",43.945462949214,3135628.57829744,0.245905332104354,0.930129000216467,0.664325117129434,0,0,0.575986941728581
"Trichomycterus_regani",54.9789237837523,5399458.89150155,0.242510491639986,0.991127709623713,0.64387911528594,0,0,0.345907739472273
"Trichomycterus_ramosus",0,0,0,0,0,0,0,0.555685268593665
"Trichomycterus_punctulatus",73.5184782656171,10927298.1175733,0.238174633778234,1.07611056336736,0.618181849021841,0,0,0.178106035469686
"Trichomycterus_punctatissimus",97.3074000604114,21571808.0174002,0.234065781601453,1.16505596781061,0.594402979713828,0,0,0.0939605438927513
"Trichomycterus_pseudosilvinichthys",0,0,0,0,0,0,0,0.548452028145332
"Trichomycterus_pradensis",61.7822731823498,7165894.39166101,0.240760313138373,1.02441056231204,0.633436905778662,0,0,0.264988115348749
"Trichomycterus_plumbeus",50.868475505381,4472069.6989604,0.24368532453609,0.969728124732089,0.651072454947378,0,0,0.414285293622674
"Trichomycterus_paquequerense",44.9275202810846,3308077.03432658,0.245565747576348,0.935781124652106,0.662102395266938,0,0,0.545804571818232
"Trichomycterus_papilliferus",67.0537919288657,8741614.02125015,0.23954317007737,1.04875544753937,0.626454893122326,0,0,0.220921918345063
"Trichomycterus_ocanaensis",37.8604036016853,2183963.50137822,0.248188044006907,0.891461225196623,0.678117071962072,0,0,0.805977775189855
"Trichomycterus_novalimensis",54.9789237837523,5399458.89150155,0.242510491639986,0.991127709623713,0.64387911528594,0,0,0.345907739472273
"Trichomycterus_nigromaculatus",68.7158786203513,9267961.80804384,0.239152070569628,1.05361252901216,0.622466866306623,0,0,0.200941773559208
"Trichomycterus_nigroauratus",0,0,0,0,0,0,0,0.486159442423119
"Trichomycterus_nigricans",54.9789237837523,5399458.89150155,0.242510491639986,0.991127709623713,0.64387911528594,0,0,0.345907739472273
"Trichomycterus_naipi",65.0225179436614,8112197.13202737,0.239998200202022,1.03940819663486,0.628965395915287,0,0,0.236033602137714
"Trichomycterus_motatanensis",54.9789237837523,5399458.89150155,0.242510491639986,0.991127709623713,0.64387911528594,0,0,0.345907739472273
"Trichomycterus_mondolfi",54.9789237837523,5399458.89150155,0.242510491639986,0.991127709623713,0.64387911528594,0,0,0.345907739472273
"Trichomycterus_mirissumba",54.9789237837523,5399458.89150155,0.242510491639986,0.991127709623713,0.64387911528594,0,0,0.345907739472273
"Trichomycterus_migrans",54.9789237837523,5399458.89150155,0.242510491639986,0.991127709623713,0.64387911528594,0,0,0.345907739472273
"Trichomycterus_meridae",54.9789237837523,5399458.89150155,0.242510491639986,0.991127709623713,0.64387911528594,0,0,0.345907739472273
"Trichomycterus_megantoni",0,0,0,0,0,0,0,0.299902603391055
"Trichomycterus_mboycy",66.3827546983541,8529416.26180861,0.239687716098767,1.04532386565081,0.626993837460106,0,0,0.224427681191147
"Trichomycterus_mariamole",54.9789237837523,5399458.89150155,0.242510491639986,0.991127709623713,0.64387911528594,0,0,0.345907739472273
"Trichomycterus_maracaiboensis",54.9789237837523,5399458.89150155,0.242510491639986,0.991127709623713,0.64387911528594,0,0,0.345907739472273
"Trichomycterus_maldonadoi",54.9789237837523,5399458.89150155,0.242510491639986,0.991127709623713,0.64387911528594,0,0,0.345907739472273
"Trichomycterus_maculosus",48.6533882029304,4014002.79829311,0.244358278427261,0.957459035711847,0.65504019757699,0,0,0.457644991994522
"Trichomycterus_macrotrichopterus",54.9789237837523,5399458.89150155,0.242510491639986,0.991127709623713,0.64387911528594,0,0,0.345907739472273
"Trichomycterus_longibarbatus",54.9789237837523,5399458.89150155,0.242510491639986,0.991127709623713,0.64387911528594,0,0,0.345907739472273
"Trichomycterus_lewi",54.9789237837523,5399458.89150155,0.242510491639986,0.991127709623713,0.64387911528594,0,0,0.345907739472273
"Trichomycterus_laucaensis",62.5280055124329,7374098.09494701,0.240567328812391,1.0267078384057,0.63143823988133,0,0,0.25285817579524
"Trichomycterus_latistriatus",54.9789237837523,5399458.89150155,0.242510491639986,0.991127709623713,0.64387911528594,0,0,0.345907739472273
"Trichomycterus_latidens",54.9789237837523,5399458.89150155,0.242510491639986,0.991127709623713,0.64387911528594,0,0,0.345907739472273
"Trichomycterus_landinga",0,0,0,0,0,0,0,1.04922381838432
"Trichomycterus_knerii",66.1845095707724,8462478.92503328,0.239713987787917,1.0428277939273,0.626019850265121,0,0,0.220175123093052
"Trichomycterus_jequitinhonhae",0,0,0,0,0,0,0,0.390285754116527
"Trichomycterus_jacupiranga",54.9789237837523,5399458.89150155,0.242510491639986,0.991127709623713,0.64387911528594,0,0,0.345907739472273
"Trichomycterus_itatiayae",88.5070742938109,17142442.4268591,0.235451295801291,1.13459286791227,0.602615188281922,0,0,0.117347200428046
"Trichomycterus_itacarambiensis",0,0,0,0,0,0,0,0
"Trichomycterus_itacambirussu",0,0,0,0,0,0,0,0.475673340346147
"Trichomycterus_igobi",53.8398995368571,5132464.57810411,0.242828146018088,0.985456229222203,0.645926436220778,0,0,0.364000901037396
"Trichomycterus_hualco",0,0,0,0,0,0,0,0.527731730843293
"Trichomycterus_heterodontus",54.9789237837523,5399458.89150155,0.242510491639986,0.991127709623713,0.64387911528594,0,0,0.345907739472273
"Trichomycterus_goeldii",50.2551534594429,4341647.48495616,0.243863870294823,0.96599829704784,0.651830589067283,0,0,0.422930888705677
"Trichomycterus_gabrieli",54.9789237837523,5399458.89150155,0.242510491639986,0.991127709623713,0.64387911528594,0,0,0.345907739472273
"Trichomycterus_fuliginosus",54.9789237837523,5399458.89150155,0.242510491639986,0.991127709623713,0.64387911528594,0,0,0.345907739472273
"Trichomycterus_fassli",64.6343155454191,7990308.34001082,0.240069493506434,1.03607464565555,0.628273841169119,0,0,0.233257591589991
"Trichomycterus_emanueli",70.9421370157377,10012150.038021,0.238675767880614,1.06286151744498,0.619464521996509,0,0,0.1859291796668
"Trichomycterus_duellmani",31.7323130110339,1422998.90981833,0.250923261200273,0.847965159063919,0.695076996487189,0,0,1.20568634694439
"Trichomycterus_dorsostriatum",54.9789237837523,5399458.89150155,0.242510491639986,0.991127709623713,0.64387911528594,0,0,0.345907739472273
"Trichomycterus_dispar",90.2857322661842,17955053.4852661,0.235104454683143,1.13548371728865,0.597224135646758,0,0,0.10335471653933
"Trichomycterus_davisi",91.4595153938082,18560678.3835269,0.234968704840148,1.14484444323381,0.599624056334131,0,0,0.108334500995744
"Trichomycterus_dali",0,0,0,0,0,0,0,0.430947104103426
"Trichomycterus_crassicaudatus",0,0,0,0,0,0,0,0.197276895233079
"Trichomycterus_conradi",54.9789237837523,5399458.89150155,0.242510491639986,0.991127709623713,0.64387911528594,0,0,0.345907739472273
"Trichomycterus_concolor",54.9789237837523,5399458.89150155,0.242510491639986,0.991127709623713,0.64387911528594,0,0,0.345907739472273
"Trichomycterus_claudiae",54.9789237837523,5399458.89150155,0.242510491639986,0.991127709623713,0.64387911528594,0,0,0.345907739472273
"Trichomycterus_chungaraensis",56.7580673635646,5832504.51931097,0.242028050703343,0.999818214303967,0.640777027880939,0,0,0.320092924843195
"Trichomycterus_chiltoni",69.9585145117499,9679184.83802964,0.238884224482847,1.05880142491616,0.62077746545245,0,0,0.19235999197219
"Trichomycterus_chapmani",56.1882534570423,5691674.38753274,0.242180794147688,0.997056665153227,0.641758213350267,0,0,0.328055963486443
"Trichomycterus_chaberti",0,0,0,0,0,0,0,0.343384310749937
"Trichomycterus_celsae",54.9789237837523,5399458.89150155,0.242510491639986,0.991127709623713,0.64387911528594,0,0,0.345907739472273
"Trichomycterus_catamarcensis",0,0,0,0,0,0,0,0.317620379620366
"Trichomycterus_castroi",64.4518489868044,7935776.0466219,0.240111933417551,1.035272054797,0.62854323843626,0,0,0.234869078556581
"Trichomycterus_candidus",54.9789237837523,5399458.89150155,0.242510491639986,0.991127709623713,0.64387911528594,0,0,0.345907739472273
"Trichomycterus_caliensis",0,0,0,0,0,0,0,0.327391797482666
"Trichomycterus_cachiraensis",60.7461798143887,6878254.21388106,0.241015044297803,1.01967242545071,0.635063502577816,0,0,0.276130146080056
"Trichomycterus_boylei",60.7461798143887,6878254.21388106,0.241015044297803,1.01967242545071,0.635063502577816,0,0,0.276130146080056
"Trichomycterus_borellii",54.9789237837523,5399458.89150155,0.242510491639986,0.991127709623713,0.64387911528594,0,0,0.345907739472273
"Trichomycterus_bomboizanus",54.9789237837523,5399458.89150155,0.242510491639986,0.991127709623713,0.64387911528594,0,0,0.345907739472273
"Trichomycterus_bogotensis",54.9789237837523,5399458.89150155,0.242510491639986,0.991127709623713,0.64387911528594,0,0,0.345907739472273
"Trichomycterus_belensis",0,0,0,0,0,0,0,0.600319511220162
"Trichomycterus_barbouri",54.9789237837523,5399458.89150155,0.242510491639986,0.991127709623713,0.64387911528594,0,0,0.345907739472273
"Trichomycterus_banneaui",42.3452290993022,2865547.59861513,0.246469851775957,0.920228201275359,0.667616876345541,0,0,0.624810777364065
"Trichomycterus_ballesterosi",54.9789237837523,5399458.89150155,0.242510491639986,0.991127709623713,0.64387911528594,0,0,0.345907739472273
"Trichomycterus_bahianus",54.9789237837523,5399458.89150155,0.242510491639986,0.991127709623713,0.64387911528594,0,0,0.345907739472273
"Trichomycterus_auroguttatus",54.9789237837523,5399458.89150155,0.242510491639986,0.991127709623713,0.64387911528594,0,0,0.345907739472273
"Trichomycterus_atochae",54.9789237837523,5399458.89150155,0.242510491639986,0.991127709623713,0.64387911528594,0,0,0.345907739472273
"Trichomycterus_arleoi",45.8458924556328,3475014.79264268,0.245261674596517,0.941486766842591,0.660522843409054,0,0,0.524227228477108
"Trichomycterus_alterus",0,0,0,0,0,0,0,0.33989352866741
"Trichomycterus_alternatus",54.9789237837523,5399458.89150155,0.242510491639986,0.991127709623713,0.64387911528594,0,0,0.345907739472273
"Trichomycterus_albinotatus",54.9789237837523,5399458.89150155,0.242510491639986,0.991127709623713,0.64387911528594,0,0,0.345907739472273
"Trichomycterus_aguarague",54.9789237837523,5399458.89150155,0.242510491639986,0.991127709623713,0.64387911528594,0,0,0.345907739472273
"Acanthopoma_annectens",0,0,0,0,0,0,0,0.263181306187527
"Pareiodon_microps",0,0,0,0,0,0,0,0.51067241307592
"Pseudostegophilus_nemurus",0,0,0,0,0,0,0,0.255278970911889
"Pseudostegophilus_haemomyzon",6.10243478296823,343984.871841173,0.0523503028870126,0.20356742008027,0.168096912702163,0,0,0.748302988427472
"Henonemus_triacanthopomus",0,0,0,0,0,0,0,0.370673400810572
"Henonemus_taxistigmus",7.02840031063591,604297.813621391,0.0389717579761166,0.17141826858588,0.123809247150456,0,0,0.500203318784913
"Henonemus_macrops",4.9747123545951,260145.882566846,0.039795482884183,0.153748838441267,0.128147535400222,0,0,0.916298077571744
"Henonemus_punctatus",0,0,0,0,0,0,0,0.522542459355195
"Henonemus_intermedius",6.78047611414822,553950.341246252,0.0390593652474053,0.169739093265531,0.124485315528459,0,0,0.54591999848956
"Apomatoceros_alleni",0,0,0,0,0,0,0,0.197649594107136
"Ochmacanthus_reinhardtii",11.3212851526656,921130.409168778,0.140073834936532,0.261034000136578,0.2028835933511,0,0,1.3404156959154
"Ochmacanthus_orinoco",12.4426393203651,1159940.69619528,0.139278716771537,0.269038997748392,0.201105397412245,0,0,1.145177916547
"Ochmacanthus_flabelliferus",8.36462273291471,439802.130894204,0.142643921455492,0.236653483576081,0.208355328560317,0,0,2.17370024497551
"Ochmacanthus_alternus",0,0,0,0,0,0,0,1.14614697736945
"Ochmacanthus_batrachostomus",9.17659530973732,551504.014535804,0.141852964445016,0.24388783009387,0.206690961784756,0,0,1.87780600426994
"Megalocentor_echthrus",0,0,0,0,0,0,0,0.405655565022258
"Homodiaetus_passarellii",14.8481779531128,1177496.87930087,0.0957130541173165,0.399600028101488,0.298627885262005,0,0,1.33556567766722
"Homodiaetus_graciosa",13.8301593658432,989938.159921148,0.0961220016443609,0.390486626688689,0.300475169139502,0,0,1.49447508082202
"Homodiaetus_anisitsi",0,0,0,0,0,0,0,1.21810896291486
"Homodiaetus_banguela",14.8481779470483,1177496.87881994,0.0957130540782237,0.399600027938277,0.298627885140034,0,0,1.33556567750414
"Haemomaster_venezuelae",40.4103025442128,5033454.76284493,0.184607930808494,0.828403714365958,0.551367026184628,0,0,0.637127231719735
"Vandellia_beccarii",15.2183475124127,1611961.99647889,0.0677025981950246,0.336252006267013,0.226982521229619,0,0,0.236582912801934
"Vandellia_sanguinea",11.073622177721,742654.478371202,0.0690213531306308,0.304531847029775,0.234587751575955,0,0,0.419861352871801
"Vandellia_cirrhosa",0,0,0,0,0,0,0,0.149061761990081
"Paravandellia_oxyptera",0,0,0,0,0,0,0,1.94703447455204
"Paravandellia_phaneronema",14.2851363142811,835878.466819192,0.104878632363769,0.410494659433395,0.353393921800418,0,0,1.97036000198986
"Listrura_camposi",0,0,0,0,0,0,0,1.12358078980287
"Listrura_nematopteryx",0,0,0,0,0,0,0,1.27698345858756
"Listrura_tetraradiata",0,0,0,0,0,0,0,0.939502149861961
"Hatcheria_macraei",0,0,0,0,0,0,0,0.128921370854757
"Trichomycterus_areolatus",0,0,0,0,0,0,0,0.175957651071021
"Bullockia_maldonadoi",10.9522371038863,843844.39013626,0.0742773238324364,0.292906591162524,0.231960857167702,0,0,0.462027341889669
"Typhlobelus_ternetzi",11.9845212011652,1718615.55987067,0.0583103606665655,0.290775620254402,0.194897793692064,0,0,1.48580074210697
"Typhlobelus_macromycterus",9.07110681294653,873966.874423497,0.0593235269864392,0.268371382809623,0.202312069517315,0,0,2.7450796419028
"Typhlobelus_guacamaya",0,0,0,0,0,0,0,1.8826270736327
"Typhlobelus_lundbergi",0,0,0,0,0,0,0,1.73119945502676
"Trichomycterus_corduvensis",0,0,0,0,0,0,0,0.274420691867398
"Trichomycterus_guianense",0,0,0,0,0,0,0,0.333639252154346
"Sarcoglanis_simplex",42.5484200755888,4529348.673238,0.213764597654737,0.889448140225955,0.615875110426304,0,0,0.474302792446354
"Trichomycterus_vermiculatus",7.47680080833357,853536.564082555,0.0275828077464701,0.116414446583843,0.0708243042795783,0,0,0.277231292303505
"Trichomycterus_mimonha",6.87095683405612,695543.244574167,0.0277289300823834,0.113748881149478,0.0717376813728862,0,0,0.340577642493061
"Trichomycterus_brasiliensis",8.70010938532925,1233112.86852957,0.0273255187380269,0.121605856693443,0.0694007279237969,0,0,0.198539186792278
"Trichomycterus_maracaya",0,0,0,0,0,0,0,0.829684824615932
"Trichomycterus_paolence",8.56481981440992,834534.24226178,0.0357610361363781,0.145076372586292,0.0925265808976907,0,0,0.34072814682869
"Trichomycterus_iheringi",6.95887067545046,530999.290041315,0.0366572110456909,0.13885789002563,0.0946137808297184,0,0,0.202394616380084
"Trichomycterus_santaeritae",5.65036393116473,320597.117859188,0.03713776195967,0.131151482608195,0.0976499931256003,0,0,0.336129292319797
"Trichomycterus_diabolus",0,0,0,0,0,0,0,0.122547067946419
"Trichomycterus_caudofasciatus",8.59139125291846,389835.629928295,0.0654925402653752,0.21853629943686,0.174620701998038,0,0,0.773324891435326
"Trichomycterus_immaculatus",0,0,0,0,0,0,0,0.338257006210105
"Trichomycterus_reinhardti",12.9064164509403,1474667.35796265,0.0500673692437434,0.20587129558087,0.126060754961364,0,0,0.344715037739003
"Trichomycterus_pauciradiatus",0,0,0,0,0,0,0,0.801241691882707
"Nematogenys_inermis",0,0,0,0,0,0,0,0.0794026151681025
"Piabucina_unitaeniata",52.5330278195323,6480988.15943525,0.237265952888481,0.994278477325553,0.590563693201794,0,0,0.496936386274021
"Piabucina_pleurotaenia",0,0,0,0,0,0,0,0.545501132169956
"Piabucina_panamensis",0,0,0,0,0,0,0,0.483840333549034
"Piabucina_festae",49.8510297521506,5706231.9924303,0.238033769091949,0.979189536676094,0.594569850009821,0,0,0.555842584834247
"Piabucina_erythrinoides",56.9494798212802,7886527.60591345,0.236092819183208,1.0183965195157,0.584752484168218,0,0,0.421075170660759
"Piabucina_elongata",51.8929414263051,6291353.9347815,0.237447894750155,0.99094281871349,0.59166258073493,0,0,0.511996448722157
"Piabucina_boruca",45.4869908558845,4567121.45713397,0.239379131753247,0.953121159448986,0.60144750577424,0,0,0.673266908342356
"Piabucina_astrigata",55.9574599132266,7556462.07838357,0.236347038095233,1.01303852725408,0.585969544057584,0,0,0.43611445246743
"Piabucina_aureoguttata",48.1583471882587,5247179.27035965,0.238542994963849,0.969509461494436,0.597336902984287,0,0,0.59991205772124
"Lebiasina_yuruaniensis",25.7678776862286,1266267.79166015,0.208841004235485,0.71369832232556,0.544168097755175,0,0,1.12038734449806
"Lebiasina_yepezi",0,0,0,0,0,0,0,0.441174652984588
"Lebiasina_uruyensis",38.2021950930847,3297516.95247129,0.203842820597818,0.801471876398671,0.517930202260504,0,0,0.491698403082729
"Lebiasina_taphorni",32.3084655465369,2194485.64787619,0.205956571183959,0.762992936802848,0.529043744492578,0,0,0.699926205236139
"Lebiasina_provenzanoi",29.7593422655299,1797304.86337461,0.20700317906321,0.744936849862876,0.534706408299872,0,0,0.834839219656342
"Lebiasina_ortegai",26.532047504249,1359691.02127555,0.208469671518985,0.720135111294701,0.542432342831405,0,0,1.06053186275641
"Lebiasina_narinensis",32.3084655465369,2194485.64787619,0.205956571183959,0.762992936802848,0.529043744492578,0,0,0.699926205236139
"Lebiasina_multimaculata",0,0,0,0,0,0,0,0.450948959467551
"Lebiasina_intermedia",26.9889078416886,1417101.91722759,0.20824725016587,0.723513178740318,0.541029849156347,0,0,1.01734139585745
"Lebiasina_floridablancaensis",30.8507048854965,1961531.44946698,0.206542367374385,0.752685207322457,0.532116960462765,0,0,0.770863597515338
"Lebiasina_colombia",0,0,0,0,0,0,0,0.542233477484677
"Lebiasina_bimaculata",0,0,0,0,0,0,0,0.41172357772429
"Lebiasina_chucuriensis",33.7197037479594,2434865.09318474,0.205416261418346,0.772713708996382,0.526257309138988,0,0,0.640769767083078
"Derhamia_hoffmannorum",0,0,0,0,0,0,0,2.05914166489681
"Copeina_guttata",0,0,0,0,0,0,0,1.48040866244155
"Copeina_osgoodi",47.1029312421767,11057784.7027798,0.585818120789038,1.17799627575635,0.73123955638045,0,0,2.58489320914884
"Lonchogenys_ilisha",63.7565931361777,49958833.6158788,0.282641642841876,1.39742092305098,0.634930242745043,0,0,0
"Tyttobrycon_xeruini",18.2036601488663,3181711.93122997,0.247113097976508,0.640903940852904,0.387743431912704,0,0,0
"Tyttobrycon_spinosus",17.0525472350989,2766896.47082042,0.248274735269417,0.628588407796202,0.389710816687634,0,0,0
"Tyttobrycon_dorsimaculatus",16.4733889700486,2575693.65269154,0.248908230004937,0.621931255163341,0.39041803721724,0,0,0
"Tyttobrycon_hamatus",15.4045075628092,2240535.62064446,0.250149295858843,0.609892501243773,0.392408437403763,0,0,0
"Tucanoichthys_tucano",14.8014619286885,2062421.12045475,0.250887239100837,0.602488240157891,0.393283872845161,0,0,0
"Trochilocharax_ornatus",15.031188359482,2129931.13719825,0.250602668053706,0.605191738998966,0.392807244288551,0,0,0
"Thrissobrycon_pectinifer",21.9716312331937,4714353.90529708,0.24371860817614,0.677704491780402,0.382641895043786,0,0,0
"Stichonodon_insignis",36.2153713581491,13373366.8633508,0.234901461381706,0.785081516817412,0.368906540880693,0,0,0
"Serrabrycon_magoi",22.6445657002478,5018391.59065475,0.243172556970305,0.683694274469741,0.38178391207627,0,0,0
"Scopaeocharax_atopodus",17.6928028915895,2988198.24695772,0.247590290475581,0.63463956633902,0.387999462836217,0,0,0
"Scopaeocharax_rhinodus",21.3549673025612,4414106.6680603,0.244154533478679,0.67042447045623,0.382572270729877,0,0,0
"Schultzites_axelrodi",23.7861102944603,5557326.37640579,0.242290698457354,0.693958895648674,0.380665998112288,0,0,0
"Rhoadsia_altipinna",0,0,0,0,0,0,0,0
"Rhoadsia_minor",18.2048808589555,2703953.32614618,0.343256147605775,0.41203986634955,0.250811961341793,0,0,0
"Rhinopetitia_myersi",21.7222227711327,4579267.94888532,0.243856773055562,0.673719702255617,0.381968660804108,0,0,0
"Rhinobrycon_negrensis",25.3286133839815,6308982.22735776,0.241100992495462,0.704107946905167,0.377152607421636,0,0,0
"Ptychocharax_rhyacophila",0,0,0,0,0,0,0,0
"Pterobrycon_landoni",15.8224228725811,2306208.43803228,0.175677669485442,0.468787393319049,0.275556712875464,0,0,0
"Pterobrycon_myrnae",0,0,0,0,0,0,0,0
"Psalidodon_xavante",0,0,0,0,0,0,0,0
"Psalidodon_tumbayaensis",21.9335393169317,30458819.1756774,0.119900299759118,0.493297755808512,0.184426262163904,0,0,0
"Psalidodon_troya",18.9550267797318,22336082.8423893,0.12117653018984,0.472923483684082,0.18676124007575,0,0,0
"Psalidodon_schubarti",0,0,0,0,0,0,0,0
"Psalidodon_rivularis",0,0,0,0,0,0,0,0
"Psalidodon_pynandi",21.9335393169317,30458819.1756774,0.119900299759118,0.493297755808512,0.184426262163904,0,0,0
"Psalidodon_puka",0,0,0,0,0,0,0,0
"Psalidodon_pellegrini",19.9307963003133,24953415.3741658,0.120752863855144,0.479735025869602,0.185785898130115,0,0,0
"Psalidodon_paranae",0,0,0,0,0,0,0,0
"Psalidodon_parahybae",0,0,0,0,0,0,0,0
"Psalidodon_pampa",17.0327434116319,17934424.0764144,0.122154664342337,0.458617291269669,0.188313556093783,0,0,0
"Psalidodon_ojiara",14.9705301602064,13697531.7253227,0.123323481594655,0.441721909282646,0.190220631187801,0,0,0
"Psalidodon_marionae",21.6420546217685,29379184.3023534,0.119985747223573,0.491582637226634,0.184950664589866,0,0,0
"Psalidodon_leonidas",14.0291150743388,11990006.7931134,0.123926345864953,0.433401795168159,0.191082808798753,0,0,0
"Psalidodon_ita",16.7963084051401,17377075.2356178,0.122270921374796,0.456810923277504,0.188617967858293,0,0,0
"Psalidodon_hermosus",21.9335393169317,30458819.1756774,0.119900299759118,0.493297755808512,0.184426262163904,0,0,0
"Psalidodon_gymnogenys",25.0783648710451,40276110.9522484,0.118718974250848,0.512912475536262,0.182524170656334,0,0,0
"Psalidodon_gymnodontus",0,0,0,0,0,0,0,0
"Psalidodon_fasciatus",0,0,0,0,0,0,0,0
"Psalidodon_erythropterus",21.9335393169317,30458819.1756774,0.119900299759118,0.493297755808512,0.184426262163904,0,0,0
"Psalidodon_endy",17.0327434116319,17934424.0764144,0.122154664342337,0.458617291269669,0.188313556093783,0,0,0
"Psalidodon_eigenmanniorum",0,0,0,0,0,0,0,0
"Psalidodon_correntinus",21.9335393169317,30458819.1756774,0.119900299759118,0.493297755808512,0.184426262163904,0,0,0
"Psalidodon_chico",21.9335393169317,30458819.1756774,0.119900299759118,0.493297755808512,0.184426262163904,0,0,0
"Psalidodon_bockmanni",0,0,0,0,0,0,0,0
"Psalidodon_anisitsi",0,0,0,0,0,0,0,0
"Psalidodon_bifasciatus",26.959018039948,46861570.7847136,0.118088891745983,0.5238031500947,0.181479449103181,0,0,0
"Protocheirodon_pi",0,0,0,0,0,0,0,0
"Priocharax_ariel",13.8627454667409,1793805.46868528,0.252064886961086,0.590176163516439,0.394623231899021,0,0,0
"Priocharax_pygmaeus",14.7529968062981,2050443.64951037,0.250956632095146,0.601882896448045,0.393295834699274,0,0,0
"Phenacobrycon_henni",21.603793005576,4537972.25631175,0.243974559072029,0.672569854281858,0.381933375333812,0,0,0
"Phallobrycon_adenacanthus",25.7368935522837,6510015.85235467,0.240800218907927,0.707462150376576,0.376850146919295,0,0,0
"Petitella_rhodostoma",0,0,0,0,0,0,0,0
"Petitella_bleheri",0,0,0,0,0,0,0,0
"Petitella_georgiae",0,0,0,0,0,0,0,0
"Parastremma_sadina",69.7518820227379,52946689.8546146,0.223890860321295,0.95277795890367,0.351503728020126,0,0,0
"Parastremma_album",46.1480286462517,21970149.7201398,0.230671015907159,0.843770357158508,0.363308292582174,0,0,0
"Parastremma_pulchrum",47.6137013446353,23533658.649995,0.230166233855717,0.851331224943155,0.362147005895085,0,0,0
"Parapristella_aubynei",0,0,0,0,0,0,0,0
"Parapristella_georgiae",23.4224845088311,5485353.57060446,0.170998711537272,0.534441676396843,0.263660062300807,0,0,0
"Oxybrycon_parvulus",17.2635820463241,2842311.34907384,0.248059589000885,0.63080301892755,0.389233383940079,0,0,0
"Othonocheirodus_eigenmanni",0,0,0,0,0,0,0,0
"Oligobrycon_microstomus",22.7945153252013,5084500.55431197,0.243048454318824,0.685031849688631,0.381645688142597,0,0,0
"Monotocheirodon_pearsoni",24.6920025694984,5973754.55283715,0.241542560558887,0.698964587831375,0.378022775370865,0,0,0
"Mixobrycon_ribeiroi",24.221613198088,5764930.33889959,0.241956633263145,0.697673058041029,0.380228730380855,0,0,0
"Microgenys_weyrauchi",20.6355313062636,4114740.95545126,0.244783759160552,0.663730763644795,0.383484354193505,0,0,0
"Microgenys_lativirgata",36.9277348550549,13874177.4256917,0.234491338385322,0.78568499741225,0.366155730323945,0,0,0
"Microgenys_minuta",27.7093640053258,7614800.37628164,0.23951217740756,0.722729350061737,0.374474117964178,0,0,0
"Makunaima_multidens",20.0602798261901,6790541.79604714,0.171065098628425,0.473586702957815,0.241187275534216,0,0,0
"Makunaima_guaporensis",25.0747488363767,16919949.8183979,0.1708270690104,0.494149347915942,0.214801526641018,0,0,0
"Makunaima_guianensis",0,0,0,0,0,0,0,0
"Leptobrycon_jatuaranae",36.4422595919553,13472758.9405596,0.234762269515017,0.788041843151076,0.370009335079296,0,0,0
"Lepidocharax_burnsi",0,0,0,0,0,0,0,0
"Lepidocharax_diamantina",0,0,0,0,0,0,0,0
"Landonia_latidens",26.5810815849983,6984368.4247373,0.240251194936852,0.7140294362966,0.375658957126086,0,0,0
"Iotabrycon_praecox",17.6086641201565,2959525.02471246,0.24768000598177,0.633750338121084,0.388117145364146,0,0,0
"Hysteronotus_megalostomus",26.3252967278528,6834825.45527261,0.240410916087226,0.712075891813279,0.37606279719672,0,0,0
"Gymnotichthys_hildae",38.0634343492927,14856590.2480394,0.234050152256521,0.796479321736698,0.367375308019293,0,0,0
"Gymnocharacinus_bergii",0,0,0,0,0,0,0,0
"Grundulus_quitoensis",23.4415910123725,5927240.88015658,0.148800623718678,0.495361642603262,0.224869734394518,0,0,0
"Grundulus_bogotensis",0,0,0,0,0,0,0,0
"Grundulus_cochae",0,0,0,0,0,0,0,0
"Genycharax_tarpon",69.4625703892236,52276651.973893,0.223950157968228,0.954406227662476,0.353214012995407,0,0,0
"Eretmobrycon_bayano",32.152500001068,10379883.158631,0.236891759147347,0.754707481121402,0.370216146982649,0,0,0
"Eretmobrycon_festae",32.152500001068,10379883.158631,0.236891759147347,0.754707481121402,0.370216146982649,0,0,0
"Chrysobrycon_myersi",34.5557375111376,11985924.565431,0.235582089045945,0.770954930362295,0.368679518964358,0,0,0
"Chrysobrycon_eliasi",33.4535679324418,11201915.2452058,0.236146612126927,0.763718799172722,0.369610119222156,0,0,0
"Chrysobrycon_hesperus",40.4187879623283,16649920.859039,0.232884314035889,0.806854194018089,0.364084397108109,0,0,0
"Cheirodontops_geayi",0,0,0,0,0,0,0,0
"Ceratobranchia_obtusirostris",0,0,0,0,0,0,0,0
"Ceratobranchia_joanae",6.68664531143778,847076.729661278,0.175297454520129,0.205726933176793,0.239420231303211,0,0,0
"Ceratobranchia_elatior",8.73588849999436,1477572.09027446,0.17186239949679,0.222382210921226,0.234573000425041,0,0,0
"Ceratobranchia_binghami",0,128381.597940773,0.17334758297043,0,0.192743427287,0,0,0
"Ceratobranchia_delotaenia",7.15835339764029,972998.397258667,0.174395770532962,0.209886099080866,0.238346868075625,0,0,0
"Caiapobrycon_tucurui",27.8378707029327,7686036.95430981,0.239427581517282,0.723715342469611,0.374367795192244,0,0,0
"Bryconexodon_juruenae",0,0,0,0,0,0,0,0
"Bryconexodon_trombetasi",35.4302289959262,11398357.6824671,0.166293912904432,0.605832963464351,0.257614278150612,0,0,0
"Bryconacidnus_paipayensis",23.2950958137262,5198662.39012663,0.170014320347647,0.526485638598066,0.259563129637099,0,0,0
"Bryconacidnus_ellisae",0,0,0,0,0,0,0,0
"Bryconacidnus_hemigrammus",20.2278437819052,3885969.25513659,0.171816808168004,0.505207956941292,0.262220281166425,0,0,0
"Boehlkea_fredcochui",0,0,0,0,0,0,0,0
"Axelrodia_riesei",16.7245508632344,2770203.04893704,0.175145387045238,0.489132252694667,0.270637893190928,0,0,0
"Axelrodia_stigmatias",0,0,0,0,0,0,0,0
"Aulixidens_eugeniae",26.9399875159728,7179459.31387091,0.240009828433961,0.716836706015699,0.375303715359264,0,0,0
"Attonitus_irisae",28.1997788030021,7869411.61030755,0.239172095576354,0.726562960504808,0.374270257079582,0,0,0
"Attonitus_bounites",32.0850390040457,10291057.9326371,0.236894863378222,0.754405577119357,0.370620142826655,0,0,0
"Attonitus_ephimeros",29.5091740462852,8644512.17225105,0.238365662037833,0.736248865379728,0.373015415324567,0,0,0
"Atopomesus_pachyodus",36.4422593489733,13472758.8507399,0.234762267950006,0.788041837896739,0.370009332612695,0,0,0
"Argopleura_magdalenensis",33.2732159174496,11096188.4929957,0.236255209088543,0.76245001091012,0.36961914272153,0,0,0
"Argopleura_diquensis",35.9962008446222,13046987.8963831,0.234869555599787,0.780185256418958,0.367543220049466,0,0,0
"Argopleura_chocoensis",30.6589249751321,9369311.48881742,0.237699874398105,0.744453617520736,0.371847063485653,0,0,0
"Argopleura_conventus",24.0610547783287,5680856.23540685,0.242035217063227,0.693590659989836,0.378472174605841,0,0,0
"Andromakhe_tupi",30.1638183662446,22065482.7058796,0.170180055884035,0.627244239862246,0.26591693545294,0,0,0
"Andromakhe_stenohalina",31.591054078769,24158851.1135531,0.169570017119955,0.636277633440122,0.265501803534776,0,0,0
"Andromakhe_saguazu",35.373857746324,30468425.8970176,0.168140501703743,0.658057757476731,0.263604034530377,0,0,0
"Andromakhe_latens",21.9359360572825,11320678.4098898,0.174207377496533,0.571170090790882,0.272337410546684,0,0,0
"Andromakhe_paris",0,0,0,0,0,0,0,0
"Amazonichthys_lindeae",20.1949079151336,3980681.75476572,0.245349287655154,0.665091067740086,0.387730861867942,0,0,0
"Acrobrycon_ipanquianus",0,0,0,0,0,0,0,0
"Acanthocharax_microlepis",50.2107982960478,27007607.9692683,0.229683052382424,0.886308010207042,0.371319245808494,0,0,0
"Astyanax_villwocki",0,0,0,0,0,0,0,0
"Astyanax_vermilion",0,0,0,0,0,0,0,0
"Astyanax_venezuelae",25.3721495224509,9525498.29991994,0.228278933412224,0.700706422261124,0.35425858068505,0,0,0
"Astyanax_varzeae",38.8099880237012,22952172.3376173,0.221142279259739,0.790409268028733,0.341674435906404,0,0,0
"Astyanax_validus",49.2048641914073,37269447.7999793,0.217210401574309,0.845819253650795,0.335387638693854,0,0,0
"Astyanax_utiariti",0,0,0,0,0,0,0,0
"Astyanax_unitaeniatus",40.7736290147942,25442501.4919081,0.220333190642576,0.801358555487085,0.340090965174265,0,0,0
"Astyanax_turmalinensis",0,0,0,0,0,0,0,0
"Astyanax_totae",38.4559877039426,22482576.9623103,0.221280394517913,0.788366183717715,0.342034655473459,0,0,0
"Astyanax_symmetricus",0,0,0,0,0,0,0,0
"Astyanax_stilbe",40.7736290147942,25442501.4919081,0.220333190642576,0.801358555487085,0.340090965174265,0,0,0
"Astyanax_siapae",41.8757670701641,26831864.7134348,0.219881220427639,0.807701658241521,0.339572626168527,0,0,0
"Astyanax_serratus",48.3606426708781,36432833.0783298,0.217586515370751,0.841006222958922,0.334848818698104,0,0,0
"Astyanax_scintillans",21.0612759580339,6470691.20043412,0.231468619904464,0.664858055776398,0.360119798137077,0,0,0
"Astyanax_saltor",31.6140148462499,14979933.8060855,0.224540106914993,0.745919397800232,0.347904170671859,0,0,0
"Astyanax_ruberrimus",0,0,0,0,0,0,0,0
"Astyanax_poetzschkei",40.7736290147942,25442501.4919081,0.220333190642576,0.801358555487085,0.340090965174265,0,0,0
"Astyanax_pirapuan",40.7736290147942,25442501.4919081,0.220333190642576,0.801358555487085,0.340090965174265,0,0,0
"Astyanax_pedri",37.4198600187791,21322094.6322057,0.221761675124429,0.782438813025375,0.3427351594801,0,0,0
"Astyanax_paranahybae",40.7736290147942,25442501.4919081,0.220333190642576,0.801358555487085,0.340090965174265,0,0,0
"Astyanax_paraguayensis",40.7736290147942,25442501.4919081,0.220333190642576,0.801358555487085,0.340090965174265,0,0,0
"Astyanax_orbignyanus",40.7736290147942,25442501.4919081,0.220333190642576,0.801358555487085,0.340090965174265,0,0,0
"Astyanax_myersi",40.7736290147942,25442501.4919081,0.220333190642576,0.801358555487085,0.340090965174265,0,0,0
"Astyanax_multidens",47.0710607316851,34170280.136059,0.217964518340009,0.834741588457081,0.336123508403663,0,0,0
"Astyanax_moorii",0,0,0,0,0,0,0,0
"Astyanax_minor",45.5599669812907,31757559.6726537,0.218457107188004,0.827569058911305,0.337632506305802,0,0,0
"Astyanax_megaspilura",40.7736290147942,25442501.4919081,0.220333190642576,0.801358555487085,0.340090965174265,0,0,0
"Astyanax_maximus",0,0,0,0,0,0,0,0
"Astyanax_maculisquamis",36.9688943812197,20614230.9617673,0.221897003284327,0.780014181687725,0.343698110887388,0,0,0
"Astyanax_longirhinus",63.010618360708,61877257.5659373,0.213196052311405,0.907112796537469,0.328583221040614,0,0,0
"Astyanax_longior",40.7736290147942,25442501.4919081,0.220333190642576,0.801358555487085,0.340090965174265,0,0,0
"Astyanax_lineatus",48.3606426708781,36432833.0783298,0.217586515370751,0.841006222958922,0.334848818698104,0,0,0
"Astyanax_leopoldi",0,0,0,0,0,0,0,0
"Astyanax_laticeps",40.3831943928089,24908512.3062005,0.22048136943259,0.799163828929544,0.340430356973024,0,0,0
"Astyanax_kullanderi",40.0835413619018,24597773.8744689,0.220624888926329,0.797314700071347,0.340403423384671,0,0,0
"Astyanax_kompi",40.7736290147942,25442501.4919081,0.220333190642576,0.801358555487085,0.340090965174265,0,0,0
"Astyanax_kennedyi",0,0,0,0,0,0,0,0
"Astyanax_jordanensis",0,0,0,0,0,0,0,0
"Astyanax_jacuhiensis",0,0,0,0,0,0,0,0
"Astyanax_integer",40.7736290147942,25442501.4919081,0.220333190642576,0.801358555487085,0.340090965174265,0,0,0
"Astyanax_henseli",0,0,0,0,0,0,0,0
"Astyanax_gracilior",40.7736290147942,25442501.4919081,0.220333190642576,0.801358555487085,0.340090965174265,0,0,0
"Astyanax_goyanensis",40.6837818405266,25213878.1776681,0.220336223982808,0.801021873909686,0.340480764273255,0,0,0
"Astyanax_goyacensis",40.7736290147942,25442501.4919081,0.220333190642576,0.801358555487085,0.340090965174265,0,0,0
"Astyanax_gisleni",40.7736290147942,25442501.4919081,0.220333190642576,0.801358555487085,0.340090965174265,0,0,0
"Astyanax_filiferus",39.2194179474018,23554625.7624642,0.221000857183766,0.792666912752248,0.341094454009435,0,0,0
"Astyanax_epiagos",0,0,0,0,0,0,0,0
"Astyanax_elachylepis",40.7736290147942,25442501.4919081,0.220333190642576,0.801358555487085,0.340090965174265,0,0,0
"Astyanax_dnophos",22.3801510080904,7321694.86042812,0.230403331324112,0.676424385595132,0.358395004751568,0,0,0
"Astyanax_dissimilis",52.2164438036093,42083350.5079938,0.216236952230479,0.860148406610946,0.333753229179836,0,0,0
"Astyanax_courensis",35.4600209127317,19046923.7452171,0.222640003365947,0.770310730903603,0.344215305906735,0,0,0
"Astyanax_cordovae",40.7736290147942,25442501.4919081,0.220333190642576,0.801358555487085,0.340090965174265,0,0,0
"Astyanax_cocibolca",29.8713535273957,13283174.0331887,0.225472493369008,0.734220737423383,0.349864686766266,0,0,0
"Astyanax_clavitaeniatus",35.6974058048063,19286106.656748,0.222519506813,0.771863269927369,0.344146224987107,0,0,0
"Astyanax_chaparae",40.7736290147942,25442501.4919081,0.220333190642576,0.801358555487085,0.340090965174265,0,0,0
"Astyanax_caucanus",40.7736290147942,25442501.4919081,0.220333190642576,0.801358555487085,0.340090965174265,0,0,0
"Astyanax_caballeroi",0,0,0,0,0,0,0,0
"Astyanax_brevirhinus",38.4746737869683,22527311.3943903,0.22127972366809,0.788439142339965,0.341948386004618,0,0,0
"Astyanax_bransfordii",0,0,0,0,0,0,0,0
"Astyanax_brachypterygium",0,0,0,0,0,0,0,0
"Astyanax_bourgeti",40.7736290147942,25442501.4919081,0.220333190642576,0.801358555487085,0.340090965174265,0,0,0
"Astyanax_biotae",29.2743620342252,12787683.9343308,0.225840164430817,0.729770803947248,0.350097021920725,0,0,0
"Astyanax_aurocaudatus",31.9598912276523,15276373.7382787,0.224336234613841,0.74840107046872,0.347848215736796,0,0,0
"Astyanax_atratoensis",44.2352208919992,29999123.3331319,0.21896769123663,0.820305363782165,0.338064199263273,0,0,0
"Astyanax_asuncionensis",0,0,0,0,0,0,0,0
"Astyanax_argyrimarginatus",26.9459605254817,10780436.1685157,0.227248077180866,0.712727880402131,0.352468378260507,0,0,0
"Astyanax_aramburui",0,0,0,0,0,0,0,0
"Odontostilbe_roloffi",12.776482851656,1713172.01970086,0.104571108538122,0.28521926315751,0.149716216157655,0,0,0
"Odontostilbe_parecis",12.7434693995658,1697495.24695091,0.104580258971886,0.285257501610084,0.150011492369483,0,0,0
"Odontostilbe_pao",0,0,0,0,0,0,0,0
"Odontostilbe_nareuda",12.2515497146745,1569231.16325711,0.104909995078507,0.282930679233169,0.151047775853319,0,0,0
"Odontostilbe_microcephala",13.8615281527612,2008520.34375367,0.103873695960848,0.289726206223071,0.147426028073453,0,0,0
"Odontostilbe_littoris",9.00648404308906,854437.605292891,0.107546613307517,0.265343261615981,0.159212899690247,0,0,0
"Odontostilbe_euspilurus",18.4617736403858,7736266.48455647,0.104338610086105,0.306128512383343,0.123745528555744,0,0,0
"Odontostilbe_dierythrura",12.7434693995658,1697495.24695091,0.104580258971886,0.285257501610084,0.150011492369483,0,0,0
"Serrapinnus_micropterus",0,0,0,0,0,0,0,0
"Serrapinnus_gracilis",0,0,0,0,0,0,0,0
"Serrapinnus_aster",0,0,0,0,0,0,0,0
"Compsura_heterura",0,0,0,0,0,0,0,0
"Serrapinnus_piaba",0,0,0,0,0,0,0,0
"Odontostilbe_fugitiva",0,0,0,0,0,0,0,0
"Serrapinnus_calliurus",0,0,0,0,0,0,0,0
"Serrapinnus_notomelas",0,0,0,0,0,0,0,0
"Odontostilbe_paraguayensis",3.33661725701662,394637.49533284,0.0302459341439936,0.0766948032067157,0.0413995216446323,0,0,0
"Odontostilbe_ecuadorensis",0,0,0,0,0,0,0,0
"Serrapinnus_kriegi",0,0,0,0,0,0,0,0
"Odontostilbe_splendida",0,0,0,0,0,0,0,0
"Odontostilbe_pulchra",0,0,0,0,0,0,0,0
"Acinocheirodon_melanogramma",0,0,0,0,0,0,0,0
"Serrapinnus_heterodon",0,0,0,0,0,0,0,0
"Odontostilbe_pequira",3.47237940483147,259580.780592929,0.0376339560174096,0.0773388936902599,0.0494869840325584,0,0,0
"Serrapinnus_microdon",0,0,0,0,0,0,0,0
"Odontostilbe_stenodon",0,0,0,0,0,0,0,0
"Kolpotocheirodon_figueiredoi",6.29199591198724,448078.641472594,0.0734575385347702,0.155335205767226,0.0980857537877063,0,0,0
"Kolpotocheirodon_theloura",6.20526372844159,434488.750048445,0.0735316553287761,0.154924082472097,0.0984020836601006,0,0,0
"Macropsobrycon_uruguayanae",0,0,0,0,0,0,0,0
"Aphyocheirodon_hemigrammus",9.02356791837452,928150.074061841,0.0845098553829642,0.204626198244802,0.116245136819291,0,0,0
"Cheirodon_pisciculus",0,0,0,0,0,0,0,0
"Cheirodon_parahybae",2.61217703063061,296296.945330231,0.0243982280046977,0.0676872529839166,0.0369506312097822,0,0,0
"Cheirodon_ortegai",2.68600931582224,313438.087816471,0.0243442352768617,0.068064850796683,0.0367558969541639,0,0,0
"Cheirodon_luelingi",2.03228522500277,179636.578141844,0.024892543724808,0.0641773927311268,0.038552707754487,0,0,0
"Cheirodon_galusdae",0,0,0,0,0,0,0,0
"Cheirodon_australe",0,0,0,0,0,0,0,0
"Cheirodon_interruptus",0,0,0,0,0,0,0,0
"Cheirodon_ibicuhiensis",2.90351812931896,365934.903923026,0.0241915092051586,0.0690835931946101,0.0361965912261059,0,0,0
"Heterocheirodon_yatai",0,0,0,0,0,0,0,0
"Heterocheirodon_jacuiensis",4.0449182892862,545180.406074801,0.0316038729035536,0.09328404070706,0.0463092562166782,0,0,0
"Compsura_gorgonae",2.93611446136909,507774.501152804,0.0205317718226379,0.0640161832940836,0.0312428637084918,0,0,0
"Odontostilbe_dialeptura",0,0,0,0,0,0,0,0
"Odontostilbe_mitoptera",3.42347329439739,643904.51912907,0.0218368218228328,0.0696329142063797,0.0328674102954586,0,0,0
"Saccoderma_robusta",3.95618472993641,546594.992523886,0.0316927269757594,0.0906791868910637,0.0454133864256055,0,0,0
"Saccoderma_melanostigma",0,0,0,0,0,0,0,0
"Saccoderma_hastata",4.26098380802904,633613.377277977,0.0315044612342479,0.0920669751467268,0.0448152731314447,0,0,0
"Prodontocharax_howesi",8.10678593215311,1241175.01609202,0.062618436525093,0.185759582542914,0.0926068046678862,0,0,0
"Prodontocharax_melanotus",0,0,0,0,0,0,0,0
"Prodontocharax_alleni",8.29826683188453,1295684.19330835,0.0624923692473416,0.186555418218197,0.0922085710858012,0,0,0
"Pseudocheirodon_arnoldi",0,0,0,0,0,0,0,0
"Pseudocheirodon_terrabae",0,0,0,0,0,0,0,0
"Nanocheirodon_insignis",0,0,0,0,0,0,0,0
"Aphyocharax_yekwanae",0,0,0,0,0,0,0,0
"Aphyocharax_gracilis",15.1113499046356,2036946.47752865,0.10248113224253,0.313045751648244,0.15609989581704,0,0,0
"Aphyocharax_erythrurus",0,0,0,0,0,0,0,0
"Aphyocharax_colifax",14.991401190837,1993968.48560288,0.102525227221534,0.312394250210584,0.156358198704491,0,0,0
"Aphyocharax_agassizii",10.9765944738915,1039876.56076432,0.104902318580889,0.284683278892057,0.159734564706162,0,0,0
"Aphyocharax_alburnus",0,0,0,0,0,0,0,0
"Aphyocharax_dentatus",0,0,0,0,0,0,0,0
"Aphyocharax_rathbuni",0,0,0,0,0,0,0,0
"Aphyocharax_anisitsi",0,0,0,0,0,0,0,0
"Aphyocharax_pusillus",11.2895345333459,1407386.72299872,0.0746778931286228,0.228888182913344,0.114932000139009,0,0,0
"Aphyocharax_nattereri",0,0,0,0,0,0,0,0
"Prionobrama_filigera",0,0,0,0,0,0,0,0
"Prionobrama_paraguayensis",0,0,0,0,0,0,0,0
"Leptagoniates_steindachneri",15.3856791879937,2923572.61541867,0.0910918528241662,0.296257361723425,0.135648994888499,0,0,0
"Xenagoniates_bondi",0,0,0,0,0,0,0,0
"Phenagoniates_macrolepis",0,0,0,0,0,0,0,0
"Paragoniates_alburnus",0,0,0,0,0,0,0,0
"Aphyocharacidium_bolivianum",18.3985074235132,2733941.95090942,0.184847119445031,0.505018338803127,0.280940125454023,0,0,0
"Aphyocharacidium_melandetum",18.3985074858115,2733941.96016658,0.184847120070921,0.505018340513145,0.280940126405283,0,0,0
"Cynopotamus_xinguano",0,0,0,0,0,0,0,0
"Cynopotamus_tocantinensis",32.2428154515211,15122533.6894602,0.11715576989019,0.541819589304576,0.192041477158226,0,0,0
"Cynopotamus_juruenae",16.6066665671655,3764887.31023145,0.122947568786585,0.439985603320754,0.198318446154129,0,0,0
"Cynopotamus_gouldingi",26.9984111510014,10537518.4840835,0.118721950687675,0.512278867585455,0.193287988053295,0,0,0
"Cynopotamus_essequibensis",0,0,0,0,0,0,0,0
"Cynopotamus_bipunctatus",28.1375805966147,11577614.6048249,0.118395354954519,0.518730809452954,0.192562500017976,0,0,0
"Cynopotamus_atratoensis",0,0,0,0,0,0,0,0
"Cynopotamus_amazonum",0,0,0,0,0,0,0,0
"Roeboides_sazimai",11.1108332728315,1827992.75914082,0.0917159306387696,0.282223721309337,0.137334952613539,0,0,0
"Roeboides_prognathus",0,0,0,0,0,0,0,0
"Roeboides_oligistos",9.72755213589188,1392282.65564924,0.0926262579556677,0.270546127495571,0.137988883560734,0,0,0
"Roeboides_occidentalis",15.4431698914947,3654818.60235689,0.089556223331468,0.313075358271944,0.135180217588545,0,0,0
"Roeboides_numerosus",8.78937035731124,1125306.82508094,0.0933107464561234,0.262064490645288,0.138670992177327,0,0,0
"Roeboides_microlepis",21.1711391737791,7176807.8255878,0.0875668600068427,0.345594284302931,0.132820391081825,0,0,0
"Roeboides_margareteae",19.9594455303143,6381879.9093149,0.0879614144971808,0.339187291709866,0.133036443832065,0,0,0
"Roeboides_loftini",10.2547130572193,1555602.75661922,0.092273059340539,0.275114162707409,0.137663496980922,0,0,0
"Roeboides_ilseae",0,0,0,0,0,0,0,0
"Roeboides_dispar",10.8521035503319,1754885.47614149,0.0919000086718006,0.28004687909899,0.137247422240297,0,0,0
"Roeboides_dientonito",9.53529955417075,1327174.33631395,0.0927418318246,0.268934687441134,0.138304299962604,0,0,0
"Roeboides_dayi",0,0,0,0,0,0,0,0
"Roeboides_carti",11.0521615606663,1819542.90853732,0.0917716431076163,0.281698792387444,0.137197525937397,0,0,0
"Roeboides_biserialis",7.34844509495097,767046.793516171,0.094505747987975,0.247660502391349,0.139986448001456,0,0,0
"Roeboides_araguaito",13.7093543527212,2867036.38734266,0.0903561781471996,0.30151062521233,0.135771989285881,0,0,0
"Roeboides_affinis",0,0,0,0,0,0,0,0
"Roeboides_bouchellei",0,0,0,0,0,0,0,0
"Roeboides_guatemalensis",0,0,0,0,0,0,0,0
"Roeboides_myersii",0,0,0,0,0,0,0,0
"Roeboides_descalvadensis",0,0,0,0,0,0,0,0
"Roeboides_xenodon",11.2812611757939,2566730.72036041,0.0675178496851164,0.233418160520138,0.102928746372858,0,0,0
"Charax_unimaculatus",4.61727120190631,815363.338353584,0.0410796586558522,0.109404072592184,0.0603250245999178,0,0,0
"Charax_stenopterus",0,0,0,0,0,0,0,0
"Charax_rupununi",2.85065581985565,297253.59487905,0.0425468423306877,0.093940414502854,0.0616486513148816,0,0,0
"Charax_pauciradiatus",0,0,0,0,0,0,0,0
"Charax_notulatus",3.66791057574336,502179.22229413,0.0417693369296524,0.101752315637381,0.0610003976213497,0,0,0
"Charax_niger",6.18489249348987,1510094.44909159,0.040220796051729,0.119905909939698,0.0594376341178652,0,0,0
"Charax_metae",6.28898748208393,1568163.58677238,0.0401758251449434,0.120526565507348,0.0593586096804255,0,0,0
"Charax_macrolepis",0,112445.210835923,0.0411016447704878,0,0.0517548041159576,0,0,0
"Charax_hemigrammus",2.26142886155986,182037.460030461,0.0432607398347325,0.0873100166438104,0.0623483052322434,0,0,0
"Charax_gibbosus",0,0,0,0,0,0,0,0
"Charax_condei",0,0,0,0,0,0,0,0
"Charax_caudimaculatus",5.03458753122272,981285.575630062,0.0408271234522145,0.11237762307289,0.0600098470273646,0,0,0
"Charax_apurensis",5.83155580428306,1328856.93045325,0.0403870186925617,0.117740572302047,0.0596678754363924,0,0,0
"Charax_leticiae",0,0,0,0,0,0,0,0
"Charax_michaeli",6.67443164735086,2239135.82916749,0.0291596643909498,0.105374197313915,0.0435249723783972,0,0,0
"Charax_tectifer",6.73875572040479,1831904.392802,0.0399891778387325,0.123124764411074,0.059036021557471,0,0,0
"Cynopotamus_kincaidi",0,0,0,0,0,0,0,0
"Cynopotamus_magdalenae",0,0,0,0,0,0,0,0
"Cynopotamus_venezuelae",6.94166042460881,2439702.93227469,0.0359134924510964,0.166506295599628,0.0616903581083944,0,0,0
"Galeocharax_humeralis",0,0,0,0,0,0,0,0
"Galeocharax_knerii",0,0,0,0,0,0,0,0
"Galeocharax_gulo",21.7046397329578,26302856.1739253,0.0523091470260738,0.401579087839856,0.103164821510239,0,0,0
"Cynopotamus_argenteus",0,0,0,0,0,0,0,0
"Acestrocephalus_stigmatus",0,0,0,0,0,0,0,0
"Acestrocephalus_pallidus",0,0,0,0,0,0,0,0
"Acestrocephalus_nigrifasciatus",0,0,0,0,0,0,0,0
"Acestrocephalus_maculosus",0,0,0,0,0,0,0,0
"Acestrocephalus_boehlkei",0,0,0,0,0,0,0,0
"Acestrocephalus_anomalus",0,0,0,0,0,0,0,0
"Acestrocephalus_sardina",0,0,0,0,0,0,0,0
"Acestrocephalus_acutus",0,0,0,0,0,0,0,0
"Phenacogaster_wayana",6.24169566425823,1016534.60748138,0.0446632161425592,0.13622939919186,0.0675873098572613,0,0,0
"Phenacogaster_wayampi",6.33533042754935,1042559.04393831,0.0446062109391336,0.136929782247466,0.0676411452099031,0,0,0
"Phenacogaster_tegatus",0,0,0,0,0,0,0,0
"Phenacogaster_simulata",5.88408242961008,893629.565385949,0.044847150434289,0.133745140497575,0.0678449645826279,0,0,0
"Phenacogaster_retropinnus",6.66700862954737,1168530.45154937,0.0444513734989139,0.139065031191765,0.0673518193970898,0,0,0
"Phenacogaster_prolata",6.53990055951129,1121284.30035526,0.0445121633713386,0.138226526772338,0.0674236099829648,0,0,0
"Phenacogaster_pectinata",6.05292217154406,951811.846601064,0.0447604578370053,0.13489200953619,0.067681996497572,0,0,0
"Phenacogaster_ojitata",5.176475841411,683105.234269361,0.0452666273752585,0.128461531864143,0.0682595992226314,0,0,0
"Phenacogaster_napoatilis",6.32270114616302,1044597.20811215,0.0446219861164249,0.136808385517284,0.0675605685769207,0,0,0
"Phenacogaster_microstictus",5.76034701095195,854461.142141019,0.044916071794947,0.132855827998984,0.0679175691290353,0,0,0
"Phenacogaster_megalostictus",0,0,0,0,0,0,0,0
"Phenacogaster_maculoblonga",6.10477820726053,970783.672913427,0.0447359855103045,0.135282921452249,0.0676544403955594,0,0,0
"Phenacogaster_jancupa",6.25944657493163,1018212.62771193,0.0446474126472522,0.136371211637194,0.0676360613107518,0,0,0
"Phenacogaster_carteri",5.55389870299738,791610.896423687,0.0450353038807255,0.131319053878576,0.0680203080221709,0,0,0
"Phenacogaster_capitulata",5.51535778481764,782672.084682746,0.0450632915013314,0.131032437496103,0.0680095667864246,0,0,0
"Phenacogaster_beni",5.22550953733685,698807.955660528,0.0452397820536862,0.128794663673325,0.0681637443010809,0,0,0
"Phenacogaster_calverti",0,0,0,0,0,0,0,0
"Phenacogaster_franciscoensis",0,0,0,0,0,0,0,0
"Microschemobrycon_meyburgi",7.04791615589657,642834.9418061,0.0984306824490843,0.238248898297277,0.144917063828418,0,0,0
"Microschemobrycon_melanotus",10.0264579738138,1352831.19183598,0.0959598089368554,0.266289019321669,0.142471235955719,0,0,0
"Microschemobrycon_guaporensis",9.40039065913936,1180464.84417042,0.0964067774048653,0.260951240974705,0.142939504705822,0,0,0
"Microschemobrycon_geisleri",8.46320099188792,945397.184418406,0.0971387976055762,0.252462187142891,0.143689572437256,0,0,0
"Microschemobrycon_elongatus",10.3789038325556,1458617.35179951,0.0957291281573378,0.269216852650206,0.142187971829801,0,0,0
"Microschemobrycon_casiquiare",0,0,0,0,0,0,0,0
"Microschemobrycon_callops",9.95229792947493,1332498.47025854,0.0960135554118861,0.265709864630585,0.14254255051429,0,0,0
"Tetragonopterus_georgiae",0,0,0,0,0,0,0,0
"Tetragonopterus_daguae",0,0,0,0,0,0,0,0
"Tetragonopterus_chalceus",0,0,0,0,0,0,0,0
"Tetragonopterus_carvalhoi",0,0,0,0,0,0,0,0
"Tetragonopterus_argenteus",0,0,0,0,0,0,0,0
"Tetragonopterus_anostomus",0,0,0,0,0,0,0,0
"Tetragonopterus_rarus",19.2302325797462,12926759.6526225,0.116508142335516,0.400001795831408,0.17482049352868,0,0,0
"Roeboexodon_guyanensis",0,0,0,0,0,0,0,0
"Roeboexodon_geryi",14.8033313982558,4840773.396611,0.0711048689903755,0.271041207046983,0.114035400717515,0,0,0
"Exodon_paradoxus",0,0,0,0,0,0,0,0
"Bryconamericus_zeteki",14.3392469714966,2916243.03377984,0.142178902430237,0.31958149846496,0.213584650849016,0,0,0
"Bryconamericus_ytu",16.101040556771,3697862.95830381,0.14092711102231,0.329298962484758,0.210746009927162,0,0,0
"Bryconamericus_yokiae",0,0,0,0,0,0,0,0
"Bryconamericus_uporas",12.1734795677136,2091472.33377556,0.1439761505746,0.305955555075484,0.217194010675798,0,0,0
"Bryconamericus_turiuba",13.0976682371127,2437990.2222364,0.143193583478496,0.311927844107118,0.215376505781409,0,0,0
"Bryconamericus_tolimae",18.5893711324909,4929707.03835981,0.13935827533534,0.341938818869972,0.20764348746877,0,0,0
"Bryconamericus_thomasi",14.0609178299207,2812531.24170341,0.142407365121609,0.317689581399674,0.21368944081233,0,0,0
"Bryconamericus_terrabensis",0,0,0,0,0,0,0,0
"Bryconamericus_ternetzi",11.5661518900854,1889514.5294561,0.14455645886785,0.301929322203589,0.218364720909363,0,0,0
"Bryconamericus_tenuis",10.1670182951509,1447330.43775178,0.145970528661927,0.291869427979944,0.221554913136375,0,0,0
"Bryconamericus_sylvicola",13.517954049596,2601738.86197313,0.142849180139735,0.314413762875405,0.214518149677021,0,0,0
"Bryconamericus_subtilisform",13.5967828984397,2628633.98693851,0.142778958475239,0.314975251021842,0.214508544359029,0,0,0
"Bryconamericus_singularis",0,0,0,0,0,0,0,0
"Bryconamericus_simus",14.2357067364728,2873310.10926318,0.142256404055041,0.318903764790719,0.21369129898205,0,0,0
"Bryconamericus_scleroparius",0,0,0,0,0,0,0,0
"Bryconamericus_rubropictus",13.5967828984397,2628633.98693851,0.142778958475239,0.314975251021842,0.214508544359029,0,0,0
"Bryconamericus_pyahu",13.5967828984397,2628633.98693851,0.142778958475239,0.314975251021842,0.214508544359029,0,0,0
"Bryconamericus_poi",11.9659186265169,2023404.8138022,0.144175922810915,0.304579962542907,0.217536198229289,0,0,0
"Bryconamericus_plutarcoi",0,104423.49110597,0.143836600813067,0,0.176465755206557,0,0,0
"Bryconamericus_phoenicopterus",11.7024641745429,1921716.77265096,0.144394682154882,0.303074870834504,0.218528986909685,0,0,0
"Bryconamericus_peruanus",16.2402518808314,3788261.33739752,0.140863623469841,0.329800694866096,0.210128890769312,0,0,0
"Bryconamericus_pectinatus",13.5967828984397,2628633.98693851,0.142778958475239,0.314975251021842,0.214508544359029,0,0,0
"Bryconamericus_pachacuti",0,99228.5817359793,0.144482436403511,0,0.178616489826123,0,0,0
"Bryconamericus_osgoodi",0,0,0,0,0,0,0,0
"Bryconamericus_ornaticeps",13.517954049596,2601738.86197313,0.142849180139735,0.314413762875405,0.214518149677021,0,0,0
"Bryconamericus_orinocoensis",8.87510500867062,1091671.56581396,0.147472595665833,0.28173345385594,0.225114837544655,0,0,0
"Bryconamericus_novae",11.3641918386149,1817923.92632422,0.144738703276067,0.300603391814995,0.218938621491389,0,0,0
"Bryconamericus_multiradiatus",7.59962979759284,795028.008754979,0.149227174162507,0.270333520594521,0.228785787184567,0,0,0
"Bryconamericus_motatanensis",10.250017795658,1471777.51620987,0.145881854674503,0.292563800395809,0.221425476885952,0,0,0
"Bryconamericus_miraensis",14.7167558411206,3095758.79587313,0.141926168817957,0.321494521070375,0.212520032362153,0,0,0
"Bryconamericus_microcephalus",0,0,0,0,0,0,0,0
"Bryconamericus_mennii",12.4020537261287,2181147.1117558,0.143793854327027,0.307567112833576,0.216729107257315,0,0,0
"Bryconamericus_megalepis",11.1382625291426,1746258.81635916,0.144964904183431,0.29901481418107,0.219383841048864,0,0,0
"Bryconamericus_macrophthalmus",11.4062143385439,1827277.24965962,0.144686720884274,0.300965105401695,0.218999736869,0,0,0
"Bryconamericus_macarenae",0,0,0,0,0,0,0,0
"Bryconamericus_loisae",0,0,0,0,0,0,0,0
"Bryconamericus_lassorum",13.5967828984397,2628633.98693851,0.142778958475239,0.314975251021842,0.214508544359029,0,0,0
"Bryconamericus_lambari",0,0,0,0,0,0,0,0
"Bryconamericus_indefessus",13.5967828984397,2628633.98693851,0.142778958475239,0.314975251021842,0.214508544359029,0,0,0
"Bryconamericus_ikaa",13.8762375926566,2722132.94089408,0.142525315160156,0.316757655597609,0.214336427795663,0,0,0
"Bryconamericus_ichoensis",0,0,0,0,0,0,0,0
"Bryconamericus_icelus",15.1166601326972,3264721.97768908,0.141628787681572,0.323843147843422,0.212020537489558,0,0,0
"Bryconamericus_hyphesson",9.00770393881225,1129860.72305484,0.147325153487406,0.282732172375649,0.224503627847656,0,0,0
"Bryconamericus_huilae",0,0,0,0,0,0,0,0
"Bryconamericus_guyanensis",13.5967828984397,2628633.98693851,0.142778958475239,0.314975251021842,0.214508544359029,0,0,0
"Bryconamericus_guizae",0,0,0,0,0,0,0,0
"Bryconamericus_guaytarae",13.8762375926566,2722132.94089408,0.142525315160156,0.316757655597609,0.214336427795663,0,0,0
"Bryconamericus_grosvenori",12.69671219398,2279724.3064721,0.143518329581885,0.309551730304085,0.216376901559674,0,0,0
"Bryconamericus_gonzalezi",14.4899829945375,2974609.84127987,0.142056289507208,0.320376967266508,0.213317515998392,0,0,0
"Bryconamericus_galvisi",0,0,0,0,0,0,0,0
"Bryconamericus_foncensis",0,0,0,0,0,0,0,0
"Bryconamericus_eigenmanni",13.0891294025121,2431493.20261819,0.143194166258821,0.311889095765662,0.215449453390183,0,0,0
"Bryconamericus_deuterodonoides",0,94070.9969613912,0.146794795844405,0,0.177290165582345,0,0,0
"Bryconamericus_dahli",0,0,0,0,0,0,0,0
"Bryconamericus_cristiani",0,0,0,0,0,0,0,0
"Bryconamericus_cismontanus",0,0,0,0,0,0,0,0
"Bryconamericus_cinarucoense",0,0,0,0,0,0,0,0
"Bryconamericus_charalae",0,0,0,0,0,0,0,0
"Bryconamericus_caucanus",14.3392469714966,2916243.03377984,0.142178902430237,0.31958149846496,0.213584650849016,0,0,0
"Bryconamericus_carlosi",0,0,0,0,0,0,0,0
"Bryconamericus_brevirostris",14.9233665446408,3175803.06687166,0.14176309369748,0.322858803508013,0.212456575031707,0,0,0
"Bryconamericus_bolivianus",13.8762375926566,2722132.94089408,0.142525315160156,0.316757655597609,0.214336427795663,0,0,0
"Bryconamericus_arilepis",0,0,0,0,0,0,0,0
"Bryconamericus_andresoi",0,0,0,0,0,0,0,0
"Bryconamericus_alpha",0,0,0,0,0,0,0,0
"Bryconamericus_alfredae",0,103167.134636551,0.145201041425982,0,0.173369521088792,0,0,0
"Bryconamericus_agna",13.517954049596,2601738.86197313,0.142849180139735,0.314413762875405,0.214518149677021,0,0,0
"Creagrutus_zephyrus",8.06508815709497,317753.907089871,0.105262358866511,0.227176128614938,0.145962283205632,0,0,0
"Creagrutus_yanatili",11.0698655268559,598717.589833469,0.10265099907091,0.243694554702064,0.13886589279178,0,0,0
"Creagrutus_xiphos",6.81666248678716,226470.688731729,0.10666007709033,0.218424397324928,0.149524812769236,0,0,0
"Creagrutus_vexillapinnus",8.95970725779124,390225.149326916,0.104371260031028,0.232667335023299,0.143784985747149,0,0,0
"Creagrutus_veruina",8.49849691497921,353319.730103964,0.104832971398633,0.229930324218142,0.144821256877786,0,0,0
"Creagrutus_varii",8.24041379493421,330525.531215715,0.105068622702655,0.228209302109834,0.14550495412459,0,0,0
"Creagrutus_ungulus",11.4712498544753,645253.190692392,0.102372267057477,0.245475709318296,0.137900421083252,0,0,0
"Creagrutus_tuyuka",0,0,0,0,0,0,0,0
"Creagrutus_taphorni",10.6212544089915,551335.501105938,0.102992010053499,0.2416347776373,0.139893905227583,0,0,0
"Creagrutus_seductus",10.375403194822,523251.073550365,0.103163721823607,0.240389174064496,0.1405315141524,0,0,0
"Creagrutus_saxatilis",11.053728746881,595154.448248662,0.102651933595303,0.243626844130654,0.138971123945497,0,0,0
"Creagrutus_runa",9.85469582909094,474142.118070445,0.103600917409514,0.237570609166894,0.141506012152548,0,0,0
"Creagrutus_provenzanoi",9.4967401627677,442208.153808262,0.103920925173866,0.235609645917189,0.142222218770603,0,0,0
"Creagrutus_planquettei",0,0,0,0,0,0,0,0
"Creagrutus_pila",10.3871391666171,525677.118678271,0.103162993996449,0.240440947855585,0.140449041909945,0,0,0
"Creagrutus_phasma",10.0923058140299,496627.439190194,0.103401791818789,0.238918538226695,0.141076364196194,0,0,0
"Creagrutus_petilus",8.84651703996231,380661.093426354,0.104480355208017,0.232107094461443,0.144137935234832,0,0,0
"Creagrutus_pearsoni",7.50221663225376,274389.169235368,0.105858211860026,0.223414402441445,0.147547950227854,0,0,0
"Creagrutus_paralacus",0,0,0,0,0,0,0,0
"Creagrutus_ouranonastes",12.047496518278,706389.733678665,0.101948127632638,0.248179317343223,0.137015071013115,0,0,0
"Creagrutus_ortegai",10.4281037671181,534211.934219817,0.103160459973057,0.240621294797365,0.140162277129834,0,0,0
"Creagrutus_occidaneus",10.08621654834,495402.497393947,0.103402181284003,0.238891071292548,0.141120584412521,0,0,0
"Creagrutus_muelleri",12.4810629679487,754515.69961839,0.101646878563584,0.250247870338385,0.136440177640692,0,0,0
"Creagrutus_mucipu",9.38496265331012,428156.187590215,0.103987788192032,0.2350544291757,0.142726011010114,0,0,0
"Creagrutus_molinus",9.39148947142625,431144.132824625,0.104004301273776,0.235202324891043,0.142679682904673,0,0,0
"Creagrutus_menezesi",10.6667595350638,557023.194348424,0.102961489433391,0.241739834410148,0.139667168485022,0,0,0
"Creagrutus_melasma",0,0,0,0,0,0,0,0
"Creagrutus_melanzonus",7.68128472272401,288256.480049485,0.105667101640102,0.224515837419352,0.146892529263598,0,0,0
"Creagrutus_maxillaris",10.4816817223251,533946.866978576,0.103079879010197,0.240938148244718,0.140313758228555,0,0,0
"Creagrutus_maracaiboensis",6.15257967141106,185154.612530712,0.107540836465653,0.213301704941516,0.15166587829584,0,0,0
"Creagrutus_manu",8.04895629549835,315161.289347695,0.105263674152221,0.22708949834328,0.146114117361817,0,0,0
"Creagrutus_magoi",10.0186228050425,491332.67672422,0.10347632427576,0.238527572677044,0.141151412538893,0,0,0
"Creagrutus_magdalenae",9.47081203195226,439166.118621791,0.103940272603946,0.235602561437445,0.142424536614109,0,0,0
"Creagrutus_maculosus",9.90078535094574,476982.520365591,0.103552085408068,0.237938184878059,0.141571997188987,0,0,0
"Creagrutus_machadoi",8.48334012026161,350748.440965582,0.104834139249386,0.229852151546337,0.144955557923646,0,0,0
"Creagrutus_lepidus",8.67073136127338,366248.068307806,0.104649402342043,0.230875380773219,0.144390703229772,0,0,0
"Creagrutus_lassoi",10.6836887630232,560649.452044388,0.102960470449947,0.241812873237528,0.139552202664803,0,0,0
"Creagrutus_kunturus",11.8402070825792,686247.800803997,0.102109556496461,0.247226657524961,0.137268229041999,0,0,0
"Creagrutus_hysginus",9.36566369990285,429590.910467491,0.104030392614096,0.234823807720034,0.142508860604695,0,0,0
"Creagrutus_holmi",11.6288685156427,663372.433478934,0.102263694714641,0.246271757512101,0.137635540448213,0,0,0
"Creagrutus_hildebrandi",0,0,0,0,0,0,0,0
"Creagrutus_gyrospilus",9.8506783010095,475808.519027699,0.10362186366855,0.237660926813656,0.141510645788797,0,0,0
"Creagrutus_guanes",0,0,0,0,0,0,0,0
"Creagrutus_gracilis",10.7809606522421,568581.923467143,0.102872033231732,0.242329789879061,0.139464032707866,0,0,0
"Creagrutus_gephyrus",10.0309141826927,493803.872253708,0.103475532504349,0.238583290649283,0.141061573266797,0,0,0
"Creagrutus_flavescens",11.7354076870464,668839.018881248,0.102154791402267,0.246868478457474,0.137723048122612,0,0,0
"Creagrutus_figueiredoi",9.91326321511133,479447.052255397,0.103551271475464,0.237995279218236,0.141479436749482,0,0,0
"Creagrutus_ephippiatus",9.58217752126456,447717.300789742,0.103830133788893,0.236299018792733,0.142320807473306,0,0,0
"Creagrutus_crenatus",10.3464441057568,524860.59477768,0.103215996904961,0.240086674161824,0.140286715246775,0,0,0
"Creagrutus_cracentis",8.85696161015605,381376.354445522,0.104466687083817,0.232034452070783,0.144010903601594,0,0,0
"Creagrutus_cochui",11.6940144730329,666168.075014426,0.102195837431705,0.246764438474159,0.137801739998639,0,0,0
"Creagrutus_changae",10.1312287595458,501563.033350015,0.103376251141908,0.238990386170508,0.140839374249237,0,0,0
"Creagrutus_caucanus",11.1609932620125,608814.661545661,0.10258754573853,0.244281196120431,0.138789163646492,0,0,0
"Creagrutus_calai",10.0923058140299,496627.439190194,0.103401791818789,0.238918538226695,0.141076364196194,0,0,0
"Creagrutus_britskii",9.10508617641256,405109.656480553,0.104255754423782,0.2333908890177,0.143217537340131,0,0,0
"Creagrutus_brevipinnis",8.76057684464753,373374.437439534,0.104559375816253,0.231436730366792,0.144214213607514,0,0,0
"Creagrutus_bolivari",9.08954865658042,403677.235284252,0.104271510660678,0.233436622586147,0.1433691274265,0,0,0
"Creagrutus_beni",0,0,0,0,0,0,0,0
"Creagrutus_barrigai",9.19734429609401,412863.356826664,0.104170868096426,0.234100816608343,0.143170876603125,0,0,0
"Creagrutus_atrisignum",9.29948754298773,423857.828273036,0.10409221370487,0.234488545368812,0.142678931735734,0,0,0
"Creagrutus_atratus",10.3405735466281,523643.101187899,0.103216362494356,0.240060718273446,0.140328066160479,0,0,0
"Creagrutus_anary",8.50386629525595,353456.811039448,0.104822321403916,0.229828146064173,0.144712876450631,0,0,0
"Creagrutus_amoenus",11.1697583646594,605443.97604237,0.102554015461567,0.244239744231372,0.138859426887738,0,0,0
"Creagrutus_affinis",10.8246143523199,573632.859655762,0.102840077476418,0.242428360615567,0.139267853328924,0,0,0
"Diapoma_uruguayense",1.96517549767578,280578.330332298,0.0148285988182235,0.0430532110744127,0.0220914092515995,0,0,0
"Diapoma_pyrrhopteryx",2.08316052142125,318296.952325601,0.0147671160272619,0.0437799426158078,0.0219699054644683,0,0,0
"Diapoma_lepiclastum",1.78860256270728,231080.328041715,0.0149332423934818,0.041884997848231,0.0222420414294598,0,0,0
"Diapoma_itaimbe",0,0,0,0,0,0,0,0
"Diapoma_guarani",1.42504478396889,144321.936094492,0.0151880012550398,0.0392212818933431,0.0226385583116646,0,0,0
"Diapoma_dicropotamicus",1.7701705869392,225660.764009864,0.0149436030032372,0.0417633881882937,0.0222703352596357,0,0,0
"Diapoma_alegretense",0,0,0,0,0,0,0,0
"Diapoma_alburnum",0,0,0,0,0,0,0,0
"Diapoma_speculiferum",0,0,0,0,0,0,0,0
"Diapoma_terofali",0,0,0,0,0,0,0,0
"Hypobrycon_maromba",2.29861438992049,362707.682893274,0.0173256603629867,0.0550599263233464,0.0273458091524372,0,0,0
"Hypobrycon_leptorhynchus",2.27886012221594,353708.534979958,0.0173325515251086,0.0549414178204835,0.0274070605683948,0,0,0
"Odontostoechus_lethostigmus",0,0,0,0,0,0,0,0
"Bryconamericus_exodon",2.22299571773821,442040.701033373,0.0143364251237799,0.0507130951707374,0.0231509553110207,0,0,0
"Bryconamericus_iheringii",0,0,0,0,0,0,0,0
"Bryconamericus_patriciae",4.09309558701735,651838.891557506,0.0294333053027123,0.0932455291311854,0.0452597753381095,0,0,0
"Piabarchus_analis",3.79500953265014,602987.697726334,0.030552458229403,0.0993642205274404,0.0475793220047549,0,0,0
"Piabarchus_torrenticola",5.0442425398195,1090840.8879939,0.0299161612632573,0.107945833437543,0.0465487090853448,0,0,0
"Bryconamericus_stramineus",0,0,0,0,0,0,0,0
"Piabina_argentea",0,0,0,0,0,0,0,0
"Piabina_anhembi",2.62587881193738,349716.339065912,0.0193325740242407,0.057832568523495,0.0274471012373586,0,0,0
"Knodus_victoriae",6.62104844820547,637598.771753675,0.0614699257240046,0.159620509303024,0.0886650031158379,0,0,0
"Knodus_tiquiensis",8.4062779731771,1054171.47116729,0.0604052746105736,0.171060801280062,0.0869459601590841,0,0,0
"Knodus_smithi",4.69917867966467,312507.995075774,0.0630524583521421,0.144532215731847,0.0910817382713415,0,0,0
"Knodus_shinahota",5.48366571711952,432814.628603678,0.0623438607028789,0.151058707533826,0.0898565355359586,0,0,0
"Knodus_septentrionalis",0,0,0,0,0,0,0,0
"Knodus_savannensis",6.55204314662579,623763.868585551,0.0615173441903712,0.159135320175056,0.0887387015569035,0,0,0
"Knodus_pasco",7.08896814573561,738293.886303289,0.0611692792127069,0.162789580829805,0.0881153133981555,0,0,0
"Knodus_orteguasae",6.62104844820547,637598.771753675,0.0614699257240046,0.159620509303024,0.0886650031158379,0,0,0
"Knodus_megalops",0,0,0,0,0,0,0,0
"Knodus_longus",6.30924499056141,579364.289725415,0.061699427840047,0.157357580509735,0.0889024479678818,0,0,0
"Knodus_hypopterus",6.84952630631429,686594.235649624,0.0613228236257738,0.161177611754475,0.0883684278380071,0,0,0
"Knodus_heteresthes",5.93536867211118,509644.754773642,0.0619768158762145,0.154591485843876,0.0893402368393819,0,0,0
"Knodus_geryi",0,0,0,0,0,0,0,0
"Knodus_gamma",6.50455352260147,618083.176708366,0.0615629152627008,0.158750920907409,0.0886710481683549,0,0,0
"Knodus_dorsomaculatus",6.48847372751986,611854.937994153,0.0615638662114883,0.158676087765265,0.0887850874094868,0,0,0
"Knodus_delta",5.40944633628399,419161.700814335,0.0623990173933324,0.15048827657769,0.0900234319147216,0,0,0
"Knodus_chapadae",7.21413818946593,765595.628278679,0.0610898342464877,0.16362238057954,0.0879996224074181,0,0,0
"Knodus_caquetae",7.83758290380983,911736.656703896,0.0607206100620588,0.167601488579918,0.0874011445663068,0,0,0
"Knodus_breviceps",8.3180898261,1024724.65170675,0.0604394458860141,0.170590787979229,0.087138530613569,0,0,0
"Knodus_borki",6.62104844820547,637598.771753675,0.0614699257240046,0.159620509303024,0.0886650031158379,0,0,0
"Bryconadenos_tanaothoros",0,0,0,0,0,0,0,0
"Bryconadenos_weitzmani",2.97159626998348,350966.398517158,0.0260323984313647,0.0700580416400796,0.0379513462532298,0,0,0
"Knodus_moenkhausii",0,0,0,0,0,0,0,0
"Knodus_meridae",0,0,0,0,0,0,0,0
"Bryconamericus_diaphanus",0,0,0,0,0,0,0,0
"Creagrutus_ignotus",0,0,0,0,0,0,0,0
"Creagrutus_peruanus",0,0,0,0,0,0,0,0
"Mimagoniates_sylvicola",2.6038914094628,165744.70197391,0.0344716686034741,0.0741573197772341,0.0469988581256891,0,0,0
"Mimagoniates_pulcher",2.99088420191436,220854.859744477,0.0341203256691833,0.0773433045848881,0.0466196437712102,0,0,0
"Mimagoniates_barberi",0,0,0,0,0,0,0,0
"Mimagoniates_rheocharis",0,0,0,0,0,0,0,0
"Mimagoniates_inequalis",0,0,0,0,0,0,0,0
"Mimagoniates_lateralis",0,0,0,0,0,0,0,0
"Mimagoniates_microlepis",0,0,0,0,0,0,0,0
"Lophiobrycon_weitzmani",0,0,0,0,0,0,0,0
"Glandulocauda_melanopleura",0,0,0,0,0,0,0,0
"Glandulocauda_caerulea",4.56319871388248,564179.855993297,0.039350207812898,0.111438888460616,0.0579045790853273,0,0,0
"Pseudocorynopoma_heterandria",0,0,0,0,0,0,0,0
"Pseudocorynopoma_doriae",0,0,0,0,0,0,0,0
"Gephyrocharax_venezuelae",0,0,0,0,0,0,0,0
"Gephyrocharax_valencia",0,0,0,0,0,0,0,0
"Gephyrocharax_sinuensis",5.00816698635807,795966.37348325,0.0362071245663798,0.109801121412946,0.0556250819455667,0,0,0
"Gephyrocharax_melanocheir",4.78567609931264,725081.741354812,0.0363307302701553,0.108350592733404,0.0558028028815202,0,0,0
"Gephyrocharax_martae",4.39893569763987,607845.873621016,0.0365568514946309,0.105729428765318,0.0561759877524645,0,0,0
"Gephyrocharax_major",5.77486536137492,1070121.535861,0.0358267330870235,0.114454373147479,0.0550280427229735,0,0,0
"Gephyrocharax_intermedius",4.95284963947873,775223.766261046,0.0362328889486395,0.109464588686111,0.0557127148115803,0,0,0
"Gephyrocharax_chocoensis",5.4617390693637,954119.238102982,0.0359764517990529,0.112604060696368,0.0552476345142883,0,0,0
"Gephyrocharax_chaparae",5.18423767453828,855880.387075044,0.0361154337402992,0.110907845862735,0.0554701346993291,0,0,0
"Gephyrocharax_atracaudatus",0,0,0,0,0,0,0,0
"Gephyrocharax_caucanus",5.36128240938877,913321.82091131,0.0360197765543676,0.112025382887311,0.0553879012184174,0,0,0
"Corynopoma_riisei",0,0,0,0,0,0,0,0
"Hemibrycon_yacopiae",0,0,0,0,0,0,0,0
"Hemibrycon_virolinica",0,0,0,0,0,0,0,0
"Hemibrycon_velox",7.90500667286591,937071.172832147,0.0558165314831512,0.152573085670137,0.0765874521510694,0,0,0
"Hemibrycon_tridens",0,0,0,0,0,0,0,0
"Hemibrycon_surinamensis",0,0,0,0,0,0,0,0
"Hemibrycon_santamartae",6.73010184149173,676257.093922068,0.0565019407180628,0.145525474281854,0.0773878624094075,0,0,0
"Hemibrycon_raqueliae",0,0,0,0,0,0,0,0
"Hemibrycon_rafaelensis",0,0,0,0,0,0,0,0
"Hemibrycon_quindos",0,0,0,0,0,0,0,0
"Hemibrycon_polyodon",0,0,0,0,0,0,0,0
"Hemibrycon_palomae",0,0,0,0,0,0,0,0
"Hemibrycon_paez",0,0,0,0,0,0,0,0
"Hemibrycon_orcesi",4.80473691302439,333609.3461931,0.0579189548332613,0.131957652361761,0.0795011527780441,0,0,0
"Hemibrycon_mikrostiktos",0,0,0,0,0,0,0,0
"Hemibrycon_microformaa",0,0,0,0,0,0,0,0
"Hemibrycon_metae",0,0,0,0,0,0,0,0
"Hemibrycon_jelskii",0,0,0,0,0,0,0,0
"Hemibrycon_jabonero",8.11917854208227,999434.417023461,0.0557226985481722,0.153697746543624,0.0762830956731992,0,0,0
"Hemibrycon_inambari",0,0,0,0,0,0,0,0
"Hemibrycon_huambonicus",0,0,0,0,0,0,0,0
"Hemibrycon_helleri",0,0,0,0,0,0,0,0
"Hemibrycon_divisorensis",0,0,0,0,0,0,0,0
"Hemibrycon_dentatus",8.26634124300347,1026809.56680557,0.0556292089079259,0.154584062390297,0.0763523615675556,0,0,0
"Hemibrycon_decurrens",5.212107040649,397609.156101216,0.0575829537253379,0.135080817962131,0.0789011573519696,0,0,0
"Hemibrycon_dariensis",5.66253653059585,473506.939261968,0.0572349249675505,0.138365828005054,0.0783645573868632,0,0,0
"Hemibrycon_colombianus",7.70612247044719,900795.798622673,0.0559474764822784,0.151342369021216,0.0765082622177833,0,0,0
"Hemibrycon_carrilloi",5.76180619939347,488016.932457343,0.0571498008097753,0.13910956664504,0.078363655304876,0,0,0
"Hemibrycon_cairoensis",0,0,0,0,0,0,0,0
"Hemibrycon_brevispini",0,0,0,0,0,0,0,0
"Hemibrycon_taeniurus",0,0,0,0,0,0,0,0
"Hemibrycon_boquiae",4.6835279086623,316667.298638716,0.058025369601136,0.130969366724402,0.0796347880417249,0,0,0
"Creagrutus_paraguayensis",9.56329254122767,527286.114851867,0.100074509697002,0.233571056753813,0.137818052706597,0,0,0
"Creagrutus_meridionalis",12.5897633615335,904894.590113061,0.097877140124608,0.247977798199797,0.131990314868447,0,0,0
"Planaltina_glandipedis",2.54956665132654,399143.121503034,0.0190769440886257,0.0553794234295624,0.028085588844101,0,0,0
"Planaltina_britskii",2.54956620296359,399143.051310614,0.0190769407338038,0.0553794136906203,0.0280855839050412,0,0,0
"Planaltina_myersi",0,0,0,0,0,0,0,0
"Tyttocharax_tambopatensis",2.17797171968975,109567.212362099,0.0317018669110371,0.0608410436432116,0.0412863704031864,0,0,0
"Tyttocharax_madeirae",0,0,0,0,0,0,0,0
"Tyttocharax_cochui",2.6700057914669,167330.965912189,0.0312269217644015,0.0645605647738306,0.0406522289900736,0,0,0
"Xenurobrycon_polyancistrus",0,0,0,0,0,0,0,0
"Xenurobrycon_macropus",1.11672063414621,12563.2820986586,0.0310534098232737,0.0289978811102081,0.031653978113493,0,0,0
"Xenurobrycon_heterodon",1.13413983656074,12961.1946492451,0.0310167689919755,0.029130385359574,0.0316236987735343,0,0,0
"Xenurobrycon_pteropus",0.915007236727498,8314.0149916248,0.0315166722853814,0.027361010916785,0.0321275442910264,0,0,0
"Xenurobrycon_coracoralinae",0.937847739593764,8732.80374207324,0.0314569028688411,0.0275611655730727,0.0320823242877131,0,0,0
"Bryconamericus_emperador",0,0,0,0,0,0,0,0
"Markiana_nigripinnis",0,0,0,0,0,0,0,0
"Markiana_geayi",12.1621420889906,2990719.00833971,0.0903351946261393,0.252766634894214,0.135639539073203,0,0,0
"Moenkhausia_tergimacula",0,0,0,0,0,0,0,0
"Moenkhausia_takasei",12.8103694609024,4163437.89375669,0.144812886157767,0.324969264328464,0.205280992452059,0,0,0
"Moenkhausia_surinamensis",0,0,0,0,0,0,0,0
"Moenkhausia_simulata",0,0,0,0,0,0,0,0
"Moenkhausia_shideleri",22.4974226675248,13560135.6958965,0.138991807900089,0.386742594049019,0.199019081746023,0,0,0
"Moenkhausia_robertsi",16.9573482148585,7512359.46754237,0.14189504080367,0.35438671225417,0.202068860005551,0,0,0
"Moenkhausia_pyrophthalma",13.0487175316643,4328457.32839458,0.144617844290713,0.326710282171817,0.204968941232748,0,0,0
"Moenkhausia_plumbea",0,0,0,0,0,0,0,0
"Moenkhausia_pittieri",0,0,0,0,0,0,0,0
"Moenkhausia_pirauba",0,0,0,0,0,0,0,0
"Moenkhausia_phaeonota",0,0,0,0,0,0,0,0
"Moenkhausia_petymbuaba",0,0,0,0,0,0,0,0
"Moenkhausia_pankilopteryx",0,0,0,0,0,0,0,0
"Moenkhausia_ovalis",23.9564825714002,15540827.3288921,0.138377560608159,0.394174306485943,0.198091119104692,0,0,0
"Moenkhausia_orteguasae",19.5237234289179,10124043.4520055,0.140459080392735,0.370099977290937,0.200375603738863,0,0,0
"Moenkhausia_oligolepis",0,0,0,0,0,0,0,0
"Moenkhausia_nigromarginata",17.8702970874457,8403111.5245816,0.141361754407139,0.35997551126446,0.201271509171251,0,0,0
"Moenkhausia_newtoni",11.0921858115188,3073144.00129197,0.146331784286673,0.310836459387503,0.206978137309712,0,0,0
"Moenkhausia_naponis",0,0,0,0,0,0,0,0
"Moenkhausia_moisae",29.1918160357176,23629363.989386,0.136419538112485,0.418830417893803,0.195704598276404,0,0,0
"Moenkhausia_mikia",0,0,0,0,0,0,0,0
"Moenkhausia_miangi",25.7851919230452,18106541.9141441,0.137629527192556,0.403121056954292,0.197258204175929,0,0,0
"Moenkhausia_metae",22.6833626721495,13813750.7282085,0.138913697172607,0.387643516706332,0.198832484928265,0,0,0
"Moenkhausia_melogramma",0,0,0,0,0,0,0,0
"Moenkhausia_megalops",0,0,0,0,0,0,0,0
"Moenkhausia_margitae",0,0,0,0,0,0,0,0
"Moenkhausia_loweae",19.8677230133475,10469551.1272022,0.14026437514581,0.37203924602445,0.200231111770198,0,0,0
"Moenkhausia_lopesi",14.2488491273691,5211124.53002723,0.143698977196887,0.335689011751978,0.203923425918597,0,0,0
"Moenkhausia_levidorsa",0,0,0,0,0,0,0,0
"Moenkhausia_lepidura",0,0,0,0,0,0,0,0
"Moenkhausia_latissima",26.3852478168257,19074929.3179719,0.137417317982743,0.405948339608321,0.196860484840055,0,0,0
"Moenkhausia_lata",23.9564825714002,15540827.3288921,0.138377560608159,0.394174306485943,0.198091119104692,0,0,0
"Moenkhausia_justae",19.5777362030564,10111738.6301722,0.140397378769368,0.370527117375738,0.200640796143109,0,0,0
"Moenkhausia_jamesi",21.3890092757218,12170983.3195285,0.139493892475337,0.380761790669574,0.199645929177848,0,0,0
"Moenkhausia_inrai",20.5540113911083,11203232.7571791,0.139900813949673,0.375985739905653,0.199979099281281,0,0,0
"Moenkhausia_hysterosticta",0,0,0,0,0,0,0,0
"Moenkhausia_hemigrammoides",0,0,0,0,0,0,0,0
"Moenkhausia_heikoi",22.0956180931944,13049472.6565406,0.139170756659899,0.384539517177926,0.199196422497631,0,0,0
"Moenkhausia_hasemani",15.914577437074,6578478.19247701,0.14255223884051,0.347360112043798,0.202652965372102,0,0,0
"Moenkhausia_grandisquamis",28.0133550468598,21467983.2708061,0.136784680106853,0.413634541889483,0.196501022063818,0,0,0
"Moenkhausia_gracilima",19.3064629389685,9846962.53364778,0.140551809648722,0.368787779653093,0.200605411460107,0,0,0
"Moenkhausia_eurystaenia",0,0,0,0,0,0,0,0
"Moenkhausia_eigenmanni",17.7535689815938,8272097.26266488,0.141420457725215,0.359326536256179,0.201464489675134,0,0,0
"Moenkhausia_dorsinuda",0,0,0,0,0,0,0,0
"Moenkhausia_doceana",23.3116819477321,14664855.456153,0.138649131354008,0.390881188319006,0.198424383204361,0,0,0
"Moenkhausia_diktyota",0,0,0,0,0,0,0,0
"Moenkhausia_dichroura",0,0,0,0,0,0,0,0
"Moenkhausia_diamantina",0,0,0,0,0,0,0,0
"Moenkhausia_dasalmas",0,0,0,0,0,0,0,0
"Moenkhausia_cotinho",0,0,0,0,0,0,0,0
"Moenkhausia_cosmops",0,0,0,0,0,0,0,0
"Moenkhausia_copei",0,0,0,0,0,0,0,0
"Moenkhausia_collettii",0,0,0,0,0,0,0,0
"Moenkhausia_chrysargyrea",0,0,0,0,0,0,0,0
"Moenkhausia_chlorophthalma",0,0,0,0,0,0,0,0
"Moenkhausia_ceros",0,0,0,0,0,0,0,0
"Moenkhausia_celibela",0,0,0,0,0,0,0,0
"Moenkhausia_browni",0,0,0,0,0,0,0,0
"Moenkhausia_bonita",0,0,0,0,0,0,0,0
"Moenkhausia_barbouri",17.9891365868881,8489653.77168377,0.141278081345719,0.360923176002616,0.201467397862864,0,0,0
"Moenkhausia_aurantia",0,0,0,0,0,0,0,0
"Moenkhausia_atahualpiana",20.3645872258336,11077763.8069079,0.140034533993424,0.374823015456354,0.199768277096131,0,0,0
"Moenkhausia_agnesae",21.5736843314657,12428904.5539766,0.139419608760996,0.381657387236565,0.199379472114921,0,0,0
"Moenkhausia_affinis",19.5777362030564,10111738.6301722,0.140397378769368,0.370527117375738,0.200640796143109,0,0,0
"Hyphessobrycon_weitzmanorum",0,0,0,0,0,0,0,0
"Hyphessobrycon_wajat",11.3415356036833,3206921.20471481,0.146015234370744,0.309384094050114,0.203673796715222,0,0,0
"Hyphessobrycon_vilmae",0,0,0,0,0,0,0,0
"Hyphessobrycon_tuyensis",0,0,0,0,0,0,0,0
"Hyphessobrycon_tukunai",8.89465171112698,1922796.27016883,0.148652209456949,0.289168022760653,0.208570001539848,0,0,0
"Hyphessobrycon_tropis",9.06122679287446,2000446.50413493,0.148450045648509,0.290552704963051,0.208068401750836,0,0,0
"Hyphessobrycon_tortuguerae",13.0474776488718,4294740.99160574,0.144504680236872,0.32188341251353,0.20116434680633,0,0,0
"Hyphessobrycon_togoi",0,0,0,0,0,0,0,0
"Hyphessobrycon_tenuis",10.1992207366904,2552976.35295956,0.147138028720842,0.300423527137919,0.205978839312748,0,0,0
"Hyphessobrycon_taurocephalus",14.1442609939779,5010220.05589006,0.143570584144473,0.329377844362383,0.20022046655367,0,0,0
"Hyphessobrycon_takasei",0,0,0,0,0,0,0,0
"Hyphessobrycon_taguae",11.2380523596829,3131890.61419655,0.146094689545661,0.30881109376443,0.204183211957955,0,0,0
"Hyphessobrycon_sweglesi",0,0,0,0,0,0,0,0
"Hyphessobrycon_stramineus",11.3503788135338,3195349.94260743,0.145981032189941,0.309535511562389,0.203896653997104,0,0,0
"Hyphessobrycon_stegemanni",11.3737773690566,3200430.10444712,0.145945505259627,0.309763046874359,0.203985659495702,0,0,0
"Hyphessobrycon_sovichthys",0,0,0,0,0,0,0,0
"Hyphessobrycon_socolofi",0,0,0,0,0,0,0,0
"Hyphessobrycon_simulatus",0,0,0,0,0,0,0,0
"Hyphessobrycon_scutulatus",12.1789536224725,3688106.55424451,0.145202824110421,0.315817667448201,0.202784741686453,0,0,0
"Hyphessobrycon_scholzei",0,0,0,0,0,0,0,0
"Hyphessobrycon_savagei",0,0,0,0,0,0,0,0
"Hyphessobrycon_saizi",9.48488782758595,2196597.06192963,0.147937927483109,0.294297405298632,0.207252632351254,0,0,0
"Hyphessobrycon_rutiliflavidus",0,0,0,0,0,0,0,0
"Hyphessobrycon_roseus",0,0,0,0,0,0,0,0
"Hyphessobrycon_rosaceus",0,0,0,0,0,0,0,0
"Hyphessobrycon_robustulus",12.4123911660725,3835032.06419002,0.144996686928377,0.317575754983237,0.202510409669682,0,0,0
"Hyphessobrycon_pytai",12.7856935374204,4086530.914213,0.14468500811393,0.320109635056219,0.201810144745116,0,0,0
"Hyphessobrycon_pyrrhonotus",0,0,0,0,0,0,0,0
"Hyphessobrycon_pulchripinnis",0,0,0,0,0,0,0,0
"Hyphessobrycon_proteus",16.8729112546586,7225241.96505016,0.141694127453471,0.346136778334476,0.197106977430428,0,0,0
"Hyphessobrycon_procerus",11.7825888689995,3446826.90480747,0.145567797046379,0.312954255251598,0.203404984150551,0,0,0
"Hyphessobrycon_poecilioides",16.1849907789089,6677159.46568092,0.142171517607634,0.342038757290316,0.197557512540165,0,0,0
"Hyphessobrycon_piabinhas",11.5400013887192,3303409.35867317,0.145796075592945,0.311051634028449,0.203693224075716,0,0,0
"Hyphessobrycon_peruvianus",0,0,0,0,0,0,0,0
"Hyphessobrycon_paucilepis",10.7754245454363,2868884.4360705,0.146548936605854,0.305057212422455,0.204851126213116,0,0,0
"Hyphessobrycon_parvellus",9.14893367407657,2040934.32815767,0.148344168698897,0.291369048671808,0.20791559438223,0,0,0
"Hyphessobrycon_pando",12.555509483364,3925057.54444682,0.14487047456213,0.318648230218075,0.202362106179676,0,0,0
"Hyphessobrycon_panamensis",0,0,0,0,0,0,0,0
"Hyphessobrycon_otrynus",0,0,0,0,0,0,0,0
"Hyphessobrycon_oritoensis",0,0,0,0,0,0,0,0
"Hyphessobrycon_ocasoensis",13.9692732655938,4914349.2674746,0.143737861673511,0.328272349328176,0.200279886867804,0,0,0
"Hyphessobrycon_notidanos",10.7982419381661,2875639.91572167,0.146515860450166,0.305276536293033,0.204910476607716,0,0,0
"Hyphessobrycon_nigricinctus",0,0,0,0,0,0,0,0
"Hyphessobrycon_niger",10.6002433931076,2766878.23680767,0.146719521966191,0.303813494553535,0.205363062468342,0,0,0
"Hyphessobrycon_nicolasi",0,0,0,0,0,0,0,0
"Hyphessobrycon_negodagua",10.6997519543837,2822454.55222752,0.146617262205319,0.304456939752447,0.205036057707926,0,0,0
"Hyphessobrycon_mutabilis",10.4184931559623,2672978.96884894,0.146914756929874,0.302265022756538,0.205568542652092,0,0,0
"Hyphessobrycon_moniliger",11.2380523596829,3131890.61419655,0.146094689545661,0.30881109376443,0.204183211957955,0,0,0
"Hyphessobrycon_minor",11.3737773690566,3200430.10444712,0.145945505259627,0.309763046874359,0.203985659495702,0,0,0
"Hyphessobrycon_minimus",7.97449263984059,1534046.33996796,0.149868905316969,0.280258548453004,0.210417245658232,0,0,0
"Hyphessobrycon_milleri",10.9347686839976,2951099.36607712,0.146378431960483,0.306399300446717,0.204724687164894,0,0,0
"Hyphessobrycon_micropterus",0,0,0,0,0,0,0,0
"Hyphessobrycon_metae",0,0,0,0,0,0,0,0
"Hyphessobrycon_meridionalis",0,0,0,0,0,0,0,0
"Hyphessobrycon_melazonatus",11.3503788135338,3195349.94260743,0.145981032189941,0.309535511562389,0.203896653997104,0,0,0
"Hyphessobrycon_melanostichos",12.6293105140662,3981866.51113492,0.144815255305983,0.318969819825025,0.202015082422167,0,0,0
"Hyphessobrycon_mavro",12.0120978062869,3592324.61591913,0.145362932921947,0.314513738497028,0.202891776111481,0,0,0
"Hyphessobrycon_loweae",0,0,0,0,0,0,0,0
"Hyphessobrycon_loretoensis",0,0,0,0,0,0,0,0
"Hyphessobrycon_langeanii",0,0,0,0,0,0,0,0
"Hyphessobrycon_khardinae",0,0,0,0,0,0,0,0
"Hyphessobrycon_itaparicensis",0,0,0,0,0,0,0,0
"Hyphessobrycon_isiri",12.2449238480457,3741848.6299566,0.1451605429157,0.316263810505206,0.202557100865483,0,0,0
"Hyphessobrycon_inconstans",0,0,0,0,0,0,0,0
"Hyphessobrycon_igneus",0,0,0,0,0,0,0,0
"Hyphessobrycon_hildae",8.42349147364406,1717702.29396543,0.149257764564806,0.284778046214091,0.209579806077985,0,0,0
"Hyphessobrycon_hexastichos",12.2449238480457,3741848.6299566,0.1451605429157,0.316263810505206,0.202557100865483,0,0,0
"Hyphessobrycon_heterorhabdus",0,0,0,0,0,0,0,0
"Hyphessobrycon_heteresthes",7.05061474852018,1189644.30820225,0.151260605697918,0.27082396370399,0.212803317992359,0,0,0
"Hyphessobrycon_heliacus",0,0,0,0,0,0,0,0
"Hyphessobrycon_hasemani",10.661905757729,2799177.86552699,0.14665124419415,0.304156757815855,0.205132603482332,0,0,0
"Hyphessobrycon_haraldschultzi",0,0,0,0,0,0,0,0
"Hyphessobrycon_hamatus",14.141014096588,5021322.71521635,0.14358903145558,0.329506844804504,0.200264506755735,0,0,0
"Hyphessobrycon_griemi",0,0,0,0,0,0,0,0
"Hyphessobrycon_gracilior",9.10506752367528,2020742.55117206,0.148397259583849,0.290960657021374,0.20798931392786,0,0,0
"Hyphessobrycon_georgettae",0,0,0,0,0,0,0,0
"Hyphessobrycon_frankei",11.8971399199577,3508619.83049263,0.145451962909954,0.313874454003419,0.203360452579881,0,0,0
"Hyphessobrycon_fernandezi",12.5304802292974,3924204.7425787,0.144911104784549,0.318400339989992,0.202217667830181,0,0,0
"Hyphessobrycon_epicharis",0,0,0,0,0,0,0,0
"Hyphessobrycon_eos",0,0,0,0,0,0,0,0
"Hyphessobrycon_elachys",0,0,0,0,0,0,0,0
"Hyphessobrycon_eilyos",0,0,0,0,0,0,0,0
"Hyphessobrycon_ecuadorensis",0,0,0,0,0,0,0,0
"Hyphessobrycon_duragenys",16.0490230055747,6526958.34115137,0.142235427326607,0.341288272848828,0.197911302554826,0,0,0
"Hyphessobrycon_diancistrus",12.6158256823738,3964498.46397282,0.144816220796096,0.318904914103435,0.202127179705294,0,0,0
"Hyphessobrycon_copelandi",0,0,0,0,0,0,0,0
"Hyphessobrycon_condotensis",11.7302448443808,3409046.37201042,0.145607168669167,0.312576230693051,0.203552945150387,0,0,0
"Hyphessobrycon_compressus",12.4123911660725,3835032.06419002,0.144996686928377,0.317575754983237,0.202510409669682,0,0,0
"Hyphessobrycon_columbianus",0,0,0,0,0,0,0,0
"Hyphessobrycon_coelestinus",11.7967751829462,3463839.55239355,0.145566703932457,0.313025997980685,0.20327793071258,0,0,0
"Hyphessobrycon_catableptus",7.28551575711932,1271965.69277946,0.150884446772801,0.273283128796476,0.212169086791652,0,0,0
"Hyphessobrycon_cachimbensis",14.9127273316303,5628507.43855536,0.143039540392456,0.334386950738776,0.199137111338994,0,0,0
"Hyphessobrycon_boulengeri",12.5826932505677,3959946.66335421,0.144868519247029,0.318779536737407,0.20213497126085,0,0,0
"Hyphessobrycon_borealis",0,0,0,0,0,0,0,0
"Hyphessobrycon_bifasciatus",0,0,0,0,0,0,0,0
"Hyphessobrycon_bentosi",0,0,0,0,0,0,0,0
"Hyphessobrycon_axelrodi",0,0,0,0,0,0,0,0
"Hyphessobrycon_auca",13.6162118404575,4634734.18763531,0.143984766416604,0.325920870889812,0.200907045042321,0,0,0
"Hyphessobrycon_arianae",9.73809178139336,2320940.61845007,0.147650838917522,0.296560476581379,0.206824685892807,0,0,0
"Hyphessobrycon_amaronensis",0,0,0,0,0,0,0,0
"Hyphessobrycon_amapaensis",0,0,0,0,0,0,0,0
"Hyphessobrycon_amandae",0,0,0,0,0,0,0,0
"Hyphessobrycon_albolineatus",10.1545156766043,2536554.01392841,0.147199230105015,0.299999052712297,0.205926105908595,0,0,0
"Hyphessobrycon_agulha",13.8000785987277,4763346.19236649,0.143839226447666,0.327205330085458,0.200725015612924,0,0,0
"Hyphessobrycon_acaciae",10.7982419381661,2875639.91572167,0.146515860450166,0.305276536293033,0.204910476607716,0,0,0
"Hasemania_nambiquara",9.98322956894229,1346107.6380643,0.14280009061467,0.287490220670905,0.196485962318236,0,0,0
"Hasemania_melanura",12.0331216247232,1986766.59942108,0.140845089357477,0.303720838923116,0.193819176606142,0,0,0
"Hasemania_maxillaris",9.18470896821178,1134011.48707624,0.143691186150365,0.280406829871375,0.197503771680897,0,0,0
"Hasemania_kalunga",15.54606647317,3392638.92771019,0.138217020820864,0.327761514419908,0.190403524727366,0,0,0
"Hasemania_hanseni",11.3827452479245,1771626.2146677,0.141430548644759,0.298830519792504,0.194600746259022,0,0,0
"Astyanax_nicaraguensis",0,0,0,0,0,0,0,0
"Astyanax_nasutus",0,0,0,0,0,0,0,0
"Astyanax_orthodus",0,0,0,0,0,0,0,0
"Astyanax_aeneus",0,0,0,0,0,0,0,0
"Astyanax_jordani",0,0,0,0,0,0,0,0
"Astyanax_mexicanus",0,0,0,0,0,0,0,0
"Astyanax_microlepis",22.7623301073951,41886842.1327279,0.0655476810067193,0.24384157086526,0.0974960305027922,0,0,0
"Astyanax_trierythropterus",3.07910647600711,3182801.95661328,0.007891448717741,0.0360711380734675,0.0125794785966502,0,0,0
"Astyanax_altiparanae",0,0,0,0,0,0,0,0
"Astyanax_bimaculatus",0,0,0,0,0,0,0,0
"Astyanax_lacustris",5.98631642758524,0,0.00296134117510271,0.0160420581992125,0.00524060584905183,0,0,0
"Astyanax_abramis",0,0,0,0,0,0,0,0
"Hyphessobrycon_balbus",8.61120820033997,386972.902415263,0.0664920444608788,0.265784043413056,0.116076356492136,0,0,0
"Hasemania_crenuchoides",11.1937077607617,674823.441404426,0.0652608512195396,0.289885974359428,0.115190197839059,0,0,0
"Oligosarcus_solitarius",14.0590977362385,599931.59309168,0.0374539948279721,0.262176370289634,0.0746511012447792,0,0,0
"Oligosarcus_schindleri",8.48024110478018,205010.8139165,0.0388362816504863,0.223615302737793,0.0766232757164706,0,0,0
"Oligosarcus_robustus",0,0,0,0,0,0,0,0
"Oligosarcus_planaltinae",9.76151251690209,276471.643095532,0.0384468158699687,0.233753175723366,0.0760729649288351,0,0,0
"Oligosarcus_perdido",0,0,0,0,0,0,0,0
"Oligosarcus_oligolepis",20.0876487580558,1262944.03290653,0.0364909243989666,0.293434108533465,0.0734751368217204,0,0,0
"Oligosarcus_menezesi",12.4829773766872,466769.254690203,0.0377766391673348,0.252529503232221,0.0750851925066946,0,0,0
"Oligosarcus_macrolepis",8.0814237905462,185369.127872411,0.0389725114915785,0.220197375292015,0.0767700041108157,0,0,0
"Oligosarcus_longirostris",21.9255376075822,1513064.90215903,0.0362559182377701,0.301646468985203,0.0732080619008336,0,0,0
"Oligosarcus_jacuiensis",0,0,0,0,0,0,0,0
"Oligosarcus_itau",0,0,0,0,0,0,0,0
"Oligosarcus_brevioris",0,0,0,0,0,0,0,0
"Oligosarcus_bolivianus",13.0936367068423,514846.953546517,0.0376432999879319,0.256419312184159,0.0749652361211473,0,0,0
"Oligosarcus_argenteus",15.5182667242656,740662.406571783,0.0371910641159171,0.270446937277662,0.0742588668929543,0,0,0
"Oligosarcus_acutirostris",13.9759278610556,585541.878008538,0.0374553817012131,0.261880211769751,0.0748814547135468,0,0,0
"Oligosarcus_jenynsii",0,0,0,0,0,0,0,0
"Oligosarcus_paranensis",4.68580688808803,3854.7409555172,0.00839955071443593,0.0727916961296125,0.0180537433533494,0,0,0
"Oligosarcus_pintoi",0,0,0,0,0,0,0,0
"Oligosarcus_hepsetus",0,0,0,0,0,0,0,0
"Astyanax_cremnobates",0,0,0,0,0,0,0,0
"Psellogrammus_kennedyi",0,0,0,0,0,0,0,0
"Ctenobrycon_spilurus",0,0,0,0,0,0,0,0
"Ctenobrycon_oliverai",1.20326062450258,207688.502962873,0.00812236233867433,0.0257266070126027,0.0114033794726108,0,0,0
"Ctenobrycon_multiradiatus",1.20326062450258,207688.502962873,0.00812236233867433,0.0257266070126027,0.0114033794726108,0,0,0
"Ctenobrycon_hauxwellianus",0,0,0,0,0,0,0,0
"Ctenobrycon_alleni",0,0,0,0,0,0,0,0
"Astyanax_magdalenae",0,0,0,0,0,0,0,0
"Nematobrycon_palmeri",0,0,0,0,0,0,0,0
"Nematobrycon_lacortei",0,0,0,0,0,0,0,0
"Pseudochalceus_longianalis",6.53511920126856,1149751.37036892,0.0425030224387407,0.128056509869248,0.061463253838886,0,0,0
"Pseudochalceus_lineatus",5.57829205365508,829794.005925648,0.0430080832998709,0.122198488873394,0.0621200203816883,0,0,0
"Pseudochalceus_kyburzi",0,0,0,0,0,0,0,0
"Pseudochalceus_bohlkei",6.0055020369876,967194.272493939,0.0427732596119596,0.124855094834429,0.0617751442695843,0,0,0
"Carlana_eigenmanni",0,0,0,0,0,0,0,0
"Inpaichthys_kerri",0,0,0,0,0,0,0,0
"Jupiaba_zonata",0,0,0,0,0,0,0,0
"Jupiaba_yarina",15.1360487648041,2041697.38730908,0.12099668544819,0.30071566118062,0.164967650775648,0,0,0
"Jupiaba_scologaster",9.75327330686548,815911.549422181,0.125005260151049,0.265730640496587,0.171662272684972,0,0,0
"Jupiaba_potaroensis",13.9965752290812,1733601.29879406,0.12169950223632,0.294126374177729,0.166117620317824,0,0,0
"Jupiaba_poranga",15.4358819355165,2122333.73953166,0.120810049143436,0.302287443908827,0.164662787926483,0,0,0
"Jupiaba_poekotero",0,0,0,0,0,0,0,0
"Jupiaba_pirana",10.7361834810847,994977.870826882,0.124108814456481,0.272962540462327,0.170189531268331,0,0,0
"Jupiaba_pinnata",12.7931871125343,1439875.03065517,0.122523285249472,0.28684840282376,0.167478963625349,0,0,0
"Jupiaba_paranatinga",9.86427700402093,834094.247749418,0.124894207900473,0.266628017436352,0.171570831860409,0,0,0
"Jupiaba_ocellata",17.4562030562279,2716527.04877816,0.119672977044816,0.313074658798025,0.163183846425814,0,0,0
"Jupiaba_mucronata",0,0,0,0,0,0,0,0
"Jupiaba_minor",13.9965752290812,1733601.29879406,0.12169950223632,0.294126374177729,0.166117620317824,0,0,0
"Jupiaba_meunieri",0,0,0,0,0,0,0,0
"Jupiaba_maroniensis",11.5594856173007,1156937.43282152,0.123416929119487,0.278775310893242,0.169206001874703,0,0,0
"Jupiaba_kurua",16.2168414013387,2346366.18744918,0.120359834913402,0.306699879345525,0.164127705662155,0,0,0
"Jupiaba_keithi",0,0,0,0,0,0,0,0
"Jupiaba_iasy",0,0,0,0,0,0,0,0
"Jupiaba_essequibensis",10.4987976727488,953017.541163978,0.124331428332918,0.271304562738705,0.170486610739696,0,0,0
"Jupiaba_elassonaktis",13.9965752290812,1733601.29879406,0.12169950223632,0.294126374177729,0.166117620317824,0,0,0
"Jupiaba_citrina",0,0,0,0,0,0,0,0
"Jupiaba_atypindi",13.9965752290812,1733601.29879406,0.12169950223632,0.294126374177729,0.166117620317824,0,0,0
"Jupiaba_asymmetrica",13.9965752290812,1733601.29879406,0.12169950223632,0.294126374177729,0.166117620317824,0,0,0
"Jupiaba_apenima",11.3871650451125,1122279.87018812,0.123557749667845,0.277546922549566,0.169369053407869,0,0,0
"Jupiaba_anterior",18.7824625908486,3186697.06180731,0.119052441534909,0.319511833836051,0.161881665782494,0,0,0
"Jupiaba_ajuricaba",17.1634322369638,2618734.19735823,0.119819559766159,0.311748684638787,0.163580982532088,0,0,0
"Jupiaba_acanthogaster",12.3463040097193,1336423.94325007,0.122843898241497,0.283901597224655,0.167955887690442,0,0,0
"Jupiaba_abramoides",19.6141041977529,3495602.87257573,0.118678079365692,0.323332402173712,0.161130130640875,0,0,0
"Jupiaba_polylepis",0,0,0,0,0,0,0,0
"Jupiaba_anteroides",14.7896172865322,1945500.66729155,0.121203954211967,0.29869598821948,0.165262850337131,0,0,0
"Hemigrammus_yinyang",0,0,0,0,0,0,0,0
"Hemigrammus_vorderwinkleri",0,0,0,0,0,0,0,0
"Hemigrammus_unilineatus",0,0,0,0,0,0,0,0
"Hemigrammus_tridens",6.96541992639979,396942.860234011,0.135423325292489,0.229295987474596,0.177591311198244,0,0,0
"Hemigrammus_tocantinsi",0,0,0,0,0,0,0,0
"Hemigrammus_taphorni",0,0,0,0,0,0,0,0
"Hemigrammus_stictus",0,0,0,0,0,0,0,0
"Hemigrammus_skolioplatus",10.0837801335767,860385.346326324,0.131780589849773,0.255333756982988,0.172497868916877,0,0,0
"Hemigrammus_silimoni",0,0,0,0,0,0,0,0
"Hemigrammus_schmardae",0,0,0,0,0,0,0,0
"Hemigrammus_pulcher",0,0,0,0,0,0,0,0
"Hemigrammus_pretoensis",12.578113378373,1365072.70935949,0.129651308005965,0.272443158168528,0.169676431442163,0,0,0
"Hemigrammus_parana",0,0,0,0,0,0,0,0
"Hemigrammus_orthus",8.58812896310346,613259.217101539,0.133336126742032,0.243725428954324,0.174801432736901,0,0,0
"Hemigrammus_ora",0,0,0,0,0,0,0,0
"Hemigrammus_ocellifer",0,0,0,0,0,0,0,0
"Hemigrammus_newboldi",0,0,0,0,0,0,0,0
"Hemigrammus_neptunus",0,0,0,0,0,0,0,0
"Hemigrammus_mimus",8.6677214228217,625081.204405293,0.133244625611535,0.244382345261656,0.174682153009272,0,0,0
"Hemigrammus_microstomus",10.8228344046789,993562.718188802,0.131080467571913,0.260839391990379,0.171822689085098,0,0,0
"Hemigrammus_micropterus",0,0,0,0,0,0,0,0
"Hemigrammus_melanochrous",7.93238949088181,521464.426865949,0.13413671647385,0.238115183927448,0.175744724173856,0,0,0
"Hemigrammus_megaceps",7.59669212725718,475684.970538996,0.134558216597702,0.235157851224208,0.176400562421336,0,0,0
"Hemigrammus_matei",9.95640701205576,835924.107983696,0.13189404934529,0.25442071561874,0.172756481638874,0,0,0
"Hemigrammus_mahnerti",8.52094017507304,604893.65529465,0.133425422858303,0.243136810414798,0.174805962037997,0,0,0
"Hemigrammus_lunatus",0,0,0,0,0,0,0,0
"Hemigrammus_luelingi",0,0,0,0,0,0,0,0
"Hemigrammus_levis",0,0,0,0,0,0,0,0
"Hemigrammus_iota",6.33622789724023,325978.561349498,0.136376150267503,0.223059816016219,0.178879379502187,0,0,0
"Hemigrammus_hyanuary",0,0,0,0,0,0,0,0
"Hemigrammus_haraldi",8.47213222069361,598053.475252278,0.133484799030168,0.24272333475712,0.174860359872333,0,0,0
"Hemigrammus_guyanensis",0,0,0,0,0,0,0,0
"Hemigrammus_gracilis",11.490399308165,1129199.46469725,0.130515899615126,0.265380449180273,0.170909657477136,0,0,0
"Hemigrammus_geisleri",8.7474171506836,636778.198420061,0.133152092454881,0.245040805260598,0.174579419526887,0,0,0
"Hemigrammus_filamentosus",10.1039644808211,860703.994627392,0.131744241195173,0.255531011565353,0.172615539546265,0,0,0
"Hemigrammus_elegans",10.8228344046789,993562.718188802,0.131080467571913,0.260839391990379,0.171822689085098,0,0,0
"Hemigrammus_diagonicus",8.61872934453513,618410.038454087,0.133305345151088,0.243966248515308,0.174716867584288,0,0,0
"Hemigrammus_cylindricus",17.8731699439428,2812679.95346895,0.126287301040973,0.301919017398554,0.165477741893807,0,0,0
"Hemigrammus_cupreus",11.4051963278705,1105627.33443311,0.13056315129475,0.264880260663018,0.171218253342366,0,0,0
"Hemigrammus_coeruleus",0,0,0,0,0,0,0,0
"Hemigrammus_brevis",8.90056435131751,662042.973523405,0.132993615876357,0.246248059889907,0.174240766524438,0,0,0
"Hemigrammus_boesemani",0,0,0,0,0,0,0,0
"Hemigrammus_bellottii",0,0,0,0,0,0,0,0
"Hemigrammus_barrigonae",10.9733838555033,1024242.27202911,0.130953813164707,0.26186905337474,0.171578430631661,0,0,0
"Hemigrammus_arua",0,0,0,0,0,0,0,0
"Hemigrammus_analis",9.36107355446298,735566.576103126,0.132499329755436,0.249888114260313,0.173557201588571,0,0,0
"Hemigrammus_aereus",7.81762513059781,504798.023407349,0.134271767172095,0.237132346781892,0.176024198212781,0,0,0
"Poptella_longipinnis",9.1027228425245,2545855.16673587,0.0641168568784204,0.211096194764954,0.0968240067160059,0,0,0
"Poptella_brevispina",0,0,0,0,0,0,0,0
"Poptella_compressa",0,0,0,0,0,0,0,0
"Brachychalcinus_retrospina",3.9102038763178,1718723.5181114,0.0250756522754204,0.0891452107954827,0.0392103220056174,0,0,0
"Brachychalcinus_parnaibae",4.01726512170253,1810784.44217653,0.0250221515406884,0.0898673780542733,0.039164188568032,0,0,0
"Brachychalcinus_orbicularis",0,0,0,0,0,0,0,0
"Brachychalcinus_copei",0,0,0,0,0,0,0,0
"Brachychalcinus_nummus",4.44164127130978,2241146.25072443,0.0248408439624422,0.0925661798432391,0.0388572481564135,0,0,0
"Stethaprion_erythrops",0,0,0,0,0,0,0,0
"Stethaprion_crenatum",6.06893126484421,1645864.70133193,0.0382569730630325,0.131235314080832,0.0577322924465744,0,0,0
"Poptella_paraguayensis",11.7186075577646,4318333.04813121,0.062937130489801,0.227432083059503,0.0950561209714777,0,0,0
"Orthospinus_franciscensis",0,0,0,0,0,0,0,0
"Gymnocorymbus_thayeri",0,0,0,0,0,0,0,0
"Gymnocorymbus_ternetzi",0,0,0,0,0,0,0,0
"Gymnocorymbus_bondi",0,0,0,0,0,0,0,0
"Aphyodite_grammica",0,0,0,0,0,0,0,0
"Hemigrammus_rodwayi",0,0,0,0,0,0,0,0
"Hemigrammus_ulreyi",0,0,0,0,0,0,0,0
"Pristella_maxillaris",0,0,0,0,0,0,0,0
"Bryconella_pallidifrons",6.49068025233035,366301.132671863,0.0801240032004448,0.184575153281305,0.113974168205475,0,0,0
"Moenkhausia_comma",0,0,0,0,0,0,0,0
"Hemigrammus_erythrozonus",0,0,0,0,0,0,0,0
"Hemigrammus_marginatus",0,0,0,0,0,0,0,0
"Nematocharax_venustus",0,0,0,0,0,0,0,0
"Hasemania_nana",0,0,0,0,0,0,0,0
"Moenkhausia_intermedia",0,0,0,0,0,0,0,0
"Moenkhausia_costae",12.2889429766759,68836992.8031706,0.062467443419175,0.231719060914468,0.0976550239728158,0,0,0
"Moenkhausia_xinguensis",21.0246309278066,7947235.45533161,0.114515714708396,0.34021850552855,0.162187930874051,0,0,0
"Hyphessobrycon_erythrostigma",0,0,0,0,0,0,0,0
"Hyphessobrycon_megalopterus",0,0,0,0,0,0,0,0
"Hyphessobrycon_eques",0,0,0,0,0,0,0,0
"Hyphessobrycon_santae",14.6871145133933,2570415.7565037,0.103238949284443,0.235740119416659,0.137938820506462,0,0,0
"Paracheirodon_simulans",0,0,0,0,0,0,0,0
"Paracheirodon_axelrodi",0,0,0,0,0,0,0,0
"Paracheirodon_innesi",0,0,0,0,0,0,0,0
"Brittanichthys_axelrodi",0,0,0,0,0,0,0,0
"Brittanichthys_myersi",8.78461153189088,1103984.2146921,0.0676028140211712,0.182696042335418,0.0961374604871129,0,0,0
"Moenkhausia_forestii",0,0,0,0,0,0,0,0
"Moenkhausia_sanctaefilomenae",0,0,0,0,0,0,0,0
"Bario_steindachneri",0,0,0,0,0,0,0,0
"Thayeria_ifati",0,0,0,0,0,0,0,0
"Thayeria_obliqua",0,0,0,0,0,0,0,0
"Thayeria_boehlkei",0,0,0,0,0,0,0,0
"Rachoviscus_graciliceps",0,0,0,0,0,0,0,0
"Hollandichthys_multifasciatus",0,0,0,0,0,0,0,0
"Hyphessobrycon_flammeus",0,0,0,0,0,0,0,0
"Hyphessobrycon_herbertaxelrodi",0,0,0,0,0,0,0,0
"Parecbasis_cyclolepis",21.4637648034543,10915212.4876026,0.130084246754763,0.358783022083517,0.184064903024511,0,0,0
"Macropsobrycon_xinguensis",10.2028012621699,2249373.55439103,0.137164178790507,0.281292809893116,0.188895654583343,0,0,0
"Hyphessobrycon_reticulatus",0,0,0,0,0,0,0,0
"Deuterodon_taeniatus",0,0,0,0,0,0,0,0
"Deuterodon_stigmaturus",6.47497061543558,4487337.53112688,0.0312862199407128,0.118502521437685,0.0402995322212599,0,0,0
"Deuterodon_singularis",5.70002159274789,3473598.67450501,0.0315914765499042,0.114005806650441,0.0405519798719899,0,0,0
"Deuterodon_rosae",6.83974010322301,5022808.65721977,0.0311581417803848,0.120417012587097,0.0401426769561487,0,0,0
"Deuterodon_ribeirae",0,0,0,0,0,0,0,0
"Deuterodon_potaroensis",4.43911537928197,2035493.66473643,0.0321650687485796,0.105957949731803,0.0414023570863828,0,0,0
"Deuterodon_mutator",5.36090246463154,3045001.88829486,0.0317309380936085,0.11201014020802,0.0407789391720684,0,0,0
"Deuterodon_luetkenii",0,0,0,0,0,0,0,0
"Deuterodon_longirostris",5.84180637915841,3615507.44030631,0.0315228810275759,0.114951635221547,0.0406048187354589,0,0,0
"Deuterodon_langei",0,0,0,0,0,0,0,0
"Deuterodon_janeiroensis",0,0,0,0,0,0,0,0
"Deuterodon_intermedius",5.0210515786942,2654535.2284928,0.0318835426509663,0.109838452667493,0.0409617879573917,0,0,0
"Deuterodon_heterostomus",0,0,0,0,0,0,0,0
"Deuterodon_hastatus",5.36090246463154,3045001.88829486,0.0317309380936085,0.11201014020802,0.0407789391720684,0,0,0
"Deuterodon_giton",5.89497827037993,3682728.61216401,0.0315012809278125,0.11525785931836,0.0405805723165583,0,0,0
"Deuterodon_aphos",0,0,0,0,0,0,0,0
"Deuterodon_parahybae",0,0,0,0,0,0,0,0
"Astyanax_scabripinnis",0,0,0,0,0,0,0,0
"Deuterodon_iguape",0,0,0,0,0,0,0,0
"Coptobrycon_bilineatus",0,0,0,0,0,0,0,0
"Stygichthys_typhlops",0,0,0,0,0,0,0,0
"Hoplocharax_goethei",0,0,0,0,0,0,0,0
"Spintherobolus_papilliferus",36.3679849573043,12158217.530192,0.211403300642676,0.708514462121364,0.326592106146481,0,0,0
"Spintherobolus_leptoura",21.5527556869081,4080128.90381052,0.2196994161649,0.606106799414193,0.338378939473941,0,0,0
"Spintherobolus_ankoseion",21.7227021368967,4136556.29435452,0.219552380433701,0.607574144891247,0.338370171923433,0,0,0
"Spintherobolus_broccae",20.5679195939525,3702220.649652,0.220462507406982,0.597903180043487,0.339581173950172,0,0,0
"Amazonspinther_dalmata",0,0,0,0,0,0,0,0
"Acestrorhynchus_maculipinna",42.0194920094918,143338683.419788,0.155070728944523,1.29340747465235,0.519503166289716,0,0,0
"Acestrorhynchus_isalineae",50.5117539212007,212217730.441297,0.153046888555847,1.37087429397859,0.514647562827724,0,0,0
"Acestrorhynchus_altus",0,0,0,0,0,0,0,0
"Acestrorhynchus_pantaneiro",0,0,0,0,0,0,0,0
"Acestrorhynchus_lacustris",0,0,0,0,0,0,0,0
"Acestrorhynchus_abbreviatus",26.9029569085852,491736141.924953,0.0609548912436235,0.758913802831884,0.218838789412826,0,0,0
"Acestrorhynchus_falcatus",0,0,0,0,0,0,0,0
"Acestrorhynchus_grandoculis",0,0,0,0,0,0,0,0
"Acestrorhynchus_minimus",0,0,0,0,0,0,0,0
"Acestrorhynchus_britskii",45.8773286469431,332282716.347177,0.101278358595282,1.07185604440649,0.352795124039674,0,0,0
"Acestrorhynchus_microlepis",0,0,0,0,0,0,0,0
"Acestrorhynchus_heterolepis",0,0,0,0,0,0,0,0
"Acestrorhynchus_nasutus",0,0,0,0,0,0,0,0
"Acestrorhynchus_falcirostris",0,0,0,0,0,0,0,0
"Gilbertolus_atratoensis",0,0,0,0,0,0,0,0
"Gilbertolus_maracaiboensis",0,0,0,0,0,0,0,0
"Gilbertolus_alatus",53.8674331311234,262721033.162922,0.0888462306165215,0.991688310647344,0.313365215600874,0,0,0
"Roestes_molossus",0,0,0,0,0,0,0,0
"Roestes_ogilviei",0,0,0,0,0,0,0,0
"Roestes_itupiranga",0,0,0,0,0,0,0,0
"Gnathocharax_steindachneri",0,0,0,0,0,0,0,0
"Heterocharax_virgulatus",45.9217375488181,151547174.525146,0.0984886030021789,0.954596342590411,0.329509227592319,0,0,0
"Heterocharax_macrolepis",0,0,0,0,0,0,0,0
"Heterocharax_leptogrammus",0,0,0,0,0,0,0,0
"Bryconops_vibex",4.86161107797468,4175788.32941104,0.0288050097644444,0.135465903392847,0.0941015350612444,0,0,1.13482360118072
"Bryconops_transitoria",4.95291196160473,4368298.20553323,0.0287715186983276,0.136158569320819,0.0938364106344755,0,0,1.08455048801699
"Bryconops_piracolina",5.03120091733986,4538420.56094147,0.0287440747150016,0.136818157863126,0.0936773916851558,0,0,1.05331678787547
"Bryconops_magoi",4.93893860092489,4338504.59075618,0.0287766016969176,0.136053162676211,0.093876620745561,0,0,1.0920383797546
"Bryconops_inpai",5.48702440809909,5600637.96416755,0.0285893732504765,0.14018432400278,0.0925163502659734,0,0,0.860429367134556
"Bryconops_imitator",0,84687.6200489316,0.0291203611836524,0,0.0703495504985656,0,0,1.06711970221288
"Bryconops_humeralis",5.66449161902865,6050865.77497282,0.0285332742099638,0.1414878473887,0.0921332878382959,0,0,0.803379641164949
"Bryconops_gracilis",5.65476071814939,6025716.73488516,0.0285363418584973,0.141421179028902,0.0921573124203602,0,0,0.806750627942518
"Bryconops_giacopinii",0,0,0,0,0,0,0,0.356385233787353
"Bryconops_durbinae",2.94075460595657,1233450.86935933,0.0297184571530963,0.117517735674734,0.100994771783128,0,0,3.58915523830974
"Bryconops_disruptus",4.68968362389436,3826191.5687253,0.0288691688278733,0.134063712413723,0.0945519936128856,0,0,1.22772243968275
"Bryconops_cyrtogaster",6.15987562986973,7415005.56997743,0.0283848277263677,0.144853700963495,0.0910308523793599,0,0,0.660856442882197
"Bryconops_collettei",5.29063001342351,5126243.26269155,0.0286538522886201,0.138716877895643,0.0929658818604591,0,0,0.931925887490265
"Bryconops_colaroja",5.32063347238699,5198064.42547344,0.0286444731017734,0.139005991862285,0.0929493748067042,0,0,0.92743715260676
"Bryconops_colanegra",5.73551547455303,6236289.66889256,0.0285110522473787,0.141971945452115,0.0919593643199986,0,0,0.779366774447537
"Bryconops_caudomaculatus",0,0,0,0,0,0,0,0.690427648291588
"Bryconops_alburnoides",8.03423769010611,14123939.1148516,0.0279201202348378,0.156122816316278,0.0876714149472406,0,0,0.358470529176193
"Bryconops_melanurus",0,0,0,0,0,0,0,0.563221999095234
"Bryconops_affinis",0,0,0,0,0,0,0,0.498186505214537
"Iguanodectes_variatus",56.7207844067528,95478809.0733335,0.117702204389157,0.954574403466425,0.378882442723939,0,0,0.633468674169189
"Iguanodectes_spilurus",0,0,0,0,0,0,0,0.624892818635292
"Iguanodectes_rachovii",40.7448880003752,42763668.80337,0.120134774056666,0.867797201744633,0.396024465954744,0,0,1.31166741887621
"Iguanodectes_purusii",46.0383568778998,57523721.639634,0.119229908383246,0.898742340644613,0.389531001264672,0,0,1.00000449700924
"Iguanodectes_polylepis",49.9081236242175,69988245.9145608,0.118638750198086,0.920265503861708,0.385551986534075,0,0,0.843142159653328
"Iguanodectes_gracilis",33.6684275665621,26910374.9677677,0.121560613654549,0.821423087762162,0.406281848701711,0,0,1.99716564212157
"Iguanodectes_geisleri",0,0,0,0,0,0,0,1.52148251161498
"Iguanodectes_adujai",40.6803129866535,42599678.098324,0.120146688980262,0.867419979624489,0.39611972961107,0,0,1.3167438651817
"Piabucus_dentatus",0,0,0,0,0,0,0,0.446219754538443
"Piabucus_melanostoma",0,0,0,0,0,0,0,0.528347900396429
"Piabucus_caudomaculatus",52.9275843499967,63591462.4077018,0.13873660622406,1.05999630288724,0.435283965326514,0,0,0.703808970078966
"Chilobrycon_deuterodon",38.343972976954,23233435.0256338,0.145579114810299,1.08607659409277,0.529669450273833,0,0,0
"Brycon_whitei",0,0,0,0,0,0,0,0
"Brycon_vermelha",0,0,0,0,0,0,0,0
"Brycon_striatulus",82.1457272915219,112335380.81311,0.137544006086964,1.35485140290809,0.49992080457536,0,0,0
"Brycon_stolzmanni",58.0463332671271,55061618.3029234,0.141183911765686,1.22697968424131,0.51398828220702,0,0,0
"Brycon_sinuensis",0,0,0,0,0,0,0,0
"Brycon_rubricauda",79.8203637008312,107425872.961965,0.137906796950214,1.34255456473098,0.499359735304417,0,0,0
"Brycon_posadae",0,4937818.23381773,0.144156319410607,0,0.433928716323833,0,0,0
"Brycon_petrosus",0,0,0,0,0,0,0,0
"Brycon_oligolepis",63.8898257782844,66924570.077022,0.140160600619337,1.26124519025914,0.51031698645279,0,0,0
"Brycon_obscurus",36.6269983430739,21256459.3220066,0.146130146370438,1.07657238681288,0.534256497495827,0,0,0
"Brycon_meeki",76.1316730597727,96337875.2138663,0.138344851148354,1.32570106425289,0.502745731302794,0,0,0
"Brycon_medemi",48.0440918910366,37200736.7502836,0.14319078259365,1.16327338136642,0.522590213002212,0,0,0
"Brycon_labiatus",76.0751897867157,96045750.2103911,0.138345491935604,1.3255136466967,0.502939525466919,0,0,0
"Brycon_henni",0,0,0,0,0,0,0,0
"Brycon_guatemalensis",0,0,0,0,0,0,0,0
"Brycon_gouldingi",0,0,0,0,0,0,0,0
"Brycon_fowleri",64.6456148868729,69037872.3256517,0.140069860419933,1.26515270870862,0.50911599039686,0,0,0
"Brycon_falcatus",0,0,0,0,0,0,0,0
"Brycon_devillei",46.6055810883794,35013056.0528179,0.143526249963543,1.15286751589118,0.523500482840143,0,0,0
"Brycon_dentex",0,0,0,0,0,0,0,0
"Brycon_coxeyi",51.384775139531,42983037.7164658,0.1424989054347,1.18527727030733,0.51896306906026,0,0,0
"Brycon_coquenani",51.9046810043411,43716779.4983082,0.142373423123312,1.18899684856239,0.519023356958342,0,0,0
"Brycon_chagrensis",0,0,0,0,0,0,0,0
"Brycon_cephalus",0,0,0,0,0,0,0,0
"Brycon_bicolor",0,0,0,0,0,0,0,0
"Brycon_behreae",0,0,0,0,0,0,0,0
"Brycon_argenteus",61.9879342270834,63180462.2406125,0.140499736085567,1.24986104917404,0.510898980011834,0,0,0
"Brycon_alburnus",0,0,0,0,0,0,0,0
"Brycon_orbignyanus",0,0,0,0,0,0,0,0
"Brycon_orthotaenia",0,1671955.58883983,0.0373046522103455,0,0.138106397927496,0,0,0
"Brycon_melanopterus",0,0,0,0,0,0,0,0
"Brycon_hilarii",0,0,0,0,0,0,0,0
"Brycon_amazonicus",0,0,0,0,0,0,0,0
"Brycon_moorei",0,0,0,0,0,0,0,0
"Brycon_ferox",0,0,0,0,0,0,0,0
"Brycon_insignis",0,0,0,0,0,0,0,0
"Henochilus_wheatlandii",0,0,0,0,0,0,0,0
"Brycon_nattereri",0,0,0,0,0,0,0,0
"Brycon_opalinus",28.3536668519388,20080409.4966663,0.0533219918492989,0.572557109489179,0.214542928190736,0,0,0
"Brycon_pesu",0,0,0,0,0,0,0,0
"Salminus_hilarii",0,0,0,0,0,0,0,0
"Salminus_affinis",0,0,0,0,0,0,0,0
"Salminus_brasiliensis",0,0,0,0,0,0,0,0
"Salminus_franciscanus",0,0,0,0,0,0,0,0
"Brycon_atrocaudatus",0,0,0,0,0,0,0,0
"Gasteropelecus_levis",0,0,0,0,0,0,0,4.12957559534056
"Carnegiella_schereri",25.5175250876061,40100643.729214,0.0595972956080132,0.503005648959876,0.212431229536708,0,0,6.43032388329749
"Carnegiella_myersi",0,0,0,0,0,0,0,8.38479329619169
"Carnegiella_strigata",0,0,0,0,0,0,0,4.19820629936504
"Carnegiella_marthae",0,0,0,0,0,0,0,5.65360852572066
"Gasteropelecus_sternicla",0,0,0,0,0,0,0,3.58849486659612
"Thoracocharax_stellatus",0,0,0,0,0,0,0,1.62238387671017
"Thoracocharax_securis",45.3471459621353,108463551.505762,0.0803523918170143,0.747882337522049,0.278719490891581,0,0,1.62023023741091
"Gasteropelecus_maculatus",0,0,0,0,0,0,0,1.70600210433833
"Engraulisoma_taeniatum",0,0,0,0,0,0,0,3.07941233549869
"Triportheus_venezuelensis",63.7400320100108,0,0.0652425985754972,0.569179048465368,0.246680359996985,0,0,0.496446342968379
"Triportheus_trifurcatus",0,0,0,0,0,0,0,0.174180745197264
"Triportheus_signatus",26.6326071484901,26592705.2155159,0.0847060789605377,0.441085923802521,0.262319377685205,0,0,0.289772059254359
"Triportheus_rotundatus",0,0,0,0,0,0,0,0.162687407477939
"Triportheus_pictus",21.1943907125868,15303503.3807474,0.0859319682614021,0.415053058022063,0.272180899210242,0,0,0.520701588234591
"Triportheus_paranensis",0,0,0,0,0,0,0,0.217061294163872
"Triportheus_magdalenae",0,0,0,0,0,0,0,0.0816286226391129
"Triportheus_elongatus",0,0,0,0,0,0,0,0.152303268248205
"Triportheus_curtus",21.1263266072312,15184724.8202136,0.0859492528544648,0.414687256743882,0.272313692552464,0,0,0.524796530514499
"Triportheus_culter",33.9362683307279,47785846.1501111,0.0834223344412388,0.470255085917078,0.252080709947646,0,0,0.154253506967985
"Triportheus_brachipomus",31.8396928793812,40955896.0059049,0.0837581193858426,0.462384554183298,0.254726274817948,0,0,0.182004015899069
"Triportheus_auritus",0,0,0,0,0,0,0,0
"Triportheus_nematurus",0,0,0,0,0,0,0,0.226570709026987
"Triportheus_orinocensis",0,0,0,0,0,0,0,0.363713715031499
"Triportheus_angulatus",0,0,0,0,0,0,0,0.150511998617746
"Triportheus_guentheri",13.8999494981957,0,0.0588455749423889,0.318021369504696,0.194079356398108,0,0,0.285644339731866
"Triportheus_pantanensis",0,0,0,0,0,0,0,0.284152069832809
"Triportheus_albus",0,0,0,0,0,0,0,0
"Agoniates_anchovia",0,0,0,0,0,0,0,0.45284710394324
"Agoniates_halecinus",0,0,0,0,0,0,0,0.251023549751398
"Clupeacharax_anchoveoides",0,0,0,0,0,0,0,1.54010672223077
"Chalceus_spilogyros",53.0827538888043,86419879.2942,0.12032085500968,0.996202516580425,0.404698172613489,0,0,0.246726634164943
"Chalceus_guaporensis",48.4122476491669,69138945.2418978,0.121015740673236,0.971367140283151,0.410389857336673,0,0,0.308763261514689
"Chalceus_epakros",0,0,0,0,0,0,0,0.404298025124271
"Chalceus_macrolepidotus",0,0,0,0,0,0,0,0.184824321299078
"Chalceus_erythrurus",0,0,0,0,0,0,0,0.180312242338614
"Hoplias_teres",66.5346763950836,158480772.190738,0.193008826395461,1.38438457888485,0.751663747120177,0,0,0
"Hoplias_microcephalus",122.188671696225,563100582.10446,0.184613556551229,1.67284311569159,0.729083378373672,0,0,0
"Hoplias_macrophthalmus",0,0,0,0,0,0,0,0
"Hoplias_lacerdae",0,0,0,0,0,0,0,0
"Hoplias_curupira",0,0,0,0,0,0,0,0
"Hoplias_brasiliensis",0,0,0,0,0,0,0,0
"Hoplias_australis",0,0,0,0,0,0,0,0
"Hoplias_microlepis",0,0,0,0,0,0,0,0
"Hoplias_aimara",0,0,0,0,0,0,0,0
"Hoplias_malabaricus",0,0,0,0,0,0,0,0
"Erythrinus_erythrinus",0,0,0,0,0,0,0,0
"Hoplerythrinus_unitaeniatus",0,0,0,0,0,0,0,0
"Nannostomus_unifasciatus",0,0,0,0,0,0,0,3.06594105720076
"Nannostomus_trifasciatus",0,0,0,0,0,0,0,3.32398154777227
"Nannostomus_rubrocaudatus",7.64756216111838,82165.1069683692,0.0498979210930414,0.193848557866328,0.133608625199716,0,0,5.36368086475011
"Nannostomus_nitidus",0,0,0,0,0,0,0,3.45443386783747
"Nannostomus_mortenthaleri",0,0,0,0,0,0,0,4.52851550254346
"Nannostomus_minimus",7.06432446033945,67741.1319212522,0.0501407072579377,0.189269760697587,0.134853003589362,0,0,6.27487773655786
"Nannostomus_marilynae",0,0,0,0,0,0,0,2.75305715930627
"Nannostomus_marginatus",0,0,0,0,0,0,0,4.60101709898217
"Nannostomus_limatus",9.64600558206262,144493.249953794,0.0491916259079288,0.207678919781684,0.129860022065446,0,0,3.3301279057722
"Nannostomus_harrisoni",0,0,0,0,0,0,0,2.41714355180483
"Nannostomus_grandis",0,0,0,0,0,0,0,2.32688367003825
"Nannostomus_eques",0,0,0,0,0,0,0,2.72789414928759
"Nannostomus_digrammus",0,0,0,0,0,0,0,4.87352268392479
"Nannostomus_britskii",7.30502473175233,73500.5080580827,0.0500384438379698,0.191222988000525,0.134355403407564,0,0,5.88944271347446
"Nannostomus_bifasciatus",0,0,0,0,0,0,0,3.54130037703929
"Nannostomus_anduzei",0,0,0,0,0,0,0,10.6991771602146
"Nannostomus_espei",0,0,0,0,0,0,0,3.61352675148609
"Nannostomus_beckfordi",0,0,0,0,0,0,0,1.37074419091431
"Boulengerella_xyrekes",0,0,0,0,0,0,0,0.12022188126632
"Boulengerella_maculata",0,0,0,0,0,0,0,0.152094335596442
"Boulengerella_lucius",0,0,0,0,0,0,0,0.100460431104846
"Boulengerella_cuvieri",0,0,0,0,0,0,0,0.0401374554726464
"Boulengerella_lateristriga",0,0,0,0,0,0,0,0.210569576337533
"Ctenolucius_beani",0,0,0,0,0,0,0,0.177710988106373
"Ctenolucius_hujeta",0,0,0,0,0,0,0,0.207883594912495
"Pseudocurimata_troschelii",47.4506545641168,43108042.0453903,0.182182440470159,1.02510481595722,0.472094247513241,0,0,0
"Pseudocurimata_peruana",43.5787354679062,35873980.4007925,0.183335389548993,1.00687059604449,0.480035355941212,0,0,0
"Pseudocurimata_patiae",43.3365292663806,35600574.5220304,0.183440581851459,1.0058402170847,0.480335408178382,0,0,0
"Pseudocurimata_lineopunctata",41.683086223183,32858140.8230849,0.183994835043987,0.997609353450334,0.483721128176194,0,0,0
"Pseudocurimata_boehlkei",40.8644121590367,31749209.0937919,0.184318424532723,0.993060388289174,0.484723434608761,0,0,0
"Pseudocurimata_boulengeri",0,0,0,0,0,0,0,0
"Curimata_vittata",0,0,0,0,0,0,0,0
"Curimata_roseni",41.0426302329673,46020499.9522117,0.124696016921339,0.867007384094914,0.359999880110044,0,0,0
"Curimata_ocellata",44.3182641474709,55114957.49774,0.124067633282757,0.884189060108015,0.355461944528225,0,0,0
"Curimata_mivartii",55.5406624689993,86098422.0846535,0.121914262029986,0.945381923645498,0.35120383481962,0,0,0
"Curimata_macrops",40.0872487214387,44017487.5502605,0.124940053287699,0.862344112283475,0.361108444126249,0,0,0
"Curimata_knerii",0,0,0,0,0,0,0,0
"Curimata_inornata",0,0,0,0,0,0,0,0
"Curimata_incompta",38.3259658095107,40247525.157598,0.125387728774854,0.853807888134469,0.363656859072969,0,0,0
"Curimata_cyprinoides",0,0,0,0,0,0,0,0
"Curimata_cisandina",33.2770060591477,30392193.5366872,0.126804662667824,0.826785408178072,0.371309859897906,0,0,0
"Curimata_cerasina",38.3259658095107,40247525.157598,0.125387728774854,0.853807888134469,0.363656859072969,0,0,0
"Curimata_acutirostris",40.3046710130009,45418587.7149765,0.124970913482164,0.862107445895866,0.358960451911175,0,0,0
"Curimata_aspera",42.6679732227056,51034814.5308501,0.124425329135623,0.874381358937866,0.356333420142727,0,0,0
"Steindachnerina_varii",0,0,0,0,0,0,0,0
"Steindachnerina_seriata",0,0,0,0,0,0,0,0
"Steindachnerina_quasimodoi",25.0646446879463,10970010.6555604,0.105919129216107,0.568804262516036,0.287353496279372,0,0,0
"Steindachnerina_pupula",26.7635528894538,12501182.2664278,0.105382246555843,0.57944468687986,0.285954297129007,0,0,0
"Steindachnerina_planiventris",21.8931298032883,8365015.72218108,0.107075148039459,0.55421940495094,0.295139976854107,0,0,0
"Steindachnerina_notonota",22.2630936176129,8731690.91389619,0.106968384833323,0.556267294109745,0.29393015287835,0,0,0
"Steindachnerina_notograptos",23.8176568463956,9851287.79657504,0.106340086940182,0.564221396936914,0.291167726620465,0,0,0
"Steindachnerina_leucisca",28.3586062783685,14226580.2973431,0.104962761254902,0.589035747065234,0.284138861382712,0,0,0
"Steindachnerina_gracilis",20.4435979741258,7290549.79391269,0.107664156916604,0.546921299686076,0.299130921594518,0,0,0
"Steindachnerina_fasciata",22.8590874938524,9129277.52552169,0.106712839552386,0.559517594694393,0.29307218640548,0,0,0
"Steindachnerina_dobula",0,0,0,0,0,0,0,0
"Steindachnerina_conspersa",25.5623781331349,11446487.9283626,0.105767574385534,0.571535203031341,0.286491739758829,0,0,0
"Steindachnerina_biornata",0,0,0,0,0,0,0,0
"Steindachnerina_binotata",26.1887992930729,12034492.8841861,0.105577139725206,0.575587301039642,0.285979964841878,0,0,0
"Steindachnerina_bimaculata",0,0,0,0,0,0,0,0
"Steindachnerina_atratoensis",21.5437270070966,8155727.88602835,0.107240996836511,0.552699780034698,0.295903322612017,0,0,0
"Steindachnerina_argentea",0,0,0,0,0,0,0,0
"Steindachnerina_amazonica",23.1031320565294,9346090.32699512,0.106627893151553,0.560307733632759,0.292113813357021,0,0,0
"Cyphocharax_vexillapinnus",18.6264499418875,6014398.84509193,0.108413444281641,0.532259678932217,0.301181998618911,0,0,0
"Cyphocharax_stilbolepis",26.9411489063265,12844115.861408,0.105377894179359,0.580175170355297,0.284973900875657,0,0,0
"Cyphocharax_spilurus",0,0,0,0,0,0,0,0
"Cyphocharax_spiluropsis",21.3015595628647,7890221.15721635,0.107257095737853,0.545438710670331,0.292671665863598,0,0,0
"Cyphocharax_signatus",14.3360443518552,3595453.12229253,0.110743763192877,0.504716376176729,0.315468411059942,0,0,0
"Cyphocharax_santacatarinae",0,0,0,0,0,0,0,0
"Cyphocharax_saladensis",0,0,0,0,0,0,0,0
"Cyphocharax_punctatus",0,0,0,0,0,0,0,0
"Cyphocharax_plumbeus",31.473786597655,17641228.9538478,0.104149741709007,0.607241961239488,0.281992960248231,0,0,0
"Cyphocharax_platanus",26.3584869435822,12049791.7495604,0.10548337562232,0.577022540575839,0.286605814101645,0,0,0
"Cyphocharax_pantostictos",21.929707157903,8346225.15220538,0.106995439853862,0.547898445192943,0.290665785764391,0,0,0
"Cyphocharax_oenas",16.7359384270119,4900447.85924309,0.109383841853241,0.521160240085328,0.30695062834955,0,0,0
"Cyphocharax_notatus",27.901117369635,13684468.6355853,0.105071487854784,0.586399482669659,0.284806196482801,0,0,0
"Cyphocharax_nigripinnis",18.8186479936003,6137820.28616324,0.10832148685939,0.533070536832725,0.300402740502477,0,0,0
"Cyphocharax_naegelii",0,0,0,0,0,0,0,0
"Cyphocharax_multilineatus",23.1045287695148,9253691.82846909,0.106553955153482,0.555017924637864,0.288860274910096,0,0,0
"Cyphocharax_microcephalus",30.4661017032615,16458934.9690563,0.104395138811731,0.60156452728706,0.282798452654808,0,0,0
"Cyphocharax_mestomyllon",15.8357497284981,4368499.20100519,0.109851865686584,0.515350086095339,0.310270681618331,0,0,0
"Cyphocharax_meniscaprorus",17.9394787781293,5603285.01317688,0.108759651910768,0.528634775698297,0.303373170409877,0,0,0
"Cyphocharax_leucostictus",25.7765353713941,11560044.1267368,0.105675571318658,0.573140484350974,0.286781646467817,0,0,0
"Cyphocharax_laticlavius",17.3776942516847,5247190.73186247,0.10902654180752,0.524896932651385,0.304972006452425,0,0,0
"Cyphocharax_helleri",0,0,0,0,0,0,0,0
"Cyphocharax_gouldingi",25.7765353713941,11560044.1267368,0.105675571318658,0.573140484350974,0.286781646467817,0,0,0
"Cyphocharax_gillii",0,0,0,0,0,0,0,0
"Cyphocharax_gangamon",16.5696273772167,4804744.90567805,0.109471375880296,0.519987224616961,0.307405026510044,0,0,0
"Cyphocharax_festivus",0,0,0,0,0,0,0,0
"Cyphocharax_derhami",21.207142788248,7748097.8005908,0.107260069240266,0.544977346388025,0.293347556878092,0,0,0
"Cyphocharax_corumbae",27.6330826480315,13516517.2011469,0.10517404562722,0.584526706553048,0.284531183233636,0,0,0
"Cyphocharax_biocellatus",0,0,0,0,0,0,0,0
"Cyphocharax_aspilos",0,0,0,0,0,0,0,0
"Cyphocharax_abramoides",35.3370666358463,22065509.1636236,0.103201098742655,0.628605089491723,0.280565481272845,0,0,0
"Curimatella_meyeri",0,0,0,0,0,0,0,0
"Curimatella_immaculata",0,0,0,0,0,0,0,0
"Curimatella_alburnus",28.8942613710825,19166687.2208408,0.087076398971792,0.54996088397757,0.242638800718822,0,0,0
"Cyphocharax_spilotus",0,0,0,0,0,0,0,0
"Steindachnerina_elegans",0,0,0,0,0,0,0,0
"Cyphocharax_modestus",0,0,0,0,0,0,0,0
"Cyphocharax_voga",0,0,0,0,0,0,0,0
"Cyphocharax_gilbert",0,0,0,0,0,0,0,0
"Curimatella_lepidura",0,0,0,0,0,0,0,0
"Steindachnerina_brevipinna",0,0,0,0,0,0,0,0
"Steindachnerina_insculpta",0,0,0,0,0,0,0,0
"Steindachnerina_guentheri",0,0,0,0,0,0,0,0
"Cyphocharax_vanderi",0,0,0,0,0,0,0,0
"Potamorhina_squamoralevis",4.94005897499401,2482345.50750793,0.0185847820975516,0.107953834185488,0.0496842500817045,0,0,0
"Potamorhina_pristigaster",4.81160152517461,2350106.71722936,0.0186227725161071,0.107399816124048,0.0499527180819361,0,0,0
"Potamorhina_laticeps",0,0,0,0,0,0,0,0
"Potamorhina_latior",0,0,0,0,0,0,0,0
"Potamorhina_altamazonica",0,0,0,0,0,0,0,0
"Curimatella_dorsalis",0,0,0,0,0,0,0,0
"Cyphocharax_magdalenae",0,0,0,0,0,0,0,0
"Steindachnerina_hypostoma",0,0,0,0,0,0,0,0
"Curimatopsis_myersi",7.93254609636851,3811895.62719021,0.0329805066978698,0.203779101619224,0.0970562945456303,0,0,0
"Curimatopsis_microlepis",10.979206434741,7387263.16870205,0.0321566373864917,0.219504762792876,0.0923391740533969,0,0,0
"Curimatopsis_evelynae",7.60619115598876,3510815.36743208,0.0330912707793181,0.201646167970873,0.0975154217873752,0,0,0
"Curimatopsis_macrolepis",0,0,0,0,0,0,0,0
"Curimatopsis_cryptica",0,0,0,0,0,0,0,0
"Ichthyoelephas_humeralis",31.2434890554718,181320948.01007,0.189813041358013,0.996219102055924,0.351972742931229,0,0,0
"Ichthyoelephas_longirostris",56.5338198543516,622608722.764541,0.181613969580531,1.1760940850074,0.333378370410803,0,0,0
"Prochilodus_vimboides",12.9900012054595,249825141.022934,0.120820514727168,0.453606613726585,0.124154340830445,0,0,0
"Prochilodus_harttii",12.2461730775914,219922928.372382,0.121340080989925,0.4470938734922,0.125260753340724,0,0,0
"Prochilodus_britskii",9.28719839645075,124714150.910765,0.123936365219409,0.417238330690942,0.129748402432346,0,0,0
"Prochilodus_brevis",0,0,0,0,0,0,0,0
"Prochilodus_lacustris",2.1038641691421,44604765.2654304,0.0347525383684848,0.171237679107769,0.0336273265765568,0,0,0
"Prochilodus_nigricans",0,0,0,0,0,0,0,0
"Prochilodus_costatus",0,0,0,0,0,0,0,0
"Prochilodus_lineatus",0,0,0,0,0,0,0,0
"Prochilodus_argenteus",0,0,0,0,0,0,0,0
"Prochilodus_mariae",0,0,0,0,0,0,0,0
"Prochilodus_rubrotaeniatus",0,0,0,0,0,0,0,0
"Prochilodus_reticulatus",0,0,0,0,0,0,0,0
"Prochilodus_magdalenae",0,0,0,0,0,0,0,0
"Semaprochilodus_varii",22.1756508528068,105998284.942636,0.0832055862250178,0.628349681152146,0.225041734631476,0,0,0
"Semaprochilodus_brama",29.5579296725276,194741759.891391,0.0814822743781658,0.682844073941551,0.219653991635766,0,0,0
"Semaprochilodus_taeniurus",0,0,0,0,0,0,0,0
"Semaprochilodus_kneri",0,0,0,0,0,0,0,0
"Semaprochilodus_insignis",0,0,0,0,0,0,0,0
"Semaprochilodus_laticeps",0,0,0,0,0,0,0,0
"Synaptolaemus_cingulatus",0,0,0,0,0,0,0,0
"Synaptolaemus_latofasciatus",0,0,0,0,0,0,0,0
"Sartor_tucuruiensis",0,0,0,0,0,0,0,0
"Sartor_elongatus",0,0,0,0,0,0,0,0
"Sartor_respectus",0,0,0,0,0,0,0,0
"Rhytiodus_microlepis",0,0,0,0,0,0,0,0
"Rhytiodus_lauzannei",0,0,0,0,0,0,0,0
"Rhytiodus_argenteofuscus",0,0,0,0,0,0,0,0
"Rhytiodus_elongatus",0,0,0,0,0,0,0,0
"Pseudanos_winterbottomi",0,0,0,0,0,0,0,0
"Pseudanos_trimaculatus",0,0,0,0,0,0,0,0
"Pseudanos_gracilis",0,0,0,0,0,0,0,0
"Pseudanos_irinae",0,0,0,0,0,0,0,0
"Petulanos_spiloclistron",0,0,0,0,0,0,0,0
"Petulanos_intermedius",0,0,0,0,0,0,0,0
"Petulanos_plicatus",0,0,0,0,0,0,0,0
"Megaleporinus_trifasciatus",0,0,0,0,0,0,0,0
"Megaleporinus_reinhardti",0,0,0,0,0,0,0,0
"Megaleporinus_obtusidens",0,0,0,0,0,0,0,0
"Megaleporinus_muyscorum",0,0,0,0,0,0,0,0
"Megaleporinus_macrocephalus",0,0,0,0,0,0,0,0
"Megaleporinus_garmani",0,0,0,0,0,0,0,0
"Megaleporinus_conirostris",0,0,0,0,0,0,0,0
"Megaleporinus_elongatus",0,0,0,0,0,0,0,0
"Leporellus_vittatus",0,0,0,0,0,0,0,0
"Leporellus_retropinnis",0,0,0,0,0,0,0,0
"Leporellus_cartledgei",0,0,0,0,0,0,0,0
"Leporellus_pictus",0,0,0,0,0,0,0,0
"Laemolyta_varia",0,0,0,0,0,0,0,0
"Laemolyta_taeniata",0,0,0,0,0,0,0,0
"Laemolyta_proxima",0,0,0,0,0,0,0,0
"Laemolyta_orinocensis",0,0,0,0,0,0,0,0
"Laemolyta_nitens",0,0,0,0,0,0,0,0
"Laemolyta_macra",0,0,0,0,0,0,0,0
"Laemolyta_garmani",0,0,0,0,0,0,0,0
"Laemolyta_fasciata",0,0,0,0,0,0,0,0
"Laemolyta_fernandezi",0,0,0,0,0,0,0,0
"Hypomasticus_thayeri",0,0,0,0,0,0,0,0
"Hypomasticus_steindachneri",0,0,0,0,0,0,0,0
"Hypomasticus_pachycheilus",0,0,0,0,0,0,0,0
"Hypomasticus_mormyrops",0,0,0,0,0,0,0,0
"Hypomasticus_megalepis",0,0,0,0,0,0,0,0
"Hypomasticus_julii",0,0,0,0,0,0,0,0
"Hypomasticus_copelandii",0,0,0,0,0,0,0,0
"Hypomasticus_despaxi",0,0,0,0,0,0,0,0
"Gnathodolus_bidens",0,0,0,0,0,0,0,0
"Anostomoides_passionis",0,0,0,0,0,0,0,0
"Anostomoides_atrianalis",0,0,0,0,0,0,0,0
"Anostomoides_laticeps",0,0,0,0,0,0,0,0
"Abramites_eques",0,0,0,0,0,0,0,0
"Abramites_hypselonotus",0,0,0,0,0,0,0,0
"Leporinus_y-ophorus",0,0,0,0,0,0,0,0
"Leporinus_wolfei",0,0,0,0,0,0,0,0
"Leporinus_venerei",0,0,0,0,0,0,0,0
"Leporinus_vanzoi",0,0,0,0,0,0,0,0
"Leporinus_unitaeniatus",0,0,0,0,0,0,0,0
"Leporinus_uatumaensis",0,0,0,0,0,0,0,0
"Leporinus_trimaculatus",0,0,0,0,0,0,0,0
"Leporinus_tigrinus",0,0,0,0,0,0,0,0
"Leporinus_taeniofasciatus",0,0,0,0,0,0,0,0
"Leporinus_subniger",0,0,0,0,0,0,0,0
"Leporinus_steyermarki",0,0,0,0,0,0,0,0
"Leporinus_spilopleura",0,0,0,0,0,0,0,0
"Leporinus_sexstriatus",0,0,0,0,0,0,0,0
"Leporinus_reticulatus",0,0,0,0,0,0,0,0
"Leporinus_punctatus",0,0,0,0,0,0,0,0
"Leporinus_pitingai",0,0,0,0,0,0,0,0
"Leporinus_pellegrinii",0,0,0,0,0,0,0,0
"Leporinus_pearsoni",0,0,0,0,0,0,0,0
"Leporinus_paralternus",0,0,0,0,0,0,0,0
"Leporinus_parae",0,0,0,0,0,0,0,0
"Leporinus_pachyurus",0,0,0,0,0,0,0,0
"Leporinus_ortomaculatus",0,0,0,0,0,0,0,0
"Leporinus_octomaculatus",0,0,0,0,0,0,0,0
"Leporinus_nijsseni",0,0,0,0,0,0,0,0
"Leporinus_nigrotaeniatus",0,0,0,0,0,0,0,0
"Leporinus_niceforoi",0,0,0,0,0,0,0,0
"Leporinus_nattereri",0,0,0,0,0,0,0,0
"Leporinus_multifasciatus",0,0,0,0,0,0,0,0
"Leporinus_moralesi",0,0,0,0,0,0,0,0
"Leporinus_melanostictus",0,0,0,0,0,0,0,0
"Leporinus_melanopleura",0,0,0,0,0,0,0,0
"Leporinus_marcgravii",0,0,0,0,0,0,0,0
"Leporinus_maculatus",0,0,0,0,0,0,0,0
"Leporinus_lebaili",0,0,0,0,0,0,0,0
"Leporinus_klausewitzi",0,0,0,0,0,0,0,0
"Leporinus_jatuncochi",0,0,0,0,0,0,0,0
"Leporinus_jamesi",0,0,0,0,0,0,0,0
"Leporinus_holostictus",0,0,0,0,0,0,0,0
"Leporinus_guttatus",0,0,0,0,0,0,0,0
"Leporinus_granti",0,0,0,0,0,0,0,0
"Leporinus_gossei",0,0,0,0,0,0,0,0
"Leporinus_gomesi",0,0,0,0,0,0,0,0
"Leporinus_geminis",0,0,0,0,0,0,0,0
"Leporinus_ecuadorensis",0,0,0,0,0,0,0,0
"Leporinus_desmotes",0,0,0,0,0,0,0,0
"Leporinus_cylindriformis",0,0,0,0,0,0,0,0
"Leporinus_brunneus",0,0,0,0,0,0,0,0
"Leporinus_britskii",0,0,0,0,0,0,0,0
"Leporinus_boehlkei",0,0,0,0,0,0,0,0
"Leporinus_bleheri",0,0,0,0,0,0,0,0
"Leporinus_bistriatus",0,0,0,0,0,0,0,0
"Leporinus_bimaculatus",0,0,0,0,0,0,0,0
"Leporinus_bahiensis",0,0,0,0,0,0,0,0
"Leporinus_aripuanaensis",0,0,0,0,0,0,0,0
"Leporinus_arcus",0,0,0,0,0,0,0,0
"Leporinus_apollo",0,0,0,0,0,0,0,0
"Leporinus_amazonicus",0,0,0,0,0,0,0,0
"Leporinus_amae",0,0,0,0,0,0,0,0
"Leporinus_altipinnis",0,0,0,0,0,0,0,0
"Leporinus_alternus",0,0,0,0,0,0,0,0
"Leporinus_agassizii",0,0,0,0,0,0,0,0
"Leporinus_affinis",0,0,0,0,0,0,0,0
"Leporinus_acutidens",0,0,0,0,0,0,0,0
"Schizodon_vittatus",0,0,0,0,0,0,0,0
"Schizodon_scotorhabdotus",0,0,0,0,0,0,0,0
"Schizodon_platae",0,0,0,0,0,0,0,0
"Schizodon_jacuiensis",0,0,0,0,0,0,0,0
"Schizodon_isognathus",0,0,0,0,0,0,0,0
"Schizodon_dissimilis",0,0,0,0,0,0,0,0
"Schizodon_corti",0,0,0,0,0,0,0,0
"Schizodon_borellii",0,0,0,0,0,0,0,0
"Schizodon_australis",0,0,0,0,0,0,0,0
"Schizodon_altoparanae",0,0,0,0,0,0,0,0
"Schizodon_knerii",0,0,0,0,0,0,0,0
"Schizodon_nasutus",0,0,0,0,0,0,0,0
"Schizodon_intermedius",0,0,0,0,0,0,0,0
"Schizodon_fasciatus",0,0,0,0,0,0,0,0
"Leporinus_fasciatus",0,0,0,0,0,0,0,0
"Leporinus_microphthalmus",0,0,0,0,0,0,0,0
"Leporinus_amblyrhynchus",0,0,0,0,0,0,0,0
"Leporinus_paranensis",0,0,0,0,0,0,0,0
"Leporinus_octofasciatus",0,0,0,0,0,0,0,0
"Leporinus_taeniatus",0,0,0,0,0,0,0,0
"Leporinus_friderici",0,0,0,0,0,0,0,0
"Leporinus_piau",0,0,0,0,0,0,0,0
"Leporinus_lacustris",0,0,0,0,0,0,0,0
"Leporinus_striatus",0,0,0,0,0,0,0,0
"Anostomus_longus",0,0,0,0,0,0,0,0
"Anostomus_brevior",0,0,0,0,0,0,0,0
"Anostomus_anostomus",0,0,0,0,0,0,0,0
"Anostomus_ternetzi",0,0,0,0,0,0,0,0
"Utiaritichthys_longidorsalis",52.1489594224753,349759125.290672,0.138582028134368,1.26814086624164,0.641521214973523,0,0,0
"Utiaritichthys_sennaebragai",68.0885881786305,602270391.893271,0.13579938327565,1.36555281360602,0.626600562037035,0,0,0
"Prosomyleus_rhomboidalis",0,0,0,0,0,0,0,0
"Acnodon_senai",0,0,0,0,0,0,0,0
"Acnodon_normani",0,0,0,0,0,0,0,0
"Acnodon_oligacanthus",0,0,0,0,0,0,0,0
"Myleus_pacu",0,0,0,0,0,0,0,0
"Myleus_knerii",34.3869385389972,127046135.097695,0.104596061940157,0.919209606149149,0.532992392911787,0,0,0
"Myleus_altipinnis",46.8930791633517,238565522.8917,0.102098681266187,0.987480756680975,0.508822625928579,0,0,0
"Pristobrycon_maculipinnis",0,0,0,0,0,0,0,0
"Pristobrycon_careospinus",0,0,0,0,0,0,0,0
"Pristobrycon_aureus",45.9762829278761,237942735.024721,0.0822683050680123,0.901072539011572,0.45067280279781,0,0,0
"Serrasalmus_sanchezi",20.240445368723,78239128.3836598,0.0537538477402153,0.487768981778335,0.29398680254152,0,0,0
"Serrasalmus_odyssei",0,0,0,0,0,0,0,0
"Serrasalmus_nigricans",31.8739548104003,204200549.231777,0.0520143215835471,0.560180033781796,0.285684670699124,0,0,0
"Serrasalmus_neveriensis",27.7862854135316,152724584.814538,0.0525333803001192,0.537319070487844,0.288256818521352,0,0,0
"Serrasalmus_nalseni",0,0,0,0,0,0,0,0
"Serrasalmus_humeralis",0,0,0,0,0,0,0,0
"Serrasalmus_gibbus",35.310152448817,252727737.227371,0.0516244161720454,0.577961360667365,0.283995243202405,0,0,0
"Serrasalmus_altuvei",27.0159809963488,144266662.954275,0.0526446610198467,0.532636612099529,0.288590658981589,0,0,0
"Serrasalmus_altispinis",0,0,0,0,0,0,0,0
"Pygocentrus_palometa",46.0904966367949,438030483.943102,0.0506175811806439,0.627978435705661,0.280484128062937,0,0,0
"Serrasalmus_hastatus",2.64430541298438,12663627.1601322,0.00644399187577234,0.0633426627327173,0.0366145415409057,0,0,0
"Serrasalmus_hollandi",2.99746661758549,16465187.7169613,0.00638525261608811,0.0658214971044955,0.036347620771412,0,0,0
"Serrasalmus_compressus",0,0,0,0,0,0,0,0
"Serrasalmus_rhombeus",0,0,0,0,0,0,0,0
"Serrasalmus_geryi",6.28494488505461,29571508.6040916,0.0153838074389106,0.127748027023357,0.0789888702265447,0,0,0
"Serrasalmus_marginatus",0,0,0,0,0,0,0,0
"Serrasalmus_serrulatus",0,0,0,0,0,0,0,0
"Serrasalmus_irritans",0,0,0,0,0,0,0,0
"Serrasalmus_elongatus",0,0,0,0,0,0,0,0
"Pygocentrus_nattereri",0,0,0,0,0,0,0,0
"Serrasalmus_manueli",0,0,0,0,0,0,0,0
"Serrasalmus_brandtii",0,0,0,0,0,0,0,0
"Serrasalmus_maculatus",0,0,0,0,0,0,0,0
"Pygocentrus_piraya",0,0,0,0,0,0,0,0
"Serrasalmus_gouldingi",0,0,0,0,0,0,0,0
"Serrasalmus_eigenmanni",0,0,0,0,0,0,0,0
"Serrasalmus_medinai",0,0,0,0,0,0,0,0
"Pygocentrus_cariba",0,0,0,0,0,0,0,0
"Serrasalmus_spilopleura",0,0,0,0,0,0,0,0
"Catoprion_mento",0,0,0,0,0,0,0,0
"Pygopristis_denticulata",0,0,0,0,0,0,0,0
"Pristobrycon_striolatus",0,0,0,0,0,0,0,0
"Metynnis_polystictus",0,0,0,0,0,0,0,0
"Metynnis_otuquensis",22.2949163321267,40923597.0960859,0.0542926500653593,0.530970431031028,0.296134253572784,0,0,0
"Metynnis_orinocensis",29.2559155015164,72767400.5218682,0.0532370331853162,0.576742596149795,0.290981085050019,0,0,0
"Metynnis_maculatus",0,0,0,0,0,0,0,0
"Metynnis_luna",29.2981487826777,72477178.6776354,0.0532187892208275,0.577187233884915,0.291397718139134,0,0,0
"Metynnis_longipinnis",0,0,0,0,0,0,0,0
"Metynnis_guaporensis",33.9637916219968,98704655.1654048,0.0526457973132166,0.603731579406337,0.288809981765108,0,0,0
"Metynnis_fasciatus",16.8448153046776,22791533.9452005,0.055419422248099,0.487362758865229,0.300997912750871,0,0,0
"Metynnis_cuiaba",0,0,0,0,0,0,0,0
"Metynnis_argenteus",0,0,0,0,0,0,0,0
"Metynnis_altidorsalis",0,0,0,0,0,0,0,0
"Metynnis_lippincottianus",0,0,0,0,0,0,0,0
"Pristobrycon_calmoni",0,0,0,0,0,0,0,0
"Metynnis_mola",0,0,0,0,0,0,0,0
"Metynnis_hypsauchen",0,0,0,0,0,0,0,0
"Tometes_makue",0,0,0,0,0,0,0,0
"Myloplus_torquatus",25.06195109353,130881325.587614,0.050761434569957,0.467203835693349,0.272949563699955,0,0,0
"Myloplus_tiete",18.9590426198082,74323464.1469087,0.0518754157009745,0.437176290069616,0.283790889998874,0,0,0
"Myloplus_ternetzi",0,0,0,0,0,0,0,0
"Myloplus_schomburgkii",0,0,0,0,0,0,0,0
"Myloplus_lobatus",22.7922141444922,107882118.841675,0.0511329587742606,0.455914489702887,0.275932598298006,0,0,0
"Myloplus_levis",20.7883259124887,88705305.065983,0.0514856602996921,0.446531707496173,0.280307146536633,0,0,0
"Myloplus_asterias",21.1077111060923,91613061.3130486,0.051428485882569,0.44850698497895,0.279948146799514,0,0,0
"Myloplus_arnoldi",0,0,0,0,0,0,0,0
"Mylesinus_paraschomburgkii",26.0871165644898,148601121.779616,0.0479178489104429,0.468115619540913,0.258502578729127,0,0,0
"Myloplus_planquettei",0,0,0,0,0,0,0,0
"Mylesinus_schomburgkii",9.45696030551728,42980239.2848824,0.0230326044953359,0.212264854985653,0.124728300784325,0,0,0
"Tometes_lebaili",0,0,0,0,0,0,0,0
"Mylesinus_paucisquamatus",25.2537104551417,139941479.852713,0.0480453609809844,0.463535460614764,0.258716041042773,0,0,0
"Myleus_setiger",0,0,0,0,0,0,0,0
"Myloplus_rubripinnis",0,0,0,0,0,0,0,0
"Tometes_trilobatus",9.67159024898225,84556307.8976729,0.0149190933408058,0.163378144057232,0.0822300461106765,0,0,0
"Ossubtus_xinguense",0,0,0,0,0,0,0,0
"Myleus_micans",63.0471623828168,439612703.271445,0.099869440815144,1.07663907787,0.49795590947342,0,0,0
"Piaractus_mesopotamicus",0,0,0,0,0,0,0,0
"Piaractus_brachypomus",0,0,0,0,0,0,0,0
"Colossoma_macropomum",0,0,0,0,0,0,0,0
"Mylossoma_acanthogaster",0,0,0,0,0,0,0,0
"Mylossoma_aureum",0,0,0,0,0,0,0,0
"Mylossoma_duriventre",0,0,0,0,0,0,0,0
"Micromischodus_sugillatus",0,0,0,0,0,0,0,0.214511867427243
"Hemiodus_vorderwinkleri",0,0,0,0,0,0,0,0.217904619568568
"Hemiodus_unimaculatus",0,0,0,0,0,0,0,0.0687088674190489
"Hemiodus_tocantinensis",0,0,0,0,0,0,0,0.227868890761219
"Hemiodus_thayeria",0,0,0,0,0,0,0,0.552438229238801
"Hemiodus_ternetzi",0,0,0,0,0,0,0,0.189886929075797
"Hemiodus_sterni",0,0,0,0,0,0,0,0.665606447563555
"Hemiodus_semitaeniatus",0,0,0,0,0,0,0,0.162427929090463
"Hemiodus_quadrimaculatus",0,0,0,0,0,0,0,0.304473102074399
"Hemiodus_parnaguae",0,0,0,0,0,0,0,0.261459290776899
"Hemiodus_orthonops",0,0,0,0,0,0,0,0.0977683032385484
"Hemiodus_microlepis",0,0,0,0,0,0,0,0.128997121737322
"Hemiodus_jatuarana",36.6594743900135,29191555.2156258,0.437009195785932,0.694223163880985,0.357575544321564,0,0,0.19514404804666
"Hemiodus_huraulti",0,0,0,0,0,0,0,0.379288326960826
"Hemiodus_goeldii",0,0,0,0,0,0,0,0.229022286424912
"Hemiodus_atranalis",0,0,0,0,0,0,0,0.161974474800537
"Hemiodus_argenteus",0,0,0,0,0,0,0,0.125922637320862
"Hemiodus_amazonum",0,0,0,0,0,0,0,0.15811500131196
"Anodus_orinocensis",0,0,0,0,0,0,0,0.103377355694324
"Anodus_elongatus",0,0,0,0,0,0,0,0.0965314161245817
"Argonectes_robertsi",0,0,0,0,0,0,0,0.0945140533435512
"Argonectes_longiceps",0,0,0,0,0,0,0,0.113815076696135
"Hemiodus_immaculatus",0,0,0,0,0,0,0,0.12320615072309
"Hemiodus_gracilis",0,0,0,0,0,0,0,0.223103256831232
"Bivibranchia_simulata",0,0,0,0,0,0,0,0.302281441320036
"Bivibranchia_notata",0,0,0,0,0,0,0,0.783827622540984
"Bivibranchia_fowleri",0,0,0,0,0,0,0,0.240617602039624
"Bivibranchia_velox",0,0,0,0,0,0,0,0.30863862937941
"Bivibranchia_bimaculata",0,0,0,0,0,0,0,0.32317375852219
"Psectrogaster_falcata",20.1016146008297,39436412.4477458,0.0552687471468262,0.401607083188618,0.156649615152918,0,0,0
"Psectrogaster_essequibensis",0,0,0,0,0,0,0,0
"Psectrogaster_curviventris",0,0,0,0,0,0,0,0
"Psectrogaster_ciliata",0,0,0,0,0,0,0,0
"Psectrogaster_amazonica",0,0,0,0,0,0,0,0
"Psectrogaster_rutiloides",0,0,0,0,0,0,0,0
"Psectrogaster_rhomboides",0,0,0,0,0,0,0,0
"Hydrolycus_wallacei",0.0358283131545463,130485.98389322,6.96017602522043e-05,0.000890732396549499,0.00031084521883344,0,0,0.073395610505697
"Hydrolycus_tatauaia",0.0439847118360539,214867.807625418,6.87309528165456e-05,0.000946735869676408,0.000303162746035059,0,0,0.0482451685749546
"Hydrolycus_armatus",0.0582308788759221,424982.422051522,6.75526070861481e-05,0.00102830460189096,0.000292671094310038,0,0,0.0268365450255937
"Hydrolycus_scomberoides",0,0,0,0,0,0,0,0.0180582214969922
"Cynodon_septenarius",36.9123237416183,149907697.384364,0.0530643475254549,0.642473243396578,0.207897921053564,0,0,0.093963593061813
"Cynodon_gibbus",0,0,0,0,0,0,0,0.0913337775838856
"Cynodon_meionactis",0,0,0,0,0,0,0,0.13187407364479
"Rhaphiodon_vulpinus",0,0,0,0,0,0,0,0.023439829638927
"Saccodon_wagneri",31.9275438224253,9941951.37270597,0.105323247151239,0.692443439245809,0.311141001400563,0,0,0
"Saccodon_dariensis",40.9085248629304,16247965.3701603,0.103276695473655,0.735849786091548,0.301811682809643,0,0,0
"Saccodon_terminalis",20.1563696465297,3897686.05877145,0.1091275217837,0.617762378043445,0.329904049059877,0,0,0
"Parodon_suborbitalis",0,0,0,0,0,0,0,0
"Parodon_pongoensis",33.9273262027049,11335958.0498911,0.104893231865086,0.709591474455677,0.312292805137532,0,0,0
"Parodon_moreirai",36.1763328773383,12726207.9049078,0.104322928378831,0.721625855890335,0.31083407639823,0,0,0
"Parodon_magdalenensis",38.4061078490068,14320102.8266679,0.103831689980274,0.732996987691162,0.308982825716865,0,0,0
"Parodon_guyanensis",0,0,0,0,0,0,0,0
"Parodon_carrikeri",40.4622664403485,16258062.8417171,0.103487984564167,0.741944728857901,0.305633939803866,0,0,0
"Parodon_caliensis",38.1076357898163,14494839.5762482,0.103993647761169,0.730810408431693,0.307532692093116,0,0,0
"Parodon_buckleyi",41.1396093220103,16414585.2304034,0.103273894631292,0.746473444779024,0.3069290480219,0,0,0
"Parodon_bifasciatus",32.7954855759117,10615763.6843026,0.105177198601614,0.702921438575712,0.313049207605032,0,0,0
"Parodon_atratoensis",38.8962163192681,15199645.8337846,0.103847935013797,0.733965569725613,0.306142770277488,0,0,0
"Parodon_apolinari",34.5827464853985,11841261.4330752,0.104755614445203,0.712930053826321,0.311288626220295,0,0,0
"Parodon_alfonsoi",0,0,0,0,0,0,0,0
"Apareiodon_vladii",0,0,0,0,0,0,0,0
"Apareiodon_vittatus",17.5642665618542,11956347.684288,0.043160993440729,0.305869762785278,0.127912714412141,0,0,0
"Apareiodon_tigrinus",0,0,0,0,0,0,0,0
"Apareiodon_orinocensis",16.7922862811066,10833127.2736266,0.043300785868015,0.302648330433772,0.128885055234563,0,0,0
"Apareiodon_machrisi",0,0,0,0,0,0,0,0
"Apareiodon_itapicuruensis",13.5900556630488,7117594.38002315,0.0440300363954201,0.287161762481584,0.132182105779991,0,0,0
"Apareiodon_hasemani",16.2553657530927,10247963.4913881,0.0434261599228895,0.300280816715878,0.129245293631578,0,0,0
"Apareiodon_gransabana",14.0398344930449,7682726.79461283,0.0439346674989124,0.289364450465916,0.131354545446468,0,0,0
"Apareiodon_davisi",11.2751259577064,4941503.8187867,0.0446925706852551,0.274062386662445,0.134981715255788,0,0,0
"Apareiodon_cavalcante",0,0,0,0,0,0,0,0
"Apareiodon_argenteus",0,0,0,0,0,0,0,0
"Apareiodon_agmatos",13.1653697883232,6763046.81320088,0.044159164476348,0.284900553920345,0.132437700133353,0,0,0
"Apareiodon_affinis",0,0,0,0,0,0,0,0
"Apareiodon_piracicabae",0,0,0,0,0,0,0,0
"Apareiodon_ibitiensis",0,0,0,0,0,0,0,0
"Parodon_nasus",0,0,0,0,0,0,0,0
"Parodon_hilarii",0,0,0,0,0,0,0,0
"Caenotropus_schizodon",29.1969208819419,20937868.1384876,0.109609221349401,0.666336809587143,0.349746307485421,0,0,0.397618826978448
"Caenotropus_mestomorgmatos",40.1437308736562,45236448.2291345,0.107436159655691,0.725398228335713,0.332259096328666,0,0,0.175999352198798
"Caenotropus_labyrinthicus",0,0,0,0,0,0,0,0.084490464410979
"Caenotropus_maculosus",0,0,0,0,0,0,0,0.302047516818159
"Chilodus_zunevei",0,0,0,0,0,0,0,0.517140559482669
"Chilodus_gracilis",0,0,0,0,0,0,0,0.671701626332257
"Chilodus_punctatus",0,0,0,0,0,0,0,0.188569390506025
"Chilodus_fritillus",32.3111832860828,33234906.9126759,0.0996917467114895,0.688696568205254,0.313196099589065,0,0,0.557005079063551
"Tricuspidalestes_caeruleus",0,0,0,0,0,0,0,0
"Petersius_conserialis",0,0,0,0,0,0,0,0
"Lepidarchus_adonis",0,0,0,0,0,0,0,0
"Bryconalestes_longipinnis",0,0,0,0,0,0,0,0
"Brycinus_tholloni",0,0,0,0,0,0,0,0
"Brycinus_taeniurus",0,0,0,0,0,0,0,0
"Brycinus_sadleri",0,0,0,0,0,0,0,0
"Brycinus_rhodopleura",0,0,0,0,0,0,0,0
"Brycinus_peringueyi",46.2405770246667,39056459.3721079,0.163909610506668,0.713389280627848,0.291895026131513,0,0,0
"Brycinus_nigricauda",0,0,0,0,0,0,0,0
"Brycinus_minutus",0,0,0,0,0,0,0,0
"Brycinus_luteus",0,0,0,0,0,0,0,0
"Brycinus_leuciscus",0,0,0,0,0,0,0,0
"Brycinus_jacksonii",0,0,0,0,0,0,0,0
"Brycinus_intermedius",0,0,0,0,0,0,0,0
"Brycinus_humilis",0,0,0,0,0,0,0,0
"Brycinus_ferox",0,0,0,0,0,0,0,0
"Brycinus_derhami",0,0,0,0,0,0,0,0
"Brycinus_carmesinus",59.222250743756,65954332.7577564,0.160989426561678,0.767192880809024,0.286278448712345,0,0,0
"Brycinus_brevis",0,0,0,0,0,0,0,0
"Brycinus_batesii",68.867405328773,89777793.7754584,0.159176967800436,0.802761589154545,0.283761860702945,0,0,0
"Brycinus_abeli",28.472303474516,14230747.7013519,0.169885291926309,0.618069605156632,0.302048876469983,0,0,0
"Micralestes_vittatus",0,0,0,0,0,0,0,0
"Micralestes_sardina",0,0,0,0,0,0,0,0
"Micralestes_holargyreus",0,0,0,0,0,0,0,0
"Micralestes_fodori",18.1168856071581,6009648.56066322,0.153805412408886,0.526837788262167,0.359568563357935,0,0,0
"Micralestes_elongatus",0,0,0,0,0,0,0,0
"Micralestes_eburneensis",0,0,0,0,0,0,0,0
"Micralestes_congicus",28.3119650384835,15277994.2545945,0.148839377902505,0.601536517333199,0.348492379657823,0,0,0
"Micralestes_comoensis",0,0,0,0,0,0,0,0
"Micralestes_argyrotaenia",0,0,0,0,0,0,0,0
"Micralestes_ambiguus",22.8293202850939,9746013.52643096,0.15121597704521,0.564409477025858,0.353877731763449,0,0,0
"Bryconaethiops_yseuxi",0,0,0,0,0,0,0,0
"Bryconaethiops_quinquesquamae",0,0,0,0,0,0,0,0
"Hydrocynus_forskahlii",0,0,0,0,0,0,0,0
"Hydrocynus_vittatus",0,0,0,0,0,0,0,0
"Hydrocynus_brevis",0,0,0,0,0,0,0,0
"Hydrocynus_goliath",0,0,0,0,0,0,0,0
"Alestes_stuhlmannii",0,0,0,0,0,0,0,0
"Alestes_ansorgii",33.7718498758957,55719651.6189515,0.100958554204466,0.659592198375426,0.496102852939667,0,0,0
"Alestes_macrophthalmus",0,0,0,0,0,0,0,0
"Alestes_liebrechtsii",0,0,0,0,0,0,0,0
"Alestes_baremoze",0,0,0,0,0,0,0,0
"Alestes_dentex",0,0,0,0,0,0,0,0
"Micralestes_occidentalis",0,0,0,0,0,0,0,0
"Micralestes_lualabae",6.3081753144764,1709151.43130405,0.0311255826796071,0.11438157240818,0.0757841768679425,0,0,0
"Micralestes_humilis",0,0,0,0,0,0,0,0
"Micralestes_stormsi",0,0,0,0,0,0,0,0
"Micralestes_acutidens",0,0,0,0,0,0,0,0
"Ladigesia_roloffi",0,0,0,0,0,0,0,0
"Rhabdalestes_yokai",19.1002125902681,17840988.6652429,0.0617816030348843,0.341582974204713,0.180020896976248,0,0,0
"Rhabdalestes_tangensis",0,0,0,0,0,0,0,0
"Rhabdalestes_rhodesiensis",0,0,0,0,0,0,0,0
"Rhabdalestes_brevidorsalis",0,0,0,0,0,0,0,0
"Hemigrammopetersius_barnardi",0,0,0,0,0,0,0,0
"Hemigrammopetersius_pulcher",6.73652626185425,3815303.6500337,0.0359366775674858,0.163245753346009,0.101882691846929,0,0,0
"Rhabdalestes_maunensis",0,0,0,0,0,0,0,0
"Rhabdalestes_septentrionalis",0,0,0,0,0,0,0,0
"Brycinus_fwaensis",0.789840111079324,958026.37395503,0.0392597041362724,0.0917193227283117,0.0560108416880025,0,0,0
"Brycinus_comptus",0.946010816611402,1393035.48873877,0.0387380924113573,0.0967270210272374,0.0552984021935322,0,0,0
"Brycinus_lateralis",0,0,0,0,0,0,0,0
"Brycinus_bimaculatus",0,0,0,0,0,0,0,0
"Brycinus_opisthotaenia",0,0,0,0,0,0,0,0
"Brycinus_kingsleyae",0,0,0,0,0,0,0,0
"Brycinus_nurse",0,0,0,0,0,0,0,0
"Brycinus_carolinae",0,0,0,0,0,0,0,0
"Brycinus_imberi",0,0,0,0,0,0,0,0
"Brycinus_affinis",0,0,0,0,0,0,0,0
"Bryconaethiops_microstoma",0,0,0,0,0,0,0,0
"Bryconaethiops_boulengeri",0,0,0,0,0,0,0,0
"Phenacogrammus_urotaenia",0,0,0,0,0,0,0,0
"Phenacogrammus_major",0,0,0,0,0,0,0,0
"Phenacogrammus_deheyni",26.5667157012796,36652659.1726782,0.105476258877358,0.460577957549667,0.287352405400464,0,0,0
"Alestopetersius_smykalai",0,0,0,0,0,0,0,0
"Alestopetersius_nigropterus",6.61200464121504,21107568.2034962,0.0753602496296721,0.140264258701569,0.217124051888663,0,0,0
"Alestopetersius_leopoldianus",7.22137869255316,25335324.5730816,0.074869179448946,0.14399826767677,0.215868117456287,0,0,0
"Alestopetersius_compressus",7.47602820062571,27260586.1043123,0.0746816002026567,0.145531201424997,0.215403183503057,0,0,0
"Alestopetersius_brichardi",7.5377977782782,27679943.7821384,0.074631444614181,0.14589392221794,0.215355753093965,0,0,0
"Alestopetersius_caudalis",0,0,0,0,0,0,0,0
"Alestopetersius_tumbensis",7.48358641396783,14280885.2097459,0.0497681747709164,0.158959272735569,0.146607392184177,0,0,0
"Alestopetersius_bifasciatus",8.54589384315606,20738396.987075,0.057064955417257,0.167531526391233,0.167369666041833,0,0,0
"Alestopetersius_hilgendorfi",0,6479924.34465169,0.0747609803594603,0,0.192089778722335,0,0,0
"Bathyaethiops_greeni",9.84784396313935,13688809.2953764,0.0337475766931833,0.183495322055241,0.0972898437457162,0,0,0
"Bathyaethiops_breuseghemi",0,0,0,0,0,0,0,0
"Bathyaethiops_caudomaculatus",0,0,0,0,0,0,0,0
"Phenacogrammus_interruptus",0,0,0,0,0,0,0,0
"Bryconaethiops_macrops",0,0,0,0,0,0,0,0
"Clupeocharax_schoutedeni",0,0,0,0,0,0,0,0
"Micralestes_pabrensis",0,0,0,0,0,0,0,0
"Phenacogrammus_aurantiacus",0,0,0,0,0,0,0,0
"Phenacogrammus_polli",9.64573840700148,4202784.38522065,0.0790545787672098,0.291448556170961,0.216810667009209,0,0,0
"Brachypetersius_pseudonummifer",27.8293478081456,27527614.7559052,0.113277673587107,0.527730822844851,0.303018882747938,0,0,0
"Brachypetersius_cadwaladeri",18.560622167905,11828798.9759459,0.116710139941851,0.468004706858176,0.31173473123237,0,0,0
"Brachypetersius_altus",24.333182852396,20798705.6322502,0.114403410185438,0.507237743608403,0.305979466798543,0,0,0
"Nannopetersius_ansorgii",0,0,0,0,0,0,0,0
"Brachypetersius_huloti",1.25546338191662,1156623.19383654,0.00410197791398225,0.0237108442473866,0.012175344887657,0,0,0
"Nannopetersius_lamberti",0,0,0,0,0,0,0,0
"Nannopetersius_mutambuei",0,0,0,0,0,0,0,0
"Brachypetersius_notospilus",0,0,0,0,0,0,0,0
"Brycinus_macrolepidotus",0,0,0,0,0,0,0,0
"Brycinus_grandisquamis",0,0,0,0,0,0,0,0
"Brycinus_schoutedeni",53.6268601667501,60292587.4532071,0.145050750319662,0.738627833949979,0.259443219985563,0,0,0
"Brycinus_poptae",59.3887743300814,71317658.1587305,0.148873001883339,0.76952057757212,0.266632418960165,0,0,0
"Hepsetus_odoe",0,0,0,0,0,0,0,0
"Arnoldichthys_spilopterus",0,0,0,0,0,0,0,0
"Copella_vilmae",20.0180400377683,584883.947420701,0.454112046041001,0.42087894640319,0.31474841333942,0,0,3.18552524769109
"Copella_nigrofasciata",0,0,0,0,0,0,0,2.8073743754324
"Copella_metae",0,0,0,0,0,0,0,4.77978142206957
"Copella_meinkeni",0,0,0,0,0,0,0,3.11390644981622
"Copella_eigenmanni",17.0915895035283,398188.590412065,0.458530238928945,0.401402635653473,0.320715410088322,0,0,4.37236949784909
"Copella_compta",21.7242740405977,713626.197275186,0.451839795297571,0.431280788967645,0.311661232857845,0,0,2.69908891091516
"Copella_carsevennensis",0,0,0,0,0,0,0,2.9753705949733
"Copella_nattereri",0,0,0,0,0,0,0,3.18479958130361
"Copella_arnoldi",0,0,0,0,0,0,0,4.71009109790873
"Pyrrhulina_zigzag",13.1241206949992,163571.574321342,0.351756936175387,0.363407112784566,0.325304459583604,0,0,4.21789264338949
"Pyrrhulina_vittata",0,0,0,0,0,0,0,4.3961260081052
"Pyrrhulina_stoli",18.707353119052,386844.35536894,0.344135736529329,0.402602624257737,0.310360907782382,0,0,1.9436275786399
"Pyrrhulina_spilota",0,0,0,0,0,0,0,1.5822734137546
"Pyrrhulina_semifasciata",0,0,0,0,0,0,0,1.59119679698245
"Pyrrhulina_rachoviana",0,0,0,0,0,0,0,3.65546653681494
"Pyrrhulina_obermulleri",18.707353119052,386844.35536894,0.344135736529329,0.402602624257737,0.310360907782382,0,0,1.9436275786399
"Pyrrhulina_melanostomus",18.4046585021369,371778.103790932,0.344478123739971,0.400598473551697,0.310923326152901,0,0,2.0048321932047
"Pyrrhulina_maxima",22.5720212445147,610311.373113994,0.340161549348285,0.4249612682963,0.302640044728794,0,0,1.28457562742359
"Pyrrhulina_lugubris",16.5638733203906,287837.273334465,0.346728643536248,0.388583133792392,0.315299921895472,0,0,2.52405010815625
"Pyrrhulina_laeta",0,0,0,0,0,0,0,1.16606808449809
"Pyrrhulina_filamentosa",0,0,0,0,0,0,0,0.812044262717911
"Pyrrhulina_elongata",0,0,0,0,0,0,0,4.06674376022104
"Pyrrhulina_eleanorae",0,0,0,0,0,0,0,1.45041243697799
"Pyrrhulina_brevis",0,0,0,0,0,0,0,1.30725780357407
"Pyrrhulina_australis",0,0,0,0,0,0,0,2.59051992542588
"Pyrrhulina_beni",16.5638733203906,287837.273334465,0.346728643536248,0.388583133792392,0.315299921895472,0,0,2.52405010815625
"Skiotocharax_meizon",0,0,0,0,0,0,0,5.58787594573763
"Odontocharacidium_aphanes",0,0,0,0,0,0,0,11.7757710410488
"Microcharacidium_weitzmani",21.9200141594201,557802.169429153,0.184738116724202,0.511872075582004,0.443828129107252,0,0,18.83468432012
"Microcharacidium_gnomus",33.8300264370334,1603522.08790365,0.179897592688131,0.58337856243192,0.42188330133958,0,0,7.98403455395452
"Microcharacidium_eleotrioides",0,0,0,0,0,0,0,8.29133238792504
"Microcharacidium_geryi",36.0319944923484,1869382.98938256,0.179203998512673,0.594513294755531,0.418735361113303,0,0,7.03668111163898
"Melanocharacidium_rex",111.692869257801,15157937.5923655,0.27941326227015,1.04107398676055,0.53437102092116,0,0,0.967914442833747
"Melanocharacidium_pectorale",54.802892685575,2682290.43226701,0.291880689990038,0.841554968133713,0.582065847513318,0,0,4.07852826350824
"Melanocharacidium_nigrum",85.2079572279208,7847664.42944886,0.284089404057981,0.960251139328406,0.552066766530983,0,0,1.67397587076067
"Melanocharacidium_melanopteron",89.8505320192936,8929060.6942968,0.283168686348077,0.975722708456676,0.548652915530732,0,0,1.50716176103939
"Melanocharacidium_dispilomma",60.3984809989007,3398071.36331554,0.290148279289187,0.86649462348137,0.57542367878498,0,0,3.35994393073507
"Melanocharacidium_depressum",46.0609185257849,1757745.13063596,0.295008869361301,0.799067920396057,0.594431225606441,0,0,5.80565924981847
"Melanocharacidium_compressum",49.1474779708165,2058103.47889388,0.293837692038887,0.814684715456719,0.589800241685843,0,0,5.09047536334543
"Melanocharacidium_auroradiatum",62.7783485860766,3733073.94704903,0.289462425860941,0.876608612263655,0.572801235220298,0,0,3.11057703562552
"Melanocharacidium_blennioides",74.4233512300287,5647591.60831368,0.286462192098348,0.922585931555545,0.561413571707699,0,0,2.21594082925787
"Leptocharacidium_omospilus",87.6898712912949,8416166.70079599,0.283593295585908,0.968769944222741,0.550344746167557,0,0,1.58637928921909
"Klausewitzia_ritae",42.618086060325,1454975.93982776,0.296414318060575,0.780571677380679,0.599844139937175,0,0,6.76868661212147
"Geryichthys_sterbai",48.4425496693071,1986903.84392628,0.2940956524392,0.811040014736394,0.590698227845757,0,0,5.22654272839211
"Elachocharax_pulcher",0,0,0,0,0,0,0,7.67038336035349
"Elachocharax_mitopterus",24.6999216580445,754350.837289894,0.18373246872432,0.532424035300706,0.442515925720385,0,0,15.1666464408207
"Elachocharax_geryi",30.8694052357387,1297844.21420724,0.181243991395145,0.569490793417204,0.431199427735398,0,0,9.77743022832859
"Elachocharax_junki",35.4937319628376,1822824.69246116,0.179702776606664,0.593968809489057,0.424234501030797,0,0,7.4213224289408
"Ammocryptocharax_vintonae",75.4368120824378,11377843.5156137,0.17086490014854,0.738984863628122,0.376108486046209,0,0,1.07670533680102
"Ammocryptocharax_minutus",26.1127074056411,861578.981428778,0.182342167462134,0.537895050982357,0.426868752428533,0,0,9.08566183902936
"Ammocryptocharax_elegans",0,0,0,0,0,0,0,4.43686891398906
"Ammocryptocharax_lateralis",33.3899331375778,1566925.66092675,0.179617925281625,0.579117474021245,0.414656331829056,0,0,5.56528460643215
"Characidium_zebra",0,0,0,0,0,0,0,1.31738477915713
"Characidium_xavante",0,0,0,0,0,0,0,5.33942959198327
"Characidium_xanthopterum",43.5268832189464,2499440.84485582,0.115509331197281,0.498880767679261,0.312556464637191,0,0,2.55269627737654
"Characidium_vestigipinne",0,0,0,0,0,0,0,2.26453298864103
"Characidium_timbuiense",49.6269698951948,3438971.61992015,0.11458548428372,0.518935792072394,0.307760208711956,0,0,1.96587179660167
"Characidium_tenue",49.0120454596806,3335997.30379843,0.114672081069105,0.516911813409102,0.308149525371464,0,0,2.00984950383988
"Characidium_stigmosum",40.4123908897979,2086343.18993959,0.11603529240734,0.48784898314796,0.315283950606404,0,0,2.95694445375566
"Characidium_steindachneri",0,0,0,0,0,0,0,3.04950513452855
"Characidium_serrano",0,0,0,0,0,0,0,2.09804495889066
"Characidium_schubarti",226.911397662266,138514153.816192,0.104371288526028,0.814398657403783,0.255262516649893,0,0,0.085942061238743
"Characidium_schindleri",55.4387125655851,4501524.2498437,0.113808407959199,0.536231632289451,0.303576344689835,0,0,1.563745336081
"Characidium_sanctjohanni",43.0724219906411,2436693.89735127,0.115585161228084,0.497447503879883,0.313054325286252,0,0,2.6187867920989
"Characidium_roesseli",32.023829961134,1184770.96974694,0.117702817479555,0.455126729595366,0.32425326874803,0,0,4.73825968783356
"Characidium_rachovii",0,0,0,0,0,0,0,2.71586172312041
"Characidium_pteroides",29.8139206072195,995498.513789056,0.118217981439942,0.445354604900629,0.326907699443652,0,0,5.44351636931924
"Characidium_phoxocephalum",72.5592437474503,8662569.80762929,0.111945837873916,0.581121197782779,0.293913927625291,0,0,0.907559220759847
"Characidium_pellucidum",34.561353870253,1426335.62224877,0.117154941381924,0.465707295130527,0.321378094784722,0,0,4.07515018248611
"Characidium_orientale",49.6698863984628,3446180.11802373,0.114579291271217,0.519058768392531,0.307719870178715,0,0,1.96173772250902
"Characidium_oiticicai",55.9634360585619,4606324.44079205,0.113744091122995,0.537877149904885,0.303329708567363,0,0,1.54070645576347
"Characidium_occidentale",44.1973115332409,2594243.36783242,0.115401824317143,0.501225389069533,0.312031747934987,0,0,2.48013443949365
"Characidium_nupelia",0,0,0,0,0,0,0,4.45103848491765
"Characidium_marshi",41.4449425175424,2218729.72744755,0.115858144611481,0.491729993272897,0.314485042165972,0,0,2.8282673833239
"Characidium_longum",32.2808566228519,1207937.26621479,0.117643999321818,0.456125150548104,0.323860437288749,0,0,4.64690573731028
"Characidium_lauroi",58.1049385069915,5046943.33865564,0.113482696252119,0.543964023939526,0.301977396718608,0,0,1.42891849904333
"Characidium_lanei",54.46327809469,4311217.62918865,0.113932086534366,0.533370965556209,0.304206714878931,0,0,1.61962120079054
"Characidium_lagosantense",0,0,0,0,0,0,0,3.05981303640955
"Characidium_japuhybense",48.7098604853312,3286391.61833977,0.114716433683131,0.51603622852675,0.308438656419909,0,0,2.04035034521089
"Characidium_interruptum",47.039597652257,3018837.76650868,0.114961402523615,0.510621220542034,0.309684946101095,0,0,2.18483718511205
"Characidium_heirmostigmata",0,0,0,0,0,0,0,2.06817796610557
"Characidium_heinianum",45.2686520975314,2749759.85623543,0.115231955787702,0.50477790850458,0.311098248809636,0,0,2.35925666837955
"Characidium_hasemani",56.0042007008895,4614456.51456819,0.113738912606868,0.53798452044494,0.303296217471727,0,0,1.53797674089088
"Characidium_grajahuense",57.4340108352365,4900243.82351863,0.11354621421258,0.540404570902808,0.301204824836487,0,0,1.38866476990052
"Characidium_gomesi",0,0,0,0,0,0,0,1.58835302991133
"Characidium_etzeli",48.9689530995762,3328896.71921794,0.114678388076142,0.516787192732695,0.308190630513718,0,0,2.01415951586279
"Characidium_etheostoma",39.7556393462337,2005157.80886831,0.116154229527849,0.485662794447539,0.316068279737603,0,0,3.07731980475128
"Characidium_declivirostre",62.8444150218101,6107347.68317987,0.112938260222131,0.556840741544491,0.299134562861484,0,0,1.21889439216093
"Characidium_crandellii",54.0509577880921,4232579.8297995,0.113986236048596,0.532261037688359,0.304557479994847,0,0,1.64987499110929
"Characidium_chupa",64.1024901902125,6408962.94610727,0.112801001630074,0.560138915441293,0.298416893558002,0,0,1.17071307651392
"Characidium_caucanum",61.212976643472,5728160.02920176,0.113118868051774,0.552316240612273,0.299966161942931,0,0,1.27896773537719
"Characidium_borellii",0,0,0,0,0,0,0,1.55728338348258
"Characidium_bolivianum",47.3458920564001,3066675.01154288,0.114914758659741,0.511530480686609,0.309380304653362,0,0,2.150574772724
"Characidium_boehlkei",57.2989914282141,4878094.17423076,0.113579169143756,0.541625827022448,0.302432461373196,0,0,1.4665031679318
"Characidium_boavistae",0,0,0,0,0,0,0,2.16850292314634
"Characidium_bimaculatum",55.5203490853142,4517598.40633655,0.11379793736362,0.536447968571198,0.30350861353186,0,0,1.55815161074047
"Characidium_bahiense",28.5093671992911,892861.254010275,0.118542968259487,0.439458791608531,0.328686669987256,0,0,5.9627398732012
"Characidium_alipioi",0,0,0,0,0,0,0,1.65743835885226
"Characidium_purpuratum",0,0,0,0,0,0,0,2.13926907006168
"Characidium_fasciatum",0,0,0,0,0,0,0,1.34602503048428
"Characidium_laterale",30.969899827079,1314034.38698004,0.103735392253935,0.416825138757735,0.285750659251425,0,0,3.90638596506876
"Characidium_vidali",38.1568855965497,3418222.79290501,0.0569002211464722,0.34383416691167,0.176066843519878,0,0,1.59199458094527
"Characidium_pterostictum",0,0,0,0,0,0,0,1.00724380485024
"Crenuchus_spilurus",0,0,0,0,0,0,0,2.31807078508754
"Poecilocharax_weitzmani",0,0,0,0,0,0,0,5.27176798416476
"Poecilocharax_bovaliorum",19.9566687665943,580999.146299269,0.213448904167694,0.295559301909143,0.205888610016451,0,0,3.9098734298473
"Phago_loricatus",0,0,0,0,0,0,0,0.419590360197037
"Phago_boulengeri",62.8340961551522,22635094.0456556,0.16307530160868,1.03544387358064,0.517285517394376,0,0,0.504723693352524
"Phago_intermedius",60.5883175519279,20724925.4593179,0.163446835571594,1.02516488600603,0.520148359589786,0,0,0.551503141111534
"Paraphago_rostratus",97.5090627150189,48165273.1481617,0.227128599906521,1.51105461896875,0.725536839067738,0,0,0.765419157601032
"Paradistichodus_dimidiatus",0,0,0,0,0,0,0,1.40711776900095
"Nannaethiops_unitaeniatus",0,0,0,0,0,0,0,2.19596912476009
"Monostichodus_mesmaekersi",0,0,0,0,0,0,0,2.38042531725615
"Monostichodus_elongatus",0,0,0,0,0,0,0,0.902045630348328
"Monostichodus_lootensi",46.7611621297327,13178831.3381087,0.145299771373758,0.92110047786243,0.494929943747042,0,0,2.58390586753222
"Microstomatichthyoborus_bashforddeani",69.5117474854455,32255217.0748899,0.163019266296384,1.17257709079316,0.548112258971886,0,0,1.70151734797827
"Microstomatichthyoborus_katangae",0,0,0,0,0,0,0,2.69667727020301
"Mesoborus_crocodilus",161.613558645512,163713342.568606,0.220052849602843,1.73354445868608,0.671043629353956,0,0,0.219365923439991
"Ichthyborus_quadrilineatus",0,0,0,0,0,0,0,0.166565529850772
"Ichthyborus_ornatus",0,0,0,0,0,0,0,0.27832271524998
"Ichthyborus_besse",0,0,0,0,0,0,0,0
"Ichthyborus_monodi",0,0,0,0,0,0,0,0.165009009612986
"Eugnathichthys_eetveldii",95.0190726849227,64638095.3471727,0.159391258886919,1.20927572437451,0.495544974635637,0,0,0.231246867185065
"Eugnathichthys_macroterolepis",0,0,0,0,0,0,0,0.715390184330381
"Dundocharax_bidentatus",0,0,0,0,0,0,0,9.73996858224162
"Congocharax_olbrechtsi",46.3167804270516,7940712.03459412,0.237970669527712,1.23422188717028,0.814007801509047,0,0,4.82681648910759
"Belonophago_hutsebouti",0,1055843.18486627,0.166097477794894,0,0.41255653632103,0,0,1.35248869696203
"Belonophago_tinanti",0,0,0,0,0,0,0,0.820626699411264
"Distichodus_teugelsi",0,0,0,0,0,0,0,1.74739699012142
"Distichodus_rufigiensis",0,0,0,0,0,0,0,0.44677700457822
"Distichodus_petersii",0,0,0,0,0,0,0,0.0732632560066978
"Distichodus_nefasch",0,0,0,0,0,0,0,0.0472421729145504
"Distichodus_maculatus",0,0,0,0,0,0,0,0.176502351841847
"Distichodus_langi",0,0,0,0,0,0,0,0.101095911326781
"Distichodus_brevipinnis",0,0,0,0,0,0,0,0.0477254746318645
"Distichodus_altus",21.3624564684987,12320069.3666555,0.0630951750763686,0.488648847759112,0.216055681290567,0,0,0.54722962541134
"Distichodus_fasciolatus",0,0,0,0,0,0,0,0.0624193862812686
"Distichodus_schenga",0,0,0,0,0,0,0,0.0623264899362447
"Distichodus_mossambicus",0,0,0,0,0,0,0,0.0608630351897581
"Distichodus_lusosso",0,0,0,0,0,0,0,0.128688696981908
"Distichodus_sexfasciatus",0,0,0,0,0,0,0,0.0375786204010783
"Distichodus_atroventralis",0,0,0,0,0,0,0,0.105279875128565
"Distichodus_antonii",0,0,0,0,0,0,0,0.0731014810888471
"Distichodus_engycephalus",0,0,0,0,0,0,0,0.0863645919279898
"Distichodus_rostratus",0,0,0,0,0,0,0,0.0570672381220934
"Distichodus_noboli",0,0,0,0,0,0,0,0.377301159230733
"Distichodus_decemmaculatus",0,0,0,0,0,0,0,1.55959226740635
"Distichodus_affinis",0,0,0,0,0,0,0,0.346685379238078
"Distichodus_kolleri",0,0,0,0,0,0,0,0.264816976138797
"Distichodus_notospilus",0,0,0,0,0,0,0,0.35719603435243
"Distichodus_hypostomatus",0,0,0,0,0,0,0,0.266391128038313
"Nannocharax_wittei",0,0,0,0,0,0,0,3.31893494678321
"Nannocharax_uniocellatus",0,0,0,0,0,0,0,5.44093186165736
"Nannocharax_taenia",39.1535082023622,13724326.3175727,0.0917902331997835,0.600104376356485,0.290127364294369,0,0,1.92646465928256
"Nannocharax_rubrolabiatus",0,0,0,0,0,0,0,1.72478442407175
"Nannocharax_reidi",0,0,0,0,0,0,0,1.60674386608375
"Nannocharax_pteron",34.7541855565844,10278081.2276402,0.0924719741639726,0.580192083996614,0.295014167411178,0,0,2.52925789386751
"Nannocharax_parvus",0,0,0,0,0,0,0,2.12839674444696
"Nannocharax_ogoensis",28.270402308181,6227378.72212728,0.093663607026204,0.547078810567764,0.303556259519806,0,0,4.03247286029448
"Nannocharax_ocellicauda",0,0,0,0,0,0,0,3.94376862227819
"Nannocharax_occidentalis",0,0,0,0,0,0,0,1.8615460225561
"Nannocharax_niloticus",34.5017607297747,10098180.5812964,0.0925141322865306,0.579033886983348,0.295340459913858,0,0,2.57456037346699
"Nannocharax_multifasciatus",0,0,0,0,0,0,0,2.24051636619917
"Nannocharax_minutus",24.1811328354249,4262319.08448611,0.0945754679828921,0.523282546268997,0.310182302065605,0,0,5.73890645693437
"Nannocharax_maculicauda",0,0,0,0,0,0,0,4.90643656411887
"Nannocharax_macropterus",0,0,0,0,0,0,0,1.76723981406635
"Nannocharax_machadoi",0,0,0,0,0,0,0,3.13552490886099
"Nannocharax_luapulae",29.9136830918082,7142343.62031674,0.0933357982015616,0.555920121463478,0.301175900778584,0,0,3.54637910818371
"Nannocharax_lineostriatus",0,0,0,0,0,0,0,4.95336853194366
"Nannocharax_lineomaculatus",0,0,0,0,0,0,0,3.33979078324078
"Nannocharax_latifasciatus",0,0,0,0,0,0,0,2.37764341247482
"Nannocharax_intermedius",0,0,0,0,0,0,0,1.95348841273008
"Nannocharax_hollyi",26.9537406834041,5546704.27672334,0.0939408124566732,0.539678501854693,0.305546397527864,0,0,4.4877614792494
"Nannocharax_gracilis",28.6725974743335,6444165.84381221,0.093580912255279,0.549201381984602,0.302906690834715,0,0,3.89610332710881
"Nannocharax_fasciatus",0,0,0,0,0,0,0,1.59578744896915
"Nannocharax_brevis",0,0,0,0,0,0,0,3.62494053861763
"Nannocharax_ansorgii",0,0,0,0,0,0,0,3.61865679930346
"Nannocharax_angolensis",0,0,0,0,0,0,0,4.93890511837619
"Nannocharax_altus",0,0,0,0,0,0,0,2.50229054488948
"Nannocharax_schoutedeni",29.5601603729916,6939589.06527486,0.0934052019192478,0.554111399451793,0.301719335152445,0,0,3.65055656337835
"Nannocharax_elongatus",33.7543318455441,11546505.7214493,0.0799736387622266,0.519963433051269,0.249190373019105,0,0,1.52734650757178
"Nannocharax_procatopus",0,0,0,0,0,0,0,1.62615730300956
"Neolebias_unifasciatus",0,0,0,0,0,0,0,3.01553893510939
"Neolebias_trewavasae",0,0,0,0,0,0,0,2.83225883945237
"Neolebias_spilotaenia",0,0,0,0,0,0,0,5.56768671338668
"Neolebias_philippei",0,0,0,0,0,0,0,5.0759957201207
"Neolebias_lozii",0,0,0,0,0,0,0,10.5399220277802
"Neolebias_kerguennae",0,0,0,0,0,0,0,5.63585420655533
"Neolebias_gracilis",0,0,0,0,0,0,0,3.33981141768487
"Neolebias_axelrodi",0,0,0,0,0,0,0,9.94720075704463
"Neolebias_trilineatus",0,0,0,0,0,0,0,4.0311544374941
"Neolebias_powelli",0,0,0,0,0,0,0,11.4901959461424
"Neolebias_ansorgii",0,0,0,0,0,0,0,5.71651010559408
"Xenocharax_spilurus",0,0,0,0,0,0,0,0.256438985508544
"Citharinops_distichodoides",0,0,0,0,0,0,0,0
"Citharidium_ansorgii",0,0,0,0,0,0,0,0
"Citharinus_macrolepis",39.8320383103966,13766668299.7817,0.0924229727201634,1.08370665315441,0.366375666306738,0,0,0
"Citharinus_latus",0,0,0,0,0,0,0,0
"Citharinus_eburneensis",0,0,0,0,0,0,0,0
"Citharinus_gibbosus",0,0,0,0,0,0,0,0
"Citharinus_congicus",0,0,0,0,0,0,0,0
"Citharinus_citharus",0,0,0,0,0,0,0,0
"Japigny_kirschbaum",187.68309733846,110308879.720793,0.420858504368399,4.44663166995999,1.25405482470657,0,0,0.343133725812753
"Distocyclus_conirostris",0,0,0,0,0,0,0,0.0936386208671998
"Stegostenopos_cryptogenes",111.628092518996,70154123.8241438,0.338412240222245,3.55675986418145,1.06016695716199,0,0,1.05096521682877
"Steatogenys_ocellatus",0,0,0,0,0,0,0,0.126832046363365
"Steatogenys_duidae",0,0,0,0,0,0,0,0.335855787475356
"Steatogenys_elegans",0,0,0,0,0,0,0,0.203653059425776
"Racenisia_fimbriipinna",124.554105715885,91498954.336502,0.336110718472441,3.66719313655031,1.04342081210484,0,0,0.812199326547228
"Hypopygus_ortegai",0,0,0,0,0,0,0,0.829231561787097
"Hypopygus_nijsseni",0,0,0,0,0,0,0,1.07232369467242
"Hypopygus_neblinae",135.226390023333,300946292.687425,0.166926852674667,2.62021483032882,0.518106948985233,0,0,0.771606433872743
"Hypopygus_minissimus",0,0,0,0,0,0,0,2.05075565017087
"Hypopygus_lepturus",0,0,0,0,0,0,0,1.01446143775906
"Hypopygus_hoedemani",0,0,0,0,0,0,0,2.20656909966431
"Hypopygus_isbruckeri",0,0,0,0,0,0,0,1.17795195684879
"Brachyhypopomus_occidentalis",160.121455551324,168252110.784082,0.330899271956409,3.93495328505144,1.00650046879292,0,0,0.452677281617161
"Brachyhypopomus_jureiae",159.956603867413,167832806.89298,0.330920584856521,3.93384236361991,1.0066576977965,0,0,0.453814286466037
"Brachyhypopomus_janeiroensis",166.090058711086,183849359.22536,0.330142933604121,3.97462758542587,1.00093016903386,0,0,0.414076888996856
"Brachyhypopomus_draco",0,0,0,0,0,0,0,0.437470736049362
"Brachyhypopomus_diazae",0,0,0,0,0,0,0,0.439393510391373
"Brachyhypopomus_bullocki",0,0,0,0,0,0,0,0.309204851767965
"Brachyhypopomus_bombilla",147.710808300189,138354353.671254,0.332563883140883,3.84682148582278,1.01819027411805,0,0,0.546003302877283
"Brachyhypopomus_bennetti",0,0,0,0,0,0,0,0.289409739331527
"Brachyhypopomus_beebei",0,0,0,0,0,0,0,0.132520064283848
"Tembeassu_marauna",157.433150348132,197441115.58964,0.323915184562164,3.63487492660337,0.936692830500021,0,0,0.380628186623767
"Sternarchorhynchus_yepezi",95.1936196634317,154997574.100263,0.163312037440998,1.96894327572068,0.496056080928563,0,0,0.222340769457698
"Sternarchorhynchus_villasboasi",60.047960094482,50672226.9060536,0.168047117681956,1.72728562243163,0.528809378900341,0,0,0.631635437860124
"Sternarchorhynchus_taphorni",101.493873941935,181064612.393313,0.162663017078567,2.00485513124174,0.491577778101439,0,0,0.191843437084891
"Sternarchorhynchus_stewarti",83.613618425373,113136200.555886,0.16462946776196,1.89725743554746,0.504919205291937,0,0,0.297174381107751
"Sternarchorhynchus_starksi",114.275024549667,241430000.083322,0.161469172322938,2.07320536426553,0.483439709278634,0,0,0.14617799029763
"Sternarchorhynchus_severii",69.04291354868,71103400.3336276,0.166599639751552,1.79746076415282,0.518768114606003,0,0,0.461566315229158
"Sternarchorhynchus_schwassmanni",54.187884575331,39496401.5390055,0.169120815589328,1.677583168369,0.536388455227541,0,0,0.796918546164314
"Sternarchorhynchus_roseni",0,0,0,0,0,0,0,0.120108618260272
"Sternarchorhynchus_retzeri",115.736290024701,248976582.984572,0.16134093982281,2.08043892594948,0.482509122241789,0,0,0.141723921531895
"Sternarchorhynchus_oxyrhynchus",132.238709642836,344073814.686332,0.16001370759638,2.16111135201547,0.473764927250435,0,0,0.105064477546163
"Sternarchorhynchus_mormyrus",144.154606191054,424136328.045145,0.159156724930878,2.21393543681425,0.467905185027346,0,0,0.0858709315246876
"Sternarchorhynchus_montanus",90.3595647198368,136586622.773607,0.163840968605508,1.94002660988204,0.499666446891164,0,0,0.250276699018505
"Sternarchorhynchus_mesensis",0,0,0,0,0,0,0,0.260832208374623
"Sternarchorhynchus_mendesi",74.766211489615,86250599.7894606,0.165776345812715,1.83808142021962,0.512879936106749,0,0,0.38351405628897
"Sternarchorhynchus_marreroi",94.7848254253571,153390126.602487,0.163355988866853,1.96662189845903,0.496379913735534,0,0,0.2246833218665
"Sternarchorhynchus_mareikeae",74.766211489615,86250599.7894606,0.165776345812715,1.83808142021962,0.512879936106749,0,0,0.38351405628897
"Sternarchorhynchus_kokraimoro",76.1592307513448,90213829.8778972,0.165589314886225,1.84835895941125,0.511783446199611,0,0,0.369846841789451
"Sternarchorhynchus_jaimei",76.8533978043651,92218610.516364,0.165495397920444,1.85296188304821,0.511079767448026,0,0,0.36176401215661
"Sternarchorhynchus_inpai",82.0697023851127,108142012.060012,0.164821428910618,1.88758930793716,0.506348232307107,0,0,0.310973565216261
"Sternarchorhynchus_higuchii",87.5495417688874,126497796.030477,0.164160798066808,1.92231624980402,0.501738111254098,0,0,0.267980418332141
"Sternarchorhynchus_hagedornae",88.1889630380218,128747425.623803,0.164086120879164,1.92615462733461,0.501184752479845,0,0,0.263273097775796
"Sternarchorhynchus_goeldii",100.705622755921,177676965.460646,0.162742335978551,2.00057484019324,0.492159322675368,0,0,0.195520953877931
"Sternarchorhynchus_gnomus",0,0,0,0,0,0,0,0.535400486172751
"Sternarchorhynchus_galibi",76.8533978043651,92218610.516364,0.165495397920444,1.85296188304821,0.511079767448026,0,0,0.36176401215661
"Sternarchorhynchus_freemani",77.0838619635896,92889926.6538947,0.16546441656123,1.85448338408513,0.510847762469207,0,0,0.359135596238923
"Sternarchorhynchus_curvirostris",120.403519817777,274055215.381854,0.160946595023617,2.10416619719208,0.479933779068064,0,0,0.129808855330376
"Sternarchorhynchus_curumim",72.1643835606213,79158929.6743556,0.166143890816212,1.82032164622344,0.51564204956752,0,0,0.418064191042292
"Sternarchorhynchus_cramptoni",105.881490588313,200653246.89609,0.16223718593877,2.02927649186809,0.488749287039548,0,0,0.174534787311982
"Sternarchorhynchus_chaoi",67.6030779229895,67550455.7688504,0.166815053816338,1.78617997208094,0.520083612347457,0,0,0.481654397489945
"Sternarchorhynchus_caboclo",82.9542837845103,110987215.755523,0.164710980812282,1.89314461733167,0.505525727474528,0,0,0.302959506797609
"Sternarchorhynchus_axelrodi",0,0,0,0,0,0,0,0.070825944550749
"Sternarchorhynchus_britskii",0,0,0,0,0,0,0,0.243378175418296
"Sternarchella_sima",0,0,0,0,0,0,0,0.129511144054179
"Sternarchella_schotti",133.183483037331,271933096.35089,0.188912750867681,2.34456434769114,0.54489374629725,0,0,0.133542079708915
"Sternarchella_raptor",85.5163591431848,92828229.6750062,0.194179955702608,2.06801860359595,0.579733940122798,0,0,0.366832907978566
"Sternarchella_duccis",92.5831296973086,112538283.296542,0.193223218889207,2.11460860041854,0.573172201689129,0,0,0.304961299168109
"Sternarchella_orthos",0,0,0,0,0,0,0,0.198850476129544
"Porotergus_gymnotus",291.239135201828,1493073457.00764,0.208776829417515,3.20400834426379,0.570251943931091,0,0,0.0452724549111784
"Porotergus_duende",0,0,0,0,0,0,0,0.40630485902328
"Porotergus_gimbeli",130.813411178349,214209265.304597,0.21941498019471,2.55484305080026,0.638090087939161,0,0,0.282569162388934
"Platyurosternarchus_crypticus",210.26504107392,398472537.154969,0.318155348343813,3.94703948283671,0.900004860937718,0,0,0.198092876342124
"Platyurosternarchus_macrostoma",248.183061569618,595782144.696932,0.314897635564489,4.13682376720601,0.879359936182966,0,0,0.135696951106577
"Pariosternarchus_amazonensis",152.264979043092,182105208.864916,0.324591918038284,3.60176863974323,0.941445988934595,0,0,0.412861276652706
"Megadontognathus_cuyuniensis",0,0,0,0,0,0,0,0.279313911835027
"Megadontognathus_kaitukaensis",93.8636018529486,92435397.6650502,0.224096997673143,2.31937941748381,0.658679751140786,0,0,0.507261931682736
"Electrophorus_electricus",0,0,0,0,0,0,0,0
"Gymnotus_tiquie",108.189648842307,494446028.805678,0.448583595548476,2.38870856712195,0.418385386333978,0,0,0
"Gymnotus_sylvius",179.649445026884,1415566448.5087,0.432072541567676,2.78213183507939,0.40527489291349,0,0,0
"Gymnotus_paraguensis",0,0,0,0,0,0,0,0
"Gymnotus_onca",0,0,0,0,0,0,0,0
"Gymnotus_omarorum",121.911952534272,623469627.718361,0.444401900651701,2.47786238291192,0.416681576046858,0,0,0
"Gymnotus_melanopleura",0,0,0,0,0,0,0,0
"Gymnotus_maculosus",124.002197777337,650481167.079925,0.443948197345177,2.48928278322669,0.415496106055122,0,0,0
"Gymnotus_henni",146.842518480089,940824386.496158,0.438704402978971,2.61667858666328,0.409450736557555,0,0,0
"Gymnotus_esmeraldas",128.18044982725,700456517.543819,0.442943759238787,2.51408077241529,0.414269175102688,0,0,0
"Gymnotus_diamantinensis",69.975654665233,197758902.771929,0.463072869074097,2.09622420430586,0.431043235246687,0,0,0
"Gymnotus_choco",114.34978564121,548467620.639127,0.446582407097464,2.43020599508295,0.4179684522541,0,0,0
"Gymnotus_chaviro",0,0,0,0,0,0,0,0
"Gymnotus_bahianus",118.736318839384,593282173.799661,0.445342626235949,2.45696801077797,0.416748167179097,0,0,0
"Gymnotus_ardilai",124.002197777337,650481167.079925,0.443948197345177,2.48928278322669,0.415496106055122,0,0,0
"Gymnotus_anguillaris",0,0,0,0,0,0,0,0
"Gymnotus_carapo",0,0,0,0,0,0,0,0
"Gymnotus_ucamara",0,0,0,0,0,0,0,0
"Gymnotus_arapaima",0,0,0,0,0,0,0,0
"Gymnotus_mamiraua",0,0,0,0,0,0,0,0
"Gymnotus_inaequilabiatus",0,0,0,0,0,0,0,0
"Gymnotus_curupira",0,0,0,0,0,0,0,0
"Gymnotus_tigre",0,0,0,0,0,0,0,0
"Gymnotus_obscurus",21.6362838313142,89544928.4749607,0.105568079125977,0.485941447080144,0.0903500701975503,0,0,0
"Gymnotus_varzea",0,0,0,0,0,0,0,0
"Gymnotus_pantanal",0,0,0,0,0,0,0,0
"Gymnotus_cylindricus",0,0,0,0,0,0,0,0
"Gymnotus_cataniapo",109.677003424096,606571598.520326,0.383876135110161,2.06924141214904,0.344772861550164,0,0,0
"Gymnotus_pedanopterus",101.656922790428,513537959.910199,0.38592313082959,2.02380152293411,0.347188757590599,0,0,0
"Gymnotus_pantherinus",0,0,0,0,0,0,0,0
"Gymnotus_coatesi",0,0,0,0,0,0,0,0
"Gymnotus_javari",8.87685609761934,38888939.2869909,0.0434105080540517,0.20211315298555,0.0382860382738508,0,0,0
"Gymnotus_coropinae",0,0,0,0,0,0,0,0
"Gymnotus_stenoleucus",24.0087666316373,73078119.6968668,0.157223287188997,0.653381520248582,0.136743120649238,0,0,0
"Gymnotus_jonasi",0,0,0,0,0,0,0,0
"Iracema_caiana",108.222606276867,172322797.906723,0.186079557080188,2.38602956289742,0.521142244302148,0,0,0.135675663604046
"Rhamphichthys_rostratus",0,0,0,0,0,0,0,0.029853563244623
"Rhamphichthys_longior",0,0,0,0,0,0,0,0.0299230938867531
"Rhamphichthys_lineatus",42.1969948054256,49642511.3258424,0.0810491184248659,1.03975064715226,0.240967530413558,0,0,0.0725438686173007
"Rhamphichthys_hahni",27.2226540088486,17150990.7441225,0.0832902050259961,0.919615736627407,0.256661608637507,0,0,0.201805474698373
"Rhamphichthys_drepanium",0,0,0,0,0,0,0,0.0697819436869075
"Rhamphichthys_atlanticus",0,0,0,0,0,0,0,0.0389982348185862
"Rhamphichthys_marmoratus",0,0,0,0,0,0,0,0.0550433673117761
"Rhamphichthys_apurensis",48.0003770693677,67857903.4509595,0.0804028448275696,1.07825726753161,0.236619718142498,0,0,0.0539415056089231
"Gymnorhamphichthys_rosamariae",60.5236528587574,77208205.7257463,0.115859114504889,1.50093997131252,0.344167537608463,0,0,0.32943389235307
"Gymnorhamphichthys_rondoni",51.5571561191045,52346092.6579593,0.11702344190818,1.43562935290115,0.352397191063119,0,0,0.482444966602278
"Gymnorhamphichthys_hypostomus",64.398536819488,89751608.5370347,0.115413463962775,1.52750545128133,0.341176634923813,0,0,0.285778810162253
"Gymnorhamphichthys_britskii",65.2222081145835,92557703.6678316,0.115321786111806,1.53283625024938,0.340519743848689,0,0,0.277069115693759
"Gymnorhamphichthys_petiti",0,0,0,0,0,0,0,0.325584234610463
"Gymnorhamphichthys_bogardusae",60.5236528587574,77208205.7257463,0.115859114504889,1.50093997131252,0.344167537608463,0,0,0.32943389235307
"Brachyhypopomus_gauderio",0,0,0,0,0,0,0,0.354996334319948
"Sternarchogiton_zuanoni",0,0,0,0,0,0,0,0.413092066862416
"Sternarchogiton_porcinum",62.6025306739758,143471124.879159,0.0894938143109409,1.09117323046508,0.272030104190223,0,0,0.195881001866002
"Sternarchogiton_preto",0,0,0,0,0,0,0,0.22861639625211
"Compsaraia_samueli",0,0,0,0,0,0,0,0.218667981295832
"Compsaraia_compsa",0,0,0,0,0,0,0,0.161670327459932
"Adontosternarchus_sachsi",34.1764330409842,87219184.5058804,0.0444569782380788,0.567107103354149,0.129854645537529,0,0,0.177553280226787
"Adontosternarchus_nebulosus",0,0,0,0,0,0,0,0.310715519339229
"Adontosternarchus_devenanzii",24.1441714119227,37540645.1099126,0.0454266187589971,0.514000306257346,0.13634455279784,0,0,0.393040790640289
"Adontosternarchus_clarkae",0,0,0,0,0,0,0,0.394418774022864
"Adontosternarchus_balaenops",29.096712320831,59028456.6442699,0.0449031467996386,0.541807878086557,0.132802490136503,0,0,0.256069976561323
"Sternarchogiton_labiatus",12.379026374522,19173738.7752281,0.0226312949106348,0.249482418845063,0.0712192842706476,0,0,0.314990999153264
"Sternarchogiton_nattereri",0,0,0,0,0,0,0,0.25062290501445
"Apteronotus_spurrellii",51.7951116740027,62226006.7966048,0.119419928153728,0.991608802240126,0.358781782861198,0,0,0.233466215494247
"Apteronotus_rostratus",52.0251061177032,62897456.180738,0.119386849486704,0.99281385983474,0.358540810153519,0,0,0.230960622827303
"Apteronotus_milesi",45.6527685196108,45813518.9047923,0.120360149911097,0.956903917536935,0.365237564133865,0,0,0.312076186577531
"Apteronotus_mariae",59.2830267136975,86355737.0207663,0.11842482337059,1.03056816439255,0.352195440327875,0,0,0.172399782471423
"Apteronotus_magoi",58.4334253355337,83371289.0556678,0.118528801146392,1.02597880894833,0.352738836778183,0,0,0.177054378975235
"Apteronotus_magdalenensis",0,0,0,0,0,0,0,0.0228497936969882
"Apteronotus_macrostomus",50.6347708680032,58902791.6990521,0.119589228236701,0.985469239440527,0.360016596381561,0,0,0.246710536039929
"Apteronotus_macrolepis",39.9964497223453,33232825.7411862,0.121350481487258,0.921403110028332,0.371901378941714,0,0,0.419628624877165
"Apteronotus_jurubidae",49.6627424010836,56189398.6889159,0.119731242244834,0.97974628299316,0.360840609852787,0,0,0.256423527380507
"Apteronotus_galvisi",41.4154112090826,36168795.2815927,0.121089332381772,0.930731848144086,0.370185153902681,0,0,0.388838652785182
"Apteronotus_eschmeyeri",0,0,0,0,0,0,0,0.135284218875753
"Apteronotus_ellisi",58.5621436147139,83816861.1925148,0.118512494665943,1.02659783355981,0.352621157755738,0,0,0.176108129188041
"Apteronotus_curvioperculata",49.6627424010836,56189398.6889159,0.119731242244834,0.97974628299316,0.360840609852787,0,0,0.256423527380507
"Apteronotus_cuchillo",0,0,0,0,0,0,0,0.135076087734929
"Apteronotus_cuchillejo",0,0,0,0,0,0,0,0.40296136459586
"Apteronotus_caudimaculosus",0,0,0,0,0,0,0,0.215069333214537
"Apteronotus_camposdapazi",58.4334253355337,83371289.0556678,0.118528801146392,1.02597880894833,0.352738836778183,0,0,0.177054378975235
"Apteronotus_brasiliensis",54.2273600620675,69556623.6084659,0.119080752182996,1.0046728582225,0.356525843091421,0,0,0.210575561694152
"Apteronotus_bonapartii",72.9407121824923,142779577.113657,0.116908255218699,1.0924810298929,0.341954444150692,0,0,0.106729486086291
"Apteronotus_apurensis",56.3914984161733,76488521.3737143,0.118792708793125,1.01602383256735,0.35464658964603,0,0,0.193075533178575
"Apteronotus_acidops",0,0,0,0,0,0,0,0.180705875340173
"Sternarchorhamphus_muelleri",0,0,0,0,0,0,0,0.106771451485375
"Orthosternarchus_tamandua",0,0,0,0,0,0,0,0.111572137774947
"Parapteronotus_hasemani",0,0,0,0,0,0,0,0.139785928952276
"Apteronotus_albifrons",0,0,0,0,0,0,0,0.0894460076760868
"Apteronotus_leptorhynchus",0,0,0,0,0,0,0,0.235365909991847
"Brachyhypopomus_pinnicaudatus",0,0,0,0,0,0,0,0.400924094956085
"Brachyhypopomus_brevirostris",0,0,0,0,0,0,0,0.158010485808243
"Microsternarchus_bilineatus",0,0,0,0,0,0,0,0.780182513092766
"Hypopomus_artedi",0,0,0,0,0,0,0,0.0692077155622022
"Sternopygus_xingu",114.055687778379,30785031.7200519,0.191168807872885,2.56352404584842,0.595547682871154,0,0,0.0857587790643065
"Sternopygus_pejeraton",110.418081108416,28454250.0001662,0.191551616570025,2.53949703001868,0.598075279568143,0,0,0.0919763531144074
"Sternopygus_obtusirostris",0,0,0,0,0,0,0,0.0766372567265841
"Sternopygus_castroi",62.1447426245309,7064121.99991847,0.19854036699969,2.16464502500298,0.650759157569029,0,0,0.359720933056685
"Sternopygus_branco",0,0,0,0,0,0,0,0.0848786087998731
"Sternopygus_astrabes",69.1613586327594,9155758.08523464,0.197222025719341,2.23026221589896,0.640728822548068,0,0,0.279740627696676
"Sternopygus_arenatus",118.561554963087,33814336.7795134,0.190706238247214,2.59089589164237,0.592058856274421,0,0,0.0780367396232646
"Sternopygus_macrurus",0,0,0,0,0,0,0,0.0190519720024935
"Sternopygus_aequilabiatus",0,0,0,0,0,0,0,0.032934251469702
"Eigenmannia_vicentespelaea",0,0,0,0,0,0,0,0.33027937953879
"Eigenmannia_nigra",53.8184202564273,2265238.94079391,0.104011830013827,1.19143592611758,0.300259140678752,0,0,0.0988855072123281
"Eigenmannia_microstomus",51.2804787682345,2015093.3860528,0.104326461281751,1.17576358218376,0.302466652089308,0,0,0.111230408470046
"Eigenmannia_macrops",36.3930184975361,877483.247123613,0.106579200042693,1.068555585559,0.317958530679837,0,0,0.24957610628103
"Eigenmannia_limbata",54.4270307511214,2327792.13093437,0.103938722897078,1.19511418365098,0.299747567690597,0,0,0.096214192394295
"Eigenmannia_goajira",55.164789994271,2404964.40901933,0.103851258180917,1.19953316032991,0.299136199676031,0,0,0.0931105421024466
"Eigenmannia_trilineata",0,0,0,0,0,0,0,0.249079129538633
"Eigenmannia_virescens",0,0,0,0,0,0,0,0.0728941106251814
"Eigenmannia_humboldtii",0,0,0,0,0,0,0,0.0700694385161569
"Archolaemus_blax",0,0,0,0,0,0,0,0.117703742445329
"Rhabdolichops_zareti",44.5472758425166,9296960.0851301,0.0883066412359567,1.14210862554317,0.272887577413252,0,0,0.311960230278009
"Rhabdolichops_troscheli",72.1910014747463,29969894.3451402,0.0856920365706427,1.30715552323433,0.25448234121628,0,0,0.100646511697431
"Rhabdolichops_stewarti",42.2397350409284,8171288.44026818,0.0885984882299948,1.12497680391714,0.274909934015623,0,0,0.351932353349954
"Rhabdolichops_nigrimans",66.633644078021,24678555.0091212,0.0861200940012286,1.2780937803334,0.257419567488443,0,0,0.121251628535673
"Rhabdolichops_navalha",0,0,0,0,0,0,0,0.385570440475835
"Rhabdolichops_lundbergi",0,0,0,0,0,0,0,0.284159031973606
"Rhabdolichops_jegui",0,0,0,0,0,0,0,0.185854528816268
"Rhabdolichops_electrogrammus",52.4189062117808,13794597.5461216,0.0874173298587579,1.19547284889762,0.266598340810269,0,0,0.213676654180921
"Rhabdolichops_eastwardi",0,0,0,0,0,0,0,0.230272460530834
"Rhabdolichops_caviceps",0,0,0,0,0,0,0,0.187500017713051
"Phractolaemus_ansorgii",0,0,0,0,0,0,0,0.276903503610402
"Kneria_wittei",0,0,0,0,0,0,0,1.04839919954093
"Kneria_uluguru",0,0,0,0,0,0,0,2.94319659378402
"Kneria_stappersii",0,0,0,0,0,0,0,2.63285642186457
"Kneria_sjolandersi",0,0,0,0,0,0,0,2.08225511190457
"Kneria_rukwaensis",0,0,0,0,0,0,0,1.77003981735108
"Kneria_ruaha",0,0,0,0,0,0,0,0.0616016891162899
"Kneria_polli",0,0,0,0,0,0,0,1.44773415102611
"Kneria_paucisquamata",0,0,0,0,0,0,0,2.64878667594111
"Kneria_maydelli",0,0,0,0,0,0,0,2.04222965217767
"Kneria_katangae",0,0,0,0,0,0,0,2.6621868400324
"Kneria_auriculata",0,0,0,0,0,0,0,1.38250790766326
"Kneria_angolensis",0,0,0,0,0,0,0,1.32394431996831
"Kneria_ansorgii",0,0,0,0,0,0,0,0.801671178485788
"Grasseichthys_gabonensis",0,0,0,0,0,0,0,10.1627217728428
"Cromeria_nilotica",0,0,0,0,0,0,0,5.77297295597536
"Parakneria_vilhenae",0,0,0,0,0,0,0,2.04929840014939
"Parakneria_thysi",0,0,0,0,0,0,0,3.21506783252775
"Parakneria_tanzaniae",0,0,0,0,0,0,0,1.62511576496273
"Parakneria_spekii",0,0,0,0,0,0,0,1.80438628175487
"Parakneria_mossambica",0,0,0,0,0,0,0,1.78631788926274
"Parakneria_marmorata",0,0,0,0,0,0,0,0.616935167612279
"Parakneria_malaissei",0,0,0,0,0,0,0,1.20968364663255
"Parakneria_lufirae",0,0,0,0,0,0,0,1.47817794584216
"Parakneria_ladigesi",0,0,0,0,0,0,0,1.61164853885056
"Parakneria_kissi",0,0,0,0,0,0,0,0.876224030455697
"Parakneria_fortuita",0,0,0,0,0,0,0,1.92090351271017
"Parakneria_damasi",0,0,0,0,0,0,0,1.94872968986036
"Parakneria_cameronensis",0,0,0,0,0,0,0,0.942381396315881
"Parakneria_abbreviata",0,0,0,0,0,0,0,1.35043294030601
"Chanos_chanos",0,0,0,0,0,0,0,0.0162594076255141
"Gonorynchus_greyi",0,0,0,0,0,0,0,0.101154342144505
"Thrattidion_noctivagus",0,0,0,0,0,0,0,0
"Sundasalanx_praecox",0,0,0,0,0,0,0,0
"Sundasalanx_platyrhynchus",44.7312460949716,325960639.134128,0.603216951836941,1.69595308450827,1.07232689691812,0,0,0
"Sundasalanx_microps",0,0,0,0,0,0,0,0
"Sundasalanx_mekongensis",0,0,0,0,0,0,0,0
"Strangomera_bentincki",0,0,0,0,0,0,0,0
"Ramnogaster_melanostoma",0,0,0,0,0,0,0,0
"Ramnogaster_arcuata",0,0,0,0,0,0,0,0
"Potamalosa_richmondia",0,0,0,0,0,0,0,0
"Nannothrissa_stewarti",0,0,0,0,0,0,0,0
"Nannothrissa_parva",0,0,0,0,0,0,0,0
"Lile_stolifera",0,0,0,0,0,0,0,0
"Lile_piquitinga",0,0,0,0,0,0,0,0
"Lile_gracilis",0,0,0,0,0,0,0,0
"Laeviscutella_dekimpei",0,0,0,0,0,0,0,0
"Gudusia_variegata",0,0,0,0,0,0,0,0
"Gudusia_chapra",0,0,0,0,0,0,0,0
"Gonialosa_manmina",0,0,0,0,0,0,0,0
"Escualosa_thoracata",0,0,0,0,0,0,0,0
"Ehirava_fluviatilis",0,0,0,0,0,0,0,0
"Dayella_malabarica",0,0,0,0,0,0,0,0
"Corica_soborna",0,0,0,0,0,0,0,0
"Corica_laciniata",0,0,0,0,0,0,0,0
"Congothrissa_gossei",0,0,0,0,0,0,0,0
"Clupeonella_engrauliformis",0,0,0,0,0,0,0,0
"Clupeonella_cultriventris",0,0,0,0,0,0,0,0
"Clupeonella_abrau",0,0,0,0,0,0,0,0
"Clupeoides_venulosus",0,0,0,0,0,0,0,0
"Clupeoides_papuensis",0,0,0,0,0,0,0,0
"Clupeoides_hypselosoma",0,0,0,0,0,0,0,0
"Clupeoides_borneensis",0,0,0,0,0,0,0,0
"Clupeichthys_perakensis",0,0,0,0,0,0,0,0
"Clupeichthys_goniognathus",0,0,0,0,0,0,0,0
"Clupeichthys_bleekeri",0,0,0,0,0,0,0,0
"Clupeichthys_aesarnensis",0,0,0,0,0,0,0,0
"Tenualosa_thibaudeaui",0,0,0,0,0,0,0,0
"Tenualosa_reevesii",0,0,0,0,0,0,0,0
"Sardinella_rouxi",0,0,0,0,0,0,0,0
"Sardinella_brasiliensis",0,0,0,0,0,0,0,0
"Sardinella_aurita",0,0,0,0,0,0,0,0
"Sardinella_zunasi",0,0,0,0,0,0,0,0
"Sardinella_melanura",0,0,0,0,0,0,0,0
"Sardinella_fimbriata",0,0,0,0,0,0,0,0
"Sardinella_maderensis",0,0,0,0,0,0,0,0
"Harengula_clupeola",0,0,0,0,0,0,0,0
"Harengula_jaguana",0,0,0,0,0,0,0,0
"Harengula_thrissina",0,0,0,0,0,0,0,0
"Harengula_humeralis",0,0,0,0,0,0,0,0
"Herklotsichthys_koningsbergeri",0,0,0,0,0,0,0,0
"Herklotsichthys_gotoi",0,0,0,0,0,0,0,0
"Herklotsichthys_castelnaui",0,0,0,0,0,0,0,0
"Herklotsichthys_quadrimaculatus",0,0,0,0,0,0,0,0
"Ethmalosa_fimbriata",0,0,0,0,0,0,0,0
"Nematalosa_papuensis",0,0,0,0,0,0,0,0
"Nematalosa_galatheae",0,0,0,0,0,0,0,0
"Nematalosa_flyensis",0,0,0,0,0,0,0,0
"Nematalosa_nasus",0,0,0,0,0,0,0,0
"Nematalosa_erebi",0,0,0,0,0,0,0,0
"Clupanodon_thrissa",0,0,0,0,0,0,0,0
"Konosirus_punctatus",0,0,0,0,0,0,0,0
"Anodontostoma_chacunda",0,0,0,0,0,0,0,0
"Anodontostoma_thailandiae",0,0,0,0,0,0,0,0
"Tenualosa_ilisha",0,0,0,0,0,0,0,0
"Hilsa_kelee",0,0,0,0,0,0,0,0
"Opisthonema_berlangai",0,0,0,0,0,0,0,0
"Opisthonema_libertate",0,0,0,0,0,0,0,0
"Opisthonema_oglinum",0,0,0,0,0,0,0,0
"Dorosoma_smithi",0,0,0,0,0,0,0,0
"Dorosoma_chavesi",0,0,0,0,0,0,0,0
"Dorosoma_anale",0,0,0,0,0,0,0,0
"Dorosoma_cepedianum",0,0,0,0,0,0,0,0
"Dorosoma_petenense",0,0,0,0,0,0,0,0
"Microthrissa_whiteheadi",0,0,0,0,0,0,0,0
"Microthrissa_moeruensis",0,0,0,0,0,0,0,0
"Microthrissa_minuta",0,0,0,0,0,0,0,0
"Pellonula_vorax",0,0,0,0,0,0,0,0
"Odaxothrissa_mento",0,0,0,0,0,0,0,0
"Odaxothrissa_losera",0,0,0,0,0,0,0,0
"Odaxothrissa_ansorgii",0,0,0,0,0,0,0,0
"Pellonula_leonensis",0,0,0,0,0,0,0,0
"Microthrissa_congica",0,0,0,0,0,0,0,0
"Microthrissa_royauxi",0,0,0,0,0,0,0,0
"Limnothrissa_miodon",0,0,0,0,0,0,0,0
"Stolothrissa_tanganicae",0,0,0,0,0,0,0,0
"Potamothrissa_whiteheadi",0,0,0,0,0,0,0,0
"Potamothrissa_obtusirostris",0,0,0,0,0,0,0,0
"Potamothrissa_acutirostris",0,0,0,0,0,0,0,0
"Sierrathrissa_leonensis",0,0,0,0,0,0,0,0
"Rhinosardinia_amazonica",0,0,0,0,0,0,0,0
"Rhinosardinia_bahiensis",0,0,0,0,0,0,0,0
"Platanichthys_platana",0,0,0,0,0,0,0,0
"Alosa_tanaica",0,0,0,0,0,0,0,0
"Alosa_maeotica",0,0,0,0,0,0,0,0
"Alosa_kessleri",0,0,0,0,0,0,0,0
"Alosa_caspia",0,0,0,0,0,0,0,0
"Alosa_immaculata",0,0,0,0,0,0,0,0
"Alosa_alosa",0,0,0,0,0,0,0,0
"Alosa_fallax",0,0,0,0,0,0,0,0
"Alosa_alabamae",0,0,0,0,0,0,0,0
"Alosa_sapidissima",0,0,0,0,0,0,0,0
"Alosa_agone",0,0,0,0,0,0,0,0
"Alosa_pseudoharengus",0,0,0,0,0,0,0,0
"Alosa_mediocris",0,0,0,0,0,0,0,0
"Alosa_aestivalis",0,0,0,0,0,0,0,0
"Alosa_chrysochloris",0,0,0,0,0,0,0,0
"Brevoortia_pectinata",0,0,0,0,0,0,0,0
"Brevoortia_gunteri",0,0,0,0,0,0,0,0
"Brevoortia_tyrannus",0,0,0,0,0,0,0,0
"Brevoortia_patronus",0,0,0,0,0,0,0,0
"Brevoortia_aurea",0,0,0,0,0,0,0,0
"Sardinops_sagax",0,0,0,0,0,0,0,0
"Sauvagella_madagascariensis",0,0,0,0,0,0,0,0
"Gilchristella_aestuaria",0,0,0,0,0,0,0,0
"Pristigaster_cayana",0,0,0,0,0,0,0,0
"Pristigaster_whiteheadi",22.0412898252796,2844536188.25804,0.123765805084465,0.594380879389141,0.225052702831414,0,0,0
"Pliosteostoma_lutipinnis",0,0,0,0,0,0,0,0
"Neoopisthopterus_tropicus",0,0,0,0,0,0,0,0
"Chirocentrodon_bleekerianus",0,0,0,0,0,0,0,0
"Pellona_altamazonica",0,0,0,0,0,0,0,0
"Ilisha_pristigastroides",0,0,0,0,0,0,0,0
"Ilisha_megaloptera",0,0,0,0,0,0,0,0
"Ilisha_fuerthii",0,0,0,0,0,0,0,0
"Ilisha_amazonica",0,0,0,0,0,0,0,0
"Ilisha_africana",0,0,0,0,0,0,0,0
"Pellona_flavipinnis",0,0,0,0,0,0,0,0
"Pellona_castelnaeana",0,0,0,0,0,0,0,0
"Ilisha_elongata",0,0,0,0,0,0,0,0
"Opisthopterus_equatorialis",0,0,0,0,0,0,0,0
"Opisthopterus_tardoore",0,0,0,0,0,0,0,0
"Opisthopterus_dovii",0,0,0,0,0,0,0,0
"Tenualosa_toli",0,0,0,0,0,0,0,0
"Tenualosa_macrura",0,0,0,0,0,0,0,0
"Pellona_harroweri",0,0,0,0,0,0,0,0
"Odontognathus_mucronatus",0,0,0,0,0,0,0,0
"Odontognathus_compressus",0,0,0,0,0,0,0,0
"Pellona_ditchela",0,0,0,0,0,0,0,0
"Etrumeus_whiteheadi",0,0,0,0,0,0,0,0
"Etrumeus_sadina",0,0,0,0,0,0,0,0
"Clupea_pallasii",0,0,0,0,0.22721597627256,0,0,0
"Sprattus_novaehollandiae",0,0,0,0,0,0,0,0
"Sprattus_fuegensis",0,0,0,0,0,0,0,0
"Hyperlophus_vittatus",0,0,0,0,0,0,0,0
"Thrissina_baelama",0,0,0,0,0,0,0,0
"Thrissina_vitrirostris",0,0,0,0,0,0,0,0
"Stolephorus_tri",0,0,0,0,0,0,0,0
"Stolephorus_shantungensis",0,0,0,0,0,0,0,0
"Stolephorus_insularis",0,0,0,0,0,0,0,0
"Stolephorus_indicus",0,0,0,0,0,0,0,0
"Stolephorus_commersonnii",0,0,0,0,0,0,0,0
"Stolephorus_holodon",0,0,0,0,0,0,0,0
"Thryssa_scratchleyi",0,0,0,0,0,0,0,0
"Thryssa_rastrosa",0,0,0,0,0,0,0,0
"Engraulis_capensis",0,0,0,0,0,0,0,0
"Anchoviella_vaillanti",0,0,0,0,0,0,0,0
"Anchoviella_perfasciata",0,0,0,0,0,0,0,0
"Anchoviella_perezi",0,0,0,0,0,0,0,0
"Anchoviella_nattereri",0,0,0,0,0,0,0,0
"Anchoviella_manamensis",0,0,0,0,0,0,0,0
"Anchoviella_jamesi",0,0,0,0,0,0,0,0
"Anchoviella_cayennensis",0,0,0,0,0,0,0,0
"Anchovia_clupeoides",0,0,0,0,0,0,0,0
"Anchoa_tricolor",0,0,0,0,0,0,0,0
"Anchoa_starksi",0,0,0,0,0,0,0,0
"Anchoa_spinifer",0,0,0,0,0,0,0,0
"Anchoa_pectoralis",0,0,0,0,0,0,0,0
"Anchoa_mundeola",0,0,0,0,0,0,0,0
"Anchoa_lucida",0,0,0,0,0,0,0,0
"Anchoa_januaria",0,0,0,0,0,0,0,0
"Anchoa_ischana",0,0,0,0,0,0,0,0
"Anchoa_exigua",0,0,0,0,0,0,0,0
"Anchoa_eigenmannia",0,0,0,0,0,0,0,0
"Anchoa_curta",0,0,0,0,0,0,0,0
"Anchoa_belizensis",0,0,0,0,0,0,0,0
"Anchoa_colonensis",0,0,0,0,0,0,0,0
"Anchoa_hepsetus",0,0,0,0,0,0,0,0
"Anchovia_macrolepidota",0,0,0,0,0,0,0,0
"Anchoa_chamensis",0,0,0,0,0,0,0,0
"Anchoa_walkeri",0,0,0,0,0,0,0,0
"Anchoa_scofieldi",0,0,0,0,0,0,0,0
"Anchoa_panamensis",0,0,0,0,0,0,0,0
"Anchoa_mundeoloides",0,0,0,0,0,0,0,0
"Anchoviella_balboae",0,0,0,0,0,0,0,0
"Anchoa_parva",0,0,0,0,0,0,0,0
"Anchoa_cayorum",0,0,0,0,0,0,0,0
"Anchoa_cubana",0,0,0,0,0,0,0,0
"Anchoa_mitchilli",0,0,0,0,0,0,0,0
"Anchoa_lamprotaenia",0,0,0,0,0,0,0,0
"Cetengraulis_mysticetus",0,0,0,0,0,0,0,0
"Cetengraulis_edentulus",0,0,0,0,0,0,0,0
"Anchoa_lyolepis",0,0,0,0,0,0,0,0
"Anchoa_nasus",0,0,0,0,0,0,0,0
"Engraulis_japonicus",0,0,0,0,0,0,0,0
"Engraulis_encrasicolus",0,0,0,0,0,0,0,0
"Engraulis_australis",0,0,0,0,0,0,0,0
"Anchoa_filifera",0,0,0,0,0,0,0,0
"Lycengraulis_limnichthys",11.5392483252815,448871629.913674,0.0587949333609727,0.256162930129303,0.0758945325385667,0,0,0
"Lycengraulis_poeyi",0,0,0,0,0,0,0,0
"Lycengraulis_grossidens",0,0,0,0,0,0,0,0
"Lycengraulis_batesii",0,0,0,0,0,0,0,0
"Pterengraulis_atherinoides",0,0,0,0,0,0,0,0
"Anchoviella_lepidentostole",0,0,0,0,0,0,0,0
"Amazonsprattus_scintilla",0,0,0,0,0,0,0,0
"Anchovia_surinamensis",0,0,0,0,0,0,0,0
"Anchoviella_alleni",0,0,0,0,0,0,0,0
"Anchoviella_guianensis",0,0,0,0,0,0,0,0
"Anchoviella_carrikeri",0,0,0,0,0,0,0,0
"Anchoviella_brevirostris",0,0,0,0,0,0,0,0
"Jurengraulis_juruensis",0,0,0,0,0,0,0,0
"Engraulis_ringens",0,0,0,0,0,0,0,0
"Setipinna_wheeleri",0,0,0,0,0,0,0,0
"Setipinna_melanochir",0,0,0,0,0,0,0,0
"Setipinna_brevifilis",0,0,0,0,0,0,0,0
"Setipinna_breviceps",0,0,0,0,0,0,0,0
"Coilia_macrognathos",0,0,0,0,0,0,0,0
"Coilia_borneensis",0,0,0,0,0,0,0,0
"Setipinna_taty",0,0,0,0,0,0,0,0
"Lycothrissa_crocodilus",0,0,0,0,0,0,0,0
"Thryssa_mystax",0,0,0,0,0,0,0,0
"Coilia_dussumieri",0,0,0,0,0,0,0,0
"Coilia_nasus",0,0,0,0,0,0,0,0
"Coilia_brachygnathus",0,0,0,0,0,0,0,0
"Coilia_lindmani",0,0,0,0,0,0,0,0
"Coilia_mystus",0,0,0,0,0,0,0,0
"Coilia_grayii",0,0,0,0,0,0,0,0
"Coilia_ramcarati",0,0,0,0,0,0,0,0
"Thryssa_kammalensis",0,0,0,0,0,0,0,0
"Thryssa_setirostris",0,0,0,0,0,0,0,0
"Setipinna_phasa",0,0,0,0,0,0,0,0
"Setipinna_tenuifilis",0,0,0,0,0,0,0,0
"Thryssa_hamiltonii",0,0,0,0,0,0,0,0
"Spratelloides_robustus",0,0,0,0,0,0,0,0
"Jenkinsia_lamprotaenia",0,0,0,0,0,0,0,0
"Denticeps_clupeoides",0,0,0,0,0,0,0,0.704677477240179
"Conocara_macropterum",446.251999494584,8166662582.5486,0.739905031742948,7.32840996109145,1.56465230612493,0,0,0
"Pantodon_buchholzi",0,0,0,0,0,0,0,1.90240731616313
"Heteromormyrus_tavernei",16.9710333333189,31701361.9091298,0.0971197658831071,0.683138429469695,0.595867301875878,0,0,0
"Heteromormyrus_szaboi",0,0,0,0,0,0,0,0
"Heteromormyrus_pauciradiatus",11.9944682605866,15442419.4976228,0.0996500675509969,0.616025669567535,0.609698343416153,0,0,0
"Heteromormyrus_ansorgii",0,0,0,0,0,0,0,0
"Heteromormyrus_pappenheimi",17.6046230710811,34419451.2156455,0.0968761188895738,0.690262429780491,0.593416830885223,0,0,0
"Cyphomyrus_wilverthi",28.9051722402259,56066825.9963539,0.0904065381282033,0.800303772791299,0.555567305015223,0,0,0
"Cyphomyrus_weeksii",19.2876079602813,24283649.594023,0.0931644365441011,0.709630947609887,0.570708159413906,0,0,0
"Cyphomyrus_psittacus",0,0,0,0,0,0,0,0
"Cyphomyrus_petherici",24.3059019358444,39401088.5836425,0.0915948761880485,0.759791515217332,0.561185635851783,0,0,0
"Cyphomyrus_macrops",26.8180562067695,47718751.707924,0.0908917326133411,0.782808793700604,0.559002305146037,0,0,0
"Cyphomyrus_grahami",0,0,0,0,0,0,0,0
"Cyphomyrus_aelsbroecki",14.0122059420271,12378990.0078264,0.0953589144360047,0.645440084448924,0.584238665080521,0,0,0
"Cyphomyrus_discorhynchus",0,0,0,0,0,0,0,0
"Brevimyrus_niger",0,0,0,0,0,0,0,0
"Mormyrus_tenuirostris",35.2996579274315,101659096.341642,0.117878674685945,1.36059064588984,0.834557184789913,0,0,0
"Mormyrus_rume",0,0,0,0,0,0,0,0
"Mormyrus_niloticus",38.3558524520854,121339510.047394,0.117174952277896,1.39435948978828,0.82911797469885,0,0,0
"Mormyrus_macrocephalus",36.2004523796645,107903024.234231,0.117689652511219,1.3708655323909,0.832243488284631,0,0,0
"Mormyrus_longirostris",0,0,0,0,0,0,0,0
"Mormyrus_lacerda",0,0,0,0,0,0,0,0
"Mormyrus_kannume",0,0,0,0,0,0,0,0
"Mormyrus_iriodes",27.1431022538394,58953855.6764479,0.120197390766761,1.25886611112613,0.849888382617934,0,0,0
"Mormyrus_goheeni",31.8940288956043,82477791.7491369,0.118775567730704,1.32084511100086,0.840680558633344,0,0,0
"Mormyrus_cyaneus",26.4984703452238,56163348.7723064,0.120417681314143,1.24998949242794,0.851165348984084,0,0,0
"Mormyrus_caschive",0,0,0,0,0,0,0,0
"Mormyrus_casalis",27.1235699747478,58780460.1775585,0.120197930749628,1.25869349584451,0.850206132784751,0,0,0
"Mormyrus_caballus",0,0,0,0,0,0,0,0
"Mormyrus_bernhardi",24.6746807407973,48232052.4951219,0.121039412364561,1.22453500941232,0.856544230443341,0,0,0
"Brienomyrus_longianalis",0,0,0,0,0,0,0,0
"Pollimyrus_tumifrons",0,0,0,0,0,0,0,0
"Pollimyrus_stappersii",6.0308448713925,5260413.74325628,0.114746993492559,0.303936328375299,0.430796620507066,0,0,0
"Pollimyrus_schreyeni",7.02011849977489,7221559.03129534,0.113473190273872,0.318184467479155,0.426673732700007,0,0,0
"Pollimyrus_pulverulentus",7.38842572919101,8030017.97047788,0.113045405347718,0.323135998999138,0.42534167053032,0,0,0
"Pollimyrus_plagiostoma",10.5607407495769,16902917.5133335,0.110112401018966,0.359877759128373,0.415857627662942,0,0,0
"Pollimyrus_pedunculatus",6.35810571865405,5857734.76200128,0.11429180110553,0.308854112113376,0.42959887121021,0,0,0
"Pollimyrus_nigripinnis",7.86650836095804,9191562.09104355,0.112541492653106,0.329190061328839,0.423179618930357,0,0,0
"Pollimyrus_nigricans",0,0,0,0,0,0,0,0
"Pollimyrus_maculipinnis",5.78175177669582,4795403.39431119,0.115085184966803,0.300134602284475,0.432328444658242,0,0,0
"Pollimyrus_macroterops",7.1273574812284,7468094.06934712,0.113353616284879,0.319560020599408,0.425989860953529,0,0,0
"Pollimyrus_isidori",0,0,0,0,0,0,0,0
"Pollimyrus_guttatus",4.69184878882139,3110641.66225589,0.116877133725488,0.281778353114175,0.437824420326525,0,0,0
"Pollimyrus_brevis",0,0,0,0,0,0,0,0
"Marcusenius_victoriae",0,0,0,0,0,0,0,0
"Marcusenius_thomasi",0,0,0,0,0,0,0,0
"Marcusenius_stanleyanus",0,0,0,0,0,0,0,0
"Marcusenius_sanagaensis",0,0,0,0,0,0,0,0
"Marcusenius_rheni",10.3969938535729,23944910.8979798,0.0787438110517473,0.369240953365984,0.390448363934552,0,0,0
"Marcusenius_nyasensis",0,0,0,0,0,0,0,0
"Marcusenius_monteiri",0,11365759.3108079,0.0762410844939912,0.246155636805812,0.349894460927872,0,0,0
"Marcusenius_meronai",0,0,0,0,0,0,0,0
"Marcusenius_macrophthalmus",8.51923776290432,15818653.170219,0.0799119820227723,0.348238489826069,0.396149668771369,0,0,0
"Marcusenius_livingstonii",14.9919190506425,51500580.598619,0.0766540471448156,0.411365727716678,0.380166163923768,0,0,0
"Marcusenius_leopoldianus",12.3047179403545,33885076.1917785,0.0777604685676509,0.388088345058443,0.386023160349366,0,0,0
"Marcusenius_intermedius",9.01562060901093,17784899.2465034,0.0795773217106839,0.354238745365286,0.394792367385925,0,0,0
"Marcusenius_ghesquierei",7.79937502026984,13212435.4007612,0.0804460100447876,0.33933682572314,0.39850933358334,0,0,0
"Marcusenius_fuscus",11.4946239216683,29629123.2877522,0.0781733187753825,0.380324208770079,0.387397747418165,0,0,0
"Marcusenius_friteli",7.88851029089262,13481123.7013378,0.0803688294031466,0.340521626043398,0.398471602190549,0,0,0
"Marcusenius_dundoensis",0,0,0,0,0,0,0,0
"Marcusenius_deboensis",11.7211223254623,30634372.4049142,0.0780414073028749,0.382630359178795,0.387437529842124,0,0,0
"Marcusenius_cuangoanus",0,0,0,0,0,0,0,0
"Marcusenius_brucii",0,0,0,0,0,0,0,0
"Marcusenius_bentleyi",12.3047179403545,33885076.1917785,0.0777604685676509,0.388088345058443,0.386023160349366,0,0,0
"Marcusenius_angolensis",7.88851029089262,13481123.7013378,0.0803688294031466,0.340521626043398,0.398471602190549,0,0,0
"Marcusenius_abadii",0,0,0,0,0,0,0,0
"Hippopotamyrus_paugyi",0,0,0,0,0,0,0,0
"Hippopotamyrus_castor",11.8061856339064,35902518.797592,0.0630522959358533,0.379085181478615,0.353548696382938,0,0,0
"Campylomormyrus_orycteropus",4.88025960944081,13066306.9550264,0.0213522174533938,0.185434384737546,0.148024253508112,0,0,0
"Campylomormyrus_luapulaensis",3.80742067550141,7899863.24817079,0.0217568893122592,0.172107238308538,0.150090337470105,0,0,0
"Campylomormyrus_christyi",5.40510510733607,16289832.695243,0.0211974208453598,0.191059692538925,0.146721374434325,0,0,0
"Campylomormyrus_cassaicus",3.58590188228292,6964784.52929589,0.0218527454375236,0.169139471410256,0.150821010991023,0,0,0
"Campylomormyrus_bredoi",5.34920785249562,16149006.8465897,0.021223006046444,0.190358639196406,0.146419889973066,0,0,0
"Campylomormyrus_curvirostris",0,0,0,0,0,0,0,0
"Campylomormyrus_rhynchophorus",0,0,0,0,0,0,0,0
"Campylomormyrus_elephas",0,0,0,0,0,0,0,0
"Campylomormyrus_numenius",0,0,0,0,0,0,0,0
"Campylomormyrus_tshokwe",0,0,0,0,0,0,0,0
"Campylomormyrus_mirus",4.13287056955844,12210436.7595035,0.0127867693852751,0.128975192769966,0.0879354609228638,0,0,0
"Campylomormyrus_alces",3.45721066291489,8639220.47665103,0.0129675457438914,0.12215497446425,0.0885181556014878,0,0,0
"Campylomormyrus_tamandua",0,0,0,0,0,0,0,0
"Campylomormyrus_phantasticus",0,0,0,0,0,0,0,0
"Gnathonemus_longibarbis",0,0,0,0,0,0,0,0
"Gnathonemus_echidnorhynchus",1.61856916628161,4264679.64356397,0.0138708314604757,0.0980383817256564,0.101866828231876,0,0,0
"Gnathonemus_petersii",0,0,0,0,0,0,0,0
"Gnathonemus_barbatus",2.04909348643642,6937671.61151253,0.0136293056037461,0.105145588605007,0.100285521235675,0,0,0
"Marcusenius_schilthuisiae",4.55649849748958,8951964.5058398,0.0313980119755419,0.214611635119451,0.207494442391313,0,0,0
"Marcusenius_kutuensis",4.65776030022533,13963912.3693069,0.0249050394392697,0.171826705169317,0.159282076971897,0,0,0
"Marcusenius_moorii",0,0,0,0,0,0,0,0
"Genyomyrus_donnyi",0,0,0,0,0,0,0,0
"Marcusenius_greshoffii",4.38822306880255,6166217.36351856,0.0466799188995445,0.247574721858008,0.290719487345631,0,0,0
"Marcusenius_macrolepidotus",0,0,0,0,0,0,0,0
"Marcusenius_pongolensis",0,0,0,0,0,0,0,0
"Marcusenius_altisambesi",0,0,0,0,0,0,0,0
"Marcusenius_senegalensis",0,0,0,0,0,0,0,0
"Marcusenius_devosi",0,0,0,0,0,0,0,0
"Marcusenius_ussheri",0,0,0,0,0,0,0,0
"Marcusenius_mento",0,0,0,0,0,0,0,0
"Marcusenius_cyprinoides",0,0,0,0,0,0,0,0
"Marcusenius_furcidens",0,0,0,0,0,0,0,0
"Hippopotamyrus_pictus",0,0,0,0,0,0,0,0
"Hyperopisus_bebe",0,0,0,0,0,0,0,0
"Stomatorhinus_schoutedeni",4.2596598033846,3716199.82936682,0.0813540445409233,0.28736413084652,0.414504235939598,0,0,0
"Stomatorhinus_puncticulatus",5.8316174388735,7160648.17275534,0.0794961627277092,0.315555347278396,0.40567408655763,0,0,0
"Stomatorhinus_polylepis",6.78185500879562,9829190.72996686,0.0786210871744948,0.329875609745893,0.401083667708683,0,0,0
"Stomatorhinus_polli",5.43129737589731,6161505.64977654,0.0799081255905943,0.308951743739425,0.407789115024271,0,0,0
"Stomatorhinus_patrizii",4.56957422653428,4290783.6318636,0.0809272103002868,0.293500839643661,0.41280946701616,0,0,0
"Stomatorhinus_microps",5.95901130437966,7478786.65374228,0.0793650591603652,0.317571360947424,0.405138164815452,0,0,0
"Stomatorhinus_kununguensis",5.79312134621138,7030912.72765824,0.0795230843089691,0.315018315329054,0.406282101315045,0,0,0
"Stomatorhinus_humilior",5.51552080066589,6352414.22949885,0.0798130796744537,0.310362806333813,0.40744492566209,0,0,0
"Stomatorhinus_fuliginosus",4.05973120611021,3351636.11224938,0.0816352629951444,0.283414800021509,0.416325255172894,0,0,0
"Stomatorhinus_corneti",6.38996041003072,8648906.81699025,0.0789575217125951,0.324272689833326,0.403273450446071,0,0,0
"Stomatorhinus_walkeri",5.95901089298918,7478786.13800538,0.0793650536904418,0.31757133905135,0.405138136891856,0,0,0
"Stomatorhinus_ater",6.89605430821798,10118721.5907652,0.0785103148520597,0.331760960994652,0.401372211011672,0,0,0
"Paramormyrops_sphekodes",0,0,0,0,0,0,0,0
"Paramormyrops_retrodorsalis",3.2384060430229,6698780.14515654,0.0130142794696278,0.113075337774282,0.0897241196362886,0,0,0
"Paramormyrops_kingsleyae",0,0,0,0,0,0,0,0
"Paramormyrops_jacksoni",0,0,0,0,0,0,0,0
"Paramormyrops_batesii",0,0,0,0,0,0,0,0
"Paramormyrops_hopkinsi",0,0,0,0,0,0,0,0
"Paramormyrops_gabonensis",0,0,0,0,0,0,0,0
"Paramormyrops_curvifrons",0,0,0,0,0,0,0,0
"Paramormyrops_longicaudatus",0,0,0,0,0,0,0,0
"Marcusenius_ntemensis",14.0830074679103,45800232.934475,0.0502894322503207,0.383332533143908,0.299378407046101,0,0,0
"Ivindomyrus_opdenboschi",8.74429065343494,20294677.961824,0.0431360338348298,0.318312963518786,0.261831612450646,0,0,0
"Ivindomyrus_marchei",6.6834636113549,11386310.9202181,0.0439728278284743,0.29414777608437,0.2677867996661,0,0,0
"Boulengeromyrus_knoepffleri",0,0,0,0,0,0,0,0
"Pollimyrus_adspersus",0,0,0,0,0,0,0,0
"Pollimyrus_petricolus",0,0,0,0,0,0,0,0
"Pollimyrus_castelnaui",0,0,0,0,0,0,0,0
"Pollimyrus_marianne",0.352289249530043,192143.994026046,0.0120098281811924,0.0108661602813397,0.016770395639686,0,0,0
"Mormyrus_subundulatus",0,0,0,0,0,0,0,0
"Mormyrus_ovis",15.7941217171653,39453369.2985204,0.0609136730838653,0.559436009912315,0.376359430379885,0,0,0
"Isichthys_henryi",0,0,0,0,0,0,0,0
"Brienomyrus_brachyistius",0,0,0,0,0,0,0,0
"Mormyrops_zanclirostris",22.5335460592522,215093423.129915,0.0472216689838462,0.822452304210642,0.40064436082975,0,0,0
"Mormyrops_sirenoides",39.1100692536805,689857387.891636,0.0453654045191834,0.967929810365448,0.384228786372187,0,0,0
"Mormyrops_parvus",16.2796284597838,110222744.89395,0.0483813082412708,0.746244298215621,0.408821391966587,0,0,0
"Mormyrops_oudoti",0,0,0,0,0,0,0,0
"Mormyrops_microstoma",16.2796284597838,110222744.89395,0.0483813082412708,0.746244298215621,0.408821391966587,0,0,0
"Mormyrops_mariae",16.6635403317659,114808196.387007,0.0482861971123967,0.752027773834509,0.409088399596186,0,0,0
"Mormyrops_intermedius",17.3935371991115,125652374.040102,0.0481348373086139,0.761437212604643,0.407656741628462,0,0,0
"Mormyrops_furcidens",24.8996188312015,265980695.050291,0.0468819789831943,0.846979557922669,0.397483572802685,0,0,0
"Mormyrops_engystoma",14.9790692452503,91705385.388373,0.0486620512743193,0.728358738816734,0.412097413192643,0,0,0
"Mormyrops_curviceps",34.849147595281,530459262.369423,0.0457186497861939,0.936523642158657,0.389298759206444,0,0,0
"Mormyrops_curtus",29.0957053233301,371513982.416295,0.0463619943773959,0.886779095919381,0.392470447965004,0,0,0
"Mormyrops_caballus",0,0,0,0,0,0,0,0
"Mormyrops_breviceps",0,0,0,0,0,0,0,0
"Mormyrops_boulengeri",21.3960851335921,193055436.604844,0.0474017248447794,0.809714940771742,0.401970765331051,0,0,0
"Mormyrops_batesianus",23.0713178350433,224940532.856652,0.0471324239648182,0.828299776557768,0.400302840624963,0,0,0
"Mormyrops_attenuatus",0,0,0,0,0,0,0,0
"Mormyrops_masuianus",29.5702268707934,382687832.884788,0.0463002009915954,0.891146652413996,0.392333448935041,0,0,0
"Mormyrops_nigricans",26.1926837727201,297172242.020942,0.0467161649608707,0.859782087560306,0.395749816628131,0,0,0
"Mormyrops_lineolatus",29.095703563783,371513959.949248,0.0463619915736936,0.8867790422921,0.392470424230683,0,0,0
"Mormyrops_anguilloides",0,0,0,0,0,0,0,0
"Mormyrus_tapirus",0,0,0,0,0,0,0,0
"Mormyrus_hasselquistii",0,0,0,0,0,0,0,0
"Mormyrus_macrophthalmus",0,0,0,0,0,0,0,0
"Myomyrus_macrodon",6.52105343164657,14040607.3162284,0.0256765070118668,0.233149109134397,0.176323478769543,0,0,0
"Myomyrus_pharao",8.5452319331716,24187641.382517,0.0251532697350176,0.2528898360272,0.173803361218813,0,0,0
"Myomyrus_macrops",0,0,0,0,0,0,0,0
"Petrocephalus_wesselsi",10.2502863310428,7145729.85710315,0.0841461850574576,0.399742500891202,0.462325331832364,0,0,0
"Petrocephalus_tenuicauda",0,0,0,0,0,0,0,0
"Petrocephalus_stuhlmanni",0,0,0,0,0,0,0,0
"Petrocephalus_schoutedeni",5.57013048985483,2004375.4426087,0.0880085919251952,0.332745742431083,0.48077326849727,0,0,0
"Petrocephalus_pellegrini",0,0,0,0,0,0,0,0
"Petrocephalus_levequei",0,0,0,0,0,0,0,0
"Petrocephalus_keatingii",9.27494501544358,5815849.33504489,0.0847744069815009,0.387815956210601,0.464990080207374,0,0,0
"Petrocephalus_hutereaui",5.83938780613407,2206247.11568193,0.0876964749360369,0.337575201993955,0.479633356620333,0,0,0
"Petrocephalus_haullevillii",0,0,0,0,0,0,0,0
"Petrocephalus_degeni",0,0,0,0,0,0,0,0
"Petrocephalus_cunganus",8.74775531567244,5161752.85726045,0.0851479925020993,0.381012073887151,0.46648750669129,0,0,0
"Petrocephalus_bovei",0,0,0,0,0,0,0,0
"Petrocephalus_bane",0,0,0,0,0,0,0,0
"Petrocephalus_sauvagii",0,0,0,0,0,0,0,0
"Petrocephalus_christyi",0,0,0,0,0,0,0,0
"Petrocephalus_grandoculis",0,0,0,0,0,0,0,0
"Petrocephalus_ansorgii",0,0,0,0,0,0,0,0
"Petrocephalus_squalostoma",0,0,0,0,0,0,0,0
"Petrocephalus_pallidomaculatus",0,0,0,0,0,0,0,0
"Petrocephalus_soudanensis",0,0,0,0,0,0,0,0
"Petrocephalus_balayi",0,0,0,0,0,0,0,0
"Petrocephalus_binotatus",0,0,0,0,0,0,0,0
"Petrocephalus_catostoma",0,0,0,0,0,0,0,0
"Petrocephalus_simus",0,0,0,0,0,0,0,0
"Petrocephalus_microphthalmus",0,0,0,0,0,0,0,0
"Gymnarchus_niloticus",0,0,0,0,0,0,0,0
"Papyrocranus_congoensis",0,0,0,0,0,0,0,0
"Papyrocranus_afer",0,0,0,0,0,0,0,0
"Xenomystus_nigri",0,0,0,0,0,0,0,0
"Chitala_lopis",0,0,0,0,0,0,0,0
"Chitala_borneensis",0,0,0,0,0,0,0,0
"Chitala_blanci",0,0,0,0,0,0,0,0
"Chitala_ornata",0,0,0,0,0,0,0,0
"Chitala_chitala",0,0,0,0,0,0,0,0
"Notopterus_notopterus",0,0,0,0,0,0,0,0
"Scleropages_jardinii",0,0,0,0,0,0,0,0.0822169776434411
"Scleropages_leichardti",0,0,0,0,0,0,0,0.102789712547438
"Osteoglossum_bicirrhosum",0,0,0,0,0,0,0,0
"Osteoglossum_ferreirai",0,0,0,0,0,0,0,0.0466498821471189
"Scleropages_formosus",0,0,0,0,0,0,0,0.115321005680947
"Arapaima_gigas",0,0,0,0,0,0,0,0
"Heterotis_niloticus",0,0,0,0,0,0,0,0
"Hiodon_tergisus",0,0,0,0,0,0,0,0
"Hiodon_alosoides",0,0,0,0,0,0,0,0
"Stictorhinus_potamius",0,0,0,0,0,0,0,0
"Phaenomonas_cooperae",0,0,0,0,0,0,0,0
"Lamnostoma_polyophthalmum",0,0,0,0,0,0,0,0
"Lamnostoma_kampeni",0,0,0,0,0,0,0,0
"Lamnostoma_orientale",0,0,0,0,0,0,0,0
"Ichthyapus_ophioneus",0,0,0,0,0,0,0,0
"Dalophis_boulengeri",0,0,0,0,0,0,0,0
"Dalophis_cephalopeltis",0,0,0,0,0,0,0,0
"Caecula_pterygera",0,0,0,0,0,0,0,0
"Bascanichthys_scuticaris",0,0,0,0,0,0,0,0
"Bascanichthys_paulensis",0,0,0,0,0,0,0,0
"Bascanichthys_panamensis",0,0,0,0,0,0,0,0
"Bascanichthys_cylindricus",0,0,0,0,0,0,0,0
"Bascanichthys_kirkii",0,0,0,0,0,0,0,0
"Ophichthus_tetratrema",0,0,0,0,0,0,0,0
"Ophichthus_rutidoderma",0,0,0,0,0,0,0,0
"Ophichthus_apicalis",0,0,0,0,0,0,0,0
"Myrichthys_xysturus",0,0,0,0,0,0,0,0
"Myrichthys_tigrinus",0,0,0,0,0,0,0,0
"Myrichthys_ocellatus",0,0,0,0,0,0,0,0
"Myrichthys_maculosus",0,0,0,0,0,0,0,0
"Callechelys_bilinearis",0,0,0,0,0,0,0,0
"Pisodonophis_semicinctus",0,0,0,0,0,0,0,0
"Pisodonophis_daspilotus",0,0,0,0,0,0,0,0
"Pisodonophis_boro",0,0,0,0,0,0,0,0
"Pisodonophis_cancrivorus",0,0,0,0,0,0,0,0
"Ophisurus_serpens",0,0,0,0,0,0,0,0
"Ophichthus_gomesii",0,0,0,0,0,0,0,0
"Ophichthus_zophochir",0,0,0,0,0,0,0,0
"Ophichthus_triserialis",0,0,0,0,0,0,0,0
"Apterichtus_klazingai",0,0,0,0,0,0,0,0
"Echelus_myrus",0,0,0,0,0,0,0,0
"Brachysomophis_cirrocheilos",0,0,0,0,0,0,0,0
"Scolecenchelys_macroptera",0,0,0,0,0,0,0,0
"Myrophis_plumbeus",0,0,0,0,0,0,0,0
"Myrophis_anterodorsalis",0,0,0,0,0,0,0,0
"Myrophis_platyrhynchus",0,0,0,0,0,0,0,0
"Ahlia_egmontis",0,0,0,0,0,0,0,0
"Myrophis_punctatus",0,0,0,0,0,0,0,0
"Myrophis_vafer",0,0,0,0,0,0,0,0
"Scolecenchelys_breviceps",0,0,0,0,0,0,0,0
"Muraenesox_yamaguchiensis",494.851661408269,2012633416.51905,0.11528949533565,11.1969146416546,0.101504110106015,0,0,0
"Muraenesox_bagio",0,0,0,0,0,0,0,0
"Muraenesox_cinereus",0,0,0,0,0,0,0,0
"Rhynchoconger_guppyi",0,0,0,0,0,0,0,0
"Rhynchoconger_gracilior",0,0,0,0,0,0,0,0
"Bathycongrus_bullisi",0,0,0,0,0,0,0,0
"Uroconger_lepturus",0,0,0,0,0,0,0,0
"Conger_wilsoni",0,0,0,0,0,0,0,0
"Conger_orbignianus",0,0,0,0,0,0,0,0
"Conger_cinereus",0,0,0,0,0,0,0,0
"Uropterygius_macrocephalus",0,0,0,0,0,0,0,0
"Gymnothorax_tile",0,0,0,0,0,0,0,0
"Gymnothorax_panamensis",0,0,0,0,0,0,0,0
"Gymnothorax_gracilicauda",0,0,0,0,0,0,0,0
"Gymnothorax_dovii",0,0,0,0,0,0,0,0
"Gymnothorax_cribroris",0,0,0,0,0,0,0,0
"Muraena_clepsydra",0,0,0,0,0,0,0,0
"Enchelycore_octaviana",0,0,0,0,0,0,0,0
"Echidna_rhodochilus",0,0,0,0,0,0,0,0
"Echidna_nocturna",0,0,0,0,0,0,0,0
"Gymnothorax_pseudothyrsoideus",0,0,0,0,0,0,0,0
"Gymnothorax_polyuranodon",0,0,0,0,0,0,0,0
"Gymnothorax_undulatus",0,0,0,0,0,0,0,0
"Strophidon_sathete",0,0,0,0,0,0,0,0
"Muraena_lentiginosa",0,0,0,0,0,0,0,0
"Enchelycore_nigricans",0,0,0,0,0,0,0,0
"Echidna_catenata",0,0,0,0,0,0,0,0
"Echidna_nebulosa",0,0,0,0,0,0,0,0
"Gymnothorax_castaneus",0,0,0,0,0,0,0,0
"Gymnothorax_vicinus",0,0,0,0,0,0,0,0
"Gymnothorax_moringa",0,0,0,0,0,0,0,0
"Gymnothorax_funebris",0,0,0,0,0,0,0,0
"Gymnothorax_ocellatus",0,0,0,0,0,0,0,0
"Anarchias_galapagensis",0,0,0,0,0,0,0,0
"Chilorhinus_suensonii",0,0,0,0,0,0,0,0.537752590692563
"Neoanguilla_nepalensis",0,0,0,0,0,0,0,0
"Anguilla_labiata",0,0,0,0,0,0,0,0
"Anguilla_bicolor",0,0,0,0,0,0,0,0
"Anguilla_bengalensis",0,0,0,0,0,0,0,0
"Anguilla_australis",0,0,0,0,0,0,0,0
"Anguilla_nebulosa",0,0,0,0,0,0,0,0
"Anguilla_interioris",0,0,0,0,0,0,0,0
"Anguilla_obscura",0,0,0,0,0,0,0,0
"Anguilla_marmorata",0,0,0,0,0,0,0,0
"Anguilla_megastoma",0,0,0,0,0,0,0,0
"Anguilla_reinhardtii",0,0,0,0,0,0,0,0
"Anguilla_malgumora",0,0,0,0,0,0,0,0
"Anguilla_rostrata",0,0,0,0,0,0,0,0
"Anguilla_anguilla",0,0,0,0,0,0,0,0
"Anguilla_japonica",0,0,0,0,0,0,0,0
"Anguilla_mossambica",0,0,0,0,0,0,0,0
"Anguilla_dieffenbachii",0,0,0,0,0,0,0,0
"Moringua_raitaborua",0,0,0,0,0,0,0,0.0765605721564765
"Moringua_penni",0,0,0,0,0,0,0,0.912960444768983
"Moringua_edwardsi",0,0,0,0,0,0,0,0.0879612928092882
"Albula_argentea",0,0,0,0,0,0,0,0
"Albula_vulpes",0,0,0,0,0,0,0,0
"Elops_senegalensis",0,0,0,0,0,0,0,0.0626649565260889
"Elops_lacerta",0,0,0,0,0,0,0,0.0574216599020029
"Elops_saurus",0,0,0,0,0,0,0,0.0530298795183928
"Elops_affinis",0,0,0,0,0,0,0,0.0643806925994924
"Elops_machnata",0,0,0,0,0,0,0,0.0374356708537047
"Elops_hawaiensis",0,0,0,0,0,0,0,0.0313821514777533
"Megalops_atlanticus",0,0,0,0,0,0,0,0
"Megalops_cyprinoides",0,0,0,0,0,0,0,0
"Lepisosteus_osseus",0,0,0,0,0,0,0,0
"Lepisosteus_platostomus",0,0,0,0,0,0,0,0
"Lepisosteus_oculatus",0,0,0,0,0,0,0,0
"Lepisosteus_platyrhincus",0,0,0,0,0,0,0,0
"Atractosteus_spatula",0,0,0,0,0,0,0,0
"Atractosteus_tropicus",0,0,0,0,0,0,0,0
"Amia_calva",0,0,0,0,0,0,0,0
"Acipenser_brevirostrum",0,0,0,0,0,0,0,0
"Acipenser_fulvescens",0,0,0,0,0,0,0,0
"Acipenser_baerii",0,0,0,0,0,0,0,0
"Acipenser_persicus",0,0,0,0,0,0,0,0
"Acipenser_naccarii",0,0,0,0,0,0,0,0
"Acipenser_ruthenus",0,0,0,0,0,0,0,0
"Acipenser_gueldenstaedtii",0,0,0,0,0,0,0,0
"Pseudoscaphirhynchus_fedtschenkoi",0,0,0,0,0,0,0,0
"Pseudoscaphirhynchus_hermanni",0,0,0,0,0,0,0,0
"Pseudoscaphirhynchus_kaufmanni",0,0,0,0,0,0,0,0
"Acipenser_stellatus",0,0,0,0,0,0,0,0
"Acipenser_dabryanus",0,0,0,0,0,0,0,0
"Acipenser_nudiventris",0,0,0,0,0,0,0,0
"Huso_huso",0,0,0,0,0,0,0,0
"Scaphirhynchus_suttkusi",0,0,0.00337743180536988,0,0.0255426909105911,0,0,0
"Scaphirhynchus_platorynchus",0,0,0,0,0,0,0,0
"Scaphirhynchus_albus",0,0,0,0,0,0,0,0
"Acipenser_transmontanus",0,0,0,0,0,0,0,0
"Acipenser_schrenckii",0,0,0,0,0,0,0,0
"Acipenser_sinensis",0,0,0,0,0,0,0,0
"Acipenser_medirostris",0,0,0,0,0,0,0,0
"Huso_dauricus",0,0,0,0,0,0,0,0
"Acipenser_oxyrinchus",0,0,0,0,0,0,0,0
"Acipenser_sturio",0,0,0,0,0,0,0,0
"Polyodon_spathula",0,0,0,0,0,0,0,0.0146641331438863
"Psephurus_gladius",0,0,0,0,0,0,0,0.00361863885544495
"Polypterus_polli",0,0,0,0,0,0,0,0
"Polypterus_delhezi",0,0,0,0,0,0,0,0
"Polypterus_senegalus",0,0,0,0,0,0,0,0
"Polypterus_palmas",0,0,0,0,0,0,0,0
"Polypterus_teugelsi",0,0,0,0,0,0,0,0
"Erpetoichthys_calabaricus",0,0,0,0,0,0,0,0
"Polypterus_bichir",0,0,0,0,0,0,0,0
"Polypterus_endlicherii",0,0,0,0,0,0,0,0
"Polypterus_ansorgii",0,0,0,0,0,0,0,0
"Polypterus_congicus",0,0,0,0,0,0,0,0
"Polypterus_retropinnis",0,0,0,0,0,0,0,0
"Polypterus_mokelembembe",0,0,0,0,0,0,0,0
"Polypterus_ornatipinnis",0,0,0,0,0,0,0,0
"Polypterus_weeksii",0,0,0,0,0,0,0,0
