Basin.Name,Country,Ecoregion,Med_Longit,Med_Latit,RBA,MAT,TS,GDP,CSI,NSR,DIS,RAD,dist_between_centroids,Similarity_Centroid
Aa,France,Palearctic,2.049219724,50.78136488,1200.364626,10.23535192,489.0897052,23.86764908,99.38421395,22,5.445716168,0.673845492,0.091075312,0.916527016
Abukuma,Japan,Palearctic,140.4631208,37.61083179,5362.643425,10.68777482,848.2278009,50.16905022,97.17836778,6,26.37843615,0.493964343,0.358755896,0.735967368
Aceh,Indonesia,Indo-Malay,95.56732362,5.318811898,1603.968673,25.06691933,49.76832722,2.092018545,99.72502537,14,6.81828816,0.715436793,0.489987508,0.671146566
Acheloos,Greece,Palearctic,21.48447586,38.99904113,5821.728156,12.09962599,658.0536681,6.078314781,87.98760143,20,17.34124447,0.860204077,0.252725692,0.798259353
Acisu,Turkey,Palearctic,31.06264501,36.96701519,297.3496756,17.79621733,704.7491344,3.345977008,99.40823574,7,2.639939744,0.950048764,1.025620156,0.493675972
Aconcagua,Chile,Neotropic,-70.65645485,-32.77064478,7318.876825,8.534749744,397.0020272,7.234971046,99.50628836,20,4.983394987,0.91667472,0.285265865,0.778049139
Adako.un,Japan,Palearctic,136.8981253,34.39478287,11.68668062,15.7569444,729.7255737,62.14790344,NA,8,19.658,0.597517962,0.805597183,0.553833385
Adige,Italy,Palearctic,11.33185941,46.2339395,14631.20888,6.361121801,679.3131537,34.47934532,95.58265694,18,40.31970074,0.82290453,0.301420132,0.768391371
Adour,France,Palearctic,-0.506598208,43.42946996,16911.16103,12.05183704,505.1351236,12.87720895,99.29387026,24,23.37178293,0.687502552,0.093027669,0.914889923
Agano,Japan,Palearctic,139.6150537,37.44530404,7805.6875,9.052657637,918.9299151,38.95591831,95.3794178,15,36.93535046,0.834617446,0.215463255,0.822731577
Agly,France,Palearctic,2.606691822,42.81292317,1125.200682,12.7286707,566.2799197,13.23371863,92.69265933,17,7.07997659,0.720019744,0.093751423,0.914284525
Agri,Italy,Palearctic,16.11443895,40.30474355,1793.905904,12.94598116,624.422633,11.80696368,90.35566437,7,8.327658853,0.845842028,0.134215552,0.881666627
Aguanaval,Mexico,Nearctic,-102.8729234,24.50174289,32876.21725,18.31110933,383.3844797,2.332078218,97.75463639,6,2.30586245,0.95646008,0.455779247,0.686917335
Akitio,New Zealand,Australasia,176.3076561,-40.45467037,584.3439741,12.41095559,344.2829724,0.408047549,99.85053394,9,9.024718343,0.591204792,0.537911953,0.650232283
Aksu,Turkey,Palearctic,30.8507144,37.78976701,7738.137846,11.75944628,759.3909966,3.885437667,94.86416568,36,4.99809327,0.936752814,0.085429136,0.921294598
Aksu.North,Turkey,Palearctic,38.38597013,40.64078625,900.7624843,8.060288264,705.3529467,2.40201658,99.87743341,34,7.37550275,0.776802656,0.303551442,0.76713505
Alabama,United States,Nearctic,-86.9483201,33.21408079,111854.611,16.61429588,743.4736011,12.26869059,96.64959766,221,89.7129356,0.76009118,0.345057426,0.743462681
Alafia,United States,Nearctic,-82.10645604,27.86256228,1128.481426,22.40795426,453.4382295,52.89338207,78.55952977,44,4.980488334,0.419069626,0.276026913,0.78368253
Alara,Turkey,Palearctic,32.05901062,36.7908544,1090.129654,10.97956411,727.6379945,4.777015924,99.52458725,7,11.57244556,0.925515355,0.325471256,0.75444865
Alas,Indonesia,Indo-Malay,98.00823653,2.948953807,11892.35204,21.92095294,37.90369409,2.490724474,99.94249714,57,58.4714628,0.359283707,0.562574598,0.639969446
Albegna,Italy,Palearctic,11.41082717,42.61148416,737.1617341,14.12588188,622.1403031,9.656529903,99.30139872,5,2.874805166,0.65199325,0.045424285,0.956549426
Albert.lake,United States,Nearctic,-120.4260678,42.58614378,2323.223207,7.179666621,701.754033,0.170313228,99.43470483,2,0.11067479,0.915388311,0.252461322,0.79842785
Alemeda.creek,United States,Nearctic,-121.7645983,37.56856697,1898.537136,14.77946928,530.4127721,124.9055939,85.33552566,19,1.567548473,0.972960762,0.114794513,0.897026302
Alfios,Greece,Palearctic,21.95637658,37.66021742,3437.187744,13.09894719,634.8301349,5.587246299,95.70972002,9,11.81948271,0.918652664,0.323728251,0.755442062
Aliakmon,Greece,Palearctic,21.53765139,40.26802572,6614.686281,11.21595293,716.8269964,8.308555245,93.36134278,38,18.50598369,0.779799203,0.117601225,0.894773536
Alsea,United States,Nearctic,-123.7375202,44.37530115,1164.405711,10.00229628,427.2678433,16.03758836,99.96382161,15,17.20481636,0.864852051,0.238067418,0.807710457
Alsek,Canada,Nearctic,-137.5950445,60.3245637,28645.90831,-3.15992872,918.6458389,0.010745534,99.99825427,26,43.04786455,0.940749308,0.200059993,0.833291674
Altaelva,Norway,Palearctic,23.18330526,69.24965182,7378.98011,-2.29559796,926.263501,0.159988791,97.44165968,7,18.96237028,0.80995136,0.246510581,0.80223948
Altamaha,United States,Nearctic,-83.18008768,32.78055863,37484.57995,17.66189894,705.0121641,19.60135007,95.99329488,96,36.55995145,0.723150403,0.275654624,0.783911241
Amahlongwa,South Africa,Afrotropic,30.71384295,-30.22048361,104.647937,20.239781,261.3787113,4.65536809,99.88069411,7,1.032,0.60332871,0.510293302,0.662123045
Amazon,Brazil,Neotropic,-64.57285505,-6.714857006,5888416.916,24.69524502,66.37258702,0.238243382,99.90543136,2140,827.889986,0.439564284,0.345827736,0.743037146
Amba,India,Indo-Malay,73.17393307,18.62922476,900.28717,26.70105195,198.9007577,15.07934308,97.97617257,50,45.40084469,0.98567958,0.286976784,0.777014793
Ambalam.Oya,Sri Lanka,Indo-Malay,81.74688953,7.174820563,159.0406773,27.66822914,125.8374856,3.374859393,99.41182155,28,3.812364389,0.859673331,0.335389419,0.748845233
Ameca,Mexico,Neotropic,-104.5008285,20.69148683,12281.46078,19.80078357,238.8376717,8.720870137,97.86230376,48,13.81295639,0.954720956,0.1882552,0.84157006
Amu.Darya,Uzbekistan,Palearctic,65.91790268,39.74440722,624690.054,9.208815267,1067.128879,0.527910873,98.70253948,49,66.36060675,0.88337227,0.058479436,0.944751467
Amur,China,Palearctic,126.1503364,49.49515104,2011733.254,-1.053357109,1562.025663,0.760108694,99.4062136,141,97.43769475,0.748458225,0.154888883,0.865884168
An.Lao,Vietnam,Indo-Malay,108.8943954,14.45333145,1388.855717,24.90643078,246.2904985,0.948202819,99.75100537,42,23.43357163,0.940160781,0.583856558,0.631370306
Anadyr,Russia,Palearctic,171.4601481,65.50433861,175195.0926,-10.43778229,1544.156567,0.009021572,99.99839938,27,40.60864542,0.93775197,0.267919791,0.788693423
Anasco,Puerto Rico,Neotropic,-66.95237622,18.22632014,469.1630528,23.28364997,132.1239028,22.74415016,96.21414197,44,6.673248996,0.720675158,0.245715256,0.802751668
Ancharakandi,India,Indo-Malay,75.6038021,11.86406387,369.8943832,26.66954981,139.3016272,8.649629474,99.75409354,28,23.20344711,0.973902967,0.670244457,0.598714754
Andalien,Chile,Neotropic,-72.81967683,-36.82492457,767.4691481,12.2272175,328.5029839,4.66740042,99.67748291,15,13.39680727,0.94613679,0.355874955,0.737531139
Andella.Oya,Sri Lanka,Indo-Malay,81.6082882,7.428638247,537.057988,27.4797196,137.8680101,3.374859512,87.38880252,30,6.192565755,0.863463435,0.337834434,0.747476649
Angermanalven,Sweden,Palearctic,15.85563933,64.33996651,31493.16449,0.77674945,843.7768566,0.299522631,94.64905711,19,37.34297377,0.750636098,0.132317846,0.883144255
Annan.UK,United Kingdom,Palearctic,-3.407012904,55.2222027,963.2144464,7.818772405,415.7844936,33.11868,99.87387158,17,12.61166863,0.420920382,0.108014814,0.902515009
Ansan,South Korea,Palearctic,126.8472034,37.33405118,50.99229823,11.61672217,1028.357083,121.1980896,94.59873779,15,6.156,0.889295889,0.42459155,0.701955589
Anseongcheon,South Korea,Palearctic,127.1428566,37.08417976,1449.679603,11.37099557,1031.672811,132.7092648,90.95686131,80,7.425447647,0.88584641,0.1797411,0.847643606
Ansons,Australia,Australasia,148.1705504,-41.10881383,259.6754538,12.51330372,315.2157108,0.100287441,99.9450658,13,1.908071365,0.600293619,0.401966887,0.713283608
Antelope.Wash,United States,Nearctic,-116.3788289,39.40082088,8018.241536,7.303308119,807.1602011,0.099973505,99.80695105,1,2.888724177,0.97340667,0.38498929,0.722027244
Anzali,Iran,Palearctic,49.2904526,37.25954584,3934.496682,13.05151522,736.7561989,10.87926126,98.94632365,34,8.850617621,0.903569457,0.016987331,0.983296418
Aojiang,China,Indo-Malay,120.3204611,27.56728568,1290.608328,17.01200736,725.3964077,13.19328511,93.97740593,56,10.37602311,0.681082079,0.309158311,0.76384956
Aorere,New Zealand,Australasia,172.5191801,-40.85973448,712.6144924,9.863699204,352.0219638,0.15868124,99.95740309,13,25.32689753,0.341218307,0.427945134,0.700307019
Apalachicola,United States,Nearctic,-84.66505902,32.19953313,50882.64753,17.73031466,691.512386,24.96456099,95.10971022,124,54.33386524,0.717569987,0.290589865,0.774839496
Aparima,New Zealand,Australasia,168.0430902,-45.95360319,1549.846218,9.488951655,340.6024829,0.488775603,99.80933116,15,12.64109772,0.39099138,0.487181816,0.67241274
Apodi,Brazil,Neotropic,-37.71152535,-5.746395104,14260.42156,26.5887476,92.03040019,1.446427137,91.52231434,13,2.100057397,0.943006802,0.554835484,0.643154861
Appomattox,United States,Nearctic,-78.05951287,37.30746841,4169.189571,13.88023395,822.1281266,22.00998735,92.88274015,57,13.74689536,0.749489017,0.170200765,0.854554218
Arachthos,Greece,Palearctic,21.03133661,39.5590803,2473.939349,11.46541957,661.1095766,4.651239395,93.42438097,11,8.373289863,0.868132759,0.168349016,0.855908625
Arade,Portugal,Palearctic,-8.348600353,37.30897068,970.6277015,16.27125678,443.6330968,5.604627967,92.91539844,11,5.79487091,0.930919945,0.1888365,0.841158561
Arahura,New Zealand,Australasia,171.2558561,-42.81410752,228.0550716,8.831377321,367.7700368,0.44798483,99.91030051,16,17.53850262,0.348118065,0.482668622,0.674459542
Arakawa,Japan,Palearctic,139.4122165,35.91972145,3860.935376,13.6161705,807.7678221,638.9611969,94.05585433,14,10.5578003,0.589466507,0.113562392,0.898018833
Aransas,United States,Nearctic,-97.59187096,28.17330245,2290.912074,21.71521952,603.153246,4.738659441,99.49517345,17,1.494690318,0.487944171,0.412829833,0.707799323
Arawhata,New Zealand,Australasia,168.5947824,-44.27603284,916.0032136,7.337968583,393.8574914,0.122389173,99.99180951,11,34.26372445,0.50819646,0.499073326,0.667078776
Argens,France,Palearctic,6.262044897,43.48240768,2762.569029,13.42656509,575.3090427,23.83864546,99.60673523,25,10.28379952,0.829571175,0.113412754,0.898139523
Armeria,Mexico,Neotropic,-104.0338336,19.80608593,9703.71101,20.04876691,206.8060445,8.488815904,91.89733487,43,6.941849491,0.948346705,0.211469317,0.825443935
Arno,Italy,Palearctic,11.3152601,43.62439776,8895.330841,13.20279936,649.4304443,44.41795731,96.60455608,14,16.65979655,0.704368886,0.072413793,0.932475884
Aroa,Venezuela,Neotropic,-68.75186402,10.55250045,2453.034502,24.61729561,56.41936586,10.32386732,99.82933631,35,2.513463084,0.668626489,0.341373109,0.745504732
Aropaoanui,New Zealand,Australasia,176.8622708,-39.20475738,165.669706,12.29646921,367.2084072,2.637976587,99.88185603,11,4.593,0.369097016,0.401043036,0.713753949
Arques,France,Palearctic,1.346059276,49.76432287,1022.425972,10.03380889,487.09678,29.14813471,99.60439693,15,5.192584627,0.700460964,0.202641124,0.831503247
Arroio.Diluvio,Brazil,Neotropic,-51.16722661,-30.06754843,93.73432669,19.65268813,357.8837608,19.68976259,95.94108203,48,8.331,0.553946563,0.588377351,0.629573319
Arroyo.Martin,Argentina,Neotropic,-58.05651586,-34.89336249,409.6516363,16.50500866,486.5085571,167.6836128,97.05624941,38,1.569440523,0.443406726,0.632648975,0.612501533
Arthur,Australia,Australasia,145.2481047,-41.23951537,2475.015607,10.50867347,284.2129718,0.623258844,99.97864028,11,20.02342851,0.655251179,0.291708595,0.774168418
Aruvi.Aru,Sri Lanka,Indo-Malay,80.4362461,8.481096564,3331.355234,27.3861171,149.1166403,3.207060456,90.01543278,39,10.84887914,0.880830121,0.323611337,0.75550879
Ashburton.NZ,New Zealand,Australasia,171.4058652,-43.61426316,1747.534094,8.576661303,428.0830458,0.634330422,99.79013587,14,13.15043188,0.519505279,0.497473156,0.667791603
Ashley.NZ,New Zealand,Australasia,172.3077454,-43.14313342,1212.45777,9.453324246,401.2478241,8.489143848,99.85157657,12,12.32415703,0.542593256,0.493014369,0.669785918
Ashley.USA,United States,Nearctic,-80.19436949,33.01799337,1035.427682,18.04801822,681.2451428,12.13266253,99.58982455,47,5.934955495,0.326276319,0.278464372,0.782188399
Asi,Syria,Palearctic,36.95269035,36.15909322,57202.86453,15.53449405,818.8979062,7.055141687,96.35122875,44,12.82566419,0.874914526,0.26628852,0.789709442
Asinaro,Italy,Palearctic,15.07723162,36.91620187,163.8305121,16.98554457,555.503509,1.987023771,95.45915288,4,0.809,0.899853801,0.430552145,0.699030793
Athi,Kenya,Afrotropic,37.6816873,-2.386095253,46728.18007,21.36084929,140.2798145,1.710023433,99.37237259,104,8.841844846,0.860197939,0.383403417,0.722854944
Atrak,Iran,Palearctic,56.38092442,37.78748623,36483.5623,14.23400138,891.2682185,1.737767637,99.08516666,31,9.248626011,0.955391731,0.063891744,0.939945258
Atran,Sweden,Palearctic,13.16641614,57.44029504,3265.170338,6.055452454,662.90924,7.665832162,99.87522664,17,17.51299031,0.376601378,0.110320407,0.900640926
Attanagalu.Oya,Sri Lanka,Indo-Malay,80.02309368,7.137230797,804.6170071,27.18245248,68.18488862,9.351331234,99.24509806,50,11.07498548,0.792833467,0.409498332,0.709472283
Aucilla,United States,Nearctic,-83.74356726,30.50749892,2503.333471,19.47353084,615.5375115,5.493095279,99.90476459,56,8.733134496,0.366091071,0.331907001,0.750803171
Aude,France,Palearctic,2.404949218,43.13105414,5283.136409,12.20938417,578.3109497,12.21346927,97.89383942,29,16.69635411,0.778164018,0.143519863,0.874492899
Aulne,France,Palearctic,-3.741562182,48.29757499,1794.627235,10.87993807,409.539247,8.414038539,98.81093021,15,20.27492249,0.749777185,0.169093899,0.855363287
Authie,France,Palearctic,2.132222588,50.23366436,1107.057949,10.0531193,509.1141523,25.07830811,99.79486254,11,11.01381448,0.659974332,0.100966716,0.908292672
Ave,Portugal,Palearctic,-8.355216568,41.45652139,1382.884256,13.6826564,424.329095,44.71483231,96.63719924,6,14.2281387,0.869821112,0.149993386,0.869570219
Avoca,Australia,Australasia,143.4730977,-36.48306792,4336.800882,14.68698947,489.6088628,0.970856398,99.50200817,4,3.403402544,0.927567411,0.764713177,0.566664324
Avon.Aus,Australia,Australasia,147.1277772,-37.82783761,2465.352492,13.4360247,398.8233438,0.914963424,99.3561723,11,9.368008135,0.429216896,0.39222902,0.71827263
Avon.Eng,United Kingdom,Palearctic,-2.292963737,51.410833,2248.206198,9.811304686,451.359728,58.53077221,98.36714658,20,8.489949742,0.663446112,0.07442852,0.930727341
Avon.Moors,United Kingdom,Palearctic,-2.004726552,51.03345258,2986.359363,9.787211642,445.1259067,38.65943623,99.73928845,21,8.573630222,0.714306511,0.129506807,0.885342163
Avon.NZ,New Zealand,Australasia,172.6256552,-43.50358116,118.7615095,12.21297041,394.8140546,9.174983263,95.89910112,12,1.167774677,0.734905424,0.472705731,0.679022278
Awakino,New Zealand,Australasia,174.7701783,-38.55456106,371.2975484,12.54202079,338.5545738,0.11698165,99.88099864,10,7.376091978,0.540629539,0.417238834,0.705597374
Awanui,New Zealand,Australasia,173.3155542,-35.12284005,416.4868495,15.22452765,284.3965464,0.807132587,99.74375923,11,5.950947286,0.656883084,0.390770956,0.719025657
Awaroa,New Zealand,Australasia,174.9653314,-38.16446927,110.79975,12.6408384,338.3185434,0.327097759,99.88948478,1,3.944,0.59592068,0.291919635,0.774041955
Awarua,New Zealand,Australasia,168.1551412,-44.53172578,1120.420877,7.539745021,382.0578088,0.121260788,99.99177867,6,54.49104351,0.400249704,0.499481425,0.666897224
Awatere,New Zealand,Australasia,173.626751,-41.89627033,1601.202515,8.77180628,426.6725901,1.975266427,99.92926721,11,16.29284092,0.529035842,0.481254099,0.675103617
Awe,United Kingdom,Palearctic,-5.072518504,56.36213985,913.7379165,7.592718157,392.4808515,1.094499975,97.3787721,9,18.61085105,0.523943429,0.170331849,0.854458503
Axios,Macedonia,Palearctic,21.81997713,41.59972692,24583.23488,10.27998627,770.2694808,6.46531713,95.74549145,45,21.280728,0.748140586,0.123132675,0.890366759
Azuri,Japan,Palearctic,136.7816365,34.26813213,10.81392754,15.78560586,742.8795499,62.14790249,NA,4,19.658,0.597517962,0.711902812,0.584145311
Ba,Vietnam,Indo-Malay,108.5803492,13.45982212,13326.83038,23.9870908,191.5446467,1.131172284,99.10089675,51,53.7568842,0.906689571,0.554039024,0.643484484
Babol,Iran,Palearctic,52.59932507,36.3376973,2163.299555,15.79367152,784.102619,9.24761498,97.68160876,46,3.854634051,0.911103239,0.048539969,0.953707088
Baffle.creek,Australia,Australasia,151.6986902,-24.47136349,2527.05689,21.16040184,370.7825629,0.422844879,99.83377124,13,1.986493143,0.896348401,0.639928052,0.609782849
Bago.Negros,Philippines,Indo-Malay,123.1250479,10.52660759,928.4956523,25.21729428,80.29303413,7.34274435,99.86808403,27,24.92618551,0.749765284,0.543873997,0.647721253
Bagura.Oya,Sri Lanka,Indo-Malay,81.69951127,6.626029486,140.5145258,27.25121623,108.4914304,2.139389724,99.83400719,28,3.384,0.791863385,0.335389419,0.748845233
Bakensrivier,South Africa,Afrotropic,25.52371431,-33.98053179,377.2269036,17.54724395,272.214546,6.505049706,96.34345897,36,0.846,0.686009897,0.270794932,0.786909024
Bakir.Cayi,Turkey,Palearctic,27.42222,39.17260777,3361.979284,14.60582738,718.6631847,13.07578611,94.3517928,30,5.088617903,0.955913417,0.27482166,0.784423446
Balcombe.creek,Australia,Australasia,144.9764102,-38.31393563,324.6551815,14.02596153,340.2206807,10.83856416,77.06354036,14,2.393,0.569879985,0.665845444,0.600295786
Balkhash,Kazakhstan,Palearctic,77.64982457,45.59217856,414971.545,5.040702279,1271.958815,0.467283852,99.03579305,15,7.516146333,0.955545338,0.047573018,0.954587397
Balsas,Mexico,Neotropic,-100.0526007,18.57071747,111158.4926,21.63051738,165.0065424,14.19829011,96.89881397,77,52.32780845,0.938032792,0.205761737,0.829351247
Bambawe.Oya,Sri Lanka,Indo-Malay,81.37082592,6.294713777,122.3798554,27.35504869,83.29048814,2.139389753,99.62217219,28,3.297,0.685536044,0.335389419,0.748845233
Bandama,Côte d'Ivoire,Afrotropic,-5.426876525,7.975142797,98897.32414,26.3516,126.843481,0.940306216,97.28627519,117,32.39488322,0.781630915,0.439625782,0.694624959
Bangpakong,Thailand,Indo-Malay,101.5072876,13.82263391,21925.68694,27.2524235,139.892276,23.83903432,99.11741267,91,35.66035899,0.833038572,0.520843195,0.657529983
Bann,United Kingdom,Palearctic,-6.545877911,54.62346553,5747.101892,9.04468462,397.2964062,12.47027421,99.79993473,10,18.09329651,0.4389935,0.047734613,0.954440168
Baram,Malaysia,Indo-Malay,114.7607662,3.542353411,22408.94065,24.80896334,33.63752899,2.015143842,99.99857827,90,96.32504946,0.286047065,0.543104194,0.64804438
Barham,Australia,Australasia,143.6399464,-38.73269277,273.2310976,12.70178267,278.1296608,1.046649039,99.93293168,10,4.096,0.571015888,0.530098763,0.653552584
Barron,Australia,Australasia,145.5286086,-17.02857952,2183.491521,21.77199925,270.7520836,2.288296908,92.21554123,63,9.987959437,0.911244982,0.309426449,0.763693143
Barrow,Ireland,Palearctic,-7.390375475,52.70253012,9077.339609,9.507004812,387.1104422,8.654777288,99.67650255,14,20.00477486,0.631660741,0.055175345,0.947709786
Bartin,Turkey,Palearctic,32.71110146,41.56951328,2940.760412,10.45554037,700.1872028,4.313924074,99.86456627,37,7.654037366,0.732301803,0.133799333,0.881990288
Barwon,Australia,Australasia,143.9567372,-38.02701563,5052.182845,13.30426103,377.8977571,9.581586957,94.39211345,19,10.52635745,0.514234336,0.374783194,0.72738742
Basento,Italy,Palearctic,16.14751797,40.53170468,1564.731072,12.88102453,622.4186412,11.92570353,92.024816,5,6.910095039,0.826963147,0.138599533,0.878271922
Basgoz.Cayi,Turkey,Palearctic,30.27686861,36.58964844,765.8047129,12.30742327,732.2201864,3.430919468,91.07339663,25,6.936328871,0.963840049,0.272331478,0.785958704
Batang.Kerang,Malaysia,Indo-Malay,110.6662051,1.115319927,2981.02429,26.38797499,43.4072082,4.629830897,99.95727301,41,43.47327073,0.547577795,0.105949657,0.904200289
Bay.View,New Zealand,Australasia,176.8439251,-39.46633294,136.9067817,13.87747464,368.5811004,2.637983263,99.06286026,7,3.244,0.421349086,0.333961383,0.749646888
Bear.lake,United States,Nearctic,-112.3759959,40.19924748,1864.355229,8.661583538,910.1993717,4.803068757,99.95621689,9,2.49335736,0.923434825,0.090335075,0.917149253
Bear.river,United States,Nearctic,-112.6051292,40.30232823,122517.791,7.92040139,905.7382918,4.530075252,95.67787673,19,4.857319115,0.852974471,0.093910042,0.914151952
Beauly,United Kingdom,Palearctic,-4.904195739,57.35735093,1015.7814,6.390947355,402.5409853,1.454267323,86.13039619,9,15.31983744,0.502805601,0.170331849,0.854458503
Bedjestan,Iran,Palearctic,58.33717419,34.5912855,33455.32812,17.3136096,938.7794143,1.077495947,98.12524344,3,1.360045301,0.926839361,0.671073152,0.598417848
Bedti,India,Indo-Malay,74.83052939,14.92981806,3870.254743,24.58509047,169.1346522,4.32301861,96.78898073,42,35.6996678,0.974769418,0.664061278,0.600939408
Bega.1,Australia,Australasia,140.1106443,-36.80199301,863.7986676,15.04011868,366.1558058,0.303747624,99.4959776,14,0.452995346,0.980599865,0.391948398,0.718417437
Bega.2,Australia,Australasia,149.6650366,-36.6322264,1961.150283,13.60372145,394.7255688,1.059564844,96.06681255,23,3.08047498,0.355337728,0.84426739,0.542220724
Beilun.He,China,Indo-Malay,107.7665377,21.6887266,842.0695297,21.18228576,502.5230982,1.281978115,99.84222249,51,16.72750046,0.880944272,0.357428668,0.736686961
Beimenjiang,China,Indo-Malay,109.470544,19.58956894,674.0384022,24.1792874,392.251378,2.968976885,99.84932389,46,12.16334857,0.922765207,0.546514283,0.646615431
Bejucal,Trinidad and Tobago,Neotropic,-61.35658482,10.50840774,188.3468849,26.44445689,58.90252834,17.19340992,99.03506179,21,4.361494029,0.663093164,0.307222525,0.764980698
Bellinger,Australia,Australasia,152.7307023,-30.45523075,1140.833106,16.98131255,386.8415674,2.195263594,99.95395788,23,4.996248756,0.529607014,0.674924757,0.597041745
Ben.Hai,Vietnam,Indo-Malay,106.9263532,16.9730048,897.9265908,24.91998555,339.1805037,0.729009241,94.32637215,53,15.11193995,0.95070588,0.52320282,0.65651139
Benevente,Brazil,Neotropic,-40.7606472,-20.60872706,1121.512895,21.11933654,206.9836129,15.50561762,99.88907071,41,8.055434056,0.709891976,0.24945147,0.800351213
Bensbach,Papua New Guinea,Australasia,141.0131325,-8.633760263,3328.828234,26.98072071,98.54384755,0.128627472,99.99500212,52,22.986777,0.56775906,0.445423386,0.691838813
Bentota.Ganga,Sri Lanka,Indo-Malay,80.15298081,6.396837797,669.7938427,26.67005995,54.36652986,15.489259,99.47656896,48,14.40345675,0.783396047,0.379338614,0.724985141
Berg,South Africa,Afrotropic,18.70869554,-33.19164639,8093.084179,17.54478972,393.7861231,15.14272666,95.57435643,7,8.207611688,0.916200095,0.472454019,0.679138355
Bernam,Malaysia,Indo-Malay,101.3108792,3.799863568,2588.978549,26.07356433,38.65035459,57.75836372,99.94416438,86,38.95735388,0.429284866,0.045712946,0.956285378
Betsiboka,Madagascar,Afrotropic,47.11688109,-17.6136668,58338.81004,22.58641099,191.5760122,0.569944367,99.58610033,14,74.12416883,0.91398148,0.301518384,0.768333365
Beysehir,Turkey,Palearctic,32.24513629,37.68116545,16030.41944,10.26627094,777.8508187,5.818196654,96.79751845,17,8.462179583,0.935162248,0.522284114,0.656907597
Bharathapuzha,India,Indo-Malay,76.63071767,10.73738564,6160.768842,26.29502545,147.3066982,15.27151823,95.58029851,92,31.2764841,0.953475938,0.419087384,0.70467824
Bia,Ghana,Afrotropic,-2.988412175,6.33128118,10113.72814,26.35458357,111.3117111,1.62389487,97.94051218,67,20.29633672,0.746421933,0.45036564,0.689481309
Biferno,Italy,Palearctic,14.67209368,41.67008819,1325.988088,13.058408,642.822905,21.40438747,90.54575165,7,7.656610043,0.779793833,0.20211773,0.831865278
Big.Sur,United States,Nearctic,-121.7071426,36.25111134,155.3923681,12.17190313,350.7983576,25.1642704,99.24597552,5,3.251,0.964415396,0.138267164,0.878528373
Biga,Turkey,Palearctic,27.07872692,40.09163237,2130.294099,13.4983593,677.4990111,5.147256017,95.61342935,42,4.552930856,0.948623824,0.069533608,0.934986982
Biliu.He,China,Palearctic,122.5642891,39.97974355,2777.135045,8.615605495,1151.587055,6.97235781,92.50180965,47,6.41765268,0.899473827,0.515969703,0.65964379
Biobio,Chile,Neotropic,-71.95763332,-37.73809655,24265.07833,9.904676945,420.802964,1.674965352,98.95194793,21,75.08191192,0.823294201,0.258052682,0.794879272
Biwa,Japan,Palearctic,135.9466465,35.02487826,8319.031815,13.62174389,837.8820849,209.4776268,93.44084368,51,30.44087272,0.246784368,0.257964784,0.794934813
Black,Australia,Australasia,145.3379566,-40.98352873,336.2745305,11.66135478,278.3510131,0.436375931,99.92411516,7,5.866983683,0.689062298,0.355870342,0.737533648
Blackstone,United States,Nearctic,-71.59846979,42.04064203,1662.036929,9.082974717,925.2714667,134.0997257,96.42292734,20,11.81032059,0.557777668,0.235741262,0.809230889
Blackwater,Ireland,Palearctic,-8.5015716,52.15976344,3242.792456,9.461205452,368.2887559,7.39533186,99.87056751,17,21.45799664,0.655729701,0.089761993,0.917631562
Blackwater.USA,United States,Nearctic,-86.9034626,30.85915525,2167.443876,18.87451347,649.0702415,8.436119676,99.57427833,70,8.982891809,0.436147152,0.310141122,0.763276553
Blackwood,Australia,Australasia,117.0387181,-33.57262217,22026.53714,15.94543862,437.6409344,0.486858159,99.77306992,15,2.052307156,0.905378675,0.261454531,0.792735668
Blanche,Martinique,Neotropic,-61.01218944,14.66477743,133.2533075,25.46515621,92.99115167,NA,99.64768467,12,5.383755603,0.699858453,0.61554084,0.618987756
Blanche.Bay,Australia,Australasia,140.712399,-37.9478503,276.2987552,14.03444921,315.126816,0.922144294,99.6345117,5,3.168012344,0.680701151,0.413190063,0.707618902
Blavet,France,Palearctic,-3.075166666,48.08678418,2060.103342,11.14880469,417.8925583,9.009625077,95.23160896,20,16.01675336,0.75054769,0.082161611,0.924076395
Blythe,Australia,Australasia,145.9055474,-41.26586845,273.8418935,10.23676526,304.0517372,0.812918931,99.96983746,6,5.922149883,0.677018997,0.291365157,0.774374308
Bo.Langvlei,South Africa,Afrotropic,22.62793061,-33.92548803,168.69583,16.10734466,275.5211027,1.505803943,98.92923092,5,0.474,0.478431373,0.234935322,0.809759007
Bodigoda.Aru,Sri Lanka,Indo-Malay,81.31666755,8.048170605,153.5051063,27.87475225,161.7138686,1.313983679,99.82311612,28,3.294842802,0.848716601,0.335389419,0.748845233
Boesmansrivier,South Africa,Afrotropic,26.12604189,-33.36198918,2741.755713,17.33006257,303.5455304,3.466260731,96.22258501,41,1.910607758,0.643857637,0.302512423,0.767746996
Boghen,New Caledonia,Australasia,165.5730235,-21.53491928,555.8238417,21.86223099,243.8022442,2.691174746,99.94573338,20,2.858392353,0.581713493,0.831727974,0.545932592
Bolaman,Turkey,Palearctic,37.46468651,40.73287305,1232.751216,9.354798191,647.3238794,3.399262071,99.81664462,35,4.912150523,0.818974749,0.293895087,0.772860188
Bolgoda.lake,Sri Lanka,Indo-Malay,79.96055251,6.795289541,236.7298963,27.25603188,57.39574949,7.560223818,98.97528976,43,9.818570504,0.768228269,0.346248942,0.742804669
Bollin,United Kingdom,Palearctic,-2.289593099,53.46927645,2390.648804,9.100112687,450.3831936,141.1557159,93.38911644,19,13.78634326,0.5215603,0.08084253,0.925204155
Bonaventure,Canada,Nearctic,-65.465353,48.47290313,2387.912093,1.878091526,1054.578559,0.393050253,99.99943543,9,13.1638777,0.963469371,0.309346463,0.763739796
Bosten,China,Palearctic,88.91047341,41.24791131,5709.409892,8.372193645,1224.26005,0.086578717,99.99008481,14,0.047519766,0.997224389,0.109797679,0.901065139
Bou.Regreg,Morocco,Palearctic,-6.330367178,33.3788032,9578.700268,16.40455362,549.7354623,3.62494415,97.98943895,6,3.067210273,0.930441695,0.295500157,0.771902647
Boyne.Irland,Ireland,Palearctic,-6.903459235,53.60715418,2791.452915,9.256692383,386.4100754,33.6712079,99.7779894,14,13.16996785,0.610993321,0.07484623,0.930365639
Bradano,Italy,Palearctic,16.34265185,40.73994854,3075.245969,14.24126959,622.2590409,11.55577064,90.55634129,5,4.634939824,0.829001544,0.143355751,0.87461842
Bradys.creek,Australia,Australasia,147.9190199,-42.46590532,234.4631899,11.9798908,311.5902993,3.820287943,91.71062948,2,1.144,0.491190374,0.204207915,0.830421381
Bramonas,Mexico,Nearctic,-111.3818125,25.14858293,3622.079343,22.14928918,463.1892077,0.567134537,99.92791215,24,0.689227934,0.997994093,0.733334144,0.576922807
Brazos,United States,Nearctic,-98.94381554,32.2823967,109420.6689,17.69556854,788.9841885,13.64339519,91.4372378,101,9.786560814,0.628773898,0.259554169,0.793931714
Breede,South Africa,Afrotropic,19.90283614,-33.8753333,12516.13054,16.29874732,402.1145827,1.94218421,89.37416075,26,12.57127917,0.896701887,0.270797005,0.786907741
Brenta,Italy,Palearctic,11.65344614,45.74108151,4685.578562,10.21450757,728.7162654,61.65602493,97.62178643,26,14.23092382,0.560411829,0.129932793,0.885008388
Bresle,France,Palearctic,1.663835306,49.87543539,757.1988982,9.850100899,500.4991253,25.82632732,99.77708906,15,7.846124747,0.707169125,0.169512399,0.855057202
Brisbane,Australia,Australasia,152.4048961,-27.3087425,13679.12862,18.82987978,422.3780126,11.62812543,92.42348643,47,6.013980368,0.656841281,0.403279319,0.712616502
Brisbane.Water,Australia,Australasia,151.3435134,-33.46528768,312.9907951,17.33257576,374.8733323,72.20037842,98.25160734,3,3.386,0.378975142,0.765168524,0.566518146
Broadwater.creek,Australia,Australasia,151.9255775,-24.3729564,292.2620252,21.72616802,354.6758835,0.483147211,99.92916513,5,0.742154716,0.87830112,0.544326219,0.647531582
Browns,Australia,Australasia,147.2976391,-42.97351855,106.7459445,11.14914059,306.4598568,3.143817067,99.66852152,21,1.035,0.546619532,0.469080428,0.680697926
Bruna,Italy,Palearctic,11.01666799,42.90969939,739.3245108,14.43421221,609.5183052,13.51781344,99.399085,4,3.065545331,0.677559695,0.061099531,0.942418662
Brunswick,Australia,Australasia,153.5025125,-28.56008615,273.0227918,19.37890694,346.9149396,11.29133558,99.91844264,15,1.755132293,0.532411364,0.602227412,0.624131127
Budzi,Mozambique,Afrotropic,33.32117029,-19.9313244,28996.8655,22.31496598,275.7975642,0.343386814,97.6637232,63,28.73543164,0.952591733,0.365232386,0.732476031
Bueno,Chile,Neotropic,-72.69476165,-40.53831432,15106.73826,9.935099212,339.4540959,0.978822738,99.91745057,14,48.81681843,0.711989739,0.509758864,0.662357429
Buffalo.River,South Africa,Afrotropic,27.47124441,-32.86492781,1298.028901,17.66844845,264.9026847,3.82988131,85.22199476,63,3.176566344,0.417331598,0.198690229,0.83424389
Buller,New Zealand,Australasia,172.2597278,-41.95179805,6458.820464,8.381968928,392.4037737,0.290348582,99.94034,22,43.74327745,0.414997587,0.500440171,0.666471093
Bulloo,Australia,Australasia,143.4029632,-28.14169954,72208.20683,21.38867707,633.9649442,0.006589702,99.97174307,13,2.410780157,0.960052154,0.699348638,0.588460765
Buranhem,Brazil,Neotropic,-39.87943743,-16.49139476,2692.104961,23.11722256,162.6393932,0.710044071,99.94449476,15,7.91561875,0.670289623,0.413586593,0.707420405
Burdekin,Australia,Australasia,146.4568008,-21.00902854,129506.2481,22.68841981,423.7855501,0.302339669,99.36780743,52,9.954992302,0.936556222,0.105550587,0.904526678
Burnett,Australia,Australasia,151.3366013,-25.6922952,33202.37254,19.70649462,450.5834781,0.51029671,95.23456131,49,2.309654081,0.768472895,0.430629547,0.698992973
Burringbar.creek,Australia,Australasia,153.4862525,-28.443918,112.9992682,19.44376399,345.249133,11.29133558,99.89927499,10,2.092049404,0.537279801,0.643294293,0.608533727
Buta.Palena,Chile,Neotropic,-71.88007623,-43.93525942,13229.83071,6.527736411,420.4394408,0.083684876,99.97378791,2,107.1797721,0.638905185,0.221477315,0.818680779
Butawa.Oya,Sri Lanka,Indo-Malay,81.46450529,6.347332499,55.80499426,27.29117238,91.01532435,2.139389753,99.657,28,3.297,0.685536044,0.335389419,0.748845233
Buyukmenderes,Turkey,Palearctic,29.04117241,37.94107073,27414.82955,13.25289556,738.2210534,5.611871362,96.01027624,38,6.782518178,0.949454137,0.248736908,0.800809197
Buyuktchekmedje,Turkey,Palearctic,28.46146248,41.16712221,634.6956703,13.5355462,672.0486145,68.31620312,94.61038846,20,3.202327755,0.801089836,0.185660406,0.843411819
Bzipi,Georgia,Palearctic,40.69777647,43.39232402,1546.893453,5.461105527,705.7726087,1.666352153,99.95779847,23,23.98657544,0.598425017,0.159908664,0.862136848
Cachoeira,Brazil,Neotropic,-39.62506611,-15.0070776,4758.416768,23.27138029,152.291074,1.731780648,99.83999685,26,5.780235208,0.588884888,0.326625051,0.75379249
Cachoeirinha,Brazil,Neotropic,-43.06899022,-22.59511097,228.8151002,21.40439888,223.4117327,106.189003,98.27937216,18,2.575903821,0.691619769,0.448169681,0.690526817
Cai,Vietnam,Indo-Malay,108.9010222,12.31040811,1905.942932,23.39498171,172.3866679,1.61268343,99.83469621,63,14.49259099,0.905493921,0.354918938,0.738051534
Calcasieu,United States,Nearctic,-93.1309027,30.58963521,10165.91158,19.29679808,671.3169466,9.284473062,99.23916436,112,16.99565087,0.613137945,0.460577204,0.684660829
Calleguas.creek,United States,Nearctic,-118.8945785,34.25409148,821.3512566,16.76499857,387.8596921,160.769722,95.86835506,5,2.321588343,0.950658444,0.26208714,0.792338317
Caloosahatchee,United States,Nearctic,-81.23028669,27.32137554,17295.25185,22.68741855,417.5629812,29.91185331,92.69916805,55,18.73988546,0.190985032,0.269525385,0.787695947
Cam,Australia,Australasia,145.7428607,-41.18692472,248.6712918,10.85781248,301.028088,0.786404729,91.33736043,11,6.801,0.67752443,0.350935924,0.740227558
Camden.Haven,Australia,Australasia,152.6670844,-31.6504261,656.0603591,17.72684295,370.5655197,3.050278723,99.89898699,19,2.595363927,0.37345497,0.806533648,0.553546291
Canche,France,Palearctic,2.044630322,50.42999409,1415.084669,10.11348504,502.7063556,22.518435,99.73354859,13,11.41068125,0.668643739,0.075637812,0.929680966
Cap.Chat,Canada,Nearctic,-66.7147246,48.87974952,762.3488476,1.136681493,1100.476483,0.458213665,99.9924057,5,7.690907135,0.963163824,0.117395132,0.894938569
Cape.Fear,United States,Nearctic,-78.81096018,35.25343859,22855.78725,15.79243588,761.1236042,22.13431263,94.80239249,94,16.52784797,0.515305357,0.169983736,0.854712736
Capel,Australia,Australasia,115.7104812,-33.60383799,727.4319225,16.69697536,395.5011301,2.243588746,99.91260434,3,2.507352292,0.865164006,0.213076802,0.824350114
Capot,Martinique,Neotropic,-61.1125,14.79459459,61.21131411,24.28440313,98.07339148,NA,99.93111685,7,10.42714482,0.699168909,0.643830218,0.608335331
Carlos.Tejedor,Argentina,Neotropic,-62.63849949,-35.2148318,13083.53527,16.06267112,568.4921197,0.316047885,99.7204662,12,0.510632828,0.988926699,0.743080501,0.573696969
Carlton,Australia,Australasia,147.7525616,-42.80551781,169.2773049,11.55347745,311.7087073,4.116295278,99.86327678,8,0.934,0.404534005,0.382020834,0.723578093
Carmel,United States,Nearctic,-121.6840418,36.42753604,643.6046003,12.59534156,361.850738,25.1642704,96.34142189,9,5.151913349,0.96248304,0.193706212,0.837727064
Carvao,Brazil,Neotropic,-50.14765226,-29.59082357,2459.291191,17.80745835,322.1985671,4.844989538,99.87368656,158,9.939072821,0.264651932,0.369097538,0.73040815
Cascade,New Zealand,Australasia,168.462466,-44.17386595,441.9590137,8.984975637,367.921456,0.122429423,99.99515201,9,33.67713267,0.385495045,0.468213999,0.681099622
Cascapedia,Canada,Nearctic,-66.28350249,48.58874966,3135.580821,1.263321236,1086.970011,0.492362984,99.98724526,14,17.17256799,0.959582595,0.168272133,0.855964952
Catlins,New Zealand,Australasia,169.4524835,-46.42330351,215.1233113,9.081497203,321.4563193,0.299971998,99.84157963,10,5.044,0.402375201,0.416912131,0.705760067
Cauvery,India,Indo-Malay,77.27572772,11.82755695,78064.61739,25.14091313,191.6333491,9.773037195,85.17098713,161,24.67900074,0.939662695,0.232031602,0.811667492
Cavado,Portugal,Palearctic,-8.213382522,41.68247437,1590.692744,12.37250269,461.5001075,32.42986202,80.68034528,16,20.8404696,0.883484876,0.119328301,0.893392939
Cavone,Italy,Palearctic,16.38653348,40.42747521,650.1696224,14.70941685,625.4877566,11.4070096,99.41897469,6,3.154205982,0.816436029,0.123353143,0.890192017
Cazones,Mexico,Neotropic,-97.71107,20.4658282,2800.987162,21.82112711,289.0668219,9.573096752,97.85026323,15,25.59944132,0.882409912,0.119649364,0.893136755
Cedar,United States,Nearctic,-122.0531984,47.57646585,1532.190365,9.765247283,528.6048316,97.29450607,92.86415098,23,16.60551214,0.730689393,0.079971553,0.925950315
Cedar.Bayou,United States,Nearctic,-94.97202067,29.97222219,611.5891686,20.1530478,654.7094598,33.22401667,99.80106182,24,6.316313978,0.564271869,0.180285807,0.847252415
Cesano,Italy,Palearctic,12.87797973,43.53658804,676.2805609,12.86457759,687.9610983,23.99926949,99.63106388,11,3.527818966,0.602984526,0.191799507,0.839067305
Cestos,Liberia,Afrotropic,-8.762487434,6.474388006,12577.58504,25.4142677,76.62106504,0.426189085,99.94014184,73,68.85587154,0.839394936,0.555587371,0.642843995
Cetina,Croatia,Palearctic,16.74385922,43.7998169,3833.26942,9.474561082,667.4133257,4.296309233,94.62582894,10,8.627557519,0.758120515,0.196296643,0.83591307
Ceyhan,Turkey,Palearctic,36.05210146,37.54677652,12054.18731,14.14704095,750.7126975,7.769052148,92.77090795,43,37.05795375,0.825203408,0.247217088,0.801785038
Ch.anggo,South Korea,Palearctic,126.3895161,33.31626344,44.46677291,13.13534941,756.0924309,9.196617603,99.83395,10,9.262768636,0.661225578,0.520774525,0.657559673
Chaetugol.soryuji,South Korea,Palearctic,126.6257522,36.3843746,141.7362792,11.85139563,957.6071822,15.00964975,80.48864886,34,2.879,0.842967885,0.201780332,0.832098823
Chagres,Panama,Neotropic,-79.73115798,9.165742721,3378.235244,25.79108765,66.98464794,7.528433442,97.05085845,162,25.03242702,0.748867199,0.130688877,0.884416589
Chagundaesan,South Korea,Palearctic,127.2796477,34.648514,17.90392105,13.52973491,879.1738919,12.2022965,99.955,13,8.506,0.782954399,0.582830311,0.631779663
Chalakkudy,India,Indo-Malay,76.59299738,10.34364697,1801.4643,24.44624496,122.9288831,17.28607416,91.64677997,83,35.17992684,0.917574447,0.446617848,0.691267567
Chaliyar,India,Indo-Malay,76.19529263,11.33940155,2970.550567,24.55422411,135.2446439,9.29446435,99.83514382,70,34.54287446,0.959246416,0.605348545,0.622917685
Chamelecon,Honduras,Neotropic,-88.3529768,15.31136839,4425.06413,24.07702973,152.2403687,2.801784754,99.87868815,47,25.72877124,0.761657525,0.617406119,0.618273907
Chamyong.pokpo,South Korea,Palearctic,129.3322499,36.25578009,78.57320246,12.08317463,867.0431019,9.85035789,99.68251861,15,3.699,0.73155697,0.513070074,0.660907923
Chandragiri,India,Indo-Malay,75.36313074,12.50017799,1325.061707,25.65204398,135.9094528,7.370222092,99.83165068,50,38.57570983,0.982222591,0.64214881,0.60895821
Changdo,South Korea,Palearctic,126.6511351,37.54285721,66.63719859,11.58146698,1039.280273,121.1980972,99.40507743,21,3.407,0.884966675,0.444140541,0.692453381
Changhuajiang,China,Indo-Malay,109.2254596,18.9424719,5026.731146,23.00436798,342.0152781,2.072469741,94.09955877,79,31.41285062,0.917485273,0.383947157,0.722570941
Changmu,South Korea,Palearctic,127.6186746,34.7453248,41.22005434,13.78081764,860.4775379,12.20229626,100,18,6.515,0.818607436,0.677160654,0.596245802
Changsa.ri,South Korea,Palearctic,129.3405602,36.32926163,62.13520681,12.36347225,863.2679498,9.850358129,99.82957671,20,3.699,0.73155697,0.562060843,0.640179929
Changsu.je,South Korea,Palearctic,127.3170289,34.58916265,79.64513458,13.47743364,865.6986754,12.20229626,99.67210311,14,10.32,0.794544937,0.556321881,0.642540603
Chantaburi,Thailand,Indo-Malay,102.1321041,12.80994449,1376.723018,26.45949493,102.8049373,2.22756952,98.99783596,126,26.34706227,0.895191375,0.550479913,0.644961596
Chao.Phraya,Thailand,Indo-Malay,100.0018486,17.19256063,144194.0656,25.84780695,224.7972571,4.492495835,96.14342136,493,28.61050988,0.816438162,0.275504627,0.784003428
Chapman,Australia,Australasia,114.8549813,-28.48564338,1804.682165,20.10261026,506.8189558,0.653748602,99.91683493,4,0.953006994,0.894881934,0.633050096,0.612351086
Charente,France,Palearctic,-0.063991302,45.7910681,9561.56072,12.27070828,541.1739829,10.82338834,98.95668924,25,23.84419354,0.757800278,0.049954746,0.952422001
Chasan.chon,South Korea,Palearctic,128.3981766,38.43709346,59.96121488,10.84854652,882.0182524,1.689056158,99.92579497,26,4.061,0.847028672,0.511728258,0.661494548
Chava.Aru,Sri Lanka,Indo-Malay,80.84909573,9.033080262,28.19016927,27.70195317,174.6371336,1.956746489,99.5205779,28,2.266,0.88042778,0.335389419,0.748845233
Cheakamus,Canada,Nearctic,-123.3425939,50.10199127,3854.869803,2.660852519,629.2768673,13.07696962,98.98660423,14,35.28547352,0.69037008,0.298866979,0.769901781
Chehalis,United States,Nearctic,-123.2296113,46.8847028,5459.553799,9.678636468,469.5658346,4.421812117,98.36983326,31,33.493098,0.831408639,0.164662298,0.858617989
Chengianjiang,China,Indo-Malay,120.8271411,29.6183567,5178.404708,15.55052683,834.7044934,19.83938289,91.77603568,90,20.13950355,0.564686657,0.463767661,0.683168529
Chenini,Tunisia,Palearctic,10.04570988,33.76648908,275.8456565,20.26688775,628.9122601,1.304296002,99.70626241,1,0.427667856,0.964629615,0.440109135,0.694391818
Chico,Argentina,Neotropic,-70.72487405,-49.12974023,18260.76249,7.653927232,488.9910052,0.019959243,99.94003854,4,9.05319472,0.547472764,0.367229742,0.731405973
Chienti,Italy,Palearctic,13.29104997,43.13939314,1340.79087,12.19424836,668.1931117,24.0399394,95.0433967,12,5.325992407,0.60642152,0.231579716,0.811965305
Chikugo,Japan,Palearctic,130.809818,33.27962038,2833.699517,13.83840951,806.8444141,107.3486137,96.39300899,3,32.20181681,0.736640392,0.464966478,0.682609476
Chilwa,Malawi,Afrotropic,35.71817034,-15.34238046,9712.065071,22.24095948,249.9317502,1.219245866,99.96202127,45,6.007730854,0.90004156,0.339116875,0.746760808
Chimjin,South Korea,Palearctic,126.8329984,34.73078748,494.6701796,12.90614285,888.2879464,9.527025938,99.72188495,55,4.94861786,0.78310675,0.113697166,0.89791016
Chindari,South Korea,Palearctic,127.8930242,35.01315099,88.07653386,12.91311065,885.8811198,21.48364615,99.88615007,19,5.321,0.829504388,0.415896341,0.706266392
Chinjuk.chosuji,South Korea,Palearctic,126.5997125,36.44657867,38.16565285,11.88433638,960.7481011,15.00964975,99.90155,23,6.171,0.843312871,0.595948557,0.626586612
Chire,South Korea,Palearctic,126.4848721,37.69750154,48.49267499,11.04861113,1021.854531,121.1980972,99.69822907,21,9.43,0.871098315,0.619339833,0.617535603
Chisan,South Korea,Palearctic,126.4227302,34.89657232,47.2031408,13.51906783,888.5151191,9.527025819,99.62771746,37,4.791,0.813641133,0.110528855,0.900471875
Chocancharava,Argentina,Neotropic,-63.88305442,-32.8835901,14088.28215,16.39087094,513.57194,0.879385754,99.6104187,26,1.800321327,0.699052721,0.532950418,0.652336819
Choctawhatchee,United States,Nearctic,-85.7753572,31.22902993,11879.80766,18.56807022,664.4864689,6.217483163,99.56843574,94,25.55733955,0.598962015,0.522015945,0.65702334
Chogam.je,South Korea,Palearctic,126.6828257,34.81468597,158.2542377,13.28189593,899.0445703,9.527025938,99.73089068,36,3.29,0.776469329,0.132642385,0.882891205
Chogok.chon,South Korea,Palearctic,129.2967761,36.12990156,161.2199525,12.42829136,886.3017091,9.85035789,79.69097549,20,2.517,0.697024894,0.609064085,0.621479287
Choluteca,Honduras,Neotropic,-87.02716212,13.82413761,8039.477161,22.90366717,126.9734704,2.613031507,99.83016038,29,18.01149155,0.876098681,0.580629171,0.632659461
Chomam.josuji,South Korea,Palearctic,127.3566519,34.66527179,39.052161,13.65154316,873.7756969,12.20229602,99.80593416,16,8.506,0.782954399,0.577686736,0.633839391
Chondae.josuji,South Korea,Palearctic,126.7354238,36.94583099,67.90058159,11.75270392,1003.429942,15.00965023,99.78283637,32,3.101,0.860093531,0.115447033,0.896501555
Chonggye.josuji,South Korea,Palearctic,129.3252466,36.19221254,89.11373264,12.36101188,873.0180708,9.85035789,99.71277805,12,3.699,0.73155697,0.452613161,0.688414526
Chongho.josuji,South Korea,Palearctic,126.6695212,35.70960027,109.1359908,12.89182896,935.5892417,34.35796595,99.85009856,44,6.597,0.788770479,0.166187535,0.857495017
Chongup,South Korea,Palearctic,126.9274996,35.65495641,809.193342,12.65361209,951.0242631,32.90818548,91.76713665,55,5.189006257,0.853643128,0.13780265,0.878887037
Choptank,United States,Nearctic,-75.84261388,38.9540491,1215.486368,12.98455449,866.5744433,57.94758511,99.91081028,41,8.465529606,0.532834881,0.285677833,0.77779983
Chubut,Argentina,Neotropic,-69.48477923,-44.27110909,98971.96132,9.501174757,508.858013,0.113322688,98.66372386,12,40.40050063,0.730768827,0.366587036,0.731749953
Chujin,South Korea,Palearctic,126.6441873,35.43183882,225.1199821,12.77226522,925.0895441,34.35796595,98.55029376,32,4.457,0.764560507,0.152919266,0.867363422
Chukto.san,South Korea,Palearctic,129.393363,36.46801467,105.2360352,12.54138326,860.7579358,9.85035789,99.85130284,23,1.88,0.741010022,0.578765361,0.633406347
Chungdomun,South Korea,Palearctic,128.5356131,38.14942169,139.28174,9.907920764,908.3508002,1.689056039,99.6794089,27,8.924,0.842738844,0.610373123,0.6209741
Chunggwang.je,South Korea,Palearctic,127.313364,34.86896447,117.4076878,12.87113456,890.399032,12.2022965,99.5471501,34,2.227,0.809911966,0.599290811,0.62527715
Chungmun.chon,South Korea,Palearctic,126.4022222,33.28805556,21.5230113,13.98652773,747.6818746,9.196617603,99.90015,9,9.106,0.661452608,0.576518352,0.63430914
Chungnyul.li,South Korea,Palearctic,126.7559554,37.33683355,73.03000907,11.83018711,1040.155217,121.1980972,94.21209698,12,6.156,0.889295889,0.472577875,0.679081234
Churiyan.Aru,Sri Lanka,Indo-Malay,80.79542651,8.986902598,149.9336317,27.75459034,175.2758837,2.810821354,99.65509862,28,11.86269627,0.896759978,0.335389419,0.748845233
Cidurian,Indonesia,Indo-Malay,106.4184107,-6.362477672,842.9616282,25.3673955,40.30716803,110.5948715,99.87010993,7,24.27496452,0.618655974,0.18637975,0.842900429
Cihuatlan,Mexico,Neotropic,-104.2592789,19.36513331,2154.650926,22.99641045,173.7497158,3.565670788,99.89357595,17,5.084673545,0.906607204,0.447768615,0.690718109
Ciliwung,Indonesia,Indo-Malay,106.842994,-6.372177414,305.7642114,26.71540749,37.00526902,110.7903042,96.31909697,15,25.45777866,0.546525942,0.552889733,0.643960726
Cimaja,Indonesia,Indo-Malay,106.506321,-6.912420023,253.3656765,22.60425256,34.79955945,109.312088,99.92618718,6,22.166,0.572714543,0.384969857,0.722037375
Cisadane,Indonesia,Indo-Malay,106.7000873,-6.551862434,1551.008039,22.72335756,37.42244581,110.7705383,99.418667,33,43.77376663,0.485825145,0.257527834,0.795211027
Cisukawayana,Indonesia,Indo-Malay,106.3400311,-6.935321163,141.1106885,23.94347481,36.29449724,110.7777328,99.94404837,13,12.884,0.583646833,0.707331115,0.585709469
Cixerri,Italy,Palearctic,8.92309056,39.45002188,2238.738544,16.12817047,602.3499552,8.761954069,94.27644637,6,2.516630308,0.898830565,0.201439608,0.832334803
Clarence.Aus,Australia,Australasia,152.4935008,-29.51505099,22123.13544,16.2891176,415.3855094,1.212011129,99.91753279,58,10.51443632,0.526699854,0.267788857,0.788774877
Clarence.NZ,New Zealand,Australasia,173.2649764,-42.19352352,3280.163302,7.520209182,458.7739049,0.348169707,99.97275471,16,39.56415821,0.57935655,0.515549334,0.659826756
Clutha,New Zealand,Australasia,169.1851768,-45.09356225,20815.68583,7.553471191,445.477459,0.231977671,96.54332346,20,73.76693829,0.47742048,0.493934329,0.669373466
Clyde.Scotland,United Kingdom,Palearctic,-4.009907951,55.71933896,2999.800425,7.793082347,410.3238096,41.55144405,97.86755319,16,14.77635842,0.553022842,0.100411818,0.908750691
Coahuanyana,Mexico,Neotropic,-103.378982,19.30465705,7123.216325,22.14412162,177.2599873,5.213660598,98.5195565,13,7.589697049,0.944266624,0.482741566,0.674426362
Coal,Australia,Australasia,147.4827109,-42.66453896,995.9375512,11.27836933,337.9154248,4.116295278,91.14923317,16,1.557758639,0.492300303,0.493762077,0.669450654
Coatzacoalcos,Mexico,Neotropic,-94.72471611,17.35341415,21278.65823,24.87804462,209.7434259,2.417339563,99.92810625,78,63.53697815,0.918836018,0.374675014,0.727444661
Cocheco,United States,Nearctic,-70.9999805,43.21764027,2555.859696,7.916616806,952.9196972,30.20254135,95.01132615,32,9.919272765,0.54397418,0.226851779,0.815094388
Coegarivier,South Africa,Afrotropic,25.5229401,-33.68409272,498.7532957,17.90169797,319.740793,10.08742976,99.62815722,6,0.635047205,0.647006994,0.47064431,0.679974072
Coghinas,Italy,Palearctic,9.008850175,40.67722398,2471.687175,14.36688521,577.2044268,5.939702153,91.69167175,3,7.212115156,0.879051645,0.213546256,0.824031218
Cogie.creek,Australia,Australasia,144.9580506,-32.93981438,282.8607594,18.40745502,611.2311591,0.0323789,99.97696804,1,1.146917971,0.568659553,0.322903309,0.755913144
Collie,Australia,Australasia,116.139996,-33.38535606,4910.657655,15.98280144,415.8403272,1.179029435,95.51455153,9,8.005742414,0.891614952,0.216864429,0.821784232
Colorado.Argentina,Argentina,Neotropic,-68.25029142,-33.60301215,301308.8506,11.63819692,542.841118,0.553902939,97.20110743,26,15.88821552,0.662246501,0.574963315,0.634935424
Colorado.Texas,United States,Nearctic,-100.4146381,31.57991591,107280.8283,17.63675283,766.3127805,3.948792934,94.75872772,91,7.789171625,0.573060574,0.109575708,0.901245397
Colorado.USA,United States,Nearctic,-110.5922337,36.66273077,624983.6256,11.28068916,842.6242574,3.372161329,96.22969225,42,20.64439587,0.778930602,0.087701522,0.919369864
Columbia,United States,Nearctic,-117.161118,46.25953952,653076.4291,5.803429714,780.3829351,2.574182272,96.38994783,61,131.9025539,0.789681509,0.017666574,0.982640116
Comoe,Côte d'Ivoire,Afrotropic,-4.016505815,8.693573986,78331.62173,26.77070436,126.4163581,0.55318094,99.05303471,133,20.03200731,0.834378322,0.450878247,0.68923771
Comondu,Mexico,Nearctic,-111.7992806,25.84485024,868.4836779,21.47084073,444.7178464,0.490502357,99.8218675,1,0.390135714,0.98326988,0.372958408,0.728354183
Comte,French Guiana,Neotropic,-52.5249897,4.459729103,3605.025041,25.55856138,42.87947705,NA,99.96651913,211,51.968577,0.843027369,0.431965594,0.698340801
Concepcion,Mexico,Nearctic,-111.6220359,30.7556327,25803.2461,20.04995893,664.9032254,0.922799602,98.7903415,6,2.239129866,0.93741714,0.145028302,0.873340858
Congo,Democratic Republic of the Congo,Afrotropic,22.35736234,-2.32414606,3453181.863,23.69139399,78.4283844,0.117894484,99.92183196,1096,257.3603948,0.405347003,0.378435656,0.72546005
Conne,Canada,Nearctic,-55.56666564,48.10895766,688.7447977,3.945798418,859.8218241,0.256603673,99.87814155,7,11.75303563,0.555323308,0.166567599,0.857215648
Connecticut,United States,Nearctic,-72.31788905,43.2615388,29052.51347,6.519133613,993.8751437,25.77366352,93.62739819,69,60.06015548,0.626115449,0.112784545,0.898646557
Conon,United Kingdom,Palearctic,-4.829530261,57.59879707,1206.617203,6.720110159,399.8863958,1.839224905,85.48178477,11,12.81962392,0.529758582,0.163846111,0.859220124
Conway,New Zealand,Australasia,173.3249477,-42.498946,505.2039114,10.35172214,391.0326083,0.152070303,99.93236416,8,6.598211268,0.517055957,0.415422267,0.706502945
Cook,New Zealand,Australasia,170.0271475,-43.51156281,339.3149317,6.22948245,389.804621,0.086731069,99.96786721,10,20.18865426,0.40742358,0.431011563,0.698806373
Coolongolook,Australia,Australasia,152.3588693,-32.17806166,1492.042598,17.84191345,383.8537068,1.09437336,99.89949632,20,2.244791441,0.292604074,0.734151303,0.576650952
Coomera,Australia,Australasia,153.252413,-27.97989933,434.6573276,18.91990095,370.8663358,22.81955338,98.84739892,7,4.254502915,0.579743723,0.6474522,0.606997884
Coos,United States,Nearctic,-123.8738421,43.36630766,1126.369047,10.92660436,418.114025,2.908405423,99.99453152,18,14.00167086,0.880619704,0.179303176,0.847958371
Copiapo,Chile,Neotropic,-69.77594696,-27.59060836,18441.52991,8.488944202,260.5216529,0.416000623,99.85949866,5,0.416582018,0.99177757,0.368704806,0.730617731
Corangamite,Australia,Australasia,143.5034035,-38.00430942,2726.081286,13.37525608,375.7675016,2.307994723,99.91012508,14,3.060330323,0.564058909,0.327216153,0.753456773
Corantijn,Suriname,Neotropic,-57.2498763,3.194281693,64001.2765,26.01120035,60.53721972,0.05023171,99.99125657,306,60.04596728,0.755664769,0.559094008,0.641398142
Cornella.creek,Australia,Australasia,144.7685227,-36.72520534,294.2432497,14.68763629,497.5268411,3.50768882,88.06793923,6,0.761330384,0.808280622,0.660402301,0.60226368
Coruh,Turkey,Palearctic,41.47868871,40.7376517,22039.0331,5.990994406,859.5022244,2.244298875,99.87993443,55,17.59695917,0.885455425,0.132441443,0.883047866
Cosumnes,United States,Nearctic,-120.7610374,38.44137678,5834.240915,13.04910494,637.8581076,29.5964756,90.00358589,21,15.84682802,0.916735609,0.076153875,0.929235143
Couesnon,France,Palearctic,-1.381449186,48.40439634,1115.446505,11.1634809,480.672496,21.19570541,99.78798138,18,9.176074964,0.766628558,0.02974854,0.971110869
Courant.Contis,France,Palearctic,-1.05655526,44.0586985,643.8580207,12.99128932,486.6729792,13.13784552,99.8320127,5,3.88277064,0.500980671,0.2161707,0.822252995
Courant.Mimizan,France,Palearctic,-1.084886712,44.24531095,769.3101927,12.95406691,489.067806,9.181116223,99.83738598,13,6.132297276,0.432666159,0.214000369,0.823722979
Coyle,Argentina,Neotropic,-71.07093937,-51.08209893,17036.85652,6.039960606,452.4707074,0.198430158,99.94877893,1,2.031722517,0.828098011,0.294168493,0.772696913
Crni.Drim,Albania,Palearctic,20.41787405,42.03280372,13070.87429,9.013582534,715.0859497,4.352003157,95.9647257,57,30.43460614,0.690991891,0.188996765,0.841045181
Cross,Nigeria,Afrotropic,8.568096802,6.14584392,52991.70954,26.28276502,109.5870044,2.966083467,99.91904083,226,138.2855733,0.86879687,0.44102092,0.693952451
Crystal.creek,Australia,Australasia,146.2459588,-18.97094268,133.2894615,21.91528609,313.5140473,0.856720701,99.94213809,2,2.054,0.950187467,0.767183705,0.565872126
Cubatao,Brazil,Neotropic,-48.95260364,-26.13771243,802.3228583,18.6719968,296.1361392,8.895258665,99.78725665,49,8.165194512,0.314954665,0.409152503,0.709646399
Cudgara.creek,Australia,Australasia,153.5219791,-28.37824039,66.38598973,19.69132767,341.9050889,11.29133582,99.89234442,10,2.803,0.537114964,0.658196159,0.60306496
Cudgen.creek,Australia,Australasia,153.5295984,-28.31877798,72.22427269,19.8948925,342.6933472,11.29133582,99.92876704,60,2.803,0.537114964,0.724205363,0.579977317
Cuitzeo,Mexico,Neotropic,-101.1386981,19.79271082,3947.519358,16.56293346,218.0791227,8.938733816,94.66671099,20,3.406078923,0.914495022,0.292384489,0.773763542
Curries,Australia,Australasia,147.0001943,-41.04811085,169.0790428,12.81147078,317.1875212,1.77478531,86.54524567,2,2.698,0.696640316,0.382590576,0.723279919
Cusewijne,Suriname,Neotropic,-54.67605434,5.451868707,5070.135979,26.47882343,61.14652782,1.880555749,99.97184679,116,29.83570647,0.494679799,0.587561135,0.629897002
Dafeng,China,Indo-Malay,108.9024765,22.01098061,1357.96921,21.5931723,599.3153224,4.33323434,98.46582968,14,19.48156677,0.842046328,0.580230307,0.63281915
Daisho.Sen,South Korea,Palearctic,129.4129731,35.80020721,117.895917,12.6300898,849.2790246,76.24978924,99.70246685,16,1.885,0.737412122,0.370126996,0.729859351
Dalai.Nur,China,Palearctic,116.8457965,43.3066583,4675.121851,1.220212287,1395.337037,0.214888023,99.26710641,16,0.225934274,0.83162751,0.301967414,0.768068378
Dalalven,Sweden,Palearctic,14.34781203,61.07344847,28871.62106,2.727102711,820.3557199,1.360109299,98.28699845,24,41.57657973,0.308369451,0.128004636,0.886521179
Dalaman.Cayi,Turkey,Palearctic,29.35871864,37.15663083,5425.124995,11.95929378,732.6550083,4.435935557,93.56910992,32,8.543256985,0.949693046,0.257147483,0.795451618
Daliao.He,China,Palearctic,123.6620931,41.41598266,27963.99942,7.281649639,1262.447024,18.44202495,89.65005948,52,12.29511449,0.901056245,0.281655624,0.780240793
Daling.He,China,Palearctic,120.4825807,41.6177214,23250.13442,7.893287272,1233.333208,4.583086193,94.4808372,33,5.69989356,0.919329423,0.508050028,0.663107975
Dam,Vietnam,Indo-Malay,104.0250312,10.06387088,15.75745762,27.09027761,81.59114532,1.388965234,100,21,10.134,0.853496271,0.682050392,0.59451251
Dane,United Kingdom,Palearctic,-2.433720794,53.12691476,1564.133644,9.159632477,451.8154802,128.3269196,99.52936086,19,7.328807921,0.529982435,0.07538755,0.929897319
Danube,Hungary,Palearctic,20.25978717,46.34845026,802142.8624,8.707190214,770.9921615,13.64224434,96.55851837,90,130.9299404,0.541428748,0.182972938,0.845327875
Dartmouth,Canada,Nearctic,-64.38886647,48.91217917,403.9640255,2.510597693,1015.086582,0.511884928,99.94188926,6,9.496,0.945890411,0.215580497,0.822652225
Das.Almas,Brazil,Neotropic,-39.56627753,-13.65929511,2991.339642,22.07646522,142.5848327,1.462695479,99.88114217,16,9.214353139,0.351369702,0.43242333,0.698117644
Dasht.e.Kavir,Iran,Palearctic,56.90648769,35.82535663,93383.14348,16.28768635,931.0515003,1.263040662,99.48747327,17,4.178130526,0.895288198,0.132934432,0.882663614
Dasht.e.Lut,Iran,Palearctic,58.92310567,27.75678669,69708.87825,22.71852436,723.8469689,0.515876412,99.18171469,10,3.842845993,0.980247238,0.324416995,0.755049206
Daxioujiang,China,Indo-Malay,119.8158318,28.24475588,17180.98608,15.48084038,756.0960462,11.47403699,96.91815852,120,40.97894628,0.79963361,0.406063131,0.711205619
Dayang.He,China,Palearctic,123.4872931,40.34699393,6122.792448,8.228382634,1166.578999,3.531750292,96.43042469,54,8.482558541,0.912181594,0.508535995,0.662894358
Dead.Sea,Jordan,Palearctic,35.67669513,31.58369331,43238.24347,18.63903187,655.9793521,9.441997528,97.04039087,30,2.055669498,0.908126798,0.165958377,0.857663549
Dean,Canada,Nearctic,-125.8174257,52.71857655,7799.029715,1.531072873,747.2989216,0.027735393,99.99602849,26,16.17361435,0.806661196,0.222379081,0.818076827
Death.Valley,United States,Nearctic,-116.6080862,36.34850642,21178.77651,17.0720512,843.3444316,0.572666757,99.80873034,9,0.173963715,0.948948318,0.511364597,0.661653715
Deception.Bay,South Korea,Palearctic,128.5255188,34.85954473,67.3264665,13.61617643,819.9614782,8.284548283,99.74774298,17,6.728,0.819015495,0.725673356,0.579483943
Deduru.Oya,Sri Lanka,Indo-Malay,80.27668603,7.628684162,2834.340892,27.03415023,97.15803962,12.23427248,94.25968592,44,12.40175715,0.811807166,0.353326686,0.738919886
Dee.Scotland,United Kingdom,Palearctic,-2.96588226,57.03886377,2141.501012,6.257886223,443.3174301,10.9744525,99.82815852,10,15.62000925,0.498636712,0.175966252,0.850364539
Dee.Wales,United Kingdom,Palearctic,-3.204879761,53.01775013,2001.729195,8.446023071,426.7061806,44.4373703,95.064216,19,19.28242443,0.532925226,0.053580915,0.949143996
Deep.creek,Australia,Australasia,145.1984094,-40.87599506,104.4484115,12.52034764,277.2958954,0.170464955,81.06523525,3,2.293,0.687361865,0.336499382,0.748223316
Del.Carmen,Mexico,Nearctic,-107.1061264,31.04841754,33314.71206,15.72883466,720.7564524,4.088868976,98.32353441,8,0.993890823,0.914094505,0.252873015,0.798165487
Delaware,United States,Nearctic,-75.24222488,40.90351843,28618.74225,9.396184488,919.6388647,93.57865715,94.13571323,81,46.42580816,0.642818722,0.28940274,0.775552873
Denmark,Australia,Australasia,117.2663902,-34.7862405,783.1293719,14.82399139,311.1598445,0.394683249,98.39806879,40,4.991054134,0.868399609,0.827674806,0.547143286
Derwent.Tas,Australia,Australasia,146.7497916,-42.35391734,9561.770197,8.672842312,348.6243548,1.393868387,92.26030304,39,19.67402341,0.632328295,0.547204965,0.646326778
Derwent.UK,United Kingdom,Palearctic,-1.440882395,53.96305183,10858.65064,8.622749589,449.9251659,65.75918484,96.08311221,21,16.12841393,0.55751047,0.062647147,0.941046144
Deseado,Argentina,Neotropic,-69.3388161,-46.98746641,24679.57045,9.864276874,481.5272905,0.070003398,99.93980979,34,1.576745444,0.97888755,0.326988109,0.753586255
Detention,Australia,Australasia,145.4561255,-40.95503473,124.3440888,11.92929686,281.3072961,0.234283362,99.93078183,7,2.756,0.680186947,0.304595493,0.766521121
Devils.lake,United States,Nearctic,-98.92558282,48.34302927,9474.937113,3.496092284,1295.326249,0.51752612,98.69624408,3,0.841963354,0.203630267,0.15333209,0.867052958
Devrekani.Cayi,Turkey,Palearctic,32.97653854,41.79348814,247.3976702,10.37856684,708.8902222,3.565177917,99.71369947,36,19.4319658,0.709466141,0.137507655,0.879114963
Diahot,New Caledonia,Australasia,164.4664708,-20.42493355,624.4874006,22.4469191,223.1049235,2.11431098,99.96465499,11,5.336521476,0.856064734,0.672192822,0.598017159
Diego.martin,Trinidad and Tobago,Neotropic,-61.555,10.71166667,25.20871223,25.81000004,59.56454137,17.19340992,96.16725,23,6.589,0.698466904,0.768937735,0.565311023
Dives,France,Palearctic,-0.021716578,49.00875688,1763.110768,10.84627327,474.0286087,12.25341249,99.72593387,17,8.807696742,0.716031544,0.217108681,0.821619314
Dnepr,Ukraine,Palearctic,31.41189173,51.3062635,512313.2376,6.786967806,916.3947692,2.855005383,98.69992022,71,45.15308383,0.570479964,0.12110036,0.891980804
Dnestr,Ukraine,Palearctic,26.61020421,48.52841125,72571.80239,7.720939991,828.8608645,3.082314551,96.21978825,70,31.23633097,0.663283175,0.192710275,0.838426583
Doce,Brazil,Neotropic,-42.23908717,-19.44472085,82688.22301,21.20896291,210.7605927,4.122503996,98.48523861,96,57.94850241,0.892699896,0.314583542,0.760697185
Dogankent.Cayi,Turkey,Palearctic,39.30766746,40.52944222,3326.301441,7.341665031,795.9653611,3.851022601,95.47003471,35,6.431508656,0.882045473,0.298021315,0.770403374
Don.Russia,Russia,Palearctic,41.06773235,49.95977075,429385.9621,7.06034414,1078.486862,2.341298133,98.38877035,61,22.70460099,0.899022674,0.173404272,0.852221203
Don.Scotland,United Kingdom,Palearctic,-2.679096106,57.24601703,1316.376757,7.126114465,428.2388818,11.79041123,99.77849686,8,10.71034614,0.49709766,0.139383361,0.877667723
Don.Tasman,Australia,Australasia,146.3078228,-41.29534379,131.754965,11.83698432,324.2263185,1.880470008,99.69875881,7,3.289,0.686588103,0.355274752,0.737857765
Dong.Cheon,South Korea,Palearctic,127.5904165,35.02891371,178.0325353,12.25146001,894.441263,22.97278786,99.5232272,33,2.97,0.86388443,0.576824063,0.634186162
Dong.Nai,Vietnam,Indo-Malay,107.2770296,11.52654991,29848.14278,24.27625985,115.8544051,4.108489692,95.46818506,220,103.026246,0.873696135,0.468286137,0.681066159
Donnelly,Australia,Australasia,115.8947957,-34.24642397,1538.102358,15.24117489,340.1359229,0.252805922,98.46685605,10,7.631664327,0.890343696,0.5526938,0.644041987
Dordogne,France,Palearctic,1.269558794,45.16412894,24113.64285,11.32698898,554.6866978,9.183343172,96.44303723,28,46.53992326,0.709101067,0.079044427,0.926745901
Dorodong.creek,Australia,Australasia,140.7814697,-37.31941134,901.0222759,14.16427439,361.1621615,1.169816017,99.63175057,2,1.775692846,0.791317076,0.532331064,0.652600488
Douglas,Australia,Australasia,148.2196677,-41.73990953,116.5790358,10.83586649,305.1561493,0.100650849,99.93470126,6,2.022,0.579095383,0.270985493,0.786791042
Douro,Spain,Palearctic,-5.362426978,41.62120112,97240.26142,11.32799839,599.0717417,6.571804404,94.43415662,21,24.18234569,0.856937567,0.082916114,0.923432561
Doyle,Falkland Islands,Neotropic,-60.17740221,-51.90281299,194.8491024,6.615371909,267.71888,NA,99.97527135,2,2.486,0.364641956,0.446461307,0.691342378
Draa,Morocco,Palearctic,-7.592759236,29.64869382,95985.54152,20.10451955,683.8352092,0.431654476,98.25961701,5,14.28139774,0.900278622,0.554433405,0.643321224
Dry.creek,Australia,Australasia,138.6776519,-34.81995315,65.84717458,16.09340282,424.3176184,21.08714485,94.40429044,4,0.49599592,0.943598116,0.54994588,0.645183818
Duck,Australia,Australasia,145.0878948,-40.964418,387.4265252,12.19820439,273.4494748,0.359216936,99.92078024,11,6.136806682,0.671352755,0.450841655,0.689255093
Duiwenhoks,South Africa,Afrotropic,21.03608137,-34.13527803,1206.639149,17.31661015,375.5295717,0.298447251,93.22969299,4,0.549160127,0.632082638,0.364675883,0.732774729
Duong.Dong,Vietnam,Indo-Malay,103.9963538,10.24525258,117.877173,26.87006739,79.44936315,0.770386152,99.99392907,55,10.134,0.853496271,0.614804616,0.619269966
Dvina,Russia,Palearctic,46.61303492,61.79801616,378675.0623,0.921179655,1086.40553,0.358576819,99.98311817,33,81.7049577,0.838190799,0.146683713,0.872080059
Earn,United Kingdom,Palearctic,-3.845894075,56.3556151,961.1749024,7.336750743,422.2986649,11.12710619,94.36936681,17,18.09825718,0.539495429,0.126711763,0.88753844
Earthquake.Springs.Drain,Australia,Australasia,140.2639002,-37.26331863,2315.910616,14.51132251,338.158363,0.955065042,99.47193619,4,4.252966346,0.773595794,0.439788445,0.694546482
Ebinur.Hu,China,Palearctic,83.20285342,44.76019318,51814.1863,4.387850164,1326.571202,0.434602052,96.83731183,14,2.146368305,0.887513054,0.429774929,0.699410781
Ebro,Spain,Palearctic,-0.881320941,41.93273805,85718.27412,11.72658947,623.1176645,9.877691031,93.75484922,30,37.60601439,0.696709466,0.146038737,0.872570854
Eden,United Kingdom,Palearctic,-2.694773775,54.7097559,2342.899418,7.8598831,429.1782832,8.771029234,97.89613769,18,15.67492106,0.548516819,0.060771543,0.942710055
Eel,United States,Nearctic,-123.4438239,39.95938856,9429.554184,11.26760959,503.4948374,1.888446063,98.86655219,15,42.6625291,0.935400836,0.086025476,0.920788713
Eersterivier,South Africa,Afrotropic,18.7922238,-33.94578275,628.6189348,16.69591384,362.9068452,26.16674376,98.41800381,5,3.733549464,0.896969125,0.59295424,0.627764423
El.Abid,Tunisia,Palearctic,10.7727933,36.8813561,351.8572345,18.17754536,543.9930948,11.58826125,94.6350397,4,0.686,0.904143784,0.83738634,0.544251352
El.Fuerte,Mexico,Neotropic,-107.8283673,26.90969869,34784.23145,18.76613436,452.4689884,0.975479096,96.67253806,35,9.533468958,0.952871743,0.61711806,0.618384041
El.Kebir.Annaba,Algeria,Palearctic,7.316139082,36.79084879,2196.724366,16.75563702,550.6180906,8.285634756,99.58160492,4,2.279815865,0.934189826,0.413023722,0.707702202
El.Pescado,Argentina,Neotropic,-57.8702834,-35.00510784,520.252235,16.2031588,492.4676459,2.018773228,99.23905557,57,2.52387636,0.432035314,0.577800559,0.633793666
Elbe,Germany,Palearctic,12.95781843,51.2992934,143864.5137,8.316226287,682.6816151,28.42241001,95.80910898,46,29.45044023,0.591153033,0.029233768,0.971596571
Elizabeth,Australia,Australasia,131.0598548,-12.60533621,257.8092107,27.24780777,172.3364389,0.709855363,99.92383767,8,5.165078702,0.936945714,0.68076021,0.594968868
Ellen.Brook,Australia,Australasia,115.0223014,-33.89042036,71.41023892,16.65916676,339.0949762,1.612208575,99.90381922,3,9.248,0.867037111,0.75148248,0.570944906
Elliot,Australia,Australasia,147.8533126,-20.06578141,329.3421424,23.57992697,336.6253413,0.316775043,99.93437482,13,1.408565286,0.965014275,0.820498489,0.549300099
Elliott,Australia,Australasia,152.3317848,-24.97989229,339.1579665,21.47465438,369.9275563,1.585736662,99.68717451,28,1.251435022,0.780112671,0.756286075,0.569383322
Elqui,Chile,Neotropic,-70.50953394,-29.97571352,9453.094234,6.308225004,305.174578,0.644824393,99.74291617,5,1.303260205,0.95477388,0.399160018,0.714714534
Eman,Sweden,Palearctic,15.38996838,57.41878571,4258.665803,5.863834169,695.1047632,2.729655385,99.85990476,23,7.229036723,0.322062338,0.130306358,0.884715894
Embilikala.Oya,Sri Lanka,Indo-Malay,81.21751801,6.21650131,116.3446233,27.38457035,67.62450773,2.139389753,99.36813133,28,2.244,0.669879518,0.335389419,0.748845233
Ems,Germany,Palearctic,7.80371449,52.54352694,12369.78947,9.270086835,583.4589118,42.28041935,99.12850525,19,19.96944207,0.591197571,0.238811492,0.807225318
Emu,Australia,Australasia,145.8117339,-41.24829993,245.0999063,10.14539125,304.3773902,0.786404729,87.61365935,5,6.908,0.687479352,0.271180685,0.786670229
Enguri,Georgia,Palearctic,42.44562977,43.0049667,3277.436804,2.174797629,698.7836191,2.380561352,98.30455626,30,23.70495232,0.822218845,0.13953831,0.877548382
Eocheon.jeosuji,South Korea,Palearctic,126.8990818,37.27169473,114.8866313,11.4745984,1026.368507,121.1980972,97.47313045,20,6.156,0.889295889,0.080798474,0.925241869
Eojeon.ji,South Korea,Palearctic,126.9010396,37.04101789,270.4749102,11.57727073,1028.067221,32.40320754,98.59727772,32,2.684506173,0.890327572,0.136549781,0.879855873
Erne,United Kingdom,Palearctic,-7.4970539,54.1954187,4355.112452,9.200372125,388.9177131,6.207774043,98.56358531,6,14.68253496,0.48189732,0.084132791,0.922396231
Escambia,United States,Nearctic,-86.74602276,31.46121697,10975.23318,18.23143603,673.3689472,4.115059078,97.62060349,106,29.52648857,0.625742158,0.299175381,0.769719019
Escatawpa,United States,Nearctic,-88.39553972,30.88857604,2798.508871,18.87735712,657.3178317,10.49172902,96.22649554,70,17.44296324,0.513701588,0.138569143,0.878295364
Esfahan,Iran,Palearctic,51.77968064,32.46189264,41635.95197,13.75831892,904.3692562,5.543994546,97.38274305,11,5.328901222,0.974038488,0.176159201,0.850225037
Esino,Italy,Palearctic,13.11133498,43.44325511,994.4562867,12.93900848,677.3817451,23.99927044,99.15670763,11,8.324047057,0.59801747,0.102951525,0.90665816
Esk.NZ,New Zealand,Australasia,176.7691228,-39.2824514,280.0148068,12.24218376,365.343073,2.637983263,99.84250907,12,5.543004024,0.370324504,0.487284093,0.6723665
Esk.UK,United Kingdom,Palearctic,-2.938137627,55.16524287,1238.661626,7.679966548,424.8702897,15.42876959,99.88406725,16,12.02643759,0.475729274,0.09496289,0.91327296
Esperance,Australia,Australasia,146.8918727,-43.30577566,253.0006541,9.510556962,293.1688009,0.248048078,99.93807596,8,4.248391514,0.561222888,0.384910854,0.722068137
Essequibo,Guyana,Neotropic,-59.93877262,5.168702372,153963.9676,25.58539593,56.8448644,0.112682575,99.95879656,573,141.5191127,0.553915202,0.165170804,0.858243269
Eumeralla,Australia,Australasia,142.0569687,-38.12265987,904.6407477,13.55600774,331.1549568,0.985567957,99.81734535,10,1.967963813,0.783987481,0.609501424,0.621310416
Evinos,Greece,Palearctic,21.79673078,38.59959175,1105.990108,11.95791288,653.5012793,7.540137053,86.9327825,10,5.767257631,0.862668592,0.263178588,0.791653698
Evros,Bulgaria,Palearctic,25.84853041,41.87536406,53005.94877,11.56844958,753.4212774,5.807246327,93.03713542,57,14.18454919,0.77051384,0.101856119,0.90755951
Evrotas,Greece,Palearctic,22.44600772,37.13918794,1902.879277,13.7691279,635.2231327,6.107220054,98.94718271,6,7.452440934,0.932115541,0.266934799,0.789306601
Eye,United Kingdom,Palearctic,-2.223523897,55.86248616,115.700409,7.595762707,438.9251814,4.903739929,99.84253568,8,1.68,0.512650602,0.03232139,0.968690574
Fagnano,Argentina,Neotropic,-67.98347103,-54.54548545,3468.766046,4.245525248,321.4832541,0.542912774,99.98983463,4,4.88894731,0.391326318,0.402163325,0.71318368
Fangcheng,China,Indo-Malay,108.1325695,21.81515638,768.2321307,21.30989147,539.6597916,0.966107041,99.90971493,25,18.72045799,0.899462826,0.426902686,0.70081864
Fatala,Guinea,Afrotropic,-13.62537024,10.61398613,6216.820783,27.57148056,178.8301095,0.364771672,99.81432658,49,44.06186419,0.945069931,0.705166319,0.586453057
Filiouri,Greece,Palearctic,25.60225989,41.12344246,1833.024156,12.74170336,732.5653617,3.77218169,99.42223725,18,3.208487369,0.822484081,0.165557436,0.857958578
Firtina,Turkey,Palearctic,41.07305372,40.95464661,1155.362883,5.297178552,774.2627358,2.441732824,99.93278953,37,9.140404411,0.670214559,0.292770458,0.773532528
Fitzroy.Queensland,Australia,Australasia,148.9628038,-23.99241953,141059.2686,21.40460349,464.4790126,0.27064877,97.93398926,43,6.541146608,0.793993798,0.732287407,0.577271413
Flinders.Norman,Australia,Australasia,142.3423085,-19.20734614,230998.7953,25.48403353,398.6478192,0.021614289,99.82238032,66,8.137804868,0.966713979,0.666957588,0.599895287
Flumendosa,Italy,Palearctic,9.353150539,39.72579576,1857.303479,13.97243328,593.4647568,11.21160984,83.29224428,9,7.687565212,0.919801717,0.188917293,0.8411014
Fly,Papua New Guinea,Australasia,141.8706844,-6.398469364,63758.43515,24.30866771,70.7935115,0.098743504,99.99316607,125,323.9295833,0.251953896,0.096584275,0.911922615
Foglia,Italy,Palearctic,12.56725898,43.78580354,701.5366291,12.95455014,684.8987401,NA,99.37693528,10,5.794477305,0.603098695,0.139136264,0.877858103
Forth,United Kingdom,Palearctic,-4.165539409,56.21181826,1653.854363,7.379068699,410.1813635,6.547516823,95.58630525,18,14.11431394,0.551882031,0.16721584,0.856739573
Fortore,Italy,Palearctic,14.98009731,41.57740349,1620.612617,13.72485913,633.6128424,17.40295792,86.81545957,4,5.052175996,0.747471743,0.302941038,0.767494438
Foyle,United Kingdom,Palearctic,-7.467099118,54.72657755,2929.747208,8.919545018,377.1444931,5.438989878,99.86584211,7,16.79537178,0.547723667,0.092057876,0.915702384
Frades,Brazil,Neotropic,-39.60329061,-16.59848138,1452.343734,23.83450029,157.4025226,0.951015428,99.9152106,16,6.932516826,0.487046916,0.717636353,0.58219541
Frankland,Australia,Australasia,117.177475,-34.28597792,4783.734546,15.26819989,387.5956353,0.391638882,99.74554589,12,6.521222571,0.888806267,0.622280958,0.616416038
Fraser,Canada,Nearctic,-122.3929094,52.37318447,231574.4602,2.575187922,811.0776948,1.168473706,99.03687454,36,95.4480585,0.725518348,0.087248497,0.919752939
Fukushima,Japan,Palearctic,131.2281137,31.55073463,158.9805095,16.04217059,732.6439149,14.03920031,99.81379523,9,7.489,0.709626209,0.133552363,0.882182449
Fuzhou.He,China,Palearctic,121.8920743,39.71307745,1827.198027,9.386310385,1137.986115,5.819607258,85.0979446,18,2.376232904,0.884183077,0.541260802,0.648819459
Gabreek,Iran,Palearctic,58.46136183,26.24663468,4638.496076,24.88550751,534.4813464,0.449973896,99.97155089,9,2.857050776,0.995190142,0.539251378,0.649666464
Gairdner,Australia,Australasia,135.9585137,-31.91925503,12939.97175,18.2700316,512.002565,0.007696959,99.95654294,1,0.124474225,0.92700233,0.420829119,0.703814404
Gal.Oya,Sri Lanka,Indo-Malay,81.50745561,7.196068841,1957.525733,26.76575911,121.686128,3.349455297,86.00281574,35,12.61025621,0.877212508,0.345853926,0.743022687
Gallegos,Argentina,Neotropic,-71.25302958,-51.91579642,10318.91926,5.751065506,399.5149663,0.257590216,99.96572933,6,16.79461228,0.473129356,0.379935569,0.724671515
Gallikos,Greece,Palearctic,22.93058442,40.92464534,1154.721471,13.5232015,787.3981085,14.9052763,99.49231867,8,0.978481179,0.740450995,0.188902463,0.841111892
Gamtoos,South Africa,Afrotropic,23.64064059,-32.73645249,34699.75421,16.06250927,458.6772629,0.228293683,92.77170086,11,1.267182201,0.538252664,0.305908389,0.765750499
Ganges,Nepal,Indo-Malay,85.2387796,27.05822308,1575674.527,17.1645817,562.814871,4.085940599,98.29439997,367,251.7346955,0.899027591,0.349414198,0.741062308
Gardner,Australia,Australasia,116.2013885,-34.69252318,519.1162221,15.28707426,308.9219357,0.427061155,99.97709805,9,5.807991454,0.864494056,0.466877109,0.681720366
Garonne,France,Palearctic,1.57034062,43.95187393,55217.94818,11.14627717,574.0121055,12.66552734,94.60844389,26,39.90236873,0.703132376,0.048196218,0.954019851
Gascoyne,Australia,Australasia,116.9651952,-24.82739595,74388.18433,23.7477739,623.5324824,0.010725256,99.97870865,6,2.053798385,0.925069598,0.824062147,0.548226935
Gawler,Australia,Australasia,138.8765796,-34.5951438,1296.72131,15.28385471,449.9988105,16.5942297,91.74737275,7,1.269280563,0.926458885,0.67625928,0.596566421
Gayabos,Mexico,Neotropic,-104.9994955,19.5724209,185.2670845,24.98168859,196.2015677,1.898358077,99.95348114,83,1.958,0.927356322,0.661329031,0.601927723
Geba,Guinea-Bissau,Afrotropic,-14.32486599,12.47689582,12914.32931,26.64959871,215.8862537,0.335243031,99.84830442,96,10.29779234,0.925495074,0.526868437,0.654935275
Gediz,Turkey,Palearctic,28.34613882,38.68700045,16791.23636,13.89095098,727.560203,14.37109065,95.0888666,37,9.311265362,0.934931282,0.256498786,0.795862289
Genale.Wenz,Ethiopia,Afrotropic,41.90895117,4.544766094,666501.9603,25.37201192,105.7376254,0.147237513,99.70048264,30,11.81798795,0.8375334,0.612404307,0.620191844
George.Tasma,Australia,Australasia,148.0648712,-41.28940897,533.7031887,11.40981313,318.1544401,0.741981551,99.92905416,10,3.040709395,0.618236913,0.403903594,0.712299622
Georges,Australia,Australasia,150.917222,-34.0356176,933.8976712,16.75511145,400.0768103,26.57431507,86.3841513,35,3.294560136,0.362365081,0.374634317,0.727466198
Gharasu,Iran,Palearctic,54.36912366,36.79410635,1535.541646,15.49807232,829.5560766,4.707841814,99.75085955,14,0.927761212,0.892957249,0.282264181,0.779870494
Giang,Vietnam,Indo-Malay,105.9964238,17.83870247,3038.880534,23.55493388,352.4674007,0.642395005,99.06529704,53,33.4564802,0.95597851,0.543873569,0.647721433
Gin.Ganga,Sri Lanka,Indo-Malay,80.3400969,6.254218454,923.6243984,25.83618642,53.97496305,15.50076199,99.48161195,57,27.85802087,0.799264542,0.379941817,0.724668234
Girikula.Ara,Sri Lanka,Indo-Malay,81.75261447,6.646582155,25.66398524,27.36413676,107.277614,2.139389753,99.8262,28,3.384,0.791863385,0.335389419,0.748845233
Glen,United Kingdom,Palearctic,-0.494712885,52.69236392,1733.08004,9.447546814,472.753711,49.54762936,91.48535681,21,5.189840048,0.634111419,0.145289199,0.873141911
Glenelg,Australia,Australasia,141.7322671,-37.53659591,12160.47299,13.37057319,377.3827387,0.542177714,95.90302427,19,3.121458937,0.735633204,0.399508856,0.714536386
Glomma,Norway,Palearctic,10.49653233,61.38185624,41930.43322,1.150324178,760.0505686,3.289571822,97.80264161,17,51.55641609,0.869412193,0.050211306,0.95218933
Goascoran,El Salvador,Neotropic,-87.79797628,13.78048286,2748.826492,24.60852757,96.70077395,3.24749577,99.7912721,22,8.513547127,0.913706831,0.653412842,0.604809624
Godavari,India,Indo-Malay,78.85741523,19.53480738,309469.4578,26.28859536,401.3635905,5.035475731,90.80604251,93,82.60708849,0.960010214,0.270142246,0.787313392
Gogol,Papua New Guinea,Australasia,145.4977676,-5.196834752,2076.618259,24.8314192,35.97997364,0.225606889,99.95004974,31,27.84745391,0.474335874,0.728994941,0.578370692
Gokase,Japan,Palearctic,131.4782989,32.71482884,1823.785211,13.1812929,774.9064908,13.8770802,98.39762554,5,27.14194795,0.728642479,0.144146543,0.874013916
Goksu,Turkey,Palearctic,33.05668539,36.73948147,11213.953,10.917629,772.9441847,7.244439721,97.88994241,28,16.02970077,0.94521541,0.276247883,0.783546843
Golo,France,Palearctic,9.154964276,42.4381161,1076.597057,11.85251186,576.7714024,1.861816794,94.8296032,10,6.437878622,0.790931089,0.427274684,0.700635982
Gombak,Malaysia,Indo-Malay,101.6437556,3.126857506,1245.946352,26.73282424,36.85176712,58.46467543,93.77828227,58,23.99418045,0.437203559,0.251582017,0.798988789
Gonen,Turkey,Palearctic,27.4228494,39.9760521,2063.996691,12.99212342,674.8939797,8.233800173,92.13970228,44,6.844716875,0.929229414,0.070206693,0.93439894
Gonokawa,Japan,Palearctic,132.7282532,34.85878393,3905.190135,13.16598817,833.1030793,57.88556671,93.54062977,18,28.772138,0.396232891,0.677800219,0.596018518
Gordon,Australia,Australasia,145.9924606,-42.5316951,5058.551569,9.277865372,308.2671548,0.103439916,96.7871762,11,40.2079032,0.592935743,0.429023978,0.699778321
Gorgan,Iran,Palearctic,55.32631843,37.19252957,11593.83472,14.71776083,817.1096346,2.742482662,97.54791191,41,6.124824451,0.957372842,0.025926944,0.974728275
Goryeo.ji,South Korea,Palearctic,126.396204,37.75490101,97.79260469,10.69242702,1020.026144,121.1980972,99.73661805,19,9.43,0.871098315,0.580049077,0.632891734
Gota.alv,Sweden,Palearctic,12.97756326,59.62345026,51083.87941,4.64077446,753.0995723,3.386806011,97.45287989,34,27.35638671,0.325910539,0.122294522,0.891031704
Goukou,South Africa,Afrotropic,21.35448925,-34.15942279,1383.747728,17.00209184,345.3083545,0.22744856,93.46970326,21,0.422765002,0.557923853,0.220486574,0.819345351
Gourits,South Africa,Afrotropic,21.7448697,-33.18793455,45622.11047,16.24894154,446.7371113,0.506258227,95.27000551,12,1.841763374,0.52714828,0.369782784,0.730042757
Grand.Pabos,Canada,Nearctic,-65.00251426,48.46936195,625.7961735,2.107658476,1038.372102,0.466266513,99.99964468,10,9.408627643,0.953828062,0.243721184,0.804038729
Grande.Argentina,Chile,Neotropic,-68.71158263,-54.0062178,8489.871656,5.165082673,342.3001508,0.288592108,99.9799887,3,4.457662429,0.426877752,0.257934375,0.794954029
Grande.Mexico.Pacifico,Mexico,Neotropic,-98.29865579,16.80973604,6979.284989,24.50832745,124.5147017,1.864731759,99.9309101,9,33.52598787,0.962343622,0.54289773,0.648131098
Grande.Panama,Panama,Neotropic,-79.59455179,9.009999841,205.7674245,26.52741584,67.08126393,6.013841331,98.89529431,52,8.062,0.758624454,0.252050303,0.798689955
Grande.USA,United States,Nearctic,-103.6864733,30.50111728,480465.5835,16.42535572,683.9409809,3.454229176,95.80392445,154,7.911505209,0.788064627,0.269086104,0.787968599
Great.Fish.River,South Africa,Afrotropic,25.84793436,-32.2573945,30410.58622,15.64071846,414.6148958,0.616404235,92.11884553,81,1.906428349,0.672371944,0.270104179,0.787336989
Great.Forester,Australia,Australasia,147.5848756,-41.12410597,540.4165879,11.9277761,328.729363,1.930512965,99.90325207,11,5.402281372,0.694682686,0.482893585,0.674357223
Great.Kei,South Africa,Afrotropic,27.2575321,-32.00312048,20508.8031,15.71763147,361.7986192,1.619652063,90.4400682,34,5.227083237,0.629306018,0.519612612,0.658062451
Great.Musselroe,Australia,Australasia,148.0986726,-41.00331663,392.1420764,12.58031562,318.3103299,0.072862534,97.18482801,7,2.025646865,0.657493519,0.4175236,0.705455627
Great.Spectacle.lake,Australia,Australasia,143.7648087,-35.79556686,111.2455014,16.10091716,527.4565902,0.751405686,100,3,0.106,0.897727273,0.445189079,0.69195098
Greenough,Australia,Australasia,115.6690971,-28.30935575,12291.72551,20.56298899,569.0231888,0.122113274,99.95710297,6,1.346058511,0.879552664,0.844015157,0.542294892
Greens.Bayou,United States,Nearctic,-95.48908612,29.80147667,2676.117965,20.57246336,650.8231624,161.5514584,96.98649797,40,7.003136337,0.607639538,0.232161572,0.811581876
Gregory,Australia,Australasia,152.2669703,-25.22334743,939.0952727,20.97543879,385.6553704,1.43836081,90.60088838,17,1.367316053,0.770976212,0.695839401,0.58967848
Grey,New Zealand,Australasia,171.7083766,-42.43040308,3937.847676,9.473185077,369.362745,0.409888282,99.90975009,18,51.75028528,0.356986232,0.445692754,0.691709907
Griffiths.Rivulet,Australia,Australasia,147.877189,-42.69990727,248.5812545,11.63408266,295.8802258,4.116295278,99.88329275,3,1.323,0.477172312,0.275631513,0.783925444
Guadalete,Spain,Palearctic,-5.65839426,36.75598087,3387.727514,16.6249924,525.2623462,13.14463568,81.20008812,9,5.039099621,0.931622463,0.161198411,0.86117927
Guadalquivir,Spain,Palearctic,-4.442566512,37.74063131,57074.78662,15.62355321,656.9855518,11.17887139,88.17969804,25,9.608161241,0.920686207,0.076202687,0.929192997
Guadalupe,United States,Nearctic,-97.95450122,29.58178576,15777.64583,19.79221084,675.7414496,13.52341628,94.24143218,76,16.00610298,0.635205393,0.229304408,0.813468164
Guadiana,Spain,Palearctic,-5.316779821,38.79671184,67075.76846,15.28656624,647.5595197,4.500950992,91.93265619,25,10.40320179,0.932565147,0.065160817,0.938825372
Guaiba,Brazil,Neotropic,-52.47998286,-29.42389513,71536.80242,18.39011967,373.5559545,5.982726336,97.08736008,125,90.91472538,0.516234275,0.566383698,0.638413181
Gualala,United States,Nearctic,-123.3111889,38.69981546,908.5149345,12.68714393,352.5977102,1.100898266,99.94678121,14,6.087669815,0.947465738,0.05848985,0.944742172
Gudenaa,Denmark,Palearctic,9.703557539,56.21154024,2741.657252,7.516974285,612.5217822,14.4245019,95.46257256,26,10.89090233,0.588164565,0.124241411,0.889488672
Guir,Algeria,Palearctic,-2.228997428,29.66576548,201087.4594,22.89679651,870.9006357,0.088313514,99.50041592,2,1.898559753,0.775771561,0.624366643,0.61562456
Gumista,Georgia,Palearctic,41.00518243,43.19812512,583.6273303,7.791908085,674.1392592,1.395887196,99.92750658,20,10.72897528,0.646340401,0.190920831,0.839686379
Haast,New Zealand,Australasia,169.4555894,-43.93328926,1421.253431,6.77972198,420.1330567,0.050986616,99.96765313,13,49.30962348,0.415399022,0.474078509,0.678389919
Hacking,Australia,Australasia,151.0442273,-34.11369365,130.5154334,16.53852337,365.820998,6.358555794,99.06886104,25,0.840887247,0.364239637,0.703146649,0.5871485
Hadachon,South Korea,Palearctic,129.4164018,36.79016728,97.44448245,12.19408704,866.5173784,9.85035789,99.9444923,21,2.533,0.769187038,0.583524425,0.631502732
Haemyong.ni,South Korea,Palearctic,128.6449016,34.930779,252.3053958,13.63004917,823.9527317,19.75603557,79.34321045,27,5.153,0.813994686,0.631103619,0.613081835
Hai.He,China,Palearctic,114.6788873,38.64303641,211476.8226,9.663222083,1103.224139,12.03174591,92.0078887,123,6.527073005,0.877781238,0.175828427,0.850464215
Haksan.chon,South Korea,Palearctic,126.6055414,34.7532171,115.2246912,13.33431815,886.4368741,9.527025938,99.85971396,35,6.291,0.774814651,0.136100594,0.880203747
Hami,China,Palearctic,92.97507822,42.90050493,18967.87296,8.392690657,1287.224193,0.075922413,99.21557511,8,0.0377627,0.978280706,0.355627641,0.737665691
Han,South Korea,Palearctic,127.9272149,37.64027433,25315.5564,9.286793015,1013.545902,81.03466797,95.46065336,85,40.71786958,0.89907941,0.113689134,0.897916635
Han.Korea,North Korea,Palearctic,127.0737539,38.35555343,8066.094829,8.974089387,1043.621506,146.8088388,97.18319311,105,21.00641042,0.918003797,0.228376798,0.814082456
Hanjiang,China,Indo-Malay,116.2372566,24.56927019,29501.0677,19.44975852,602.8725388,6.579674542,95.32200355,92,46.94643614,0.774506207,0.392039807,0.718370261
Haraz,Iran,Palearctic,52.06052242,36.057487,4033.625226,7.634609924,962.066796,14.26619792,93.20279391,32,9.320419582,0.901771161,0.059687099,0.943674789
Haso,South Korea,Palearctic,129.4216518,35.70650098,82.07122876,12.99173915,824.0780809,76.24979115,99.71728113,15,3.51,0.742641047,0.500183049,0.666585321
Hassan.Langi,Iran,Palearctic,56.80697854,27.64968879,3303.600236,23.60679416,651.458728,1.570081264,99.87468047,10,2.723084536,0.985314867,0.187224216,0.842300878
Hastings,Australia,Australasia,152.4931245,-31.357804,3638.713168,16.61148327,392.8394921,3.039841592,99.92146929,35,7.813112581,0.428048036,0.734143394,0.576653582
Hatea,New Zealand,Australasia,174.3171683,-35.71111893,112.2721614,14.71147155,303.9400364,1.25861378,90.26907974,9,3.256,0.614223855,0.3630573,0.733644873
Haunted.Gully,Australia,Australasia,143.3173506,-37.89476289,702.2859331,13.36266474,386.3442471,3.260822475,99.94424591,3,2.045173339,0.623157406,0.591251835,0.628436039
Hawkesbury,Australia,Australasia,150.4002503,-33.78241471,21256.4605,14.43894753,443.5277777,24.91559982,94.09206477,60,9.123630332,0.358758848,0.262191564,0.792272765
Hay.1,Australia,Australasia,117.5233614,-34.75312659,1424.376807,15.103567,330.2104729,0.394092984,99.9804819,6,3.705119581,0.870380428,0.51400095,0.660501567
Haya,Japan,Palearctic,139.0425366,35.23339577,113.5120136,12.5422917,737.6833138,821.9064636,98.97542983,2,3.517,0.480365044,0.198053462,0.834687292
Hazako,Japan,Palearctic,136.7766807,34.31990136,8.246693355,15.53333325,754.7360501,62.14790249,99.8505266,8,19.658,0.597517962,0.713846033,0.583482985
Heaphy,New Zealand,Australasia,172.2325462,-40.95194867,298.7826976,9.684397744,339.7376309,0.170627311,99.99943147,10,11.88673933,0.345611046,0.398228268,0.715190805
Heathcote,New Zealand,Australasia,172.6075712,-43.55769616,114.32375,11.9120112,385.2481848,9.174983263,96.01182318,11,1.339,0.812449906,0.486854031,0.672560977
Heda.Oya,Sri Lanka,Indo-Malay,81.56008678,6.901127584,625.5611332,26.97904208,112.5172962,2.220288664,94.51518118,31,6.210627932,0.839992574,0.336317985,0.748324883
Heichan.Wan,South Korea,Palearctic,127.3901333,34.61603044,23.36502004,13.665404,862.7515444,12.2022965,99.91,17,10.32,0.794544937,0.563282937,0.63967947
Hekirichi,Japan,Palearctic,140.5636405,41.93000985,110.7023093,7.203779068,903.9674342,11.42650175,99.51647277,2,2.763,0.862550533,0.297388382,0.770779216
Helawe.Ara,Sri Lanka,Indo-Malay,81.74814713,6.700101341,63.29415029,27.36770831,113.313429,2.139389724,99.79696463,28,3.384,0.791863385,0.335389419,0.748845233
Heleh,Iran,Palearctic,51.62713475,29.43012091,11061.07209,21.0712115,860.4479026,3.633885086,99.49175312,15,9.292909313,0.97574721,0.200811898,0.832769896
Helge.a,Sweden,Palearctic,14.00309662,56.35139104,4600.739772,6.695025587,653.965694,5.570461631,99.81309278,22,9.64633845,0.385661423,0.149627167,0.869847224
Helmand,Afghanistan,Palearctic,65.43962195,32.20142384,212142.3591,13.70907914,987.869903,0.543763049,98.78133722,27,21.926627,0.958637898,0.21151884,0.825410193
Henty,Australia,Australasia,145.4476166,-42.00638772,518.7867472,10.35033868,285.6395534,0.401465021,95.65503805,6,16.29371749,0.541318544,0.350075092,0.74069954
Herault,France,Palearctic,3.481485706,43.73051091,2796.574674,12.83177257,589.4374897,17.8655405,97.47697112,26,18.10370636,0.807521231,0.126885595,0.887401529
Heraz,Turkmenistan,Palearctic,61.27186247,36.77680964,290431.5057,14.15072335,1002.32287,3.234526455,97.91446321,49,16.31621466,0.962836429,0.057806063,0.945352872
Heuningnesrivier,South Africa,Afrotropic,19.91459294,-34.56440599,1840.750611,16.83942467,302.8392596,0.833705753,98.14183507,7,0.597830431,0.847864614,0.525821334,0.655384728
Heyan,Iran,Palearctic,59.55325682,26.18139961,8502.577543,25.74660991,557.5415269,0.335950725,99.95837716,8,2.430677372,0.997545177,0.545310482,0.647119146
Hillsborough,United States,Nearctic,-82.25258862,28.16711581,1811.494086,22.14606161,467.7829975,41.17022753,99.43735665,61,4.954562547,0.38534737,0.399560171,0.714510187
Hindmarsh,Australia,Australasia,138.589732,-35.4572625,117.4369558,14.97275639,359.9787545,7.522536516,98.63042372,3,0.122,1,0.621413475,0.61674583
Hinds,New Zealand,Australasia,171.4665129,-43.85538689,419.5932845,10.64056048,400.7231363,0.686041147,99.70348035,11,3.878802895,0.540896533,0.511193503,0.661728626
Hirotogawa,Japan,Palearctic,131.3094289,31.6779964,331.9858099,15.40383154,733.455814,14.03920031,94.51959972,12,8.765551926,0.702083997,0.144807798,0.873509074
Hoje.a,Sweden,Palearctic,13.27459861,55.66030908,362.4560778,7.947766284,641.96671,13.43990016,99.59077439,16,4.893004441,0.679922454,0.202179255,0.831822705
Hokitika,New Zealand,Australasia,171.0769622,-42.94227727,1124.385934,8.584061617,370.7111353,0.39661485,99.9373866,17,26.33490808,0.367400108,0.49036599,0.670976127
Homathako,Canada,Nearctic,-124.7912235,51.40403313,5768.358234,0.287383948,673.0621016,0.031048521,99.99967081,22,11.18529917,0.799589174,0.22671077,0.815188082
Hondo,Mexico,Neotropic,-88.68233158,19.19713744,7364.197634,25.59597228,171.2624037,1.259164006,99.90611782,43,3.579461124,0.796222812,0.39766319,0.715479958
Hopkins,Australia,Australasia,142.9819841,-37.76838285,8757.957868,13.02501553,388.0617432,1.955114454,98.88797188,24,5.79051091,0.73021078,0.355660075,0.737648042
Hoteo,New Zealand,Australasia,174.5732533,-36.33346418,403.6112566,14.48658921,302.1416163,21.71200514,99.75332853,10,8.563766088,0.683305502,0.501851704,0.665844702
Houailou,New Caledonia,Australasia,165.4734214,-21.3158658,448.8512331,21.568217,238.5678999,2.691174984,99.95730965,5,5.434169092,0.585716323,0.743054822,0.573705421
Housatonic,United States,Nearctic,-73.29699387,41.8372448,5005.834124,8.415906957,942.7295739,103.3103199,95.7237607,38,25.2944169,0.451414261,0.165095126,0.858299016
House.creek,Falkland Islands,Neotropic,-59.51846747,-51.59443666,38.75397343,6.677115382,273.009614,NA,99.91045,2,4.052,0.370262391,0.446461307,0.691342378
Huanghe,China,Palearctic,106.9050706,36.59862276,776393.4,6.017772557,987.3651622,2.771143079,96.31195617,138,62.18762938,0.645236269,0.162478067,0.860231284
Huasco,Chile,Neotropic,-70.32151406,-28.9716178,9776.491572,6.160060423,276.1546141,0.55029837,99.8828316,7,1.093130566,0.978413136,0.441797212,0.693578814
Huatokitoki,New Zealand,Australasia,176.5284976,-40.24315178,836.6618361,12.80737405,352.2126793,0.408047549,99.83326855,10,7.704325854,0.709569358,0.448917857,0.69017025
Hudson,United States,Nearctic,-74.10358259,42.68353262,34795.07612,7.339153661,979.8231944,31.10841608,94.65725465,93,69.29396868,0.655821759,0.098328568,0.91047436
Humber,Canada,Nearctic,-57.29604714,49.14409353,7641.770386,2.539581951,889.5785579,0.297528997,97.77227032,9,34.24382078,0.722490884,0.207151023,0.828396763
Humboldt,United States,Nearctic,-117.1388055,40.44692104,53695.01542,8.661330947,833.179166,1.335944757,95.4327878,11,4.666244662,0.963572753,0.090686012,0.916854153
Hungnim.josuji,South Korea,Palearctic,126.662854,36.13336535,86.31707077,12.24941459,944.8676899,15.00964975,74.92160779,35,3.159,0.826177792,0.580434099,0.63273755
Hunter,Australia,Australasia,150.8643384,-32.34262963,21500.97852,16.31235928,477.2922922,5.534377456,94.9457856,41,3.524178897,0.37550992,0.301630878,0.768266962
Huon,Australia,Australasia,146.6892269,-43.0796123,2995.17152,9.018493316,311.5638033,0.449064739,99.93996638,13,16.72712901,0.575470293,0.447936117,0.690638204
Huong,Vietnam,Indo-Malay,107.596727,16.23436005,1703.145533,24.38587034,305.4447078,2.224583238,97.25640958,84,35.58549673,0.951895571,0.375762118,0.726869847
Huongsan,South Korea,Palearctic,129.2098962,35.90629101,1146.030685,12.40076794,891.5985509,59.47259712,94.42533813,35,6.044572135,0.742876317,0.103549299,0.906167038
Hurst.creek,Australia,Australasia,147.4403158,-41.12372441,255.984752,12.27127021,332.3357926,2.038211495,99.92149984,7,1.9701859,0.690254677,0.37232775,0.728688901
Hurunui,New Zealand,Australasia,172.5540857,-42.80375902,2690.809365,9.240561081,410.5092585,0.156693686,99.89749247,13,20.59972618,0.598302078,0.506792127,0.663661551
Hutt,Australia,Australasia,114.5001589,-28.11933782,1324.351407,20.42042236,483.1559183,0.616249904,99.9425426,4,0.725487859,0.915714941,0.767101554,0.565898433
Hwasang.chon,South Korea,Palearctic,128.7449836,37.92914951,65.88622339,11.40212856,865.4886136,10.50388801,99.86971024,25,5.37,0.8489027,0.561990773,0.640208647
Hyams.creek,Australia,Australasia,150.7807844,-34.64365407,121.8717393,16.21554314,353.1326657,16.54578018,99.81829253,6,1.494,0.381087025,0.803385239,0.55451269
Hyoja.je,South Korea,Palearctic,126.2428419,36.74948004,40.45629846,11.92212112,957.7378318,15.00964975,99.9049,22,6.805784949,0.865209824,0.506879666,0.663622997
Ibi,Japan,Palearctic,133.030294,35.31840446,2043.532551,13.52448622,826.3923658,13.10058761,96.74128203,18,20.56345494,0.253399945,0.597978361,0.625790702
Ichkeul,Tunisia,Palearctic,9.576079019,37.05548975,2775.687961,17.36051542,600.6308966,3.14928931,84.72581374,9,2.429069422,0.880684813,0.927631288,0.518771409
Ijser,Belgium,Palearctic,2.749054219,50.92762847,1332.984705,10.07592631,509.2546847,29.1994319,99.47446694,19,7.106335959,0.612969131,0.131985601,0.883403463
Imchon.josuji,South Korea,Palearctic,126.7377122,34.62169091,57.04610545,13.4068723,876.0876909,9.52702558,99.78977023,33,6.876,0.779680365,0.12185323,0.8913822
Imperial,Chile,Neotropic,-72.49582623,-38.49465127,12062.03934,10.72085587,361.1673876,1.409414947,99.78522698,13,32.02604842,0.92594286,0.311125462,0.762703516
Incomati,South Africa,Afrotropic,31.56154103,-25.27816194,46288.39321,20.4564831,310.9147504,1.590506494,92.94460798,96,13.36951108,0.881662612,0.304704459,0.766457103
Indalsalven,Sweden,Palearctic,14.16872805,63.47236235,25902.00527,1.517674069,766.3259086,0.592524484,96.395543,24,43.89785866,0.568881345,0.122426967,0.890926563
Indus,Pakistan,Indo-Malay,73.25024183,32.3088572,858196.1174,12.27548474,831.7980516,3.508588254,97.98176986,238,138.5374506,0.82494757,0.274259915,0.784769252
Inglis,Australia,Australasia,145.6082231,-41.07908538,466.5109013,11.446545,289.9843401,0.689596921,99.91929724,10,5.909975413,0.659375391,0.425637563,0.701440553
Irharhar,Tunisia,Palearctic,8.691565096,33.52532645,26137.44329,21.77959739,779.1166405,0.821369171,99.90064288,4,0.377334408,0.992787817,0.080423892,0.925562649
Irminio,Italy,Palearctic,14.73579998,36.94131934,256.8479284,15.55201649,570.4963901,8.678490162,62.28622377,4,0.725545616,0.924361845,0.166552258,0.857226921
Irrawaddy,Myanmar,Indo-Malay,96.08179965,23.60063155,375475.3104,21.75893759,382.1776905,1.552682556,99.09439861,195,663.515838,0.899208452,0.364899262,0.732654803
Irwell,New Zealand,Australasia,172.2095607,-43.59922801,2512.48947,11.17880568,396.7952261,6.907251835,99.58646543,11,8.383634776,0.514675712,0.472317317,0.679201412
Irwin,Australia,Australasia,115.5164516,-29.00059413,6138.295947,19.99173991,547.6855103,0.140071422,99.95281262,3,1.296369386,0.89668835,0.597209356,0.626092
Isa,South Korea,Palearctic,127.4335891,34.98251725,364.7457752,12.59911349,898.0818553,18.27298713,86.59747888,33,2.967511769,0.850827036,0.532667557,0.652457211
Isis,Australia,Australasia,152.3983428,-25.3778432,1382.687149,20.86715359,381.8175185,1.43836078,95.37531794,25,1.008620926,0.759919875,0.693339904,0.59054889
Issyk.Kul,Kyrgyzstan,Palearctic,77.53561233,42.42372476,21952.63538,2.768815115,864.0471367,0.235930607,99.52182423,11,2.441453347,0.973792259,0.148703706,0.870546508
Itanhaem,Brazil,Neotropic,-46.80212008,-24.06247566,926.7069517,20.50251887,246.6744328,73.98639679,99.91175296,49,10.61192034,0.505937586,0.295416527,0.771952479
Itanhem,Brazil,Neotropic,-40.15634053,-17.24492373,6460.780141,23.75413345,173.9398546,0.66825144,99.2851527,28,11.07821261,0.711868914,0.340530939,0.745973085
Itapecuru,Brazil,Neotropic,-44.19727379,-5.396603602,52761.38387,26.2406985,100.8371652,0.308423337,99.93094195,71,28.86473969,0.605817882,0.216123459,0.822284935
Itata,Chile,Neotropic,-71.95227463,-36.72168635,11430.79025,11.31890852,424.2515971,3.038374811,99.6873809,14,31.7613972,0.940833995,0.3344788,0.749356228
Itaunas,Brazil,Neotropic,-40.19036692,-18.23134077,4687.578129,23.92845983,180.7700635,1.165841833,99.06515762,46,6.892524278,0.726124897,0.424324895,0.702087005
Ivoloina,Madagascar,Afrotropic,49.19629886,-17.97792268,717.3889084,22.54734634,231.0305094,0.261015404,99.94383318,2,19.80344952,0.634451361,0.591018701,0.628528124
Ivondro,Madagascar,Afrotropic,48.85929043,-18.13698012,3626.718906,20.72676433,247.2479654,0.235536274,99.95569265,46,48.26207167,0.634695481,0.676995409,0.596304554
Iwaki,Japan,Palearctic,140.4815026,40.68735683,2558.296463,9.033389346,922.0190352,22.25173855,94.45172356,11,22.53933059,0.675846064,0.429450137,0.699569698
Iznik,Turkey,Palearctic,29.54080178,40.45238116,1306.667859,13.02310893,669.2925478,43.55935144,99.66199386,15,5.965803549,0.771073914,0.110347611,0.90061886
Jaboatao,Brazil,Neotropic,-35.10905858,-8.200044151,930.0308331,24.25119756,109.4088759,8.711876154,99.31748214,7,6.996901374,0.85836348,0.567104427,0.638119568
Jack,Australia,Australasia,146.5346789,-38.55718323,393.6157259,13.24851393,348.5774772,2.840979517,99.76402132,17,1.306210876,0.523910765,0.345472155,0.743233516
Jaguaribe,Brazil,Neotropic,-39.31181222,-6.052343333,73175.50383,25.66048811,94.03643364,0.678742215,90.0217935,30,7.101409468,0.742444549,0.477010497,0.677043259
Jaguaripe,Brazil,Neotropic,-39.15503402,-12.94870727,2971.32532,23.45078212,142.0640605,3.937633276,99.93763595,33,5.648543117,0.40760613,0.451583498,0.688902844
Jalle.Blanquefort,France,Palearctic,-0.689110216,44.86700136,733.2686011,12.87051231,528.1284605,27.74379873,98.29862141,17,329.6917739,0.641942924,0.098196077,0.910584203
James,United States,Nearctic,-79.04749657,37.7737463,18254.21098,12.32689757,815.8355289,11.49565125,96.4618501,83,36.19592063,0.774210422,0.280818349,0.780750839
Jegeen,Iran,Palearctic,57.96686491,26.32739452,6457.023471,24.1192166,536.9597623,0.676365733,99.95702252,9,4.898839971,0.990858441,0.539251378,0.649666464
Jequetepeque,Peru,Neotropic,-78.89253569,-7.189174395,4155.047302,15.77017956,78.1678352,1.623496622,92.41709168,10,3.748256891,0.910355068,0.394920632,0.716886665
Jequirica,Brazil,Neotropic,-39.81018881,-13.19011385,6660.708118,20.99214058,150.2455498,1.279228598,99.91442529,13,6.2551223,0.510382565,0.471332875,0.679655853
Jequitinhonha,Brazil,Neotropic,-41.97631915,-16.77505681,70742.8001,21.6789271,177.0488748,0.449248008,98.90763155,72,36.2089543,0.894299927,0.414835003,0.706796197
Jianjiang,China,Indo-Malay,110.8307929,21.9694773,8935.447138,22.41448388,511.077292,8.847757697,95.47281294,57,28.31913039,0.812395143,0.285070464,0.778167445
Jiaodong.He,China,Palearctic,120.2217939,36.69108997,6288.880473,12.30468098,983.8244992,21.11520922,89.26406706,44,2.988463911,0.89155945,0.105918967,0.904225382
Jiuojiang,China,Indo-Malay,120.8806562,28.83487448,6356.096026,15.51062975,790.1320212,18.51539767,94.89955198,85,27.85056346,0.652756256,0.462226899,0.68388839
Juan.Blanco,Argentina,Neotropic,-57.49046901,-35.18871039,148.6672791,16.04538763,491.7200051,1.029666513,99.9139265,15,1.679,0.54628177,0.705889031,0.586204602
Jucar,Spain,Palearctic,-1.575338691,39.38923858,21676.39771,13.28117608,683.5396085,10.71630621,91.76726337,24,3.665270995,0.903334,0.122331194,0.891002589
Jucurucu,Brazil,Neotropic,-39.91651343,-16.98689251,5895.046507,23.40684523,164.5720966,0.689558893,99.93806131,64,10.04788972,0.674403511,0.416342239,0.706044043
Kaba,Sierra Leone,Afrotropic,-12.01941468,9.609547852,18952.04766,26.23908689,138.8958106,0.292969942,99.89452594,72,93.16042205,0.915572183,0.70608887,0.586135938
Kachigal.Ara,Sri Lanka,Indo-Malay,80.889166,6.191500577,203.5930597,27.0404166,61.08836827,15.50076222,99.3334761,28,6.267276327,0.695704725,0.335389419,0.748845233
Kadalundi,India,Indo-Malay,76.14028387,11.05330328,1192.533189,26.98905185,140.489472,10.14888811,99.77447835,30,29.57787776,0.959100534,0.674351692,0.597246089
Kaeda,Japan,Palearctic,131.4056476,31.79476948,85.42993713,15.91945648,726.012646,14.03920007,99.8520977,4,9.957,0.712479049,0.12160023,0.891583269
Kaeo,New Zealand,Australasia,173.7988887,-35.13207579,121.5078367,14.77950579,286.2128436,0.808234259,99.79846531,8,4.197,0.60484436,0.893110414,0.528231208
Kaesan.josuji,South Korea,Palearctic,128.4826726,35.14233195,91.30152088,12.7362705,866.3082771,121.638588,99.53965544,22,5.342,0.813084112,0.5958392,0.62662955
Kahak.chosuji,South Korea,Palearctic,126.883336,34.49839801,40.19775258,13.40654761,858.099859,9.527025938,99.76693164,26,7.12,0.779817434,0.5811707,0.632442784
Kahutara,New Zealand,Australasia,173.4724516,-42.37497485,238.1921885,10.27114446,390.1451858,0.152070303,99.93798754,11,5.159746755,0.511475296,0.500983973,0.666229632
Kai.Iwi,New Zealand,Australasia,174.9788185,-39.80269738,223.9050284,12.43839286,336.4921526,1.716119349,99.85262783,6,3.423081316,0.524916269,0.434469312,0.697121919
Kaipara,New Zealand,Australasia,174.5049076,-36.70492133,412.1383442,14.59215972,306.6934511,21.7120049,99.57691963,10,2.973193829,0.670408903,0.354353432,0.738359705
Kaituna,New Zealand,Australasia,176.2850416,-38.00182607,1303.615204,12.42815164,367.9894076,2.113278717,99.37071161,15,12.26894015,0.45395546,0.379293625,0.725008788
Kaituna.2,New Zealand,Australasia,173.7594188,-41.36390045,154.0310457,11.17398458,363.34872,2.15051499,99.8654434,8,4.202,0.384743942,0.435828235,0.696462136
Kaiwaka,New Zealand,Australasia,174.4140089,-36.12909271,125.7727881,14.68684825,301.0165347,21.71200442,99.79068671,9,3.401,0.645301805,0.917430608,0.52153126
Kajwa.je,South Korea,Palearctic,126.4901685,34.47678357,64.35916832,13.84718616,855.8480859,9.527025938,99.97555427,20,1.393,0.791121375,0.09132655,0.916316019
Kakaho,New Zealand,Australasia,174.9116097,-41.11070746,160.1833495,12.23589742,325.1819414,7.515856743,98.7958422,15,5.654,0.585236973,0.32571837,0.754308021
Kakanui,New Zealand,Australasia,170.6934419,-45.08892833,897.9285892,9.513865425,382.8351087,2.463796735,99.81402275,12,3.472234584,0.679897776,0.513924157,0.660535071
Kal.aru,Sri Lanka,Indo-Malay,80.08921627,8.630170764,218.0997166,27.39861653,149.7508801,2.88704446,99.72557475,28,2.038,0.880628912,0.335389419,0.748845233
Kala.Oya,Sri Lanka,Indo-Malay,80.32859417,8.082521274,2861.354552,27.15419006,126.694597,6.104144454,91.84156343,34,10.97171527,0.847311037,0.340946782,0.74574175
Kalagamu.Oya,Sri Lanka,Indo-Malay,79.88613286,7.824755929,313.0610812,27.6065688,108.7284732,4.837728202,99.62814005,28,4.51731062,0.795369808,0.335389419,0.748845233
Kalamas,Greece,Palearctic,20.52600558,39.69082453,1815.935049,13.38155565,653.287259,4.910017729,99.64609542,12,12.09823422,0.877968051,0.240601588,0.806060551
Kalgan,Australia,Australasia,117.8891632,-34.59342073,2568.66985,15.23084943,352.353541,0.377106242,99.85160271,15,3.310355979,0.892645042,0.794439222,0.557277164
Kalixalven,Sweden,Palearctic,21.18004464,67.17101339,17880.63083,-0.758225275,963.8709136,0.306322917,99.97539876,29,27.74101577,0.547253341,0.106893189,0.903429536
Kallada,India,Indo-Malay,76.91916223,8.969838183,1634.798564,26.39920718,97.14492091,11.0230633,91.57083973,52,18.4040886,0.855615088,0.361936344,0.734248707
Kalu.Ganga,Sri Lanka,Indo-Malay,80.33073534,6.629538721,2929.737539,25.72005564,56.94339953,15.11245751,99.45804934,59,30.92070551,0.76032612,0.413322623,0.707552532
Kamchatka,Russia,Palearctic,159.732352,55.75294675,53534.96973,-2.845488149,1058.675166,0.095296292,99.99149603,17,49.68306672,0.941569596,0.284906103,0.778266986
Kamdun.josuji,South Korea,Palearctic,126.4665397,34.85266424,172.3890689,13.67455229,888.4538022,9.527025938,99.48974342,40,3.271,0.834478515,0.150163061,0.869441937
Kamiji,Japan,Palearctic,136.8202141,34.3776681,95.93392466,15.42266261,755.4604641,62.14790249,92.22063073,19,19.658,0.597517962,0.514555744,0.66025962
Kamo,Japan,Palearctic,136.8385465,34.45750577,72.94397913,15.23224833,755.8612137,62.14790344,99.86427823,8,19.658,0.597517962,0.727195936,0.578973108
Kampar,Indonesia,Indo-Malay,101.4970813,0.060805215,20297.69189,25.83336251,36.04423751,1.735661507,99.76347349,119,83.5081274,0.419707833,0.373020323,0.728321339
Kanakarayan.Aru,Sri Lanka,Indo-Malay,80.49430741,9.17198189,769.372999,27.52815354,173.6107528,2.211042106,84.71561713,28,4.612663187,0.893899634,0.335389419,0.748845233
Kangikadichi.Aar,Sri Lanka,Indo-Malay,81.8001342,7.041816148,89.76481491,27.64270839,126.0204036,3.374859512,99.46018512,28,2.732221077,0.853739737,0.335389419,0.748845233
Kangsu.josuji,South Korea,Palearctic,126.3467347,36.75336312,53.27255837,11.94305551,966.091415,15.00964975,99.97422283,25,7.995,0.856196319,0.581637923,0.632255958
Kantalai.basin,Sri Lanka,Indo-Malay,80.99639866,8.384504084,442.4151585,27.62953386,157.1570424,2.149418175,69.75797111,34,4.988533072,0.865872173,0.343573056,0.744284053
Kaoping,Taiwan,Indo-Malay,120.7090815,22.99886856,3249.256322,18.36654745,339.485021,42.00769043,99.2379446,31,36.65389208,0.825075061,0.321055931,0.756970221
Karagan.Oya,Sri Lanka,Indo-Malay,81.10687052,6.159148384,106.4873578,27.40274213,65.50815895,2.139389724,99.534311,28,2.492,0.681514477,0.335389419,0.748845233
Karambalan.Oya,Sri Lanka,Indo-Malay,79.99052192,7.488690732,623.8756135,27.38387411,86.38325339,8.608598471,99.30721793,29,10.7262624,0.790988558,0.334278004,0.749468999
Karambe.Ara,Sri Lanka,Indo-Malay,81.64684923,6.50600214,67.05094714,27.32600004,101.9285617,2.139389753,99.84126561,28,0.86,0.753127606,0.335389419,0.748845233
Karamea,New Zealand,Australasia,172.4126933,-41.23014009,1232.203406,8.107329394,378.7606356,0.421096705,99.99223892,10,14.68915466,0.35307487,0.391143392,0.71883316
Karamenderes,Turkey,Palearctic,26.54412404,39.8290604,2003.264522,14.13751782,690.7807361,5.250173569,94.57024894,40,5.358569613,0.951598377,0.076814562,0.928665004
Karanda.Oya,Sri Lanka,Indo-Malay,81.66397137,6.968185577,385.4812977,27.21426849,119.2907606,2.530877799,99.71790101,28,3.341439285,0.838125525,0.335389419,0.748845233
Karangarua,New Zealand,Australasia,169.9105046,-43.63521231,412.4234779,6.299754174,407.6513038,0.040441085,99.99112486,12,25.2818939,0.484815048,0.462683341,0.683674977
Karatararivier,South Africa,Afrotropic,22.77880496,-33.92067401,422.0712532,16.1720339,285.2318668,1.423606664,98.67783862,21,0.462697608,0.504409192,0.7094073,0.584998087
Kargi,Turkey,Palearctic,32.01887658,36.65896563,353.465124,13.72519455,683.0606383,4.175250411,99.31265158,6,6.655696735,0.930498368,0.993383169,0.501659699
Kariegarivier,South Africa,Afrotropic,26.48615253,-33.45145092,669.1631165,17.72581639,263.2238765,0.697643742,99.86070155,69,0.627063316,0.480537826,0.242434619,0.804871327
Kariyamgode,India,Indo-Malay,75.36075348,12.31602353,597.7148995,25.49057693,133.5045631,7.381847262,99.80019929,51,25.17647891,0.979218493,0.646882464,0.607207874
Karuah,Australia,Australasia,151.9430489,-32.36085758,1443.878685,17.09791666,405.4744111,7.374018431,99.95281542,12,3.49501797,0.298139835,0.748694152,0.571855289
Karunde.Ara,Sri Lanka,Indo-Malay,81.55249455,6.466609214,105.0788912,27.28104507,99.15486608,2.139389724,99.93106634,28,1.673,0.723049956,0.335389419,0.748845233
Kasi.chon,South Korea,Palearctic,126.7757246,33.35742754,32.97618246,14.72351858,762.3429864,9.196617603,99.90876708,10,11.35241459,0.674988755,0.533801436,0.651974875
Katupila.Ara,Sri Lanka,Indo-Malay,81.54277557,6.416250113,50.72507094,27.26893928,96.84075179,2.139389753,100,28,12.21416389,0.836757151,0.335389419,0.748845233
Kauaeranga,New Zealand,Australasia,175.6365572,-37.09715018,127.9613065,12.71621378,341.0474046,5.506458044,99.86348961,11,3.954,0.467822912,0.475238505,0.677856493
Kaupokonui,New Zealand,Australasia,174.1040924,-39.43255804,150.4936355,11.77039477,323.8554429,2.024806291,99.84922592,8,6.843,0.508123872,0.40002631,0.714272291
Kavlingean,Sweden,Palearctic,13.58905452,55.70044938,1149.513574,7.500482445,637.1909705,13.45741773,99.47971693,24,5.277509291,0.680016971,0.119054578,0.893611464
Kawakawa,New Zealand,Australasia,174.0530979,-35.45065028,504.307436,14.59598401,294.0878582,1.130915731,99.78253789,13,11.17611287,0.617892567,0.573161556,0.635662622
Kearney.lake,Australia,Australasia,140.7167,-37.71196513,210.8230709,13.80032361,326.6192967,1.179193765,99.71721396,6,0.849960477,0.710434622,0.548560451,0.645761035
Kei,South Africa,Afrotropic,27.10617019,-32.90718505,2850.40483,17.45817219,288.4872909,2.15947035,86.3185465,32,4.539542447,0.522974092,0.349476179,0.741028271
Kelani.Ganga,Sri Lanka,Indo-Malay,80.28512009,6.958348095,2249.063922,25.12009713,63.20207061,13.74813128,94.219687,62,34.7377114,0.778082742,0.334999371,0.749064023
Kelasuri,Georgia,Palearctic,41.18934992,43.15655412,220.9466058,6.38427116,682.3344314,1.071651816,99.99316421,18,8.415,0.668759417,0.208505223,0.827468497
Kemijoki,Finland,Palearctic,26.76773027,67.33113715,52772.70904,-0.911486026,1000.200059,0.22158125,97.00196098,24,30.88757376,0.841173736,0.137348554,0.87923794
Kemp.Welch,Papua New Guinea,Australasia,147.7603026,-9.586387224,3023.591237,23.05106636,93.10984169,1.709807307,99.99177252,4,30.30173099,0.337578199,0.721745225,0.580806025
Kennebec,United States,Nearctic,-70.21873385,44.87078037,24451.85692,4.859557985,1044.007401,4.071904957,93.75087804,45,49.35020983,0.600436199,0.159830578,0.862194892
Kent,Australia,Australasia,117.1749904,-34.61886862,1909.540768,14.96438231,341.0048396,0.397970401,99.97242236,10,6.291129721,0.878872469,0.694228945,0.590239001
Kerian,Malaysia,Indo-Malay,100.7186018,5.220717444,1478.594913,26.13382055,43.26770132,18.72156,99.8568625,46,27.35820595,0.545565457,0.310423596,0.763112022
Kerikeri,New Zealand,Australasia,173.8885868,-35.22089156,158.5877345,14.77894545,292.3470605,0.808256432,93.61896353,13,5.495,0.606702885,0.374806093,0.727375304
Kerman,Iran,Palearctic,53.53907798,31.00222319,20702.73266,15.44677776,887.563781,1.603870898,99.39616173,4,1.056352272,0.959276676,0.167036699,0.856871083
Kersang,Malaysia,Indo-Malay,102.4798897,2.301601724,677.3981735,26.62061324,45.37955292,11.6710819,99.78756752,38,9.766127543,0.329667784,0.125369118,0.888597336
Keuprotchay,Turkey,Palearctic,31.19104128,37.39377689,2659.45057,11.98260475,750.4551242,5.340694487,99.39864165,34,10.2955028,0.816816676,0.272828691,0.78565168
Keurbooms,South Africa,Afrotropic,23.28301965,-33.87411702,1120.597712,15.71744525,312.6437041,0.385827526,99.4104253,22,1.598407922,0.700895283,0.369505957,0.730190325
Khobi,Georgia,Palearctic,41.81685925,42.37594935,583.2440749,14.13632327,630.5249113,1.878549516,99.95427712,23,22.99455697,0.451631002,0.153548532,0.866890271
Kifissos.Att,Greece,Palearctic,23.76256453,38.07097343,357.7101046,16.27035717,674.4225113,43.73045778,94.00854813,2,0.990763775,0.923835027,0.822804188,0.548605279
Kifissos.Beo,Greece,Palearctic,22.91983134,38.50053995,2554.583495,14.54994523,681.7422664,21.22296834,96.98830686,6,3.275127275,0.899008952,0.160790642,0.86148179
Kikori,Papua New Guinea,Australasia,143.4587526,-6.492180243,16618.70438,20.93533064,70.28607203,0.241586242,99.9810352,68,158.4591593,0.187358032,0.606936214,0.622302237
Kilsan.chon,South Korea,Palearctic,126.7460265,36.11092464,111.8210579,12.47908903,950.6811182,15.00964975,99.92200665,53,2.323,0.832588964,0.160739416,0.861519809
Kimotsuki,Japan,Palearctic,130.9068332,31.38557936,530.8503044,16.37389345,734.8546468,29.77454948,96.21436224,5,12.3318488,0.685050351,0.233549791,0.810668533
King.1,Australia,Australasia,117.8068132,-34.87072915,421.7013051,15.40495141,315.856369,0.394389622,99.93536096,4,2.880145553,0.881808492,0.532831587,0.652387391
King.2,Australia,Australasia,145.6488045,-42.08591831,821.2510035,9.387587688,301.0593703,0.223179337,92.97691548,6,25.05075824,0.572818875,0.357339469,0.736735373
Kirama.Oya,Sri Lanka,Indo-Malay,80.71798324,6.08611375,182.2462822,26.72232851,58.23088789,15.50076246,99.51470492,28,6.451,0.707025013,0.335389419,0.748845233
Kirimechchi.odai,Sri Lanka,Indo-Malay,81.40339138,8.03385513,100.1580979,28.04551275,164.3256214,1.374466136,99.74993348,28,9.75,0.850256346,0.335389419,0.748845233
Kirindi.Oya,Sri Lanka,Indo-Malay,81.14003555,6.541627506,1177.966014,26.25812023,80.59919319,2.441404879,90.75707799,35,12.3842752,0.805832921,0.321796407,0.756546163
Kitagata.ko,Japan,Palearctic,136.2924456,36.28549632,114.8477542,13.71873655,831.9729449,47.67430878,99.57174304,9,9.008,0.317130669,0.345094739,0.743442057
Kitakami,Japan,Palearctic,141.1212749,39.25843525,10256.58919,8.91851269,912.18373,26.04584599,94.38614651,21,39.69692994,0.761822681,0.18854316,0.841366165
Kivu,Democratic Republic of the Congo,Afrotropic,29.12165615,-2.008003323,7311.064038,17.45198213,30.61613992,1.765000552,98.85675791,42,7.272354498,0.611119189,0.714631629,0.58321565
Kiyotake,Japan,Palearctic,131.3217204,31.83647999,158.5612504,15.80691865,739.4403181,14.03920031,99.72889533,1,8.241,0.707107438,0.092750703,0.915121809
Kizilirmak,Turkey,Palearctic,34.88952405,39.89979554,80636.06301,9.499385594,783.2007372,3.970644891,95.78002904,40,22.88683019,0.788509195,0.144373961,0.873840225
Klamath,United States,Nearctic,-122.5553466,41.76811708,31243.70492,8.227853498,625.7797489,1.555416882,96.58955955,28,38.26439503,0.751518135,0.119018009,0.893640667
Klinaklini,Canada,Nearctic,-125.4830842,51.69056632,5735.564195,0.688175297,663.9658458,0.018203758,99.99475227,25,10.37169038,0.748086075,0.217589553,0.821294826
Kobang.chon,South Korea,Palearctic,126.2194552,34.4453989,106.6661708,13.95344921,832.4405279,9.527025938,99.93144583,22,1.537,0.933993399,0.582162023,0.63204652
Kobu.chon,South Korea,Palearctic,126.7498332,35.60517581,238.5705925,13.05358535,942.3111494,34.35796547,89.97087522,48,4.740418978,0.859135302,0.178809816,0.848313262
Kodalikkallu.Aru,Sri Lanka,Indo-Malay,80.77346856,9.19346799,151.0607662,27.74519778,173.8547862,1.956746459,98.64060764,28,1.900957415,0.872336759,0.335389419,0.748845233
Kodori,Georgia,Palearctic,41.62450508,43.135927,1945.045154,4.016438316,690.0078199,1.112555087,99.9640072,26,12.87173758,0.807948903,0.143087452,0.874823705
Koggala.lake,Sri Lanka,Indo-Malay,80.30659033,6.026856746,62.25291459,26.69925815,55.18321406,14.21924281,99.40250402,28,7.215,0.736086064,0.335389419,0.748845233
Kogon,Guinea,Afrotropic,-14.08214214,11.30194566,8536.652703,26.954661,172.4507483,0.213622488,99.94936895,61,60.74416974,0.948760723,0.701912765,0.587574182
Kokemaenjoki,Finland,Palearctic,23.79874152,61.59218651,26938.86406,3.652473728,857.0097371,5.15519321,98.7731921,30,18.23863767,0.287203397,0.117665367,0.894722186
Kokpokchan,South Korea,Palearctic,127.0492041,36.76269958,542.8877507,11.45740918,1014.829091,41.87397289,93.61221031,46,6.842773863,0.856235321,0.145097732,0.873287906
Kolan,Australia,Australasia,151.7597002,-24.85096089,2750.650655,20.67453717,391.4422819,0.589512512,91.26983847,27,1.950523062,0.85273795,0.67576157,0.596743605
Koliba,Guinea,Afrotropic,-13.45175222,11.79790855,24303.92267,26.36846103,203.4161342,0.291571561,99.92598042,73,55.58542203,0.910792952,0.459878256,0.684988626
Kongnung.chon,South Korea,Palearctic,126.8487117,37.72971028,249.2623432,10.93719427,1026.69079,171.532917,99.58103872,39,5.501,0.892573754,0.143775607,0.874297366
Konkoure,Guinea,Afrotropic,-12.89893366,10.54469282,17352.08014,25.76997364,170.1316051,0.537949763,98.26933517,94,67.82330056,0.932041909,0.550508723,0.644949612
Konyang.chon,South Korea,Palearctic,127.9484646,35.05859419,157.0786138,12.95946006,896.3296073,36.216012,99.91811125,19,5.321,0.829504388,0.425722549,0.70139874
Kopurererua,New Zealand,Australasia,176.1495577,-37.80070448,199.7541579,13.15046297,357.4157903,2.306668997,99.3195112,11,3.745893486,0.478844702,0.442397935,0.693289955
Kor,Iran,Palearctic,52.82788722,30.28473901,21437.99927,14.08580357,869.0552406,2.564567953,97.76740973,22,14.51076687,0.955519797,0.267550587,0.788923149
Korea.un.1,North Korea,Palearctic,127.4611333,38.91792269,1076.40105,8.840504365,983.9914883,2.484223604,99.10396898,26,6.852527642,0.891916229,0.506808686,0.663654258
Korea.un.2,North Korea,Palearctic,128.2366701,38.54427881,696.9390628,8.982360283,936.5635155,1.689056039,99.90945118,28,8.141323811,0.764426935,0.582427443,0.631940507
Korea.un.3,South Korea,Palearctic,129.0762357,37.32472483,391.976852,10.36721014,922.6797088,3.009493172,99.81498456,55,4.836611522,0.743082895,0.577649956,0.633854168
Kouilou,Republic of Congo,Afrotropic,13.1718514,-3.577289531,60031.3795,24.17630464,140.7141322,0.461318135,99.97595306,146,55.49802696,0.769335001,0.444617949,0.692224543
Koup.chon,South Korea,Palearctic,126.9386552,34.5656691,72.962485,13.33181424,870.2025674,9.574895263,99.81275,24,6.981,0.775836374,0.57291845,0.635760869
Koutno,Russia,Palearctic,31.8341005,64.9045857,30810.9838,0.68584682,997.2655314,0.082958862,99.98396158,25,32.95839517,0.221573029,0.321842973,0.756519511
Kowai,New Zealand,Australasia,172.6473924,-43.14594421,202.4145181,11.40248698,393.5439768,9.174982905,99.62889658,6,3.083,0.604732292,0.537293537,0.650493856
Kowie.River,South Africa,Afrotropic,26.71950899,-33.42107961,761.7425384,18.05519562,253.3557409,0.697643742,99.78291909,72,0.946021848,0.418567808,0.291250701,0.774442948
Krishna,India,Indo-Malay,76.49343254,16.47686559,257868.4732,26.07032364,271.3903676,6.639169157,88.27449664,144,83.22513643,0.96968853,0.259218206,0.794143537
Krka,Croatia,Palearctic,16.08601886,43.94433704,2574.431894,12.34930104,675.0343199,3.281764269,97.64861788,15,11.02700167,0.741145841,0.202732585,0.831440016
Kronockaja,Russia,Palearctic,160.2665099,54.77523122,2931.139764,-2.139763603,889.0050774,0.069040378,99.99976205,17,17.91148364,0.857656063,0.270948354,0.786814033
Ku.Ryu.Po,South Korea,Palearctic,129.5283646,36.00285075,49.1610781,13.28300783,821.2603884,37.6101265,99.79667406,10,6.498,0.708157406,0.327770857,0.753142001
Kuam.chon,South Korea,Palearctic,126.5366815,35.32429174,235.1487153,13.05421655,917.8360307,34.35796499,99.67636181,21,3.273711538,0.768033997,0.143554336,0.874466537
Kuap,Malaysia,Indo-Malay,110.3794812,1.475722512,157.6223804,26.75735008,46.96262835,5.608326256,99.34778579,62,13.679,0.604818224,0.392767427,0.717994965
Kuban,Russia,Palearctic,40.44075891,44.45868714,52895.44341,8.872250185,807.0426116,2.856333315,98.26183252,65,31.40412326,0.714382004,0.170605858,0.854258496
Kucukmenderes,Turkey,Palearctic,27.66671397,38.17499427,4093.562361,15.71650023,710.449041,21.07499695,97.34148791,33,4.845137262,0.94866841,0.271501424,0.786471789
Kuji.Ibaraki,Japan,Palearctic,140.4273234,36.77270372,1481.586323,11.42536174,805.1839824,61.23757553,95.69186034,3,10.67432086,0.491339982,0.233295224,0.810835865
Kul,Iran,Palearctic,55.40588774,28.06579667,42039.071,20.97174042,730.8869036,0.986437052,99.50390835,17,3.280965462,0.965651643,0.323709242,0.755452911
Kum,South Korea,Palearctic,127.4072252,36.32323862,9779.060689,11.24064335,987.4176872,45.38153315,94.80309197,113,36.17096682,0.873204946,0.274715487,0.784488782
Kuma,Japan,Palearctic,130.8099096,32.33395798,1954.02178,13.20793873,789.2365148,43.56063938,98.21611464,14,43.32226541,0.748103589,0.579063107,0.633286913
Kumbukkan.Oya,Sri Lanka,Indo-Malay,81.40918248,6.757650632,1224.261937,26.41214003,99.50408284,2.198387414,99.67734065,32,8.176991083,0.908529919,0.332692631,0.750360568
Kumgok.chi,South Korea,Palearctic,129.3896678,36.64307143,24.74378416,11.87523812,866.9855556,9.85035789,99.949,15,1.812,0.763423816,0.515368431,0.659905525
Kumjon,South Korea,Palearctic,127.9784502,34.73069355,21.74827799,13.28199404,831.8598131,12.1289773,NA,22,8.733,0.83450552,0.674558845,0.597172206
Kumo,South Korea,Palearctic,127.3159079,34.64022991,15.66074135,13.57844212,873.2181954,12.20229626,99.8025,14,8.506,0.782954399,0.58838904,0.629568686
Kumsong.chon,South Korea,Palearctic,126.3541667,33.39552469,77.38907047,13.82754631,761.0143077,9.196617603,99.8689745,9,12.53428973,0.657838397,0.558275289,0.641735133
Kunchikumban.Aru,Sri Lanka,Indo-Malay,80.99776469,8.784482031,186.3809278,27.88751895,174.2182058,2.269536793,99.43566656,28,8.274273434,0.925444738,0.335389419,0.748845233
Kunda,Estonia,Palearctic,26.5935843,59.29138919,506.6040793,5.071777003,838.5404493,0.545049332,99.91666103,18,3.196630033,0.847635843,0.173717035,0.851994109
Kundalika,India,Indo-Malay,73.19254847,18.4557632,667.243284,26.50386216,190.4179531,15.20726228,92.73864283,55,33.10584505,0.986182091,0.283960313,0.778840272
Kungok.chosuji,South Korea,Palearctic,126.566845,34.44211987,107.1517379,13.65121409,847.2249558,9.527025819,99.94354948,25,1.632,0.942711399,0.109667402,0.901170926
Kungsan.josuji,South Korea,Palearctic,126.5323649,35.48651451,92.24826945,12.99303278,913.1642876,34.35796547,77.91297203,19,4.388,0.77786122,0.188881482,0.841126736
Kungye.chon,South Korea,Palearctic,127.04141,36.91638714,104.060974,11.72295805,1026.110274,49.5751338,99.73354956,29,3.938,0.869157393,0.138338052,0.878473665
Kunnae,South Korea,Palearctic,126.4893868,33.29874214,76.03882934,12.34972224,754.391079,9.196617603,99.82019206,8,11.92813162,0.674943174,0.492535723,0.670000714
Kuppam,India,Indo-Malay,75.43894252,12.14352674,497.2750676,25.81146008,136.0494204,7.431955338,99.79987351,37,18.32456096,0.976298805,0.585947815,0.630537771
Kura,Armenia,Palearctic,45.57240122,40.2535528,194268.9543,9.036762929,876.4134816,2.530225366,96.89974058,78,20.32929225,0.86144586,0.062230488,0.941415268
Kurau,Malaysia,Indo-Malay,100.7381217,5.000495198,650.589175,26.45803093,42.34914076,11.86378622,94.02287828,35,18.03878917,0.487996673,0.15576924,0.865224619
Kuttiadi,India,Indo-Malay,75.77793763,11.59763285,735.8404291,25.87986822,131.9892031,8.649629474,97.74930787,38,36.30852391,0.971050528,0.604635743,0.623194394
Kwangjong.chon,South Korea,Palearctic,128.6833815,38.01703733,61.44211426,11.64767992,876.3827952,9.481705546,99.87325913,24,5.37,0.8489027,0.615283214,0.619086481
Kwanum.am,South Korea,Palearctic,129.0365118,37.48887555,135.7952097,10.67354272,906.9745796,4.870253682,89.65911501,30,2.839,0.754342432,0.589949463,0.628950808
Kymijoki,Finland,Palearctic,26.02592358,62.2540031,35834.50342,3.144107954,904.7179984,1.758383691,98.83738115,35,21.19001054,0.174602445,0.138433009,0.878400391
Kyoga,Uganda,Afrotropic,33.69662507,1.60595199,58172.13279,22.73411105,81.84852286,1.110172316,99.16798708,85,123.1624955,0.287723813,0.19530369,0.836607473
Kyongpo.chon,South Korea,Palearctic,126.7737973,35.97884207,46.40413128,12.87275636,948.5104398,30.23402596,98.73951644,48,4.877,0.808817355,0.18389702,0.844668061
La.Grande.Gasp,Canada,Nearctic,-64.71644972,48.57985545,705.831574,2.169182835,1032.181575,0.543016106,99.99945365,6,5.765375683,0.947239397,0.215580497,0.822652225
La.Libertad.Negros,Philippines,Indo-Malay,123.1465946,10.09828586,220.9182105,25.13697314,82.57806858,7.976975918,99.98042134,2,10.591,0.828266307,0.643248366,0.608550734
La.Purisima,Mexico,Nearctic,-112.025671,26.06107961,531.6038356,21.94944839,449.5923671,0.174258757,99.7603988,12,0.126779497,0.970256984,0.74331629,0.573619375
La.Trobe,Australia,Australasia,146.5166687,-37.94929243,9034.350137,12.30853631,404.4845726,3.473563254,96.00804691,11,14.04595622,0.514052132,0.244015275,0.80384865
Lagan.Swe,Sweden,Palearctic,13.86158266,57.14184172,8539.925827,6.007653065,674.0853683,5.120341301,99.56211276,19,11.99985008,0.26094467,0.137363807,0.879226149
Lagan.UK,United Kingdom,Palearctic,-6.053655818,54.4795434,601.2179134,8.940448337,430.6120667,15.50302911,98.79817817,10,8.239976945,0.574548322,0.094220403,0.913892665
Laguna.Inchauspe,Argentina,Neotropic,-61.92311956,-37.07964159,3792.641571,14.83291274,565.5639821,0.286736663,99.73341498,15,2.391465732,0.550919689,0.70667564,0.585934419
Laguna.Las.Tunas.Grandes,Argentina,Neotropic,-63.22442057,-35.97348459,23386.66499,15.88779687,580.4458874,0.345638584,98.75175128,8,0.141884878,0.977020373,0.777627537,0.562547541
Laita,France,Palearctic,-3.518239723,48.03427119,1004.803061,11.10338496,422.5785035,7.851024151,99.77573764,16,9.244402575,0.770832879,0.200057089,0.83329369
Lake.Boga,Australia,Australasia,143.6551981,-35.49467627,66.35136484,16.38059898,530.6640695,0.751405686,99.00269691,2,3.322248252,0.941084983,0.609528473,0.621299975
Lake.Eyre.Basin,Australia,Australasia,139.4581379,-24.53443533,838261.3697,23.11917087,600.1318546,0.017939359,99.93750708,36,10.21284549,0.943185922,0.304292304,0.766699303
Lake.George,Australia,Australasia,149.4684475,-35.11776805,943.0361009,12.31997265,511.6373057,9.084040403,99.9076566,1,1.657741715,0.507567944,0.215806494,0.822499308
Lake.Hindmarsh,Australia,Australasia,142.4258336,-36.6484796,9245.516334,14.32902152,460.9861441,0.935094297,92.33827608,11,4.077925872,0.78402292,0.266104166,0.789824429
Lake.Illawarra,Australia,Australasia,150.8488121,-34.4226743,307.4548218,16.66436459,357.0322157,16.54577971,97.80068781,18,3.28,0.393385553,0.688128517,0.592371961
Lake.Innes,Australia,Australasia,152.8390446,-31.52223369,155.0372853,18.22152777,360.585897,3.050278723,99.96562323,11,2.194,0.404576947,0.659896147,0.602447329
Lake.Macquarie,Australia,Australasia,151.5364822,-33.06802648,865.7001508,17.58251642,387.3362096,57.27123356,94.78670375,23,1.837750631,0.444942084,0.711734671,0.58420269
Lake.Moore,Australia,Australasia,116.9244698,-29.48939476,57663.88742,19.80486035,590.119772,0.876231626,99.76225975,6,0.899829001,0.973967945,0.57632423,0.634387254
Lake.Preston,Australia,Australasia,115.7149374,-33.01885418,212.929543,17.52894291,395.0932826,7.29480958,99.89117384,2,3.864,0.870967742,0.66149267,0.601868439
Lake.Saint.Lucia,South Africa,Afrotropic,32.04723339,-27.82888185,9406.459285,20.67882876,269.4350795,0.851828128,94.33493775,88,5.33148655,0.648459472,0.468304087,0.681057833
Lake.Torrens,Australia,Australasia,137.9935492,-31.24443082,32949.53809,19.04846691,588.4560316,0.041249355,99.67319892,3,0.080746101,0.9401338,0.543971936,0.647680166
Lake.Tyrrell,Australia,Australasia,143.0072383,-35.74110785,2709.517884,16.0876638,515.2621071,0.422981016,99.82404679,3,0.428122036,0.899511468,0.309527449,0.763634241
Lake.Wallace,Australia,Australasia,141.342879,-37.05376179,74.38312412,13.98023702,416.1748386,0.399028257,99.90380653,2,0.053,0.849056604,0.296001121,0.771604271
Lakekamu,Papua New Guinea,Australasia,146.3500777,-7.651584115,9419.842616,21.60329256,65.78960102,0.259853009,99.99183503,23,34.3776319,0.251492303,0.678306889,0.595838584
Laloki,Papua New Guinea,Australasia,147.3701392,-9.087638712,5349.746192,22.12365,72.36036913,1.244106367,99.0528263,51,39.93003284,0.480719642,0.4097789,0.709331087
Lamas.Cayi,Turkey,Palearctic,34.03579438,36.75903806,841.2249514,10.49713627,765.4970762,5.4772349,99.49497506,28,2.185938203,0.945265626,0.271162845,0.786681269
Lambeau,Trinidad and Tobago,Neotropic,-60.75138889,11.19027778,5.033810115,26.54652754,60.8490626,0.751988113,NA,7,6.846,0.660695469,0.656758488,0.603588276
Las.Pocitas,Mexico,Nearctic,-110.9818288,24.60613176,2833.421697,22.15558025,426.9958132,1.021697164,99.85818848,9,0.496846714,0.99203107,0.764177744,0.566836309
Lavaca,United States,Nearctic,-96.79412854,29.32463933,5865.606497,20.42260803,650.4323987,4.099348068,98.44485299,54,8.252307572,0.661166464,0.179537447,0.847789956
Lay,France,Palearctic,-1.174022394,46.61817852,2086.304368,12.02707089,520.2515402,12.56230617,97.87637834,18,9.41836298,0.795287226,0.087225979,0.919771988
Leca,Portugal,Palearctic,-8.55789395,41.24541238,189.4903017,14.23831923,391.9635777,44.71483231,98.51804628,7,5.231,0.867098865,0.087993286,0.919123319
Leguer,France,Palearctic,-3.43390421,48.5688702,488.8139307,10.7587383,399.1306663,7.792510629,94.85090564,10,7.339646052,0.790303304,0.233769252,0.810524333
Lempa,El Salvador,Neotropic,-88.91280242,14.07359558,17999.97094,22.58496815,99.50877671,6.629618883,97.9089902,32,41.7574502,0.874603435,0.280679789,0.78083531
Lerma.de.Santiago,Mexico,Neotropic,-102.5879909,21.32757852,122345.1043,17.98795167,272.0279148,20.07775736,90.25064873,114,11.52389618,0.802094779,0.236866699,0.808494562
Leven,United Kingdom,Palearctic,-4.529013459,56.10635617,783.9739532,7.54973209,393.6598053,5.929692626,93.64851623,12,21.09534618,0.563282223,0.035097121,0.96609292
Leyre,France,Palearctic,-0.726431275,44.38260601,2177.148381,12.55083594,521.3588728,26.83696508,99.78374315,13,11.72584182,0.58900065,0.220868113,0.819089293
Lez,France,Palearctic,3.789425458,43.65391029,597.5998064,14.21087794,597.8526914,19.27835298,98.82866084,21,4.256142959,0.751312549,0.055343875,0.947558444
Lianjiang,China,Indo-Malay,110.1670718,21.83768409,3338.362421,22.45331905,540.5061592,10.89528632,92.39300999,33,22.85348163,0.822908893,0.249718265,0.800180351
Liao.He,China,Palearctic,121.0306452,43.17623841,191509.696,6.095653194,1318.211324,2.604903966,94.94902804,133,7.443074591,0.852339022,0.286222029,0.777470746
Lima,Spain,Palearctic,-8.117724527,41.92818082,2472.855302,11.98566921,483.899893,28.26627159,92.49324928,15,25.37451254,0.881126209,0.173004537,0.852511622
Limpopo,South Africa,Afrotropic,29.50411821,-23.3194277,412559.3778,20.98239585,377.207255,2.982432425,92.99962222,97,6.743344276,0.927312773,0.332474694,0.750483296
Lingshui.He,China,Indo-Malay,109.866413,18.65011431,1120.537873,24.12919376,310.379743,2.052700877,96.92476442,39,13.1524381,0.930035601,0.323268542,0.755704506
Lis,Portugal,Palearctic,-8.802972875,39.75595949,837.4189746,15.26293513,404.5111803,13.15016985,99.37163342,10,5.600476243,0.780423613,0.112940945,0.898520271
Liscia,Italy,Palearctic,9.223013546,41.00608571,563.0418576,14.81798018,560.4371775,3.294321954,85.02088468,3,2.347701394,0.9178656,0.093449132,0.914537285
Little.Forester,Australia,Australasia,147.3247512,-41.15029648,345.7323768,11.87386505,326.9568399,1.979092062,99.93058257,9,3.873576646,0.693565003,0.457543344,0.686085943
Little.Henty,Australia,Australasia,145.346187,-41.90711009,329.8308319,10.81973471,282.1209962,0.777346611,99.96088219,4,9.9227766,0.578190228,0.460009508,0.684927046
Little.Manatee,United States,Nearctic,-82.26070398,27.66836256,558.9598887,22.48262564,451.270316,65.69530678,95.21347492,42,3.843748467,0.457944928,0.278077763,0.782425005
Little.Swanport,Australia,Australasia,147.7248499,-42.35571833,738.3673528,10.76651824,333.0534464,4.113580942,99.92712129,9,2.074944077,0.494259863,0.340222888,0.746144547
Liugu.He,China,Palearctic,120.0607105,40.6185139,3128.489702,8.72517448,1154.087434,4.553668797,94.29029494,22,3.169318806,0.92168696,0.538340271,0.65005124
Ljungan,Sweden,Palearctic,15.14798049,62.6468965,12810.12296,1.934438056,821.9123155,0.807040095,96.00109089,18,15.86791924,0.445024826,0.110474936,0.900515597
Ljusnan,Sweden,Palearctic,14.63678984,61.95520642,20136.95248,2.012704132,827.9957561,0.651994124,94.44811399,15,18.5643128,0.490595706,0.129715046,0.885178969
Llobregat,Spain,Palearctic,1.811983734,41.82018737,5007.644083,12.29742063,593.108071,47.25071526,94.76879902,9,6.826171936,0.711590913,0.154524377,0.866157545
Logan,Australia,Australasia,152.9211797,-28.03118004,3835.576601,18.8354862,397.1188626,12.26639628,96.24723948,13,5.582787762,0.601728449,0.720533971,0.581214912
Logdealven,Sweden,Palearctic,18.46973289,64.08618575,1458.33418,1.502889422,853.8603126,0.546956554,99.96517699,13,6.301961009,0.725170779,0.132938831,0.882660187
Loire,France,Palearctic,1.64367567,46.86650487,116661.6899,10.6675341,563.6457274,15.10403109,97.77742056,31,36.02378002,0.656052608,0.079917289,0.925996843
Longshou.He,China,Indo-Malay,110.3771417,18.87812937,587.7396404,24.82955761,333.7534596,0.926976964,94.24427665,12,6.377814587,0.913915944,0.565193463,0.638898656
Los.Angeles,United States,Nearctic,-118.3166589,34.15870817,2031.29551,17.12176702,457.8469025,197.3142738,87.63607823,9,3.984402285,0.944312333,0.05210825,0.950472539
Los.Olmos.creek,United States,Nearctic,-98.39212807,27.43558787,1800.982452,21.97767933,611.0196166,3.429636061,99.33110141,13,0.573927634,0.883336485,0.341464217,0.7454541
Loudias,Greece,Palearctic,22.01635182,40.6956891,5551.573712,11.80951758,755.4635372,13.95411587,99.39826411,25,4.524074516,0.789000041,0.099746964,0.909300078
Loukos,Algeria,Palearctic,5.898039005,34.2444869,107612.8371,19.21072412,798.7138178,1.854974926,99.40700973,10,1.679727002,0.717233467,0.124769402,0.889071127
Louros,Greece,Palearctic,20.80300582,39.25253813,1080.177613,14.55274137,646.1084224,4.82306397,99.08249452,11,6.006289713,0.86986286,0.253407859,0.7978249
Lovu,South Africa,Afrotropic,30.50292052,-29.96709079,944.4670752,18.0895488,299.3826787,19.84043312,94.63931721,11,2.880410603,0.674147132,0.880275839,0.531836861
Loy,United Kingdom,Palearctic,-4.824552962,56.90678674,1329.401138,6.295656024,407.2171108,1.402665138,92.49527388,8,16.73501932,0.344760341,0.163650303,0.859364706
Ludlow,Australia,Australasia,115.5011652,-33.71085857,661.8136458,16.84404116,379.6715635,2.243588746,99.88799036,4,2.752507928,0.857642163,0.564387807,0.639227687
Lune,Australia,Australasia,146.8379923,-43.41681857,176.1155027,9.269034773,288.561275,0.248048082,99.98292684,7,4.257,0.559933592,0.541196104,0.648846696
Lut,Iran,Palearctic,59.34829735,29.11148077,54251.34532,21.14796816,796.7962188,0.627856955,99.79563974,5,1.517501299,0.980495033,0.20549042,0.829537907
Ma.Oya,Sri Lanka,Indo-Malay,80.70035333,8.775681487,1017.936075,27.35191964,167.7220437,3.175762594,99.70908028,31,4.482160478,0.890459111,0.336317985,0.748324883
Mabechi,Japan,Palearctic,141.3002468,40.23311148,2634.867472,8.169242762,900.9499858,15.72924376,98.52538159,9,13.10597951,0.840560663,0.058580931,0.944660886
Macacu,Brazil,Neotropic,-42.79578307,-22.61932023,2106.74917,21.9276639,224.5708212,13.75981855,99.53561873,55,10.59634321,0.678729187,0.48624507,0.672836546
Mackenzie,Canada,Nearctic,-119.2442401,60.76439082,1680044.211,-3.658471362,1367.220196,0.062725975,99.51273091,40,194.3722587,0.511570105,0.060078516,0.943326353
Macleay,Australia,Australasia,152.0914321,-30.80848846,11372.61994,14.53632667,445.1072704,1.762367278,97.31832785,37,10.17918029,0.390953698,0.265307569,0.790321677
Maclennan.creek,Australia,Australasia,149.0768273,-21.19835247,176.8319454,22.77316061,359.245105,1.81954506,99.89338032,3,2.682,0.935907422,0.66389565,0.600999227
Madampe.lake,Sri Lanka,Indo-Malay,80.10556652,6.243226677,78.48939805,26.82047104,55.4879196,15.50076222,99.18886344,28,7.326,0.766325728,0.335389419,0.748845233
Madeleine,Canada,Nearctic,-64.41268968,48.55923566,122.7827326,2.630821654,1023.745516,0.551093251,99.98809079,7,3.019,0.923076923,0.139907243,0.877264362
Madong,Trinidad and Tobago,Neotropic,-61.88333333,10.0875,5.051570798,26.69583368,56.71282387,17.1934104,NA,5,3.638,0.649176172,0.591891726,0.628183427
Madurankuli.Aru,Sri Lanka,Indo-Malay,79.83671775,7.925979912,157.3648502,27.68562834,112.7445345,4.612659395,99.52688121,28,2.419,0.807330951,0.335389419,0.748845233
Maduru.Oya,Sri Lanka,Indo-Malay,81.26336883,7.705945119,1499.596783,27.4270127,144.7017844,3.373268127,82.08193148,37,13.93393706,0.828163059,0.320487098,0.757296305
Mae.Kawa,Japan,Palearctic,136.8071383,34.31888429,22.77107467,15.76282043,749.6308242,62.14790344,99.56163118,6,19.658,0.597517962,0.65701966,0.603493141
Mae.Khlong,Thailand,Indo-Malay,99.07889853,14.68490515,28546.83171,25.59930018,154.1121003,3.071734071,96.17357924,229,70.56192011,0.858089258,0.469294287,0.680598849
Maehwa,South Korea,Palearctic,129.2670319,36.89211243,514.961433,10.36311521,919.5881842,9.478236318,95.27798662,30,4.262308248,0.749265862,0.528740164,0.654133399
Maekawa,Japan,Palearctic,131.1588615,31.49794482,105.3180432,16.61923308,732.5659357,14.03920031,99.8431193,5,5.207,0.706759582,0.215308549,0.822836308
Magalavatavan.Aru,Sri Lanka,Indo-Malay,81.51689204,7.562214011,392.5615243,27.48852812,144.8852155,3.374859512,84.42389546,31,4.467402561,0.782493229,0.336317985,0.748324883
Magdalena,Colombia,Neotropic,-74.6973068,6.425035477,259617.9705,22.05692127,39.4274761,7.847008228,98.94261301,257,227.8520818,0.456386085,0.27840547,0.782224438
Mageonggang,South Korea,Palearctic,127.1097528,35.90420677,1407.555302,12.3534808,964.4287535,31.99676275,93.85285994,87,10.94524157,0.856082611,0.249076323,0.80059159
Maha.Oya,Sri Lanka,Indo-Malay,80.26677475,7.287949712,1509.837656,26.48000233,76.18543995,12.26409316,99.28848455,35,19.16325341,0.82717105,0.3238642,0.755364485
Mahakam,Indonesia,Indo-Malay,115.8672805,0.442116197,76088.53411,26.0477923,21.06513773,0.600711532,99.94185333,188,179.4165395,0.282050132,0.219295731,0.820145576
Mahanadi,India,Indo-Malay,82.90373047,21.29171906,135162.4098,26.15673198,453.0553821,3.322325468,95.70129403,22,113.5152349,0.963535907,0.415431029,0.706498571
Maharlu,Iran,Palearctic,52.78188179,29.43623669,4274.409743,16.94473187,845.2541615,6.557185292,98.88831142,8,2.085086634,0.973948261,0.075088947,0.930155596
Mahaseelawa.Oya,Sri Lanka,Indo-Malay,81.43154352,6.312379778,25.47458262,27.2897988,87.2753901,2.139389753,99.5935,28,3.297,0.685536044,0.335389419,0.748845233
Mahaweli.Ganga,Sri Lanka,Indo-Malay,80.92335022,7.569852005,10512.80138,25.05154785,118.4805573,8.566192508,91.32022191,52,43.5083446,0.705426247,0.273391601,0.785304379
Mahi,India,Indo-Malay,75.66945367,11.72516726,404.1939885,26.39495296,135.5704729,8.649629354,99.78332431,31,23.69955864,0.974235685,0.661600576,0.601829353
Mahitahi,New Zealand,Australasia,169.6776195,-43.719014,192.8379841,7.351205787,389.0220867,0.020543613,99.97957618,11,24.20158264,0.496472451,0.497338027,0.667851869
Maipo,Chile,Neotropic,-70.58748894,-33.57517794,15095.05905,9.620985775,430.8095256,40.46560574,98.29544374,14,16.28361738,0.876128786,0.260567188,0.793293693
Makarachchi.Aur,Sri Lanka,Indo-Malay,81.32596123,8.167878247,105.3813595,27.97341601,165.3435492,1.12323831,99.83216255,28,4.247,0.854111215,0.335389419,0.748845233
Makawhio,New Zealand,Australasia,169.7142463,-43.65058792,185.8069773,8.389249133,376.26289,0.020543613,99.98750345,12,16.17707079,0.485451467,0.45191171,0.688747114
Maksimouka,Russia,Palearctic,137.3724683,46.0701758,2238.315425,0.481968564,1177.640609,0.074162156,99.98590634,30,9.690362946,0.927488261,0.444544067,0.692259948
Malala.Oya,Sri Lanka,Indo-Malay,81.08829423,6.343801704,395.5983404,27.15541756,75.21921614,2.139812768,99.60280518,29,5.925456085,0.674453317,0.342773987,0.744726968
Malawi,Malawi,Afrotropic,34.22180701,-11.90338803,127828.3663,21.1905903,212.0294821,0.412566572,99.66025133,446,24.16166433,0.847789448,0.264054267,0.791105276
Malbaie,Canada,Nearctic,-64.43384305,48.65057302,261.2096496,2.446263082,1024.649117,0.551093251,99.98573772,5,4.56632025,0.931732538,0.161963619,0.860612143
Malselva,Norway,Palearctic,19.23935288,68.80697399,5735.936903,-1.007143051,789.4686271,0.439524561,99.95172482,7,11.8479139,0.962357618,0.246510581,0.80223948
Malu,China,Indo-Malay,107.9740921,21.60872601,155.5106577,22.45634617,506.4351228,1.191466197,99.75281513,14,7.001,0.881761132,0.235678151,0.80927222
Mamberamo,Indonesia,Australasia,138.8619393,-3.349858948,78667.24619,23.37588213,31.11185616,0.217147119,99.99509483,63,228.4035201,0.289459415,0.470210579,0.680174673
Mananjary,Madagascar,Afrotropic,47.7300855,-20.96855594,7041.882745,20.62409043,251.3200786,0.533407956,99.95078286,25,27.75729109,0.631983868,0.501480024,0.666009527
Manatee,United States,Nearctic,-82.26478114,27.53384187,571.8609624,22.52068252,446.8042347,65.69530582,88.858329,34,2.984706791,0.483788825,0.357154814,0.736835614
Manawapou,New Zealand,Australasia,174.439599,-39.6124152,116.5124989,12.58691807,322.1612121,2.024806291,99.87883895,1,3.159,0.555968018,0,1
Manawatu,New Zealand,Australasia,175.8180456,-40.34253402,5855.039106,11.70925901,347.8414647,3.498760939,99.76965217,19,26.62752994,0.551955589,0.423391673,0.702547316
Mand,Iran,Palearctic,52.80932894,28.47370156,40193.5486,20.95739231,792.3028296,2.045477748,99.1990918,21,11.50429079,0.975907136,0.205312732,0.829660198
Mandad,India,Indo-Malay,73.1312497,18.31253662,232.6522328,26.68736564,174.1080876,16.05540681,97.61318629,40,15.90928616,0.985776229,0.346162429,0.742852407
Mandan.Aru,Sri Lanka,Indo-Malay,81.33349311,8.113076724,66.20243896,27.89274894,162.5668595,1.12323831,77.64311731,28,4.247,0.854111215,0.335389419,0.748845233
Mandipattu.Aru,Sri Lanka,Indo-Malay,81.66917062,7.569545313,110.6693461,27.99473694,149.4293548,3.374859571,78.37681263,28,10.06,0.835273433,0.335389419,0.748845233
Mandu.Ganga,Sri Lanka,Indo-Malay,80.07802624,6.305996159,70.51853285,26.8797763,56.4826461,15.50076246,99.29044522,28,7.326,0.766325728,0.335389419,0.748845233
Mangaone,New Zealand,Australasia,174.1082981,-39.16587033,159.0494874,11.91202732,319.4391401,2.024806291,95.69471594,16,9.671,0.472493731,0.47597876,0.677516525
Mangawhero,New Zealand,Australasia,174.9963693,-38.02416583,128.3923092,12.61670983,338.5494511,1.598104984,99.85982989,13,4.249,0.589520555,0.381010485,0.724107464
Mangoro,Madagascar,Afrotropic,47.92965477,-19.48955379,17715.05638,18.86926001,261.8441507,0.788797125,99.91104777,25,34.67392019,0.757296713,0.265515976,0.790191526
Mangwol.chon,South Korea,Palearctic,126.5652384,34.70982313,35.74323132,13.66921769,883.9596508,9.527026057,99.83621939,35,6.291,0.774814651,0.133262071,0.882408426
Maningory,Madagascar,Afrotropic,48.58389523,-17.44482748,12957.08885,20.54606171,246.4043623,0.364266574,99.34139447,7,86.89971054,0.653707641,0.664022368,0.60095346
Manjeswaram,India,Indo-Malay,74.90895255,12.76703009,111.1475686,27.06585288,129.0872979,1.623829231,99.85032599,19,10.932,0.985062139,0.656204173,0.603790291
Manning,Australia,Australasia,151.8970205,-31.73833769,8127.732144,15.45918589,431.4742163,2.22731781,99.90640464,27,6.126897421,0.350224292,0.344628685,0.743699737
Manuka.creek,Australia,Australasia,145.3712329,-42.15559733,35.23542747,11.32216983,270.5903222,0.088570623,99.95535378,4,7.149,0.570218521,0.297620853,0.77064113
Maoling,China,Indo-Malay,108.439672,22.13247629,2890.433296,21.44129431,588.2624735,6.705922306,98.9565872,34,20.39634478,0.855396235,0.370960071,0.729415846
Mar.Chiquita,Argentina,Neotropic,-63.9498829,-29.43037866,129570.6425,18.58147581,486.2427835,1.348916396,97.31761869,86,9.309116473,0.626132699,0.305411093,0.766042211
Maraetotara,New Zealand,Australasia,176.9444925,-39.74980013,107.0733495,12.84898437,365.270112,2.33022517,99.80061167,11,2.101,0.487464036,0.525803848,0.655392239
Maraval,Trinidad and Tobago,Neotropic,-61.5141129,10.70551075,26.04951758,25.64489266,60.25864792,17.19340992,96.69355,5,6.496886764,0.698003206,0.254060845,0.797409475
Marbelup.Brook,Australia,Australasia,117.6896876,-34.98380422,312.4120769,15.32828652,302.9774702,0.412172273,99.94217034,7,2.151460848,0.807878421,0.604493605,0.623249602
Margaret,Australia,Australasia,115.253471,-33.90767655,447.9334549,16.26552911,344.2273164,2.234847218,99.7949685,7,5.597426739,0.848321138,0.621641888,0.61665896
Maribyrnong,Australia,Australasia,144.7591828,-37.47705631,1580.734892,13.09160907,428.3556627,32.82124233,89.65203972,11,4.505488452,0.707308521,0.375058283,0.727241901
Markham,Papua New Guinea,Australasia,146.4323283,-6.67846482,12657.59351,21.68518016,64.42301353,0.431493856,99.96422213,19,32.9814178,0.334871975,0.680795518,0.59495637
Maro,Indonesia,Australasia,140.930759,-7.958021914,8066.072926,26.76411372,88.95617384,0.132899668,99.96500617,52,51.84191007,0.480413985,0.49189588,0.670288063
Marokopa,New Zealand,Australasia,174.8716565,-38.29460716,368.2794128,12.60613511,340.2116793,0.147174641,99.90462852,6,10.31157772,0.638240395,0.350833719,0.740283564
Mary,Australia,Australasia,152.5426546,-26.05951956,9442.204321,19.97986026,394.4125979,2.153943896,97.42641162,47,5.899120581,0.741329638,0.340753448,0.745849285
Mashkel,Pakistan,Palearctic,63.39977885,28.05585505,116658.093,22.36585775,824.3356055,0.185685206,99.7805568,10,2.999657316,0.914514105,0.100935618,0.908318328
Mataquito,Chile,Neotropic,-71.09086177,-35.12820886,6303.854086,10.20234363,463.832293,2.15268752,99.38274378,12,35.52121853,0.965688302,0.454368444,0.687583675
Mataura,New Zealand,Australasia,168.8186916,-45.85252815,5534.216678,8.745973312,386.7599654,0.62887077,99.84518405,14,23.57469995,0.386968831,0.453763834,0.687869636
Matina,Costa Rica,Neotropic,-83.37031919,9.844430045,1600.852381,20.92387221,66.39178009,5.076555729,99.97280163,39,38.73709676,0.46656525,0.616172292,0.618745913
Matsuura,Japan,Palearctic,129.9909194,33.3251749,407.4271668,15.20158731,777.0090884,64.04457569,94.9289882,15,8.952685927,0.714998567,0.355469959,0.737751503
Matsuzaki,Japan,Palearctic,138.8250835,34.73016125,147.9636063,14.91837869,693.931214,24.62032509,99.82570586,7,17.03,0.416392629,0.661811669,0.601752905
Mattaponi,United States,Nearctic,-77.29264057,37.95549421,2347.333057,13.75235788,832.8579776,73.97690964,95.71801467,47,11.00248484,0.57610096,0.166782336,0.857057884
Maule,Chile,Neotropic,-71.43955931,-35.86369473,21107.43877,10.72495933,454.2937188,2.132313967,97.78423456,14,40.07412966,0.967714988,0.382283424,0.723440636
Maullin,Chile,Neotropic,-72.97301262,-41.26759584,3114.123404,10.82421843,300.5978573,0.901440829,99.88857939,17,23.96437945,0.875983728,0.511944686,0.661399858
Maup,South Korea,Palearctic,129.1875774,37.31282206,174.1215252,10.70266798,904.2305587,2.815844506,99.89860528,23,1.911095052,0.738430785,0.546747692,0.646517855
Mccossiens.Swamp,Australia,Australasia,141.3176713,-36.94170461,221.9828093,14.17719296,424.8151271,0.248852868,87.10595764,1,0.033758882,1,0.093710884,0.914318413
Me,Côte d'Ivoire,Afrotropic,-3.844847728,5.906478046,4141.467577,26.51191989,113.9346188,2.644092023,99.9600288,49,14.34338062,0.869740133,0.550941254,0.644769747
Medjerda,Tunisia,Palearctic,8.709682118,36.15056931,23536.53916,16.62923657,687.6643258,4.667188227,93.71956381,7,7.202622546,0.87068595,0.074324154,0.930817758
Mee.Oya,Sri Lanka,Indo-Malay,80.86341326,8.8912866,109.5533913,27.84470905,173.0844667,3.18362844,99.60676567,28,2.587,0.889532294,0.335389419,0.748845233
Meenachil,India,Indo-Malay,76.64870434,9.628218198,1268.428036,27.06290053,101.6335445,13.58659101,99.72064885,12,26.69309885,0.932272337,0.633746813,0.612089947
Meherrin,United States,Nearctic,-77.42879088,36.77094216,11997.9018,14.63958477,800.1717944,17.71006131,99.93080698,86,14.53622439,0.602844922,0.309787984,0.763482344
Mekong,Laos,Indo-Malay,102.639447,18.82986479,772599.3466,21.2046995,299.7625716,1.182179883,98.44291204,892,301.4871762,0.875922338,0.232394017,0.811428801
Melet.Cayi,Turkey,Palearctic,37.82362797,40.5841005,2009.006045,8.110508843,697.1105034,3.290272415,99.86266,35,8.986748924,0.849866012,0.293895087,0.772860188
Menik.Ganga,Sri Lanka,Indo-Malay,81.29872841,6.595220449,1373.302801,26.58158086,89.35190021,2.139389753,96.46785514,34,8.269057684,0.838816699,0.332230075,0.750621097
Meredith,Australia,Australasia,147.9813374,-42.14593121,113.1588948,11.63885769,320.0646623,2.689648032,99.966429,10,0.549,0.465259455,0.349660716,0.740926952
Merin,Uruguay,Neotropic,-53.77935972,-32.82210548,56183.2864,17.40964988,429.0871894,0.898613781,97.45370952,135,52.87990442,0.500876589,0.2317498,0.811853186
Merri,Australia,Australasia,142.4772764,-38.14570103,1066.636183,13.45749523,343.4519057,1.194571897,99.68905684,25,4.88178526,0.800450656,0.376246501,0.726614018
Merrimack,United States,Nearctic,-71.59360774,43.15103748,13040.41522,7.298959387,971.8402448,87.77300835,92.36171168,50,31.44412797,0.455807613,0.187513418,0.842095748
Mersey,Australia,Australasia,146.3230071,-41.5840026,1786.236822,9.177939759,331.5199842,1.880469978,89.82933097,15,22.8414061,0.742121646,0.478472913,0.676373568
Metauro,Italy,Palearctic,12.61742853,43.61989295,1402.130501,12.63348505,682.2531055,23.99927044,99.5780407,11,7.383955132,0.614677751,0.135533978,0.880642957
Meuse,Belgium,Palearctic,5.433652631,50.3513767,32856.16342,9.366747775,574.8797176,68.07288265,95.73793079,43,41.32896367,0.635243324,0.082843628,0.923494375
Mfolozi,South Africa,Afrotropic,31.38759031,-28.17701268,10206.00667,18.91894776,276.4128221,2.010706693,98.98939378,49,9.200813474,0.796912257,0.345430352,0.743256608
Mhlatuzana,South Africa,Afrotropic,30.9485736,-29.85224579,108.4182662,20.30684735,278.9092689,25.13666248,97.94499659,13,1.008,0.629245283,0.519684065,0.65803151
Mhlatuze,South Africa,Afrotropic,31.59565866,-28.67445081,4096.84303,19.7469958,268.7708405,2.700259149,94.23387787,72,6.635049453,0.724105585,0.524283795,0.656045812
Mi.Oya,Sri Lanka,Indo-Malay,80.12744039,7.973240557,1498.02598,27.32861283,120.1366572,8.065473676,84.08268123,33,6.502720356,0.83605677,0.329115241,0.752380207
Middle.Harbour,Australia,Australasia,151.1851572,-33.78006849,236.6277117,17.3813377,381.1761186,72.20037842,93.88812224,23,3.289,0.399763103,0.678788189,0.59566776
Midorikawa,Japan,Palearctic,130.8983553,32.6986163,1077.544376,13.91545546,798.0510025,37.97234726,96.14007165,10,22.62924342,0.748126831,0.378740566,0.725299614
Mijares,Spain,Palearctic,-0.484541421,40.20565808,4035.901538,11.50733018,632.4411544,5.255480647,90.17236551,12,1.136339244,0.849226635,0.179301748,0.847959398
Mije.josuji,South Korea,Palearctic,126.6985112,35.91992546,28.64154017,12.89227639,939.8704209,34.35796547,99.8325,36,4.877,0.808817355,0.157411135,0.863997217
Miliane,Tunisia,Palearctic,9.964340328,36.44824281,2378.876551,18.12804982,653.501572,8.524503589,83.56573287,4,1.616515299,0.860577735,0.785141448,0.5601797
Mimi.kawa.2,Japan,Palearctic,135.9474609,35.55125354,166.2086396,13.07658475,844.6823978,66.1495266,99.79437605,11,16.443,0.184006088,0.368252209,0.730859408
Minab,Iran,Palearctic,57.31538553,27.68004445,10285.92393,23.41388428,655.360315,0.952201128,98.17211984,10,5.357536799,0.989158125,0.104060841,0.905747186
Minho,Spain,Palearctic,-7.429791455,42.57056985,17103.07794,11.31603815,505.593316,9.61636591,93.38359904,16,40.68052744,0.839853199,0.203149073,0.831152201
Minilya,Australia,Australasia,114.4344006,-23.98055524,29862.90404,24.36712603,520.3948301,0.051444118,99.94908117,1,0.534255576,0.991214534,0.850839693,0.540295307
Mira.Portugal,Portugal,Palearctic,-8.474347721,37.56506422,1573.210216,16.11391355,429.0068608,5.604627967,90.23014635,9,4.677345826,0.933659028,0.269104158,0.78795739
Miramichi,Canada,Nearctic,-66.28178584,46.78355816,11800.1784,3.653230912,1076.41353,0.974350169,99.98085907,34,22.79725253,0.925566775,0.209723752,0.826635005
Mississippi,United States,Nearctic,-96.55322519,41.06315514,3017672.487,9.786770424,987.8277675,7.489850044,95.63983335,426,126.1787086,0.593903912,0.250164023,0.799895039
Mitchell.Queensland,Australia,Australasia,143.7424891,-16.29699486,68744.86124,25.32099608,255.066914,0.240480796,99.68245275,60,17.15379847,0.911798424,0.76451782,0.566727062
Mitchell.Victoria,Australia,Australasia,147.4804027,-37.43231534,8673.424146,11.8138168,425.6982957,0.972247303,99.94006958,37,7.592662093,0.365580264,0.303956686,0.766896639
Mkomazi,South Africa,Afrotropic,29.92113447,-29.79894266,4434.643335,15.67099075,337.9552368,6.614034057,99.06516955,48,10.73265903,0.818022426,0.427728196,0.700413428
Moa,Guinea,Afrotropic,-10.47347138,8.408848697,19604.19213,25.01674539,105.0388007,0.370541301,99.85336664,111,107.7281574,0.890645539,0.691311241,0.59125723
Modaragam.Aru,Sri Lanka,Indo-Malay,80.18660964,8.42182646,994.5805236,27.42528061,142.9850189,3.077573329,99.37744374,28,5.437696245,0.873340427,0.335389419,0.748845233
Moeraki,New Zealand,Australasia,169.3619022,-43.78053374,109.3381088,9.410108889,353.8398025,0.020543612,99.96077463,12,16.43605607,0.413679917,0.430568351,0.699022874
Mogral,India,Indo-Malay,75.04753055,12.54367625,105.7792841,27.03271001,133.2712048,6.233008027,99.8357094,21,10.738,0.98404921,0.69315626,0.590612942
Mohaka,New Zealand,Australasia,176.5909364,-39.04370895,2448.083004,9.933578099,380.9004232,2.239828229,99.89167528,14,20.91799442,0.257125567,0.469499289,0.680503902
Mokau,New Zealand,Australasia,175.0280385,-38.55089966,1456.633259,12.63329484,355.5567817,0.768799022,99.87780131,18,21.99687383,0.541668775,0.415507499,0.706460404
Mokihinui,New Zealand,Australasia,172.1837201,-41.55024254,735.9471409,8.876650595,367.2976009,0.405227885,99.98399758,12,15.43624565,0.389223971,0.456956363,0.686362355
Mondego,Portugal,Palearctic,-8.067586735,40.34516584,6663.096422,14.22508359,473.1594458,12.09005189,96.00660552,21,14.81551277,0.861962347,0.098456528,0.910368298
Montagu,Australia,Australasia,144.9258342,-40.93515289,356.1844439,12.38792578,259.9038681,0.06868169,99.94885287,6,6.064320403,0.697014468,0.385794866,0.721607523
Moongil.Ara,Sri Lanka,Indo-Malay,79.85923759,8.177238648,143.3953932,27.54554326,128.5148206,0.436186798,99.61356707,28,1.689,0.832404311,0.335389419,0.748845233
Moorabool,Australia,Australasia,144.5766841,-37.89802073,129.8556292,14.69361842,390.1774037,32.82124233,99.63090811,12,0.773,0.608208955,0.368827875,0.730552043
Moorea,French Polynesia,Oceania,-149.800463,-17.55277778,14.68782571,23.90859377,126.5173197,5.182930946,NA,10,NA,NA,0.77642888,0.562927124
Mopo,South Korea,Palearctic,129.4812267,35.93961487,45.82155492,13.15260422,839.8637657,76.24979115,99.58295708,9,6.498,0.708157406,0.441861551,0.693547865
Morehead,Papua New Guinea,Australasia,141.4624449,-8.683997793,5541.327055,26.82897911,96.72334702,0.024776415,99.99479925,57,29.1458048,0.54037904,0.096182615,0.912256759
Morrumsan,Sweden,Palearctic,14.79153852,56.89190279,3384.307845,6.123126559,679.3387185,4.716931224,99.85199752,19,8.262064288,0.17345955,0.152499602,0.867679258
Moruya,Australia,Australasia,149.849617,-35.8382797,1435.203477,13.86491558,395.7521296,9.748818874,99.95633599,18,4.046780753,0.415227051,0.477698634,0.676727972
Mosquito.creek,Australia,Australasia,141.0381702,-37.0576518,1278.079489,14.26287493,400.749572,0.579778589,97.92862373,7,0.243973339,0.943225222,0.475836592,0.67758179
Motu,New Zealand,Australasia,177.6729866,-38.10869854,1417.090113,10.72705452,364.2931455,0.44966644,99.94767744,14,13.40552148,0.414205971,0.485976137,0.672958317
Motueka,New Zealand,Australasia,172.7762539,-41.44793116,2027.934861,9.762137915,382.2057154,0.481194846,99.78356715,16,21.31337007,0.363312418,0.505645077,0.66416715
Moulouya,Morocco,Palearctic,-2.907666602,33.60982431,66518.79886,15.03602561,683.8485546,1.083283722,98.91687125,6,4.088995127,0.844997009,0.201790471,0.832091803
Moutere,New Zealand,Australasia,172.9872444,-41.23681099,148.5285421,12.40474895,377.9894376,1.001099259,99.59570257,8,4.756,0.366074245,0.445441695,0.69183005
Moyanjiang,China,Indo-Malay,111.7238831,22.20273577,4926.056953,22.04026456,520.2445902,5.752724349,96.91899413,72,31.35478947,0.830506374,0.311819613,0.762299931
Mpambanyoni,South Africa,Afrotropic,30.44614102,-30.21781228,547.3665373,18.73726126,276.5606151,4.65536809,99.94241293,16,3.140296941,0.651691021,0.464152321,0.682989048
Mtata,South Africa,Afrotropic,28.74707124,-31.63904783,2613.337813,17.17265362,299.2096588,1.614507169,91.79664308,59,5.63326511,0.66373764,0.346704928,0.74255316
Muar,Malaysia,Indo-Malay,102.6468791,2.518044705,6042.359736,26.50296515,49.57261222,11.16545165,99.47196685,78,37.31668049,0.430654682,0.284913181,0.778262699
Mucuri,Brazil,Neotropic,-41.07618426,-17.58109355,15562.80515,22.94099894,184.9464015,0.749537244,99.92663477,62,14.72980999,0.893082634,0.153117088,0.867214622
Muir,Australia,Australasia,116.7160499,-34.46984733,320.0521333,15.03000184,349.2740595,0.427061155,99.95821091,4,2.438915448,0.891047902,0.606980404,0.622285124
Mulege,Mexico,Nearctic,-112.0899672,26.79578334,701.9271637,23.29213976,561.6920213,0.205309078,99.54233437,57,0.074046082,0.998336519,0.777306263,0.56264923
Mulgrave,Australia,Australasia,145.8166875,-17.27822673,1386.460262,22.12666176,270.3015329,1.627479613,99.93936303,61,21.20082482,0.851631645,0.731764634,0.577445676
Mundau,Brazil,Neotropic,-36.19305097,-9.079176936,4129.477246,22.35077608,143.8033534,3.009122133,99.80864828,93,15.28373834,0.870821047,0.397439798,0.715594333
Mundeni.Aru,Sri Lanka,Indo-Malay,81.36632368,7.525251546,1332.091109,27.32911887,141.7159466,3.374859512,95.03707505,31,11.27018992,0.82105918,0.336317985,0.748324883
Murray,Australia,Australasia,116.4364892,-32.76141076,11197.07964,16.49808771,462.5253432,4.851365328,95.58433959,16,8.032206411,0.91028125,0.257990065,0.794918837
Murray.Darling,Australia,Australasia,147.1175005,-31.19136748,814275.8257,17.82976639,571.0021513,1.126797363,96.35368123,56,9.420145883,0.707946069,0.303633264,0.767086901
Musi,Indonesia,Indo-Malay,103.6886019,-3.462389995,54604.5989,25.36430254,33.78273521,2.945488632,99.82536241,128,173.6099501,0.529941553,0.18964018,0.840590304
Musone,Italy,Palearctic,13.3745941,43.44164378,637.4328838,13.32261439,667.6443086,23.99927044,83.08718934,8,2.570706369,0.63103488,0.333021916,0.750175213
Myakka,United States,Nearctic,-82.2119411,27.23935291,1310.016346,22.65522041,435.4650264,64.23143959,99.76835196,43,5.784719586,0.539757542,0.293568066,0.773055571
Myall.Crawford,Australia,Australasia,152.2263232,-32.41682637,951.4028557,17.6254103,379.8254131,1.039050639,99.91877624,24,3.316432599,0.338409738,0.723699062,0.580147673
Mzimvubu,South Africa,Afrotropic,28.85300709,-30.76763198,19884.14231,15.25202239,366.3781627,0.775143221,97.54278827,39,13.78564252,0.792895048,0.302619644,0.767683801
Mzumbe,South Africa,Afrotropic,30.30479446,-30.48608202,537.0378459,19.31973443,256.1327237,4.655368209,99.95053609,1,3.504787571,0.628639164,0.686805597,0.592836544
Nacaome,Honduras,Neotropic,-87.41707748,13.74233775,2557.56062,24.28233566,100.0634076,3.038520515,99.95644591,24,5.623996194,0.919611208,0.649910405,0.606093517
Naeng.chon,South Korea,Palearctic,129.3965026,35.93217319,103.8177838,12.63586111,870.9863338,73.28940678,89.26682721,13,6.498,0.708157406,0.522296574,0.656902221
Nahoon.River,South Africa,Afrotropic,27.69350011,-32.84383584,593.8094701,17.94711818,252.4655649,3.973262072,85.95810978,10,2.266571389,0.434627336,0.210469983,0.826125401
Naivasha,Kenya,Afrotropic,36.42129939,-0.526982759,3465.936086,14.2385319,89.53013166,2.337846398,98.96368865,1,2.770410174,0.599698952,0.566463148,0.638380802
Naka.Ibaraki,Japan,Palearctic,140.1565031,36.72086917,3152.855203,11.72554008,818.2200783,69.44086647,96.26981796,8,15.90126102,0.535542652,0.109191088,0.901557911
Nakdong,South Korea,Palearctic,128.4872444,36.04189296,23300.18342,11.42051926,939.549533,58.28438187,94.2718456,110,27.93368897,0.825659958,0.336788561,0.748061458
Nam.chon,South Korea,Palearctic,128.4578927,38.3349909,64.3748973,10.8447097,888.5955063,1.689056039,99.92349011,30,8.924,0.842738844,0.576248594,0.634417695
Namadagas.Ara,Sri Lanka,Indo-Malay,81.57164421,6.518122685,107.7740703,27.22607411,101.6750796,2.139389724,99.83051988,28,1.317,0.742950108,0.335389419,0.748845233
Namak,Iran,Palearctic,50.29074055,34.90012302,92386.91256,13.48801413,949.5815974,10.82466269,97.77440148,15,7.630153053,0.915619717,0.214379324,0.82346593
Namakada.Aru,Sri Lanka,Indo-Malay,81.72675383,7.558634546,22.95091405,28.10303038,147.4981329,3.374859512,99.5212,28,10.06,0.835273433,0.335389419,0.748845233
Nambari,Japan,Palearctic,136.7376835,34.31382197,7.70450374,15.50719703,746.3038441,62.14790154,99.92549639,4,19.658,0.597517962,0.237553418,0.808045928
Nambucca,Australia,Australasia,152.7636702,-30.69991206,1308.516813,17.94908301,378.2877988,2.233936042,99.92459467,41,3.699908332,0.491070928,0.693395816,0.590529391
Namdae,South Korea,Palearctic,129.3524231,36.72070164,147.6025306,11.23304401,901.8878886,9.85035789,99.93491449,26,2.716,0.742374805,0.561934192,0.640231839
Namorona,Madagascar,Afrotropic,47.68663577,-21.41512443,2078.621713,20.87133519,248.1392466,0.574006155,99.94697609,1,23.26406847,0.674206114,0.957159002,0.51094469
Namsang.chon,South Korea,Palearctic,126.9384067,34.63059643,86.48089954,13.20079862,879.003363,9.537025809,99.84049128,31,6.981,0.775836374,0.56114702,0.640554661
Namsen,Norway,Palearctic,12.97441735,64.68334546,6229.994498,1.779912173,707.2705497,0.304175362,97.89551196,6,30.57850403,0.861724499,0.288702599,0.775974225
Nandu,China,Indo-Malay,109.9683034,19.48161582,7104.775555,23.81322888,377.956829,3.322113842,94.84028777,93,47.04013829,0.915268118,0.291896655,0.774055724
Nanliujiang,China,Indo-Malay,109.7013486,22.22630422,9344.902057,21.65443294,576.0987923,4.975376725,95.80630631,80,43.09196503,0.789704913,0.180785365,0.846893965
Nansen.sui,South Korea,Palearctic,128.6673543,35.21978978,116.2591023,13.36709858,876.3558413,121.638588,95.92113948,19,2.142,0.80861244,0.555296332,0.642964289
Napa,United States,Nearctic,-122.366243,38.3803032,1106.748122,14.81917175,503.0260651,50.17652035,93.88731748,12,8.796020034,0.922089843,0.101345642,0.907980167
Naposta.Grande,Argentina,Neotropic,-62.13993636,-38.40243726,1295.687149,14.35795692,550.3435051,1.400172353,99.44006945,9,1.469040419,0.618726347,0.572765681,0.635822623
Naracoorte.creek,Australia,Australasia,141.0015188,-36.81747448,919.5366455,14.49562721,415.0870494,0.280709624,92.26766308,2,0.019421785,1,0.329515208,0.752153863
Narcea,Spain,Palearctic,-6.03340283,43.21688193,4914.218525,10.51495958,479.9113182,10.07853913,96.93693308,8,16.7870402,0.778563446,0.147952767,0.87111598
Narmada,India,Indo-Malay,77.45717117,22.44406181,95806.12815,25.84890935,465.0854717,3.846385062,95.57217563,96,114.4399005,0.985154101,0.20961519,0.826709195
Narrabeen.lakes,Australia,Australasia,151.2652851,-33.7143494,66.46004919,17.38624029,365.5303146,72.20037651,97.67759732,12,3.289,0.399763103,0.364203541,0.733028445
Nass,Canada,Nearctic,-129.1048066,56.16810932,19924.2532,1.035231958,750.2629573,0.024947826,99.99601953,26,86.39153837,0.889016132,0.201554316,0.832255344
Nassau,United States,Nearctic,-81.67081261,30.56117118,1109.138929,20.16141265,587.3957973,32.69246721,99.91579384,59,3.296786799,0.25329926,0.315889031,0.7599425
Natanebi,Georgia,Palearctic,42.01162607,41.86999206,672.8664675,11.47656101,649.8398222,2.019680738,99.91330903,21,10.5201907,0.675342981,0.193079508,0.838167107
Natori,Japan,Palearctic,140.6731216,38.26122269,813.8915085,10.2717608,855.3590204,57.69013119,91.15231052,2,7.274176901,0.604182919,0.241817834,0.805271089
Nay.Aru,Sri Lanka,Indo-Malay,80.75288003,9.080297593,292.8184246,27.63159721,175.0565639,1.970090032,99.06084143,28,3.03619344,0.860952441,0.335389419,0.748845233
Nazas,Mexico,Nearctic,-104.3068608,25.42620302,46214.95852,17.55328174,432.4506261,1.85683611,96.64739984,24,5.482182623,0.954118485,0.243926084,0.803906287
Neches,United States,Nearctic,-94.41322558,31.79007355,27241.16535,18.28290129,733.9846628,11.69304681,91.65340314,107,39.32067098,0.711886896,0.325201086,0.75460246
Negro.Argentina,Argentina,Neotropic,-69.47370187,-39.29258487,118307.2841,10.46703546,539.8419259,0.389408596,97.04030997,20,109.2993408,0.807165229,0.394657885,0.717021723
Negro.Uruguay,Uruguay,Neotropic,-55.95039552,-32.56369936,71031.68158,17.66118227,472.9437258,0.656491891,97.31635856,132,57.60722558,0.457147098,0.714108424,0.583393668
Nehoue,New Caledonia,Australasia,164.2890323,-20.44052023,205.9714254,23.29457849,219.5915288,2.11431098,99.94793575,2,2.505,0.768676868,1.038608791,0.490530603
Neka,Iran,Palearctic,53.9664885,36.57346222,1875.446654,12.154663,887.09496,4.571189344,99.59293229,24,0.870207533,0.918160945,0.158344389,0.863301113
Nelson,Canada,Nearctic,-101.902177,51.41751779,1019864.883,1.594006186,1276.079039,1.236175224,96.97158203,97,37.25226827,0.184710299,0.065057601,0.938916354
Nene,United Kingdom,Palearctic,-0.536239084,52.44114339,2274.51691,9.558183899,475.1668022,53.13702106,97.59532706,23,9.053835935,0.615076173,0.175046989,0.851029797
Nerang,Australia,Australasia,153.3082429,-28.10178727,486.0308416,18.90076462,363.7900954,12.6999898,84.36601043,6,4.637285846,0.590260477,0.606952744,0.622295835
Neretva,Bosnia and Herzegovina,Palearctic,17.90948755,43.30953935,13097.69684,10.01733244,681.3528635,3.574283838,95.94935974,16,20.2136238,0.779028824,0.159403096,0.862512791
Ness,United Kingdom,Palearctic,-4.73986804,57.18065634,1861.299074,6.643860479,406.8702282,1.778896868,88.9515549,10,21.11062967,0.487898628,0.178507503,0.848530873
Nestos,Bulgaria,Palearctic,24.01595404,41.56776854,6216.856991,8.843705374,717.581103,5.300564528,90.03877481,32,8.883813039,0.788225004,0.114856218,0.896976654
Neto,Italy,Palearctic,16.77146938,39.26086168,947.5530598,12.55241104,604.6547078,10.98785663,87.1175242,7,4.041212614,0.864336932,0.063260404,0.940503376
Neuse,United States,Nearctic,-78.13164439,35.6169828,11703.26149,15.6429953,771.8141866,30.43106222,95.41959407,93,18.93353618,0.559272682,0.326675399,0.753763883
Neva,Russia,Palearctic,31.95419838,60.7146168,280259.6319,3.212692206,946.940432,1.297997653,98.87187045,43,55.35506445,0.443161943,0.210578276,0.826051499
New.Caledonia.un,New Caledonia,Australasia,164.7353583,-20.82597026,365.1038601,22.31634685,231.4739007,2.11431098,99.9612531,10,4.963854031,0.767479727,0.803026823,0.554622919
New.River,New Zealand,Australasia,171.254567,-42.54769952,155.0125336,11.32799862,330.2049807,0.44798483,99.83433402,15,8.006337817,0.351665183,0.454507395,0.68751799
Neyyar,India,Indo-Malay,77.15152931,8.465438749,485.8097227,26.61007545,91.55528973,12.02479506,86.87619615,37,6.070176241,0.873674452,0.408452484,0.709999103
Ngakoroa,New Zealand,Australasia,174.950937,-37.13881425,219.2456363,14.29666401,334.9573386,3.625843167,95.20721388,10,5.426,0.611477987,0.411924629,0.708253103
Ngaruroro,New Zealand,Australasia,176.4785102,-39.48994581,3333.278166,11.24389176,381.5129257,2.637983203,99.83643352,15,12.39076715,0.291264997,0.445996765,0.691564479
Nicholson.Leichhardt,Australia,Australasia,138.8984613,-18.81928286,83816.12159,26.05111711,422.7810262,0.057931302,98.70778721,63,5.357419441,0.961004452,0.740803074,0.574447515
Nickerie,Suriname,Neotropic,-56.72406224,5.110076929,9942.2834,26.63160365,64.4690177,0.090590969,99.91213186,122,46.53296826,0.565765565,0.552156264,0.644265029
Niemen,Lithuania,Palearctic,24.82901413,54.44470537,95961.80321,6.125141702,816.8516698,3.628556132,97.69130588,45,27.10642771,0.696241545,0.157830141,0.863684546
Nikshahr,Iran,Palearctic,60.15307399,26.0743223,4953.062091,25.4112751,555.3459902,0.565964989,99.93633553,9,3.967018583,0.993557928,0.537775337,0.650290049
Nile,Sudan,Afrotropic,30.89859831,14.95309677,3270917.198,25.59644499,364.4950529,0.776347548,99.36901526,175,57.52472399,0.857821955,0.63925091,0.610034738
Nilwala.Ganga,Sri Lanka,Indo-Malay,80.53752893,6.15811192,1036.923124,26.16740053,53.91998105,14.29341578,99.52404921,53,15.74118129,0.744551759,0.311655766,0.762395154
Nishibetsu,Japan,Palearctic,144.8731901,43.42857882,441.9639455,6.746821727,912.7696842,6.494470239,99.84442362,2,7.660574043,0.812887236,0.071381959,0.93337394
Nisqually,United States,Nearctic,-122.2405781,46.84445184,1883.670919,8.430313442,508.8409491,21.30964661,95.64416834,27,23.57219405,0.748345135,0.176550411,0.849942332
Nissan,Sweden,Palearctic,13.23485319,57.01614657,1313.502844,6.292159237,661.8114328,5.430462122,95.65782568,16,17.19980204,0.349015212,0.127274299,0.887095537
Nith,United Kingdom,Palearctic,-3.893392254,55.25738257,1238.109461,7.620410394,410.6890866,38.03682423,99.10385448,13,17.21234024,0.438961924,0.077385488,0.928172888
Niyangolle.Ela,Sri Lanka,Indo-Malay,81.42457298,7.798381841,249.0738176,27.78710386,150.9944723,3.374859512,97.24604929,28,4.097771493,0.811953249,0.335389419,0.748845233
Noce,Italy,Palearctic,15.79734674,40.06437942,315.9353806,12.5985481,608.2034409,10.56728649,98.55697367,4,3.45009584,0.846571603,0.070968677,0.933734125
Norrstrom,Sweden,Palearctic,16.19798378,59.65236143,23208.84151,5.505205381,757.5455703,12.28453541,99.78930895,26,13.53198279,0.367273923,0.111362519,0.899796406
North.West.Bay,Australia,Australasia,147.2086625,-42.98883801,113.8891955,10.08245015,308.1674103,2.493178725,99.87097546,10,1.238,0.551248602,0.514218585,0.660406635
Noun,Morocco,Palearctic,-9.70439003,29.03234656,6850.034703,18.40941118,457.159258,0.73403196,99.7396569,5,1.664195363,0.976152706,0.754343047,0.570013944
Nouvelle,Canada,Nearctic,-66.52531494,48.34724614,1175.491555,1.54161992,1098.148597,0.50445395,99.99246021,5,9.171188221,0.951747287,0.188107297,0.841674824
Novo,Brazil,Neotropic,-40.90314541,-20.79388766,770.6690096,21.79310498,209.3372484,14.30089211,99.85315324,62,3.936711301,0.724716773,0.27441683,0.784672626
Nueces,United States,Nearctic,-99.24627416,28.79146654,43508.32449,20.89144087,668.2098984,3.99719125,97.26918944,66,2.923765846,0.791907127,0.189267595,0.840853652
Ob,Russia,Palearctic,74.25501722,56.95647205,2747266.616,-0.225869244,1331.508582,0.735169113,99.09330343,45,128.0670938,0.637229912,0.066695698,0.937474485
Obongje,South Korea,Palearctic,126.7288478,36.84816577,101.9451985,11.6678939,1004.218519,15.00964975,99.66017102,40,2.107,0.844011976,0.138822316,0.878100109
Ochlockonee,United States,Nearctic,-84.33363829,30.72530958,5655.682658,19.21407949,635.1300818,9.013900042,96.06978702,79,16.78877015,0.440612581,0.394699941,0.717000102
Oconnor.creek,New Zealand,Australasia,172.1735039,-41.39266323,189.4881052,10.50708477,341.231505,0.421096697,99.93886847,9,9.012,0.373993603,0.484700085,0.673536703
Odet,France,Palearctic,-4.020168054,48.03463573,720.0644778,11.44315097,415.1724387,7.819541812,99.67429273,8,9.678051308,0.780982036,0.163415442,0.859538187
Odra,Poland,Palearctic,16.86352135,51.81765964,118991.636,8.276860003,725.0909881,12.73928618,97.66696955,49,19.7942443,0.467347937,0.097105243,0.911489583
Oehwang.gang,South Korea,Palearctic,129.3182507,35.48569349,117.043287,14.03604034,824.6138865,76.24979019,98.33823324,13,2.055,0.755094991,0.566523336,0.638356274
Ogeechee,United States,Nearctic,-82.0646883,32.64774931,11547.46596,18.13387727,686.737087,8.54067266,99.67540815,75,17.32698984,0.586713821,0.15481148,0.865942206
Ogooue,Gabon,Afrotropic,12.39887939,-0.323170923,216303.6873,24.25831194,95.89609528,0.358110107,99.9864021,257,124.3034753,0.634092573,0.53347835,0.652112239
Ohau,New Zealand,Australasia,175.3193006,-40.6885305,218.8220358,11.11592845,335.5199628,4.754751265,99.82745233,13,7.219,0.526860457,0.504433113,0.6647022
Ohinetamatea,New Zealand,Australasia,169.8619079,-43.50868528,119.8915582,10.12666232,350.0592889,0.020543613,99.96402326,13,19.94421918,0.39539412,0.424424347,0.702037986
Oirase,Japan,Palearctic,141.0967473,40.53880706,1072.109975,8.260659388,892.2555119,17.54425097,99.79291355,6,10.50930872,0.592510742,0.314807676,0.76056751
Oiratiti,New Zealand,Australasia,177.4520975,-38.03584588,104.7019882,12.81049784,346.6010851,0.509041943,99.8636125,8,3.729,0.375616256,0.563554404,0.639568407
Okari,New Zealand,Australasia,171.533933,-41.86206083,196.577634,11.16746575,322.8217962,0.112372026,99.9509305,12,10.376,0.361115062,0.470021573,0.680262126
Okavango,Botswana,Afrotropic,21.48654134,-19.64598367,671267.595,21.83937625,374.7907399,0.098147873,99.82644818,111,8.690172026,0.837866107,0.257566274,0.79518672
Okchon,South Korea,Palearctic,127.2223292,34.59133845,57.14715444,13.67451928,874.8147012,12.20229626,99.83706578,19,8.506,0.782954399,0.637873352,0.610547817
Okku.josuji,South Korea,Palearctic,126.644744,35.91324218,41.24798517,12.88559317,943.3113807,34.35796595,99.88313784,34,4.877,0.808817355,0.123048969,0.890433122
Okkye.josuji,South Korea,Palearctic,128.9754734,37.58930763,151.0411357,10.88662878,904.9572751,7.984212995,92.9753699,24,3.879,0.780597978,0.577247634,0.63401585
Oktong.josuji,South Korea,Palearctic,126.5626598,36.30993328,52.48437198,12.23262909,949.595551,15.00964952,99.94278805,26,1.715,0.833149171,0.087377374,0.919643929
Okuru,New Zealand,Australasia,169.0718627,-44.00677823,277.6637268,8.426831083,390.8265533,0.081997015,99.94368771,4,20.17868494,0.467971838,0.661301236,0.601937793
Oldfield,Australia,Australasia,120.5585266,-33.53461313,2392.590578,16.38500224,379.3610815,0.041373781,99.92514674,5,0.308676849,0.989696283,0.614820298,0.619263952
Olifants,South Africa,Afrotropic,19.39150384,-31.81890751,46462.06143,17.23497614,467.6845799,0.338298067,98.04056258,11,3.224669735,0.865537005,0.33054031,0.751574374
Olyuje,South Korea,Palearctic,126.6538687,34.65846911,50.16089658,13.19666668,874.5179129,9.527025938,99.90435,35,6.291,0.774814651,0.127771976,0.886704069
Omanawa,New Zealand,Australasia,176.0289748,-37.85506878,457.4567524,12.19977712,360.115266,3.310063481,96.97227657,12,9.17577896,0.51823179,0.387035914,0.720961865
Ombrone,Italy,Palearctic,11.38259528,43.05743582,3634.275784,13.53181707,628.7320606,32.44186544,99.66229909,8,10.1149905,0.705011993,0.100765971,0.908458316
Omono,Japan,Palearctic,140.5097565,39.46730535,4765.058623,9.239373,945.1494173,24.31334066,96.02031311,9,26.53331408,0.763037832,0.147746002,0.871272911
Ong,South Korea,Palearctic,126.6565073,36.26135703,259.5733889,11.7135141,949.5912313,15.00964975,81.83286384,46,4.048115945,0.838174933,0.145013528,0.873352127
Ooyodo,Japan,Palearctic,131.1060003,31.91902235,2189.001279,14.92626776,758.4859908,18.74180079,96.01151554,22,25.70291894,0.713015133,0.318325131,0.758538221
Opihi,New Zealand,Australasia,170.9200024,-44.11010541,2379.142249,9.39383161,411.173682,0.456543922,99.7087913,13,6.211963827,0.586581698,0.478249789,0.676475659
Orange,South Africa,Afrotropic,22.42089102,-27.41312734,987410.4627,18.15821793,514.9852918,1.34284538,96.89612988,18,8.15857414,0.779947301,0.265619954,0.790126607
Orari,New Zealand,Australasia,171.1226929,-43.92489681,822.8969897,8.931730547,421.7136709,0.612982616,99.80478498,12,11.0007116,0.534362767,0.473710594,0.67855928
Orb,France,Palearctic,3.046270875,43.54919047,1570.646743,12.53629938,578.065723,16.14802909,95.71027279,26,11.0985756,0.79358551,0.128145442,0.886410531
Oreti,New Zealand,Australasia,168.3734316,-45.9056826,3450.760471,9.336997492,358.2176642,0.976261213,99.81693323,13,15.16223965,0.412847234,0.473946429,0.678450709
Orinoco,Colombia,Neotropic,-67.91232734,5.69260807,934561.2185,25.78513549,69.69892891,1.039013892,99.54422874,1110,528.4332738,0.794016131,0.52938648,0.653856964
Orkla,Norway,Palearctic,9.910742573,62.80980818,3329.025308,1.714043009,637.731541,0.816808611,96.1567947,6,29.89816698,0.88339424,0.288702599,0.775974225
Orne,France,Palearctic,-0.306700713,48.83819913,2944.816825,10.44298414,484.2039082,10.40918112,96.96671104,20,13.01728137,0.731158741,0.041010667,0.96060495
Oruawharo,New Zealand,Australasia,174.4890763,-36.21960191,206.8787964,14.75510037,302.9953919,21.7120049,99.80218774,7,5.72,0.659530181,0.321377522,0.756785993
Osip,South Korea,Palearctic,129.2645839,36.39390605,382.7580255,11.31634033,910.4232624,9.850357771,99.65631274,32,3.332668476,0.693542541,0.589807801,0.629006852
Otaki,New Zealand,Australasia,175.2660102,-40.85182316,344.6178885,9.775960951,344.5675483,4.754751384,99.90893219,10,8.959734713,0.522444673,0.416957176,0.705737631
Ouameni,New Caledonia,Australasia,165.9784697,-21.81610811,176.5216252,22.37053443,247.9290242,2.297934294,99.96207664,11,1.976,0.591208791,0.413569555,0.707428932
Oued.Seybouse,Algeria,Palearctic,7.409709993,36.28666934,6408.213316,15.37194799,670.6740222,8.516141534,91.85730877,5,3.353856477,0.867879617,0.6602949,0.602302639
Oulujoki,Finland,Palearctic,28.44974108,64.59866226,26726.36233,1.214939237,968.0299448,0.434224933,97.8894105,26,23.77246679,0.365448788,0.146207151,0.872442646
Oum.er.Rbia,Morocco,Palearctic,-6.786065617,32.35230321,38409.18773,15.61392499,640.2808003,2.71360749,95.3814513,11,7.421183013,0.905473958,0.131081935,0.884109249
Ouse,United Kingdom,Palearctic,0.05237648,52.29050252,8214.183466,9.752228813,480.6896215,66.50685978,99.0741961,30,8.404867401,0.60767087,0.084302605,0.922251773
Owaka,New Zealand,Australasia,169.5534728,-46.39979129,185.3258101,9.565389816,325.9035715,0.299971998,99.76049096,8,3.917405558,0.403720357,0.380678996,0.724281316
Owens,United States,Nearctic,-118.3630555,37.19283022,9100.705398,8.925657055,752.1388263,0.586516142,94.65328558,3,7.863563831,0.845151303,0.351258109,0.740051063
Oymapinar,Turkey,Palearctic,31.68202519,37.0767641,2669.856889,11.00966525,742.2914623,4.784776032,95.1512923,32,4.689201766,0.942971202,0.146474939,0.872238865
Padreco,Brazil,Neotropic,-42.76245808,-22.90955298,288.6248227,22.64241993,211.7298466,10.76472867,99.23012779,15,3.79214817,0.68885978,0.424546703,0.701977687
Padrigiano,Italy,Palearctic,9.446073968,40.82832511,447.3904331,15.15515524,578.030779,4.804812074,99.28818804,3,1.679772504,0.914818888,0.37972721,0.724780951
Paebong.ni,South Korea,Palearctic,128.3803703,38.53012094,108.0688355,11.21899673,869.9429486,1.689056039,99.92546402,22,4.061,0.847028672,0.558003521,0.641847073
Paekho.josuji,South Korea,Palearctic,126.6623065,34.58621337,77.50375907,13.44348487,869.3698092,9.527025938,99.77855019,27,8.115,0.777352228,0.086610241,0.920293185
Pagatban.Negros,Philippines,Indo-Malay,122.6584572,9.574152378,380.5617314,26.32977374,63.39991655,1.419779003,99.98607839,48,12.00590803,0.879351279,0.501480317,0.666009397
Pahang,Malaysia,Indo-Malay,102.3206443,3.853832848,28738.61908,25.25538885,59.26125011,9.439166307,99.92943453,209,83.55033472,0.505642976,0.300991072,0.768644783
Pahaoa,New Zealand,Australasia,175.7678085,-41.19154552,645.324041,12.10469115,349.1395707,1.30302301,99.87145786,7,8.888813994,0.657089415,0.426807624,0.700865333
Pak.Phanang,Thailand,Indo-Malay,100.0538044,8.067671112,2333.580413,27.28226152,87.07141435,2.306768864,97.97263302,82,23.29569929,0.808722364,0.20406076,0.830522872
Paladi.Aru,Sri Lanka,Indo-Malay,80.87189438,9.08909092,41.11100391,27.71187941,167.2508211,1.956746429,99.40687852,28,2.266,0.88042778,0.335389419,0.748845233
Palampotta.Ara,Sri Lanka,Indo-Malay,81.06953674,8.542600416,117.5490883,27.65227267,169.2263035,1.156445459,70.76723107,28,1.879,0.871029836,0.335389419,0.748845233
Paliastomi,Georgia,Palearctic,42.05047004,42.09130061,564.6205293,14.07928518,641.2885869,2.67291522,99.93788582,34,88.08860225,0.744567362,0.118450559,0.894094059
Palinup,Australia,Australasia,118.3106135,-34.14892384,6530.408917,15.63726353,389.9598684,0.308531512,99.81496577,7,0.238757129,0.957059114,0.719664481,0.581508783
Pamba,India,Indo-Malay,76.87768988,9.334483776,3939.343436,25.78240523,101.6439538,12.00952435,96.3350696,54,22.67804808,0.900438906,0.426448056,0.701042001
Pamissos,Greece,Palearctic,21.99962247,37.20806368,786.1691499,15.0551477,617.9953982,5.587849021,98.74354483,7,2.778864539,0.927466934,0.262699103,0.791954312
Pampana,Sierra Leone,Afrotropic,-11.83536584,8.386274862,8217.592747,25.95762421,102.0047629,0.315781627,99.8591193,113,102.4142321,0.903214556,0.684950676,0.593489183
Pan.Oya,Sri Lanka,Indo-Malay,81.13026054,8.658574653,192.1092438,28.08151383,172.1042521,1.12323831,98.55763744,28,2.893,0.885608856,0.335389419,0.748845233
Pangani,Tanzania,Afrotropic,37.40690285,-4.453596061,52446.14835,21.48448232,174.725965,0.452259295,97.82315193,39,8.459963627,0.780197368,0.553429402,0.643737011
Pankulam.Aru,Sri Lanka,Indo-Malay,81.00214772,8.607586941,447.7475761,27.63367461,167.5540592,2.142964214,77.0041126,31,4.586152766,0.8946365,0.336317985,0.748324883
Pannela.Oya,Sri Lanka,Indo-Malay,81.70363637,7.100754729,191.1634372,27.30897141,124.1172081,3.374859512,76.41038584,28,4.061,0.856228884,0.335389419,0.748845233
Panuco,Mexico,Neotropic,-99.26926258,21.63474097,86623.58028,20.5847742,309.3047274,12.13821816,95.01810617,111,18.84641023,0.900800539,0.329844922,0.751967379
Papagayo,Mexico,Neotropic,-99.39835318,17.26804242,7590.053801,23.35704204,119.4838321,3.91249907,99.88442694,43,28.17499663,0.957540352,0.575968406,0.634530487
Papaloapan,Mexico,Neotropic,-96.29582372,17.93189515,39565.18436,21.91967909,211.9061369,4.641429007,98.86114418,112,74.3391419,0.90779966,0.410959549,0.70873754
Paraguacu,Brazil,Neotropic,-40.48800026,-12.33872822,54901.20807,22.25455236,152.0837981,0.859833911,96.38317234,106,6.585258059,0.88242937,0.392386263,0.718191515
Paraiba,Brazil,Neotropic,-36.31363671,-7.485424188,19716.87641,23.1878952,133.7738125,2.143353939,90.21447616,15,4.002188857,0.839863177,0.303617601,0.767096117
Paraiba.do.Sul,Brazil,Neotropic,-43.49801382,-22.0504075,57085.38014,20.00954185,234.6932594,26.6795373,96.2329999,269,63.78149257,0.734123208,0.066174283,0.937932959
Parana,Paraguay,Neotropic,-56.60306071,-22.92092753,2596482.377,21.49582689,308.7424068,2.749833465,98.66771661,1012,176.8460397,0.457646346,0.310413566,0.763117863
Parangi.Aru,Sri Lanka,Indo-Malay,80.39621717,8.904438219,792.7874767,27.4356368,165.9812123,2.884978205,99.18770567,28,3.935708881,0.902156321,0.335389419,0.748845233
Parawai,New Zealand,Australasia,175.0152099,-37.8580266,181.4345373,13.32471909,335.2232066,4.709180892,99.87353143,11,4.424,0.636627117,0.447897616,0.690656569
Pareora,New Zealand,Australasia,170.9542526,-44.42326251,574.0740606,9.975565114,391.255199,0.487549178,99.73639065,7,3.093902262,0.630186375,0.475495722,0.677738326
Paringa,New Zealand,Australasia,169.5129418,-43.75855002,363.7089821,8.601379427,369.5595126,0.020543613,99.98378513,9,31.33288617,0.432183059,0.494690923,0.669034638
Parismina,Costa Rica,Neotropic,-83.69630965,9.966450525,2778.069228,20.70532526,68.30302055,4.396127164,98.29105576,31,56.22866989,0.60960518,0.420496538,0.703979188
Parnaiba,Brazil,Neotropic,-43.28120761,-7.266392544,331792.6038,25.65231856,97.72649742,0.297204714,97.60858692,112,33.23420463,0.682760351,0.054300868,0.948495852
Parnu,Estonia,Palearctic,25.28623875,58.53497801,5946.876881,5.325497015,844.6631793,0.86256288,99.91108115,25,8.679334997,0.792358695,0.183304734,0.845090847
Parramatta,Australia,Australasia,151.0246975,-33.81293492,253.9054739,17.7894184,418.9881453,59.40806866,93.55307728,53,2.029756047,0.41578262,0.308364981,0.764312722
Parseta,Poland,Palearctic,16.19069817,53.9417225,3337.267753,8.010464878,709.4333418,2.797582448,97.02540976,20,8.065280611,0.490741989,0.146988271,0.871848497
Pasig,Philippines,Indo-Malay,121.2648211,14.39005242,3914.591937,26.27316283,109.2303348,63.94275761,98.52696428,13,31.63492685,0.724129608,0.282480658,0.779738855
Pasvik,Finland,Palearctic,27.45415444,68.92475291,18055.87562,-1.365184328,969.1030201,0.095788391,98.49062971,12,15.84568975,0.614213733,0.104014548,0.905785165
Patalganga.Bhogawati,India,Indo-Malay,73.19999504,18.8127455,794.8907017,26.90867057,208.0349796,16.03449249,96.60754207,45,22.55902816,0.985258087,0.279082383,0.781810471
Paterson,Australia,Australasia,145.2319359,-37.980263,778.8891165,14.52459783,379.7904551,36.16512108,96.41516082,19,3.66541741,0.559881009,0.264040638,0.791113806
Pathanthe.Aru,Sri Lanka,Indo-Malay,81.62641966,7.606848704,101.2471599,27.99793423,156.5669186,3.374859512,86.21771694,29,10.06,0.835273433,0.328877814,0.752514633
Patia,Colombia,Neotropic,-77.54286451,1.663396235,22332.53739,19.35570583,32.96948166,1.853896946,99.85911314,75,103.7081957,0.505836771,0.367068793,0.731492084
Pattani,Thailand,Indo-Malay,101.2415373,6.186264263,3923.590949,25.58683638,68.71748891,3.550777614,95.63032113,69,38.15435969,0.7309204,0.529206805,0.653933789
Peace,United States,Nearctic,-81.7994797,27.52350513,5870.964342,22.49620711,436.6338457,18.77185082,92.66205399,46,7.394799634,0.357106476,0.302968172,0.767478455
Pearl,United States,Nearctic,-89.7804037,31.9129605,21790.63225,17.827102,708.3293114,6.648777843,96.1090697,141,49.95882538,0.732181174,0.358153322,0.736293895
Peconic,United States,Nearctic,-72.78033479,40.90381175,251.1593684,10.94664287,861.5559684,13.10594273,98.87372002,14,4.223433057,0.785240839,0.117621222,0.894757526
Peedee,United States,Nearctic,-79.92326733,34.85425814,46101.61621,15.93163451,752.6742849,20.22249651,96.96176757,104,35.66868766,0.572149021,0.267901249,0.788704957
Peipsi.Pskov,Russia,Palearctic,28.01896762,57.85505828,57912.29827,5.160825419,868.2943698,0.681216568,99.94132464,39,16.98994167,0.644386331,0.133791152,0.881996652
Pelorus,New Zealand,Australasia,173.5425897,-41.32059288,888.4317584,10.35933783,363.9976934,2.15051496,99.84299691,13,8.032978743,0.35277451,0.476712326,0.677179964
Penang.Ara,Malaysia,Indo-Malay,100.2719828,5.334913793,24.68457913,26.80744049,39.0181254,18.72156,97.04629292,12,14.836,0.599297573,0.306910182,0.765163524
Penang.Bahang,Malaysia,Indo-Malay,100.2199561,5.434429825,16.17007778,25.76435206,42.91516452,18.72155952,99.7384,8,14.836,0.599297573,0.551686422,0.644460109
Penang.Bayan.Lepas,Malaysia,Indo-Malay,100.2607143,5.298214286,11.91738481,26.88809558,39.54693549,18.72156,95.694,10,14.836,0.599297573,0.25060369,0.799613825
Penang.Burung,Malaysia,Indo-Malay,100.2041667,5.306547619,5.95861405,26.67152754,41.44189326,18.72156,NA,14,14.836,0.599297573,0.124125599,0.889580311
Penang.Masdij,Malaysia,Indo-Malay,100.2782801,5.400265957,40.00186849,26.21196812,40.14790409,18.72156,85.99489885,6,14.836,0.599297573,0.40936074,0.709541547
Penang.Nibung,Malaysia,Indo-Malay,100.3041667,5.359027778,10.21391673,27.11574088,40.16479492,18.72156,95.8,5,14.836,0.599297573,0.130395796,0.884645894
Penboscot,United States,Nearctic,-68.90531105,45.59695359,22117.64958,4.659899887,1074.113952,1.323927194,94.81122601,42,33.18259713,0.293755491,0.102901959,0.906698906
Penguin.creek,Australia,Australasia,146.0419231,-41.14291828,28.72519815,12.28246123,307.3253947,1.880470008,99.854,2,2.063,0.676988193,0.056823009,0.946232237
Pennar,India,Indo-Malay,78.32910586,14.45149887,54708.80602,27.31032885,285.8631961,4.359582484,90.89874331,81,5.695609766,0.949654133,0.36513662,0.732527415
Per.Aru,Sri Lanka,Indo-Malay,80.65267318,9.176123711,458.0668982,27.55348372,174.1393836,1.956746429,98.65482224,28,3.163653564,0.933201336,0.335389419,0.748845233
Perak,Malaysia,Indo-Malay,101.1973474,4.874817263,14857.18695,24.93733518,50.00537909,6.117245257,96.93232276,176,84.44764616,0.500261508,0.262931372,0.791808662
Periyar,India,Indo-Malay,76.95313759,9.940445127,4548.764178,22.77191186,117.0505246,12.5411166,90.39827393,62,40.45548993,0.924711534,0.252237618,0.798570483
Perlis,Malaysia,Indo-Malay,100.2525584,6.534493338,716.6893991,27.13556478,60.68384367,7.886576176,95.05226132,26,8.423893216,0.666495579,0.282868879,0.779502891
Petchora,Russia,Palearctic,56.41446054,65.51234366,316659.0998,-3.093533505,1165.874638,0.174355727,99.98986718,32,109.1838144,0.900124983,0.120642781,0.892345016
Petit.Pabos,Canada,Nearctic,-64.79763791,48.49637756,249.3229939,2.226941289,1032.761296,0.546743557,100,10,6.799,0.949271986,0.243721184,0.804038729
Petitcodiac,Canada,Nearctic,-64.96169756,45.95090315,1993.175772,5.220005747,980.2198123,2.032655567,99.80798609,21,15.30521857,0.917024773,0.25326273,0.797917289
Phattalung,Thailand,Indo-Malay,100.039544,7.510642566,3143.656338,26.819729,82.20978863,3.499116361,99.18748974,26,9.424741586,0.632675754,0.518650472,0.658479366
Phetchaburi,Thailand,Indo-Malay,99.5940115,13.05100366,5428.830425,26.28542819,120.3455686,57.683981,94.77424881,16,16.61015794,0.869518342,0.466489387,0.681900605
Phong.Nha,Vietnam,Indo-Malay,106.2265913,17.54017065,1830.213221,23.25479993,329.7508575,0.943940714,98.9931019,51,15.94385372,0.954659812,0.548447535,0.645808125
Piako,New Zealand,Australasia,175.5670488,-37.59537454,1365.345226,13.90418333,363.2780035,5.506458044,99.77792778,11,18.67313325,0.450581642,0.336567453,0.74818521
Piave,Italy,Palearctic,12.19294078,46.24421149,4246.182386,6.836566477,686.5863758,23.00153685,92.10848483,22,26.28818938,0.743636198,0.135254527,0.880859733
Picaro,Spain,Palearctic,-5.455524358,36.11304185,13.22330725,17.77818624,425.1175519,NA,97.98953028,5,1.888,0.94209205,1.014776133,0.496333058
Pichin.Lora,Afghanistan,Palearctic,66.00893206,29.98011283,37529.18411,19.85665525,870.7511364,0.508785821,99.360865,6,5.357105553,0.929328509,0.237555839,0.808044347
Pieman,Australia,Australasia,145.4939001,-41.66334863,3889.343016,9.486669422,300.07899,0.788412541,94.8889827,9,35.26552041,0.561195065,0.374659522,0.727452859
Pilote,Martinique,Neotropic,-60.89652778,14.50729167,39.75541537,25.89826397,87.99109952,NA,99.93924081,7,14.827,0.713128169,0.773502346,0.563856035
Pinios.Pel,Greece,Palearctic,21.56347908,37.87907495,888.4315528,14.79691464,615.9667903,3.92525804,85.68299441,9,3.71385023,0.938844992,0.129077295,0.885678956
Pinios.The,Greece,Palearctic,22.05568548,39.56723259,9309.522124,13.69418972,740.186,7.941793442,96.82597407,28,10.77108253,0.844534321,0.263438973,0.791490544
Pipers,Australia,Australasia,147.1602033,-41.17620913,456.432108,11.81204232,328.163267,2.038211495,99.91791643,4,4.660896668,0.69066569,0.399927832,0.714322537
Piraque,Brazil,Neotropic,-43.56316674,-22.94412566,102.748012,23.01398367,213.165784,102.8434181,97.13391644,8,1.598,0.802443462,0.399864665,0.714354769
Piraque.Mirim,Brazil,Neotropic,-40.32118766,-19.85221207,389.3011775,23.19458426,197.3638318,3.182930768,99.72725603,4,2.218038529,0.68879738,0.556386188,0.642514054
Pirita,Estonia,Palearctic,25.07359553,59.20999112,864.2936152,5.351816499,808.1728129,3.981558859,99.82275466,16,4.122711566,0.791500317,0.173427526,0.852204314
Plumbago,New Zealand,Australasia,174.9686342,-41.28289707,137.4188597,11.44921012,323.2152494,5.903447032,88.85452247,12,4.016,0.634645669,0.457207556,0.68624404
Po,Italy,Palearctic,9.126882357,45.28705948,73831.63159,9.439045846,698.5263339,63.62539196,97.47914761,42,99.79732297,0.511837082,0.130671644,0.884430069
Poerua,New Zealand,Australasia,170.5216238,-43.18232883,208.4953972,9.231864961,359.3705353,0.127127524,99.93908172,8,21.671,0.345647218,0.405103401,0.711691395
Pokopoko,New Zealand,Australasia,176.4622956,-37.9037172,326.8676486,13.5001117,365.6336823,2.293577164,99.79970849,11,6.005600163,0.42003204,0.529720734,0.653714092
Pol.e.Rud,Iran,Palearctic,50.19211291,36.80411089,1673.521119,10.02689549,839.9458769,6.129769564,99.82754894,16,5.05558859,0.895084462,0.262845318,0.791862618
Polwatta.Ganga,Sri Lanka,Indo-Malay,80.39444416,6.065081905,222.6149257,26.53095694,54.11481458,13.66189051,99.44187915,32,10.071,0.751962917,0.32600619,0.754144292
Ponghwa.ri,South Korea,Palearctic,128.0303423,34.7937893,39.56894172,13.18537581,843.0838527,8.28454864,99.87115,9,8.733,0.83450552,0.424495897,0.702002724
Pongnam.dong,South Korea,Palearctic,128.1316781,34.93935779,56.064594,12.96261572,870.2835609,8.284548283,79.30275601,8,5.979,0.855547367,0.468246004,0.681084775
Pongola,Swaziland,Afrotropic,31.25390008,-26.93579079,30460.84297,18.79073654,303.9230025,1.440647066,93.18349264,68,13.98690528,0.863260332,0.494981196,0.668904735
Poronai,Russia,Palearctic,142.8481235,49.97413635,7161.185171,-1.425527163,1241.345264,0.417903215,99.9565788,28,15.28769675,0.842095425,0.466561123,0.68186725
Port.Campbell.creek,Australia,Australasia,143.0112954,-38.58717168,116.730479,13.59327706,303.0689735,1.130101576,99.86058385,3,2.037,0.592205323,0.487820476,0.672124101
Potenza,Italy,Palearctic,13.20174056,43.26079588,794.0006297,12.58195544,671.9968093,23.99927044,99.49172297,10,6.045742932,0.596556214,0.015134587,0.985091054
Potomac,United States,Nearctic,-78.37098853,39.16307028,30337.15278,11.05961951,863.4157267,28.1057744,97.28825631,76,26.34530757,0.751640465,0.202823211,0.831377372
Pouembout,New Caledonia,Australasia,165.0107063,-21.11286649,328.1569021,22.55432926,234.1724003,1.668757319,99.95200727,9,4.331463455,0.655799985,0.838837934,0.543821716
Powlett,Australia,Australasia,145.6869697,-38.52417487,504.0466394,13.83466866,347.8094145,14.27349281,94.38598714,5,2.540031598,0.550019504,0.597789189,0.625864793
Prafi,Indonesia,Australasia,133.7415321,-1.157000314,1531.747934,18.37653156,27.48087636,0.183945263,99.98594327,2,27.71582605,0.547144606,0.41140455,0.708514083
Pranburi,Thailand,Indo-Malay,99.63841592,12.50204181,2867.372198,26.11585567,117.8372345,1.706985672,92.10607356,9,13.59959817,0.877088649,0.49261688,0.669964284
Prespa,Macedonia,Palearctic,21.02216723,40.91613493,1395.288769,8.748253374,682.1834914,4.829558134,96.64071855,16,3.326354916,0.679367301,0.12360092,0.889995711
Prosser,Australia,Australasia,147.6940041,-42.57662596,701.4973908,10.88521627,324.2473244,4.116295338,99.9079521,9,1.740299983,0.405284544,0.514059699,0.660475938
Prunelli,France,Palearctic,8.978786879,41.95596265,273.6145933,11.80069769,558.7098478,2.027141571,82.02785394,8,3.322559376,0.809087019,0.069352922,0.935144964
Puelo,Argentina,Neotropic,-71.75059687,-41.81352441,9165.534007,6.693040596,427.0995482,0.586700387,99.96623788,11,33.04713137,0.733977072,0.33505774,0.749031274
Puerua,New Zealand,Australasia,169.6467301,-46.34296483,197.9388744,9.742404875,332.9640632,0.299971998,99.79127925,10,3.829085284,0.407457365,0.451177142,0.689095749
Pugu.chon,South Korea,Palearctic,129.3168232,37.1018732,76.50054563,11.71238095,877.4550363,2.815844536,90.85689925,13,1.983,0.752282515,0.583899757,0.631353086
Puhung.josuji,South Korea,Palearctic,126.730307,34.5357412,67.32186054,13.66496211,862.3879665,9.5270257,99.79871652,28,6.876,0.779680365,0.129348549,0.885466228
Puk,South Korea,Palearctic,128.3849056,38.34736551,147.7498424,9.879315468,912.9303812,1.689056039,99.90153922,29,2.872,0.877906336,0.547881764,0.646044177
Pulakutti.Aru,Sri Lanka,Indo-Malay,80.98588328,8.859229266,36.2835597,28.06288732,172.5252561,2.470878929,99.6107946,28,19.29066512,0.93041999,0.335389419,0.748845233
Pulau.Langkawi.Island,Malaysia,Indo-Malay,99.79390203,6.372350044,448.0834012,26.36346921,52.07917759,1.076091096,99.67915367,29,10.35139748,0.718962574,0.248561773,0.800921526
Pulgap.chon,South Korea,Palearctic,126.47589,35.23845325,165.600651,13.07814736,905.5420435,34.35796595,77.24507154,37,1.823,0.886013986,0.151630872,0.86833379
Pulliyanpota.Aru,Sri Lanka,Indo-Malay,81.4821641,7.983579004,108.0526736,28.12143361,157.7382286,2.797379971,99.73486937,28,2.566,0.85702371,0.335389419,0.748845233
Pung.ho,South Korea,Palearctic,128.9586029,37.68142619,76.93117973,11.0584098,891.0951874,10.0122335,99.88722447,25,4.423,0.830570292,0.548089845,0.645957341
Purificacion,Mexico,Neotropic,-104.5946341,19.57228269,1563.585217,23.8776171,183.2392988,3.518882275,99.81108047,43,4.660538121,0.919690203,0.151826734,0.868186135
Pyoktong,South Korea,Palearctic,127.0650869,34.68007889,38.40235263,13.34017298,873.7480549,12.20229626,67.38032748,27,6.981,0.775836374,0.577738751,0.633818495
Pyonggok.chi,South Korea,Palearctic,129.3796431,36.60613212,24.42663589,12.05757583,868.0551998,9.85035789,99.875,13,1.812,0.763423816,0.496127525,0.668392221
Pyongsan.po,South Korea,Palearctic,127.8622818,34.7708562,21.37222605,13.25740747,852.5553069,12.20229626,99.85,20,8.733,0.83450552,0.58191047,0.632147027
Qiantang,China,Indo-Malay,119.2541381,29.43591347,43560.49186,15.76237313,830.2069682,10.31472284,94.20787638,221,79.29866922,0.745602559,0.315002824,0.760454641
Qinjiang,China,Indo-Malay,108.9996011,22.29074119,2352.919953,21.43004996,603.0302609,5.950026572,93.82315216,47,28.24615737,0.807887486,0.546306271,0.646702415
Qishon,Israel,Palearctic,35.23116747,32.6560814,1123.107631,18.98920857,588.4845448,31.73361651,96.40752521,10,2.741477832,0.948030924,0.458463698,0.685652993
Quang.Tri,Vietnam,Indo-Malay,106.9640679,16.6631465,2678.688818,24.10562904,306.9832916,1.164946631,98.66515521,56,28.59517526,0.944958705,0.54551058,0.647035364
Quinn,United States,Nearctic,-118.5108242,41.40663242,17516.13722,8.979017042,821.8123293,0.17220925,99.68239812,6,2.518973247,0.985054288,0.131346687,0.883902354
Quinto,Argentina,Neotropic,-65.27787776,-33.55259094,9303.756859,16.04549337,535.2498636,0.482980929,92.52082509,14,0.924241577,0.915945997,0.424037426,0.702228735
Raiatea,French Polynesia,Oceania,-151.4744792,-16.78229167,13.10886513,24.71692705,94.14111137,0.722443581,NA,10,NA,NA,0.852867694,0.539703943
Rajang,Malaysia,Indo-Malay,113.5360234,2.107714678,45073.76453,24.85811234,32.02747486,0.435724363,98.6002213,149,237.3877935,0.409081872,0.153329318,0.867055042
Rakaia,New Zealand,Australasia,171.4225269,-43.32069549,3072.635592,7.345829953,436.3612351,1.175839812,99.94076605,17,37.36635411,0.526469393,0.512144934,0.661312271
Ramu,Papua New Guinea,Australasia,145.1617733,-5.254402121,17609.25388,23.39078184,34.23591994,0.338118359,99.35870638,169,111.1345903,0.486352224,0.481879917,0.674818512
Rance,France,Palearctic,-2.032468356,48.34660476,1029.07978,11.45204281,458.9472016,14.83143616,99.79416184,17,7.191165668,0.792654275,0.276500609,0.783391714
Rancheria,Colombia,Neotropic,-72.77849009,11.0843121,4330.339105,26.34114843,78.63087872,2.688426852,99.70732314,88,8.206414216,0.863305564,0.528134529,0.654392647
Rangitaiki,New Zealand,Australasia,176.6238126,-38.42224461,4009.585834,11.40938357,380.6120404,1.995669454,96.53684713,17,27.32111797,0.247264992,0.381331318,0.72393928
Rangitata,New Zealand,Australasia,170.9864261,-43.66111926,2023.51226,7.079123028,448.9522444,0.3551405,99.87621764,14,34.88724718,0.503726062,0.49753267,0.667765065
Rangitikei,New Zealand,Australasia,175.8146539,-39.69429859,3923.575936,10.04904505,381.5014965,2.088864833,95.93882169,16,27.4863498,0.423358416,0.423870416,0.702311101
Rangitopuni,New Zealand,Australasia,174.6366752,-36.73583099,186.0704819,14.72153583,313.1734789,21.7120049,99.2421513,11,2.738689022,0.746655105,0.397739129,0.715441086
Rapel,Chile,Neotropic,-70.91116671,-34.41476112,13783.92764,11.71550923,452.7647684,4.734576523,95.56706194,9,19.43645365,0.93921852,0.184044928,0.844562547
Rappahannock,United States,Nearctic,-77.90731201,38.44762344,5037.202313,12.72819769,847.3305607,70.93576908,98.7683316,68,20.21153437,0.687524807,0.189950707,0.840370945
Ratgama.lake,Sri Lanka,Indo-Malay,80.14636245,6.103287967,18.82485739,26.77481053,55.63853437,15.50076199,99.68268483,28,4.035,0.747212742,0.335389419,0.748845233
Rathambala.Oya,Sri Lanka,Indo-Malay,79.96160556,7.771324771,240.1480737,27.48087725,105.3682198,8.056734204,84.92262834,28,4.15550018,0.793461883,0.335389419,0.748845233
Ratmal.Oya,Sri Lanka,Indo-Malay,79.94285847,7.373828152,319.2942675,27.3658356,80.11950755,6.790332675,99.24478896,30,5.368422542,0.782907048,0.347297596,0.742226515
Rauma,Norway,Palearctic,8.039207295,62.28102445,1287.897789,0.024405134,585.0597424,1.276962608,99.97696982,6,13.14797766,0.963591888,0.288702599,0.775974225
Rayong,Thailand,Indo-Malay,101.2367111,12.91030729,1694.921667,27.58078266,111.8908894,9.946344852,94.00759867,11,8.741196601,0.86177069,0.621643396,0.616658386
Red,United States,Nearctic,-97.19804625,33.86519666,185816.0436,16.52503911,834.4642828,5.648610473,93.08190117,153,29.05899369,0.625634047,0.304968068,0.766302276
Reedy.lake,Australia,Australasia,145.0520051,-36.70521022,164.5089621,14.85941419,496.3780608,2.849186122,99.75416229,6,0.579,0.797619048,0.603033567,0.623817255
Reis.Magos,Brazil,Neotropic,-40.43514269,-19.95242748,743.0546149,21.88442887,199.4830418,6.835392237,99.78524529,25,4.251380014,0.672324108,0.470499873,0.680040861
Rekawa.Oya,Sri Lanka,Indo-Malay,80.80917934,6.092609166,75.53942822,27.02018517,58.04928335,15.50076222,99.44119877,28,2.509,0.704652731,0.335389419,0.748845233
Restigouche,Canada,Nearctic,-67.34604243,47.94948709,11997.64535,2.023183783,1135.233035,0.710246727,99.98852287,28,18.8674804,0.933722495,0.238379687,0.807506785
Rheris,Algeria,Palearctic,-4.673795429,31.04992612,51958.68299,19.65569812,794.9164427,0.42583935,98.36319964,1,4.007720826,0.891611183,0.127804295,0.886678659
Rhine,Germany,Palearctic,8.188752455,49.20695606,163633.2382,8.371541438,632.1469065,67.19054699,97.50840128,42,123.3151482,0.433026654,0.044532958,0.957365675
Rhone,France,Palearctic,5.726256063,45.72115697,96827.05122,8.891784676,634.336569,23.03577662,96.13655679,43,77.83953575,0.503263765,0.069488516,0.935026403
Rianila,Madagascar,Afrotropic,48.72203393,-18.67373405,7622.037024,21.3623209,247.477114,0.228904575,99.95465,6,31.00810857,0.642414964,0.607846899,0.621949764
Ribble,United Kingdom,Palearctic,-2.489457995,53.8210016,1907.702147,8.643865463,441.3618795,127.5032692,97.58585459,20,13.72706899,0.557997085,0.111635258,0.899575641
Ribe.aa,Denmark,Palearctic,9.107019609,55.29503245,981.1811853,7.997071292,576.388068,13.64409208,99.79798089,26,6.67283304,0.597777652,0.097540946,0.911127738
Ribeira.do.Iguape,Brazil,Neotropic,-48.46834804,-24.63739155,24702.20344,19.48691824,292.7957616,9.414459229,98.41169745,156,44.47016428,0.399828999,0.282247317,0.779880751
Ribera.da.Imbacuaba,Brazil,Neotropic,-39.25504186,-17.10495288,197.9861084,24.33911235,156.9643591,0.82659848,99.94341968,29,2.929,0.412377451,0.619114489,0.61762155
Richmond,Australia,Australasia,153.080088,-28.82407713,6864.988039,18.77859164,385.4490606,5.552989364,98.51561836,64,7.829502168,0.53832383,0.674536742,0.597180089
Rihios,Greece,Palearctic,23.32400173,40.68960229,2088.952236,13.39069431,756.5386173,5.483143568,99.3360386,15,1.561177174,0.724432321,0.204803697,0.830010733
Ringarooma,Australia,Australasia,147.8464887,-41.11532653,1194.705646,11.42878973,323.1573781,1.499827445,96.9240003,12,6.946423696,0.692796994,0.459589748,0.685124023
Rio.Cunene,Angola,Afrotropic,14.59783173,-15.52855366,109994.9804,20.83743036,242.8575044,0.374624841,96.83506044,89,24.18550886,0.856648968,0.314551724,0.760715597
Rioni,Georgia,Palearctic,42.88037059,42.41406617,14538.44365,9.05638227,709.1889368,2.464994788,98.90471006,32,36.59257003,0.764492673,0.119296108,0.893418634
Riva,Turkey,Palearctic,29.36827467,41.0257763,848.2981941,13.48632137,646.0075301,40.28108931,86.14494535,47,6.316782151,0.725410192,0.083794474,0.922684166
River.Forth,Australia,Australasia,146.0804748,-41.54501225,1143.508658,8.764914136,320.1921842,1.621667892,91.25242831,13,14.76675899,0.694503831,0.45684385,0.686415363
River.Leven,Australia,Australasia,145.9793043,-41.34894428,707.870406,9.999839749,310.2278368,1.326297313,99.95795569,10,13.21493737,0.676202721,0.477525508,0.676807266
River.Torrens,Australia,Australasia,138.8042032,-34.86259402,536.6324143,14.56925076,412.9328978,19.2674036,74.6970563,12,1.128209303,0.929568057,0.343412707,0.744372891
Riviere.des.Coulisses,Martinique,Neotropic,-60.94671986,14.54822695,77.84030189,26.18369172,90.03355219,NA,87.21786444,7,14.46515743,0.712958198,0.528567806,0.654207158
Riviere.des.Pluies,Reunion,Afrotropic,55.50271739,-20.95018116,55.176231,19.56845238,223.7542945,NA,NA,6,NA,NA,0.736132998,0.575992739
Riviere.des.Remparts,Reunion,Afrotropic,55.61940883,-21.28158832,93.3557809,17.13949431,246.7673933,NA,NA,6,NA,NA,0.466247547,0.682013076
Riviere.du.Mat,Reunion,Afrotropic,55.63717949,-20.94070513,20.79233221,23.30681818,208.3731592,NA,NA,10,NA,NA,0.707360936,0.585699238
Roanoke,United States,Nearctic,-79.07567948,36.70460061,25274.71573,13.93242433,800.7142654,16.00195313,93.46241241,104,49.43585402,0.721035078,0.268511689,0.788325412
Rokel,Sierra Leone,Afrotropic,-11.95599953,9.038688409,9129.146078,25.96157403,117.8723212,0.310252205,99.84873133,88,93.20348385,0.911603204,0.725734361,0.579463458
Rolfsan,Sweden,Palearctic,12.51574761,57.63343881,698.8811661,6.568073881,654.2294578,15.54866266,99.80754803,8,6.753951794,0.42262242,0.182478554,0.845681299
Rooi,Netherlands Antilles,Neotropic,-69.11317199,12.28044606,19.90342392,27.73313477,99.00572241,1.342494011,99.6405,6,1.303,0.918448817,0.654701471,0.604338618
Ross,Australia,Australasia,146.7689359,-19.47985257,1019.112443,23.56350927,334.6738168,3.642726481,89.12458589,15,2.494093738,0.944917774,0.668622869,0.599296593
Rowallan.Burn,New Zealand,Australasia,167.5139308,-46.07808589,141.4017614,10.0875525,296.5218421,0.076256201,99.90984134,3,5.864,0.345709223,0.478489593,0.676365938
Roya,France,Palearctic,7.533363703,43.9966291,678.4713013,9.007467334,593.9993091,26.48682356,99.66534394,6,6.191946501,0.556472234,0.097704838,0.910991703
Ruamahanga,New Zealand,Australasia,175.5132505,-41.05064796,3387.880413,11.80841146,349.0234299,2.835635126,99.81979807,21,21.88284332,0.579025955,0.480132635,0.675615128
Rubicon,Australia,Australasia,146.6049117,-41.28794049,742.6555642,11.99565706,324.1595314,1.880470037,99.93919362,15,3.734685458,0.692832207,0.530911106,0.653205791
Rufus.kulam.Aru,Sri Lanka,Indo-Malay,81.78037164,7.07468942,53.94904834,27.62403843,127.2384145,3.374859571,99.52945,28,2.769,0.853768038,0.335389419,0.748845233
Ruianjiang,China,Indo-Malay,120.0876556,27.76682204,3394.607141,16.04518216,729.3698536,9.82348609,98.26561085,61,17.4755351,0.746779457,0.373489903,0.728072334
Russian,United States,Nearctic,-122.9838145,38.79046651,3853.127611,13.83056521,480.6218633,24.87195683,95.94277664,24,21.10810405,0.914859766,0.135088919,0.88098825
Sabine,United States,Nearctic,-94.73749014,31.25197654,26853.48521,18.8018461,713.0496847,7.060988426,93.45773291,117,24.71102647,0.695046602,0.3078176,0.764632622
Sachon.Nae,South Korea,Palearctic,128.8296326,37.78906074,111.5814477,11.58739652,879.5320738,10.50388789,99.80209025,25,3.089,0.845065522,0.553518944,0.643699907
Sacramento,United States,Nearctic,-121.5296849,40.01807762,71230.11037,11.70442788,661.5560606,12.01367903,92.30933989,32,23.21822064,0.924755422,0.104159837,0.905665979
Sado,Portugal,Palearctic,-8.266871662,38.1490509,6438.089898,16.37614427,476.485545,6.2122823,88.2772588,19,4.415383191,0.936439457,0.137900539,0.87881143
Sadong,South Korea,Palearctic,127.3101882,34.50349139,44.3983172,13.51243059,854.6523682,12.20229602,99.94,17,8.506,0.782954399,0.525465106,0.655537774
Saektal.chon,South Korea,Palearctic,126.4364362,33.30611702,33.71253308,12.5959219,755.8273043,9.196617365,99.76345247,8,9.176697138,0.661870063,0.494262093,0.66922664
Saem.mal,South Korea,Palearctic,126.7878194,37.41286456,110.7629676,11.59594157,1032.139214,121.1980896,97.44072237,22,1.955,0.92036626,0.538962443,0.649788437
Sagami,Japan,Palearctic,139.0559333,35.53100905,1780.528555,12.04584153,783.0370716,549.521843,89.9020001,12,15.07306427,0.621491315,0.056409792,0.946602358
Saint.Etienne,Reunion,Afrotropic,55.47319614,-21.19286077,261.8692443,18.05473831,240.7292716,NA,NA,8,NA,NA,0.539051022,0.649751039
Saint.Jean.Qc,Canada,Nearctic,-65.05222791,48.73875412,1156.34846,1.665478242,1045.916311,0.452145971,99.99644258,6,14.35758621,0.970044424,0.215580497,0.822652225
Saint.Jean.USA,United States,Nearctic,-67.82696455,46.61346189,54888.62971,3.576893814,1097.277075,1.467223376,98.37984685,40,66.92054343,0.765442635,0.158748903,0.862999738
Saint.Johns,United States,Nearctic,-81.55026288,29.09187098,24707.25591,21.23315981,499.1440718,26.42320585,97.43103528,82,23.39050717,0.149892027,0.258552799,0.794563407
Saint.Laurent,Canada,Nearctic,-81.79798526,45.5248157,1056005.322,5.179012943,1050.565584,12.1140852,97.55151165,162,174.8347825,0.250643745,0.053178609,0.949506562
Saint.Mary.s,United States,Nearctic,-82.05276907,30.53944489,3294.802691,19.89460313,593.053205,13.33939719,99.92679647,63,10.43278179,0.29028307,0.284199436,0.778695249
Sainte.Anne,Canada,Nearctic,-66.21470174,48.96835599,836.1250091,0.563462188,1089.075444,0.364351623,99.97673308,8,9.350730327,0.954855799,0.112533184,0.898849593
Sainte.Croix,United States,Nearctic,-67.62520716,45.41581447,3941.73255,5.511312821,1038.873728,0.825424448,90.46010801,41,14.30902142,0.442113646,0.233229786,0.81087889
Saju.chon,South Korea,Palearctic,128.1389047,35.05487277,183.4039764,12.84046262,893.6869846,101.2961884,80.18228122,22,3.191802489,0.848452749,0.5639139,0.63942139
Sakarya,Turkey,Palearctic,31.3100451,39.56481832,70666.64849,10.66799346,756.5633619,8.8494519,95.17038369,48,14.89777913,0.705849599,0.071878712,0.932941376
Salado,Argentina,Neotropic,-59.99344269,-36.13588349,86125.1997,15.37800188,518.8884148,0.665842943,99.83260182,52,35.51635092,0.536887551,0.633797459,0.612070973
Salina.Grandes,Argentina,Neotropic,-66.27971636,-29.6059457,148822.2121,16.81832817,505.6102533,0.43391978,97.85519583,37,2.770179494,0.808691629,0.640976767,0.609393149
Salina.de.Guayatayoc,Argentina,Neotropic,-66.04652733,-23.37447269,17502.38788,8.638043604,344.0252052,0.138287384,99.93786285,1,2.214031729,0.841426063,0.641912118,0.609045995
Salina.del.Bebedero,Argentina,Neotropic,-66.5007327,-33.45491834,7744.21291,17.37850141,568.46363,0.723045506,96.13157492,3,0.151849965,0.813270718,0.468262694,0.681077033
Salinas,United States,Nearctic,-120.8751828,35.94268419,11096.45309,14.34833965,487.6996514,12.77213168,94.4575686,18,13.35955027,0.955409834,0.113153334,0.898348834
Saltelva,Norway,Palearctic,15.4810627,66.82222379,1501.921084,-0.754593435,731.1735091,0.357452594,99.97169569,6,16.12299654,0.938174646,0.288702599,0.775974225
Salween,Myanmar,Indo-Malay,96.83653701,25.31591989,265656.9131,11.63635328,493.0217417,0.290779728,99.73011654,288,234.8952978,0.875294818,0.315673172,0.760067182
Samborombon,Argentina,Neotropic,-57.99175141,-35.29133886,5473.856071,16.04438212,493.0389877,13.39488077,99.82023711,12,12.5136241,0.507160624,0.753477398,0.570295346
Sampo.chon,South Korea,Palearctic,126.6386859,34.91353825,111.196955,13.53614588,908.1333717,9.527026057,99.78009279,38,2.262,0.781687948,0.128530177,0.886108338
San.Antonio,United States,Nearctic,-98.30764764,29.30249541,10783.72995,20.16121181,664.9903708,33.80649185,92.6401128,67,7.831335018,0.523677353,0.239633244,0.806690208
San.Bernard,United States,Nearctic,-96.03902106,29.45041776,2581.650117,20.29638504,654.5051003,60.77815247,99.95839033,18,9.35882141,0.641453804,0.210902654,0.825830216
San.Carlos,Falkland Islands,Neotropic,-58.81358347,-51.580531,549.1929033,6.24801801,285.0504396,NA,99.99661359,2,4.773336617,0.349728116,0.446461307,0.691342378
San.Diego,United States,Nearctic,-116.8744756,32.90755868,1275.838574,16.89766752,462.22565,40.1206913,77.48266134,6,1.707747029,0.940009053,0.067716853,0.936577893
San.Fernando,Mexico,Nearctic,-98.89845226,24.97163462,18933.4459,22.59396022,510.1728727,2.921387792,96.46397285,22,3.745938354,0.934633082,0.490321258,0.670996266
San.Giovanni,Italy,Palearctic,9.412688322,41.03785821,181.2182607,15.8453837,567.9503729,2.579740286,99.45182386,2,1.295,0.933893557,0.20352734,0.830890971
San.Ignacio,Mexico,Nearctic,-113.256214,27.28112873,2589.069472,20.99133303,420.1672596,0.239956979,99.97197529,2,0,NA,0.271577923,0.786424475
San.Javier,Mexico,Nearctic,-111.6049514,25.53170897,4171.577359,21.53654196,446.2385924,0.53998363,99.86661402,4,0.634922225,0.982842301,0.622086206,0.616490046
San.Joaquin,United States,Nearctic,-120.106459,37.29613595,46151.23747,13.06625765,657.1479243,20.1251173,89.12813141,26,16.87774479,0.900976164,0.043281279,0.958514276
San.Jose.del.Cabo,Mexico,Neotropic,-109.7770633,23.25183337,1267.619888,21.4875699,401.3464852,1.127829835,99.54532546,16,1.288733735,0.988093872,0.858375929,0.538104258
San.Juan.Nicaragua,Nicaragua,Neotropic,-85.17392766,11.44874705,40975.39899,25.45419692,78.92557515,2.59474805,99.25854201,95,56.53691008,0.654070564,0.340834536,0.745804179
San.Leonardo,Italy,Palearctic,13.5167892,37.82686596,517.5090609,14.88686954,597.4727769,12.44338965,82.9691361,7,1.730177369,0.879986526,0.403538594,0.712484861
San.Luis.Obispo,United States,Nearctic,-120.6732196,35.26341432,214.6724958,14.69166666,295.5402269,8.370650649,96.89249547,7,1.495,0.950073964,0.101150676,0.908140931
San.Luis.Rey,United States,Nearctic,-116.9299677,33.29378917,1469.671886,15.75500932,520.6878627,96.7422142,83.1895485,5,2.806630327,0.985642004,0.273693994,0.785117936
San.Pedro.Mexico,Mexico,Nearctic,-111.1943378,24.75551616,1649.088633,22.22542999,435.0985025,0.91813764,99.93474285,4,0.726825155,0.993387852,0.615591939,0.618968179
Sanaga,Cameroon,Afrotropic,12.34344028,5.610692447,133071.5578,23.41814151,98.26084361,0.711945727,98.68912752,221,90.64289422,0.770875182,0.665332228,0.600480783
Sangam.dong,South Korea,Palearctic,127.7383214,34.82218391,50.24404062,13.44653847,844.3573975,12.20229626,99.21745,19,7.667,0.827629345,0.660936591,0.602069944
Sangdo.josuji,South Korea,Palearctic,126.5398062,36.88377461,74.32891233,11.53385886,988.6143227,15.00964975,99.77337291,36,8.562,0.870412058,0.155665931,0.865301964
Santa.Ana,United States,Nearctic,-117.2731557,33.93931592,6411.859796,16.02131768,541.3588727,118.6123047,87.71883611,7,5.932331966,0.961186181,0.12735021,0.887035804
Santa.Clara,United States,Nearctic,-118.7691155,34.5327003,4223.51514,14.70613753,557.6663512,159.8787689,87.21667954,9,5.19663882,0.964076922,0.050438058,0.951983787
Santa.Cruz,Argentina,Neotropic,-71.90191349,-49.98983726,27134.63308,5.520202624,423.5217693,0.058064936,99.95871874,7,99.45929259,0.146290575,0.381913955,0.723634056
Santa.Inez,United States,Nearctic,-119.9870762,34.62185051,2334.070881,14.17857198,388.2378404,17.55189586,85.68774485,8,4.306797011,0.965329901,0.056959921,0.946109668
Santa.Lucia,Uruguay,Neotropic,-56.11721522,-34.18254029,13460.11077,16.54544135,471.9315931,7.282657862,99.06544023,58,26.78090031,0.518704957,0.74118587,0.574321224
Santa.Margarita,United States,Nearctic,-117.0060971,33.49570024,1891.356968,16.37631155,545.3799093,108.0636864,80.70262364,7,2.13199971,0.959824998,0.260565294,0.793294885
Santa.Maria.Brazil,Brazil,Neotropic,-40.61305588,-20.13733947,1780.907205,20.56099795,202.409857,14.742836,95.34005578,24,13.05156674,0.74167774,0.708315628,0.585371921
Santa.Maria.Cal,United States,Nearctic,-119.9116623,34.91835555,4726.923193,13.61489186,475.3461236,17.3808012,98.56559527,10,3.711154048,0.963521766,0.101042486,0.908230166
Santee,United States,Nearctic,-81.39479244,34.7520839,39531.78697,15.59285333,756.4273759,21.03393698,93.22296088,112,53.4909253,0.630757663,0.316715342,0.759465595
Sanyang.ni,South Korea,Palearctic,128.6346875,34.79270949,173.4501621,13.66774393,790.8301454,8.284548283,62.69294774,17,6.728,0.819015495,0.654010601,0.604591046
Sao.Francisco,Brazil,Neotropic,-43.24977358,-13.44937695,634688.5671,23.18721002,144.9632603,1.348045141,97.96648802,286,93.24956762,0.853621905,0.322290985,0.756263191
Sao.Joao,Brazil,Neotropic,-42.34799777,-22.59988426,2105.541634,22.35700064,223.9173865,10.75907385,96.8762824,93,16.09107075,0.507586547,0.591125713,0.628485852
Sao.Mateus,Brazil,Neotropic,-40.88953551,-18.45931074,13048.5614,23.11498316,185.6518997,1.383541644,99.89983705,66,16.5367274,0.88786806,0.283261868,0.779264174
Sapgyocheon,South Korea,Palearctic,126.7775657,36.64236664,960.1916498,11.62891595,991.1624355,15.00964975,92.7050476,75,6.472921182,0.819015485,0.278118108,0.782400307
Sarawak,Malaysia,Indo-Malay,110.2039128,1.36958317,1447.436639,26.13564212,47.76131806,5.584985018,99.80795495,77,43.28405578,0.629367322,0.347702519,0.74200351
Sarbad,Iran,Palearctic,51.33637152,36.36151797,1742.542944,10.14871059,879.7898567,7.04528594,99.72528902,31,5.569266283,0.893856517,0.114315094,0.897412236
Sarbaz,Iran,Palearctic,61.11760016,26.12900716,20639.60573,25.19210936,576.913867,0.422245912,98.39695353,9,5.146486661,0.994962841,0.095077019,0.913177779
Sassandra,Côte d'Ivoire,Afrotropic,-7.14025972,7.380865157,74563.06236,25.22967089,105.0228168,0.953617871,98.78275505,88,43.45769019,0.784851557,0.445024298,0.692029886
Satilla,United States,Nearctic,-82.38082968,31.38962232,8886.893941,19.18252838,639.9126148,6.581579566,98.81303769,59,16.00757919,0.417703377,0.285898561,0.777666319
Savannah,United States,Nearctic,-82.4398122,33.84531568,27164.03952,16.42970368,731.3100524,15.79580522,93.5460183,122,55.11635001,0.685154163,0.300329876,0.769035626
Savaran,Sweden,Palearctic,20.17877638,64.26595367,1114.35255,1.929666837,871.1313513,1.369826317,99.96019443,12,6.766119489,0.683810386,0.132744766,0.882811406
Save,Zimbabwe,Afrotropic,31.78603213,-20.19954595,103037.3714,20.63753038,316.3149262,0.052008761,94.34784007,41,29.26743479,0.960668532,0.580332935,0.632778054
Savitri,India,Indo-Malay,73.38740403,18.13056196,2262.853022,26.21533872,189.9306538,14.14777946,98.69800671,53,48.1981968,0.9867575,0.288557368,0.776061683
Saymena.Aar,Sri Lanka,Indo-Malay,81.79096074,6.958552859,116.5915842,27.47146283,122.2858987,2.302444905,99.77355306,28,1.971,0.840393463,0.335389419,0.748845233
Scamander,Australia,Australasia,148.1178321,-41.44499666,350.7260436,11.77303116,322.9328389,0.100650851,99.97434003,10,1.738095859,0.571498413,0.280193443,0.78113195
Schelde,Belgium,Palearctic,3.849759251,50.69199594,18961.04177,10.17153602,549.1058368,82.05417442,98.59563326,30,20.18834037,0.604475587,0.037290457,0.96405013
Scott,Australia,Australasia,115.4663468,-34.27032843,705.550145,16.29545606,327.7049102,0.205634829,99.96535734,6,6.324816827,0.873589527,0.45494912,0.687309258
Seaforth,New Zealand,Australasia,167.0672186,-45.65403345,257.8049777,7.22785241,336.1145209,0.057729361,99.99064973,4,16.30005257,0.357731071,0.350194223,0.740634187
Searle,New Zealand,Australasia,170.8360442,-43.00089255,198.7105246,8.826264669,358.4927458,0.109378997,99.96375077,12,12.24186648,0.367815362,0.44032364,0.694288403
Sebou,Morocco,Palearctic,-5.172728335,34.107725,38395.46996,16.17377665,593.16925,3.265741229,93.75749191,9,9.145909573,0.942355295,0.244724144,0.80339086
Sediah,Iran,Palearctic,58.88644634,26.20981221,4609.571567,25.51297045,539.0609092,0.398391448,99.96658262,8,2.185155285,0.996770948,0.545310482,0.647119146
Sedong.josuji,South Korea,Palearctic,127.362757,34.54520893,27.08683086,13.58273817,854.0240461,12.2022965,99.81645,14,10.32,0.794544937,0.586719707,0.630231033
Sefid,Iran,Palearctic,48.15862688,36.56565483,58210.84626,10.40445551,912.006833,3.531342447,98.46950547,57,27.22105694,0.922714205,0.050534482,0.951896408
Segama,Malaysia,Indo-Malay,118.0718224,5.083817921,4023.477642,25.68141275,42.06905574,2.596512169,99.97571117,64,46.37690132,0.328650944,0.575080893,0.634888027
Segura,Spain,Palearctic,-1.754353293,38.19673048,14965.12141,14.33665549,687.0157628,8.251327991,87.37810932,17,2.165302041,0.884883235,0.093118287,0.91481408
Seine,France,Palearctic,3.241038546,48.67532517,75984.27645,10.18571911,570.8148945,60.61340046,98.3311614,30,27.43096638,0.642318895,0.050765102,0.951687488
Seito.ri,South Korea,Palearctic,126.5848849,35.66636398,78.69066746,12.39759177,919.3573407,34.35796547,65.97504989,35,6.597,0.788770479,0.130540444,0.884532708
Seletar,Singapore,Indo-Malay,103.8078649,1.430022183,77.20491312,26.61914685,46.10413669,140.1348228,77.38163592,29,13.572,0.460704529,0.512080859,0.661340294
Selja,Estonia,Palearctic,26.33435466,59.33226778,502.4748799,5.126856709,837.8984567,0.545049332,99.80048796,15,2.022266981,0.860483172,0.186309381,0.842950428
Sendai.Kagoshima,Japan,Palearctic,130.5591197,31.95998713,1600.314857,15.07612071,767.8142579,36.59900284,96.24138732,12,31.66809348,0.735253604,0.117597662,0.894776389
Sentani,Indonesia,Australasia,140.73525,-2.86467404,4345.743035,26.01046462,34.51368863,0.655239455,99.95275056,17,13.01529553,0.372673763,0.439692581,0.69459273
Sepik,Papua New Guinea,Australasia,142.7353961,-4.411848806,79914.47583,24.2696826,27.77005319,0.211853895,99.99470178,99,204.8127125,0.270680975,0.366049273,0.732038016
Serra.Espirito.Santo,Brazil,Neotropic,-40.2792816,-20.11471014,189.4082665,23.53854175,200.1054517,15.50561738,98.69374683,27,2.605,0.638964797,0.420656977,0.703899686
Sevan,Armenia,Palearctic,45.32607973,40.35427698,1266.671494,6.757919874,745.6737541,1.60975489,98.40524533,3,1.473289121,0.972345847,0.183988087,0.844603093
Severn.UK,United Kingdom,Palearctic,-2.442169498,52.35931043,11347.37078,9.119622569,449.217575,59.6650753,98.33642657,23,24.01496683,0.566941795,0.068769639,0.935655321
Sevre.Niortaise,France,Palearctic,-0.586991018,46.35656978,3583.980251,12.07963886,537.5220714,11.4556365,96.9181325,19,8.921015054,0.786952271,0.047761072,0.954416066
Seyhan,Turkey,Palearctic,35.64165664,38.04532923,15597.60691,9.426861577,785.9128447,6.625007749,97.44322757,33,12.58133393,0.934549954,0.269460704,0.787736081
Shag,New Zealand,Australasia,170.5499025,-45.34634247,549.0902196,9.390023019,382.3975101,2.769980013,99.81018835,14,3.896429055,0.638327246,0.493635128,0.669507553
Shannon.Aus,Australia,Australasia,116.4196758,-34.77441342,859.3601788,15.16772203,299.369718,0.427060708,99.96180139,14,6.532392262,0.862567909,0.735080022,0.576342294
Shannon.Ire,Ireland,Palearctic,-8.042544107,53.41413867,11691.52093,9.45220442,385.6553697,4.802468657,98.71566557,7,28.4734859,0.510927051,0.056593823,0.946437485
Shatt.al.Arab,Iraq,Palearctic,43.2467954,33.72370371,1060910.608,19.12666153,931.7735609,2.6876176,97.67398296,91,46.31927615,0.902342416,0.216652694,0.821927248
Sheepwash.creek,Australia,Australasia,147.6659571,-40.93608304,109.2869933,12.97654686,327.3193866,0.066217193,99.95500773,6,1.479,0.690299614,0.604342139,0.623308443
Shi.He,China,Palearctic,119.9006584,40.22542567,425.3544611,9.093027498,1121.629928,4.664741576,74.74910241,8,1.728989334,0.923112179,0.377855455,0.725765534
Shiloango,Democratic Republic of the Congo,Afrotropic,12.81720546,-5.012932944,13121.97503,24.45632977,186.1517008,1.134654373,99.97377774,108,14.44150218,0.805770688,0.662644872,0.601451348
Shimano,Japan,Palearctic,138.3790615,36.63861787,10586.29019,8.938289969,918.4206438,45.43671036,97.15450112,9,64.33126797,0.655507373,0.476002557,0.677505601
Shin,United Kingdom,Palearctic,-4.655411388,58.05864293,1267.462659,7.038731063,395.9087931,0.825741261,96.8951082,8,11.57244486,0.494609565,0.160137734,0.861966619
Shinano,Japan,Palearctic,139.0421157,37.60585337,1293.215755,11.86896372,906.8627997,33.37068081,97.33115001,16,16.69397574,0.387993364,0.159706528,0.862287118
Shinden.ri,South Korea,Palearctic,127.975094,34.77533901,15.62573554,12.74543644,847.0110212,12.20229626,99.9284,20,8.733,0.83450552,0.571544996,0.636316493
Shiriya,India,Indo-Malay,75.12013091,12.65457082,618.2416438,26.78617702,134.6289767,6.813215375,99.81014665,31,25.41581267,0.984985338,0.652196924,0.605254728
Shoalhaven,Australia,Australasia,150.0440795,-35.12274181,7073.620249,13.26397891,437.847117,11.48515701,99.39500663,37,9.949305283,0.370835398,0.337132595,0.747868988
Shottegat,Netherlands Antilles,Neotropic,-68.92278548,12.13306594,52.86142459,27.85907739,93.07346821,NA,95,7,1.303,0.918448817,0.642203452,0.608937948
Siagne,France,Palearctic,6.80463,43.65463222,513.6595415,12.40870202,571.40142,15.56488514,95.39766564,9,5.430027477,0.779179918,0.181469289,0.846403719
Siak,Indonesia,Indo-Malay,101.3703739,0.765148023,11592.49636,26.39422308,36.72983745,1.971009344,99.77501639,51,67.88180701,0.3770684,0.550050074,0.645140449
Siaton.Negros,Philippines,Indo-Malay,123.0448196,9.209096218,242.8234331,25.42045188,62.86425496,2.710612595,99.89192196,29,5.312,1,0.461628986,0.68416815
Sillim.josuji,South Korea,Palearctic,126.6783404,35.51330117,95.40289721,12.89034239,932.9327634,34.35796547,99.79487822,28,3.884,0.784815937,0.15159732,0.868359089
Simeto,Italy,Palearctic,14.65266245,37.58444199,4218.952901,14.96084783,594.3867078,16.44085765,87.13373009,11,2.952955713,0.917187712,0.054714861,0.948123552
Sinch.al,South Korea,Palearctic,126.5846411,33.32496959,98.24759765,12.21992093,753.9342919,9.196617603,99.76332295,13,12.04153658,0.675349153,0.532904651,0.652356296
Sinchon.josuji,South Korea,Palearctic,127.0109813,34.64735474,29.78330749,13.09605851,873.0792005,11.58472586,99.8303,22,6.981,0.775836374,0.551227254,0.644650871
Sinimodera.Oya,Sri Lanka,Indo-Malay,80.72182004,6.02478765,56.49979833,26.57019245,56.16064095,14.91399312,99.51232657,28,5.189,0.71238502,0.335389419,0.748845233
Sinni,Italy,Palearctic,16.24326438,40.10332028,1300.076678,12.91189425,620.5481727,11.6269362,86.52336826,5,5.463059558,0.834710968,0.103235755,0.906424575
Sinos,Brazil,Neotropic,-50.9608884,-29.52509246,8751.073745,17.88583511,336.2049556,19.37250042,98.34014935,111,24.41335894,0.492483075,0.496549564,0.668203729
Sinpyong.chon,South Korea,Palearctic,126.8110037,35.83542251,158.8819854,12.93584103,951.6451554,34.35796595,99.85499545,41,3.189,0.802663707,0.169040177,0.855402594
Sinri.Sen,South Korea,Palearctic,128.7678871,37.88316749,55.32153109,11.57338543,869.7550354,10.50388753,99.7015,22,5.37,0.8489027,0.608612287,0.621653837
Sirjan,Iran,Palearctic,55.64072674,29.52151204,8926.172264,15.4163779,828.6654816,0.80703418,98.05259,4,0.158378103,0.977943584,0.724213523,0.579974572
Sistan,Afghanistan,Palearctic,62.35494167,32.75413376,65584.70862,15.00940745,968.6556229,0.49698798,99.58953465,19,6.421819718,0.990290729,0.288745419,0.775948442
Skeena,Canada,Nearctic,-127.4817381,55.23187777,52178.21046,1.252351616,780.2681741,0.186014287,99.86993918,39,81.30154222,0.819240525,0.180621372,0.847011602
Skeleton.creek,Australia,Australasia,144.7054764,-37.82634146,128.0278419,14.84166664,397.1917673,32.82124233,98.37996902,4,0.773,0.613861386,0.278784908,0.781992338
Skjern.aa,Denmark,Palearctic,8.803689373,55.9436646,2971.934352,8.305298338,596.2041352,10.28559589,99.86169374,26,15.49530392,0.588300771,0.129628389,0.885246874
Slupia,Poland,Palearctic,17.34486913,54.30800116,1774.835899,7.353877929,687.4630899,2.851317763,99.8438406,19,8.144119338,0.53034615,0.173549957,0.852115408
Snowy,Australia,Australasia,148.6693987,-36.89253713,15041.94911,11.11377074,451.9085873,0.485031575,94.81745358,24,7.61576868,0.562430354,0.355121395,0.737941268
Soca,Slovenia,Palearctic,13.65822181,46.0839199,3400.575106,9.361898384,701.2385713,16.8644774,99.2924432,21,21.26979651,0.629528012,0.136219879,0.88011134
Sogumgang,South Korea,Palearctic,128.7103953,37.82111874,173.9567245,9.787821757,919.1427942,10.50388777,99.85483529,24,5.041,0.841254902,0.559622908,0.641180631
Sojung.chon,South Korea,Palearctic,126.6695513,33.34528388,65.24442133,13.51968861,758.0041296,9.196617603,99.83241114,11,12.01468885,0.675455701,0.49078585,0.670787156
Somme,France,Palearctic,2.460580202,49.87771053,6209.6637,9.991224074,529.3891622,30.99453592,99.62772764,26,13.22477912,0.651256233,0.111148339,0.899969846
Somsok.chon,South Korea,Palearctic,128.9106017,37.71234906,66.69413324,11.67400175,892.1612511,10.50388753,99.53868778,25,4.423,0.830570292,0.575422783,0.634750247
Sonaktong.gang,South Korea,Palearctic,128.8703698,35.2174918,223.1907356,13.47802084,867.9102476,121.638588,99.0578207,26,2.157913421,0.793099848,0.638225834,0.610416451
Sondagsrivier,South Africa,Afrotropic,24.80306997,-32.70071362,20880.74514,16.99192976,436.0751892,2.583764434,93.99796302,61,1.63782513,0.538181011,0.255611048,0.796424977
Song.Hong,Vietnam,Indo-Malay,103.7147109,22.68837982,161846.4199,19.50273552,437.8643648,2.524968386,98.0374489,229,118.8738969,0.884401347,0.379308986,0.725000714
Song.Lam,Vietnam,Indo-Malay,104.5932008,19.29639124,27352.25335,21.74390963,378.143446,1.314627394,99.69348466,63,52.6935759,0.91891228,0.495954122,0.668469698
Song.Ma,Laos,Indo-Malay,104.3663312,20.50430798,29512.30632,20.98374992,394.2277328,1.636655793,99.87387738,149,52.0483548,0.910040899,0.554670939,0.643222932
Song.chon,South Korea,Palearctic,126.7221244,33.36003521,50.89652507,14.06190474,761.3566275,9.196617603,99.85380133,10,11.69923994,0.675239559,0.494638188,0.669058243
Songam.josuji,South Korea,Palearctic,126.6405661,36.51159563,81.78214859,11.72823277,971.5668672,15.00964975,99.60697979,24,6.171,0.843312871,0.582555065,0.631889545
Songdong.ni,South Korea,Palearctic,129.5014712,35.97051291,29.1689787,13.24418871,825.3395081,70.73008823,99.8591,8,6.498,0.708157406,0.346986659,0.74239785
Songji.ri,South Korea,Palearctic,128.0738043,35.00122828,33.95450929,12.65555556,886.5156345,65.99916458,99.24723941,8,5.979,0.855547367,0.490819083,0.670772203
Sonora,Mexico,Nearctic,-110.5820491,29.76952428,25269.48967,20.3304676,614.3498751,1.271458402,96.9045724,12,1.663708177,0.916328753,0.657453583,0.603335146
Sonoyta,United States,Nearctic,-112.4324699,31.79948775,12542.03861,20.62602585,725.8087906,0.912916556,99.01335265,4,2.549735518,0.907873381,0.534705536,0.651590795
Sonso.ri,South Korea,Palearctic,127.8966505,34.82203098,21.61957618,13.03077968,861.1934381,12.20229626,99.40335,11,8.733,0.83450552,0.528112405,0.654402122
Soppan.nae,South Korea,Palearctic,126.5470588,33.27647059,24.39592445,14.39103528,740.462554,9.196617603,98.0971678,8,12.038,0.675471245,0.38127294,0.723969877
Sorell,Australia,Australasia,145.5093434,-42.54751241,302.1321318,11.13221459,280.2558485,0.088570623,100,5,8.1172531,0.584363621,0.319755415,0.757716156
Sosangni.po,South Korea,Palearctic,127.8508319,34.81410405,22.44956748,12.71419278,863.2915058,12.2022965,99.7837,19,8.733,0.83450552,0.618258394,0.617948285
Soto.la.Marina,Mexico,Neotropic,-98.90102582,23.99654864,20901.85242,22.58944421,454.2786538,1.471902519,95.81717487,84,6.034116604,0.867137154,0.185533302,0.843502244
Sous,Morocco,Palearctic,-8.58139041,30.47451011,17401.8778,16.2917469,541.9667508,1.904019296,96.54325886,3,3.268933893,0.947623981,0.833835718,0.545305117
South.Johnstone,Australia,Australasia,145.7601505,-17.54581496,1637.184515,21.51021388,289.7267081,1.533097506,99.91775439,31,24.20655843,0.874117428,0.722540904,0.580537738
Sperchios,Greece,Palearctic,22.18481505,38.87934552,1518.830546,12.94241156,688.0944385,6.897179484,97.9608245,16,5.797857277,0.84964844,0.763287088,0.567122624
Spey,United Kingdom,Palearctic,-3.711845089,57.21084539,2958.577111,6.090593717,425.0823718,3.079539537,99.92714238,8,18.05432904,0.48861359,0.147490758,0.871466714
Splinter.creek,New Zealand,Australasia,172.2006689,-41.16840644,149.6158087,10.44241594,339.8321903,0.421096705,99.95760551,9,7.523,0.366759888,0.392355813,0.718207222
Ssaryeom,South Korea,Palearctic,126.6165343,37.5989321,46.16420252,11.41871799,1040.154888,121.1980972,99.94745394,19,3.407,0.884966675,0.51082675,0.66188926
Stikine,Canada,Nearctic,-130.0895613,57.63692095,50918.0156,-1.133726925,839.700382,0.012700041,99.94794712,25,65.61102498,0.904866926,0.208769087,0.827287867
Stillaguamish,United States,Nearctic,-121.8760157,48.2286463,1748.8884,7.985482822,540.3232395,5.257395744,99.93805825,22,18.13126023,0.633326247,0.114342225,0.897390387
Stoney,Canada,Nearctic,-53.15826231,46.73011415,323.2465118,5.197347764,732.2605248,0.130399475,99.97725071,5,12.29156094,0.502480953,0.156850899,0.864415631
Stour,United Kingdom,Palearctic,0.717514237,52.06720572,904.6720138,9.6503018,486.197295,35.5254817,99.52338782,24,3.161094208,0.609151268,0.134081924,0.881770513
Strymon,Bulgaria,Palearctic,23.20550224,41.70553962,16826.18541,10.33466388,747.0395981,6.043386102,94.66382225,47,16.68348428,0.685181355,0.076392424,0.929029207
Sturt,Australia,Australasia,138.6088771,-35.00034549,196.4050641,15.45944942,390.8647846,14.24154401,95.88726685,2,0.971,0.951839827,0.756094459,0.56944545
Subarnarekha,India,Indo-Malay,86.12272896,22.66058097,19390.22068,25.69162911,443.6161771,6.530539393,96.53321712,90,79.41464554,0.961478526,0.248601115,0.800896289
Suifen,China,Palearctic,131.1356073,43.88086798,16785.85557,3.340297114,1299.687152,2.216464758,98.94895863,40,7.026522813,0.863789303,0.439891582,0.694496733
Sumjin,South Korea,Palearctic,127.3196134,35.28583257,4831.43908,11.74328002,932.9968732,25.8432312,91.93993313,92,20.08698149,0.853589465,0.175742353,0.850526476
Sungai.Aikwa,Indonesia,Australasia,137.0130768,-4.419728306,2264.596579,22.10880664,76.15400394,0.147315139,99.97625413,123,25.91118874,0.453941176,0.232973034,0.811047746
Sungai.Davur,Indonesia,Australasia,132.3893883,-1.6054389,2869.202034,26.2736422,46.30524487,0.144574096,99.9572204,11,67.05201988,0.391621456,0.379817779,0.724733378
Sungai.Gurun,Malaysia,Indo-Malay,100.4570709,5.847405213,141.9128652,26.97855388,54.57398044,18.72156072,99.8358226,23,6.123,0.676646707,0.19627421,0.835928746
Sungai.Kumbe,Indonesia,Australasia,140.5337827,-7.86998524,4247.817706,26.7900016,88.42088685,0.180363372,99.96515978,40,29.67523346,0.518901745,0.506224751,0.663911544
Sungai.Merbok,Malaysia,Indo-Malay,100.4927632,5.705527695,382.862504,27.26202134,47.49899966,18.72156,99.63032757,24,11.56489912,0.669026573,0.658843664,0.602829562
Suo.chon,South Korea,Palearctic,127.6842254,35.02640687,119.445002,12.53348127,886.6753724,23.00047731,73.25563288,27,1.959334823,0.86959617,0.562586826,0.639964438
Supsa,Georgia,Palearctic,42.2935468,41.93755786,1115.186465,10.06279319,672.3979516,1.931937873,99.96476491,26,14.34713025,0.708468117,0.182330128,0.845787464
Surinam,Suriname,Neotropic,-55.37573004,4.397720281,16743.20928,26.32721899,66.86035445,0.353635266,97.40408837,295,83.87092279,0.744203011,0.226732002,0.815173973
Susan.chon,South Korea,Palearctic,126.4002551,33.4252551,35.09991487,13.58940975,763.6214689,9.196617603,99.82926422,7,12.546,0.657829579,0.433031775,0.697821233
Susquehanna,United States,Nearctic,-76.90414317,41.2588822,71075.52655,8.663773232,925.9109448,19.01282787,96.91928,82,62.55834352,0.760338227,0.13352369,0.882204765
Susurluk.Cayi,Turkey,Palearctic,28.61514554,39.68640645,23768.99736,11.98094189,684.0789246,10.86074829,96.06860398,46,16.14416455,0.865305863,0.093772545,0.914266869
Suwannee,United States,Nearctic,-82.97411509,30.66042908,26532.87138,19.56988307,611.4746304,5.623641849,98.92975393,77,26.35586806,0.445483479,0.302425961,0.767797963
Suzuka,Japan,Palearctic,136.4642652,34.90577937,389.5660372,14.21818044,820.5357466,62.38747406,97.08763657,8,6.316495156,0.438499623,0.352150006,0.739562915
Swakop,Namibia,Afrotropic,16.16142667,-22.20033212,29673.39838,20.25465998,316.6168567,0.339541953,97.18073591,2,1.496459354,0.943199343,0.800214763,0.555489279
Swan,Australia,Australasia,118.0515602,-31.53713532,81991.04125,17.78128548,540.3788794,1.017025068,99.42680375,40,2.952728409,0.910189873,0.285024078,0.778195535
Swan.Tasma,Australia,Australasia,148.0514883,-41.95654574,945.4599119,11.42659515,321.8369253,1.200457007,99.93459451,9,1.399715303,0.539885305,0.354911944,0.738055343
Swartkopsrivier,South Africa,Afrotropic,25.24194915,-33.73421147,1267.173934,17.06805087,322.1011477,9.075122476,86.44567762,71,0.871287958,0.663051442,0.294890643,0.772265987
Syr.Darya,Kazakhstan,Palearctic,69.51581943,42.24134896,320011.1584,7.961610374,1112.847431,1.123046845,96.54688462,21,37.94528084,0.853538217,0.053227567,0.949462425
Tachia,Taiwan,Indo-Malay,121.0821325,24.26663842,1237.086262,13.87952549,390.4635151,41.84625244,91.13069051,45,26.66937369,0.676010498,0.324395752,0.755061316
Tacina,Italy,Palearctic,16.76343877,39.11559888,562.851056,12.7336508,598.2910278,12.08225513,84.95406471,5,4.746860516,0.869095005,0.135002481,0.881055343
Taedong,North Korea,Palearctic,126.2078438,39.12560434,19421.30239,8.305463058,1096.780575,2.507731915,93.31685248,51,24.56593622,0.928206385,0.560395125,0.64086332
Taegok.che,South Korea,Palearctic,127.2388759,34.79981584,58.5534095,13.25492887,886.8983966,12.20229626,99.77972425,24,2.2,0.798575451,0.512479714,0.661165893
Taehwagang,South Korea,Palearctic,129.2196142,35.60578025,665.4170179,12.67789437,863.732366,76.24979115,93.24987668,57,3.897853222,0.759417482,0.173741676,0.851976223
Taesong.josuji,South Korea,Palearctic,126.8470784,37.17543754,88.20795438,11.52764545,1028.775631,121.1980972,98.54923596,21,5.576,0.875850167,0.472729336,0.679011394
Tagliamento,Italy,Palearctic,13.01626306,46.33808974,2946.276813,8.107208274,705.9069643,16.23501587,98.72370455,26,29.00277664,0.568303888,0.167210504,0.856743489
Tagus,Spain,Palearctic,-5.159389718,40.08473113,71216.07416,13.87007156,627.1476551,26.1749301,89.05274073,27,21.17160365,0.861747069,0.098951199,0.909958514
Tahaa,French Polynesia,Oceania,-151.48125,-16.63229167,6.559458141,25.56093717,91.86758041,0.722443581,NA,10,NA,NA,0.870428063,0.534636974
Tahakopa,New Zealand,Australasia,169.3313324,-46.47167798,312.7950978,9.035632177,316.0079801,0.299971998,99.8765742,7,6.036558277,0.357816559,0.433149129,0.697764092
Tahiti.un.1,French Polynesia,Oceania,-149.5235294,-17.56776961,55.48285489,22.37071079,126.4924413,5.182930946,NA,10,NA,NA,0.792470313,0.557889295
Tahiti.un.2,French Polynesia,Oceania,-149.4361407,-17.60056147,115.0249504,21.75842319,134.1065804,5.182930946,NA,10,NA,NA,0.77642888,0.562927124
Tahiti.un.3,French Polynesia,Oceania,-149.2547222,-17.81361111,12.22253437,21.87972209,135.6436951,5.182930946,NA,10,NA,NA,0.77642888,0.562927124
Taieri,New Zealand,Australasia,170.0912198,-45.50194688,5709.716046,8.341131632,417.2687502,1.819370747,96.42363937,18,12.55769043,0.461443679,0.490163534,0.671067287
Taipa,New Zealand,Australasia,173.4982588,-35.0881014,139.6300186,15.00723229,282.0635691,0.801052839,99.77327829,9,3.784,0.611074919,0.890437064,0.528978202
Tairua,New Zealand,Australasia,175.7650414,-37.1022208,275.617753,13.43822092,339.378613,5.400316834,99.82692008,11,6.64195847,0.438893449,0.51731657,0.659058248
Taiyang.He,China,Indo-Malay,110.2011348,18.74656427,586.9747029,24.50904303,323.8967851,0.926976934,99.82843705,24,11.74150913,0.918549925,0.142607325,0.875191309
Tajan,Iran,Palearctic,53.45284807,36.32879769,4515.813014,14.04791539,871.5396872,4.306615293,94.37785766,23,1.626497067,0.961801797,0.123057281,0.890426532
Takaka,New Zealand,Australasia,172.7133914,-41.01015517,882.6650815,9.171360297,367.6434689,0.281632639,96.25926028,13,15.03406962,0.352958452,0.430101199,0.699251214
Takasu,Japan,Palearctic,130.7915775,31.41117969,72.74492581,15.78407896,731.9085957,30.67394972,99.86159291,4,19.316,0.698912096,0.213793211,0.823863563
Takiritawai,New Zealand,Australasia,172.7995655,-43.76921545,112.1283649,10.68158754,372.7592528,9.174983263,99.15089137,10,1.398,0.799791992,0.439156982,0.694851231
Takoandra,Madagascar,Afrotropic,47.76156473,-22.98997392,167.7027736,23.52007012,234.1587125,0.304358669,99.98741743,4,6.562,0.643960628,0.48425898,0.67373687
Taku,Canada,Nearctic,-132.5663251,58.72725518,17513.43939,-0.860322171,851.5320656,0.046943257,99.99999593,24,29.41988701,0.938094433,0.205507907,0.829525874
Tallebudgera.creek,Australia,Australasia,153.3979511,-28.1754405,160.6425676,19.15048785,354.7310667,11.29133558,99.0795012,8,3.73,0.569669475,0.557307564,0.642133913
Tama,Japan,Palearctic,139.2140618,35.7328477,1211.952451,12.35459896,795.6623237,781.7244873,90.1288536,8,12.10002993,0.585548546,0.209952877,0.826478468
Tamar,Australia,Australasia,147.3467154,-41.7019379,11206.08306,10.47775829,351.1495551,2.231180727,95.45895785,26,7.585576368,0.645940556,0.422468549,0.703003241
Tamiang,Indonesia,Indo-Malay,97.74072897,4.154738277,4833.097275,22.55973374,50.18455005,1.345837265,99.96519043,20,49.67790862,0.454264828,0.145394523,0.873061622
Tamiraparani,India,Indo-Malay,77.58764477,8.824317888,5600.47219,27.81806415,156.6248952,10.7829777,90.57283377,50,8.34155152,0.862660117,0.388501711,0.720200769
Tana,Kenya,Afrotropic,38.74705561,-1.23506192,95574.77188,24.51242806,123.5725601,0.438642338,98.04681123,51,20.01070689,0.821071127,0.322034153,0.756410111
Tandiadi.Aar,Sri Lanka,Indo-Malay,81.85086801,6.990674877,45.20933898,27.71406233,121.5620047,2.641290605,99.7185,28,0.848,0.840616967,0.335389419,0.748845233
Tangahoe,New Zealand,Australasia,174.3682298,-39.52827741,285.1652773,12.68656129,323.6766381,2.024806291,99.81897777,9,6.973616739,0.555060559,0.411671778,0.708379962
Tanganyika,Tanzania,Afrotropic,30.97050761,-5.591524209,232510.0285,22.52257562,95.3622104,0.299308714,99.62943078,436,17.40737129,0.739142739,0.414939469,0.706744014
Tangdu.ri,South Korea,Palearctic,126.4190618,34.97699064,73.96192351,13.66406773,896.2021962,15.37729096,99.91933557,42,4.791,0.813641133,0.13779105,0.878895998
Tangjong.josuji,South Korea,Palearctic,126.8176846,34.51472616,28.89321968,13.19465821,864.4649423,9.527025938,99.9281,27,7.12,0.779817434,0.626237184,0.614916452
Tangmi,South Korea,Palearctic,126.7568136,37.54022105,151.6776776,11.68714342,1031.711615,121.1980972,97.06022147,26,3.016036152,0.8870896,0.570778067,0.636627173
Tanjiang,China,Indo-Malay,112.5493682,22.38395499,5086.882674,22.18241188,540.2816731,7.592684865,91.64818937,37,36.78810557,0.825055652,0.565332768,0.638841798
Tapdong.ni,South Korea,Palearctic,127.8800262,34.89499485,17.54148575,13.25036244,861.6099455,12.20229626,99.698,14,8.733,0.83450552,0.688809861,0.592132971
Tapi,Thailand,Indo-Malay,99.09783217,8.746853821,13249.62579,26.57980403,76.82367576,3.167600036,98.61330411,138,40.19273734,0.784862452,0.442205797,0.693382319
Tar,United States,Nearctic,-77.87069079,36.03687226,8114.346164,15.18628558,785.628261,13.86405873,99.80974615,79,16.66290203,0.589946288,0.265528857,0.790183483
Tarago,Australia,Australasia,145.7211724,-38.05898164,1244.845687,13.69127577,378.7928104,25.07776213,93.42579184,12,3.43155229,0.612938594,0.446244531,0.691446003
Taramakau,New Zealand,Australasia,171.4850432,-42.77048473,1044.150603,8.216930859,380.9390645,0.447984822,99.29153396,18,47.78316113,0.317184326,0.480447315,0.675471521
Taravo,France,Palearctic,9.025674345,41.86035818,483.9917856,12.26621966,557.5609648,1.958389133,99.6743616,5,4.958162361,0.848362917,0.197361119,0.835169928
Tarcoles,Costa Rica,Neotropic,-84.27244018,9.969139488,2138.763451,21.20466615,66.46516007,8.428672552,99.11740993,101,29.75998385,0.790822084,0.677819356,0.59601172
Tarim,China,Palearctic,82.65315424,39.2374351,916215.6759,6.167682189,1145.077205,0.179409225,98.74379064,17,5.893874617,0.855225148,0.16202641,0.860565639
Tassili,Algeria,Palearctic,7.454023665,26.22187424,232268.9683,23.2731242,801.9952476,0.023862035,99.96302877,3,0.3790018,0.992477271,0.140285221,0.876973569
Tategami.un.1,Japan,Palearctic,136.8413893,34.31937482,6.660946582,15.96964264,738.8367658,62.14790344,NA,11,19.658,0.597517962,0.640545471,0.609553358
Tategami.un.2,Japan,Palearctic,136.8469433,34.29241505,19.47334302,16.05219289,732.8045301,62.14790249,99.92463786,7,19.658,0.597517962,0.661651495,0.601810911
Tauro,Nicaragua,Neotropic,-83.7985582,10.86114309,450.8183517,25.9597921,74.85649255,2.45207876,99.99687372,17,27.37325565,0.645332108,0.805205844,0.553953447
Taute,France,Palearctic,-1.421768503,49.33676729,1454.403571,11.10388931,423.4421107,7.175699234,99.79145113,21,6.606577593,0.771219055,0.031495545,0.969466136
Tavignano,France,Palearctic,9.230549128,42.21491888,796.3857607,12.1407655,568.7987086,2.181720436,99.76117951,9,6.455347539,0.802596196,0.106218621,0.903980444
Tay,United Kingdom,Palearctic,-3.896913925,56.64277811,4965.654602,6.393625304,428.1037926,10.05508828,94.47908769,19,23.56424001,0.476904431,0.104717291,0.905208969
Te.Awa.Kairangi,New Zealand,Australasia,175.0994627,-41.08550483,604.6209932,10.91101574,334.4543016,2.593205333,95.33264716,14,9.02749501,0.600891682,0.525643451,0.655461143
Tech,France,Palearctic,2.667927576,42.46903964,736.1756776,11.19853215,564.8549945,13.21829009,99.54149221,12,5.965125014,0.633170676,0.135213593,0.880891496
Tees,United Kingdom,Palearctic,-1.707346062,54.56042445,1826.959932,8.144323057,429.3088508,36.83001423,93.4086985,21,12.30284156,0.528048866,0.042301514,0.959415281
Tehuantepec,Mexico,Neotropic,-95.9929379,16.53695049,10133.91001,22.26829791,115.4880503,1.853081822,98.02607563,35,16.37258894,0.95258809,0.35098392,0.74020126
Teifi,United Kingdom,Palearctic,-4.246280261,52.10709357,994.7850641,9.095148867,390.3318921,4.206858277,99.87276581,17,21.30391802,0.59103689,0.133983382,0.881847138
Tellaro,Italy,Palearctic,14.92449058,36.91353192,399.5605059,16.51682389,566.0568204,6.401206851,94.02480234,5,0.82355207,0.905203869,0.464088198,0.683018961
Telwatta.Ganga,Sri Lanka,Indo-Malay,80.11276428,6.168794859,64.73879736,26.78833335,55.98363119,15.50076199,99.41501776,28,4.035,0.747212742,0.335389419,0.748845233
Tengqiao.Dong.He,China,Indo-Malay,109.647069,18.50879565,700.7983232,24.37369033,305.2095583,2.281521231,96.83782082,22,7.746665956,0.923002285,0.213630646,0.823973919
Tenjin,Japan,Palearctic,133.8141322,35.3702678,494.2898591,12.43001543,846.348319,17.25378752,99.72065499,8,6.45031202,0.226593754,0.599753075,0.62509647
Tenryu,Japan,Palearctic,137.9359434,35.49592809,5155.117155,9.979845953,843.1253951,71.50566673,94.11646464,3,39.01758375,0.75023746,0.64786163,0.606847069
Tensift,Morocco,Palearctic,-8.398992159,31.52926958,20496.27278,16.47166652,559.6643075,3.30726099,97.75928307,6,5.929956854,0.906420529,0.26653716,0.78955441
Ter,Spain,Palearctic,2.472268435,42.07476713,2969.367498,11.44532079,582.3290416,50.33140469,91.5631282,9,13.48974568,0.533869088,0.154976465,0.865818508
Terek,Russia,Palearctic,45.20981192,43.0586893,56521.72186,6.468625767,829.094939,2.555984616,99.30153316,57,30.77338956,0.906774202,0.357769144,0.736502228
Terengganu,Malaysia,Indo-Malay,102.7898564,5.096135865,4537.051712,24.95599542,82.72354923,4.36827451,97.53319177,107,53.64079588,0.800190791,0.36107773,0.734711896
Tet,France,Palearctic,2.456743885,42.59891513,1402.920032,9.876370762,578.71592,13.25345063,92.64913086,23,11.71380158,0.710504297,0.163843053,0.859222382
Tevere,Italy,Palearctic,12.61578268,42.59507165,17830.47591,12.3341385,656.0866085,32.4050951,95.79877009,15,28.38650985,0.558619281,0.107136094,0.903231324
Thames.UK,United Kingdom,Palearctic,-0.803769399,51.59485228,13442.32055,9.872690404,475.2951178,219.5816917,98.50486596,25,12.63356191,0.596297142,0.059716078,0.943648984
Thames.USA,United States,Nearctic,-72.12370585,41.3408306,46.0814699,10.2848484,873.6421546,84.5288105,98.75427895,43,7.967,0.500300826,0.312887237,0.761680038
Thompson.creek,Australia,Australasia,144.1964912,-38.26567861,308.0931093,14.14687044,362.4065248,6.661511779,99.87687258,6,1.64319641,0.541934999,0.740511935,0.574543604
Thu.Bon,Vietnam,Indo-Malay,107.8721268,15.56861302,9534.168922,23.17222486,254.5226223,1.309789285,97.6765585,244,58.08269311,0.942923651,0.249965974,0.800021777
Thumpankeni.Tank,Sri Lanka,Indo-Malay,81.73998788,7.524521727,11.82259889,28.03630965,140.5497894,3.374859512,99.53315,28,10.06,0.835273433,0.335389419,0.748845233
Tigil,Russia,Palearctic,158.8922348,57.27008199,17961.91839,-3.30722633,1108.720603,0.031005886,99.99287358,13,18.62696017,0.941246723,0.365518314,0.732322657
Tingalpa.creek,Australia,Australasia,153.1812631,-27.56224855,121.2080185,19.88122396,379.6837248,29.57940722,72.72534738,2,1.339,0.560390098,0.7909694,0.558356832
Titicaca,Bolivia,Neotropic,-68.77175137,-17.22831055,145064.866,7.120877595,227.0949578,0.501874112,99.45853714,35,39.26586776,0.660322959,0.803462321,0.55448899
Titiroa,New Zealand,Australasia,168.8802163,-46.51859942,131.8663082,10.01359745,316.0248596,1.631922126,99.78255301,6,3.587,0.359085648,0.519239817,0.658223928
Tiwaka,New Caledonia,Australasia,165.1072652,-20.89907419,378.3326889,21.49785057,231.7892245,0.487986028,99.95573781,17,8.658906451,0.626847973,0.731768939,0.577444241
Tocantins,Brazil,Neotropic,-49.49953393,-11.2851018,769598.561,24.9794935,89.90789958,0.689432904,99.38511067,596,225.189682,0.739522674,0.509525722,0.662459729
Tocuyo,Venezuela,Neotropic,-69.70945099,10.32838452,17650.40025,23.68540127,58.38696893,7.13218987,92.41067138,117,9.469369653,0.747795896,0.373057113,0.728301824
Togyang.ni,South Korea,Palearctic,127.6370809,34.80695461,65.33281704,13.68562739,870.4898592,12.20229626,98.17590909,18,7.667,0.827629345,0.570543749,0.636722155
Tokai,Japan,Palearctic,136.8702228,34.32550435,11.76609346,16.05803571,720.2634103,62.14790154,99.91,4,19.658,0.597517962,0.511349112,0.661660494
Tokomairiro,New Zealand,Australasia,169.9310749,-46.08918675,413.8437145,9.754811885,346.660935,0.257147364,99.78779494,11,3.483445592,0.433947295,0.471266852,0.679686352
Tolten,Chile,Neotropic,-72.09391327,-39.12063905,8607.26831,9.565740778,378.2163355,0.66278667,99.81162281,13,55.36847393,0.828956813,0.507124912,0.663515009
Tonala,Mexico,Neotropic,-93.82190828,17.75748628,5279.492491,25.92583041,226.0598429,3.241980433,99.90823279,54,26.1911211,0.806845795,0.452398027,0.688516496
Tone,Japan,Palearctic,139.5453561,36.37668604,15948.33448,11.76969661,830.8057534,114.7965698,92.23856896,39,22.44753395,0.653023086,0.176982124,0.849630576
Tonekabon,Iran,Palearctic,50.5651996,36.7467161,426.3970178,9.246875008,847.3731786,6.616527677,99.44663777,35,3.236888181,0.808755047,0.175236274,0.850892729
Tonje.ri,South Korea,Palearctic,126.4912021,37.62948187,59.69692168,11.09604975,1024.9722,121.1980972,99.55594171,23,9.43,0.871098315,0.603420331,0.623666783
Tonji,South Korea,Palearctic,126.4558149,36.85977075,75.35925726,11.67660548,978.7621734,15.00965023,99.96606574,31,8.562,0.870412058,0.11359423,0.897993159
Tontouta,New Caledonia,Australasia,166.3228309,-21.94882997,505.625084,20.45721785,259.4854935,2.394498825,99.99544006,3,4.591745235,0.703802719,0.919362519,0.521006319
Torbay,Australia,Australasia,117.8289833,-35.02545176,37.4876748,15.29705887,285.941496,0.441860683,99.92116167,4,1.861211619,0.847696735,0.465581916,0.68232283
Touloubre,France,Palearctic,5.308766714,43.51589328,1680.54205,14.17120608,624.6225099,53.86405277,94.64925742,22,4.236873078,0.797612729,0.063974901,0.939871795
Touques,France,Palearctic,0.296732257,49.10179892,1285.29171,10.46780087,468.7615626,17.81296825,99.70807906,12,9.354893696,0.718034645,0.244667585,0.803427367
Towamba,Australia,Australasia,149.585131,-37.00629161,1094.534335,13.08073308,382.5314918,0.710125491,99.90794795,15,4.36389653,0.273312692,0.398942068,0.714825884
Towon.Josuji,South Korea,Palearctic,128.4850744,38.28509763,87.30188539,10.71507453,892.4001624,1.689056039,78.00725755,32,8.924,0.842738844,0.634202436,0.611919293
Tra.Khuc,Vietnam,Indo-Malay,108.4631194,14.95211977,3452.482262,23.29374351,242.2388694,1.916298687,99.77748775,48,39.53752962,0.924991505,0.601630316,0.624363806
Trang,Thailand,Indo-Malay,99.57599907,7.829788217,3559.545219,26.97367855,72.66531332,3.430942237,99.83012244,31,23.92877421,0.767310965,0.466719873,0.681793448
Trat,Thailand,Indo-Malay,102.5161735,12.4966837,1676.002023,26.79243252,100.1238353,2.15719524,98.59904542,40,32.59469854,0.905255778,0.507773944,0.663229395
Trent.UK,United Kingdom,Palearctic,-1.435790606,52.95174057,10324.05415,9.077098216,460.1017437,95.36167717,96.41474319,29,24.88630832,0.543062194,0.043467031,0.958343647
Trial.Well,Australia,Australasia,131.3129223,-31.00196606,3056.748585,18.29735863,427.7523967,0.003399707,99.97961369,1,0.001221452,1,0.047119924,0.955000451
Trieux,France,Palearctic,-3.086024248,48.55988716,843.8812788,10.94387354,404.3282146,8.097929835,99.46632504,9,6.350952754,0.779508116,0.153608312,0.866845349
Trigno,Italy,Palearctic,14.52534662,41.83057922,1217.344563,12.61041119,638.8302159,21.0190444,99.47300185,7,6.354692258,0.773678415,0.242808323,0.804629307
Trinity,United States,Nearctic,-96.54657771,32.28304071,45791.82631,18.44454044,781.4856775,40.11089182,90.03124053,99,28.38244647,0.626951563,0.384384816,0.722342508
Truckee,United States,Nearctic,-119.7761907,39.55367481,7169.799701,8.543416661,734.8739675,11.36318207,91.87368011,9,18.38162885,0.674435357,0.056145182,0.946839523
Tuam.josuji,South Korea,Palearctic,126.4773793,35.39201549,67.46274832,13.13691754,913.8996667,34.35796595,99.58494047,11,4.388,0.77786122,0.231039323,0.812321736
Tucacas1,Venezuela,Neotropic,-68.38453178,10.84633962,81.97654839,26.28016516,60.19267734,10.51899409,99.7,21,1.26,0.718242023,0.286525442,0.777287388
Tucacas2,Venezuela,Neotropic,-68.37917056,10.79499509,87.84151482,26.75375817,59.58396134,10.51899385,99.24964543,21,1.26,0.718242023,0.286525442,0.777287388
Tucacas3,Venezuela,Neotropic,-68.38666101,10.74695134,85.45104048,26.8818729,58.2820116,10.51899409,99.66711493,21,1.26,0.718242023,0.286525442,0.777287388
Tuchon.chon,South Korea,Palearctic,129.320148,37.0268986,125.7343083,11.44678443,887.5005178,3.753386557,99.87247359,18,2.284,0.710939908,0.501396145,0.666046735
Tugela,South Africa,Afrotropic,30.09277963,-28.50302726,29160.36938,16.7271391,366.7700031,2.542050183,90.74510924,49,6.83904962,0.829047269,0.329408776,0.75221408
Tuhai.Majia.He,China,Palearctic,116.8317207,36.99410135,14365.33364,13.27920845,1077.911831,12.89939845,99.37735375,48,3.018256157,0.854312158,0.071640427,0.93314882
Tuira,Panama,Neotropic,-77.72501433,8.230769171,10734.51984,25.41765609,41.54199912,0.259024963,99.99522787,120,55.63656227,0.699506892,0.745065209,0.573044488
Tukituki,New Zealand,Australasia,176.5011704,-39.90455703,2500.686771,12.0553573,373.6269938,2.101130277,99.79301443,16,10.58781955,0.475129399,0.481246948,0.675106876
Tumbez,Ecuador,Neotropic,-80.03151181,-3.860943593,5372.051867,22.19295851,67.52070915,2.615840852,99.72323526,24,17.34177591,0.902420821,0.513889254,0.660550299
Tumen,China,Palearctic,129.5930071,42.75654374,33191.36213,3.18691055,1220.566676,1.083756149,96.36453002,86,17.03985404,0.896247694,0.446417384,0.691363372
Tunisia.un.1,Tunisia,Palearctic,10.07006657,33.62940782,616.0906864,20.33502708,653.6268494,1.387979954,99.64243423,1,0.70764597,0.988782044,0.440109135,0.694391818
Turakina,New Zealand,Australasia,175.4900978,-39.82739019,984.5290554,11.84658126,362.846594,1.679585516,99.86325732,10,11.1052702,0.494205519,0.482339761,0.674609173
Turanganui,New Zealand,Australasia,178.0415876,-38.56361472,313.7542256,13.72322445,349.1370858,0.56046854,99.57003849,10,4.086151752,0.683651537,0.455284801,0.687150721
Turia,Spain,Palearctic,-1.064608451,40.10495989,6305.995801,11.5882703,655.0868019,14.99097395,91.10661655,9,1.567032002,0.91402692,0.043606753,0.95821534
Turkana,Ethiopia,Afrotropic,36.54653066,5.151155841,184419.6698,22.7003572,85.82516834,0.47291667,99.60545383,70,49.18918954,0.869894525,0.369900346,0.729980106
Tuross,Australia,Australasia,149.7427157,-36.19506848,1815.047871,13.31639945,391.3683427,1.096233502,99.93826271,23,5.388091016,0.369919199,0.351353792,0.739998664
Tutong,Brunei,Indo-Malay,114.7250056,4.596454509,1012.187612,26.91006304,40.35331141,14.52497482,98.13000789,41,24.12450325,0.331429911,0.152589536,0.867611555
Tuy,Venezuela,Neotropic,-66.65684479,10.25660912,6577.911429,23.39630606,80.79317986,42.60966301,96.36944725,49,8.957425801,0.678673129,0.189915173,0.840396041
Tweed.Aus,Australia,Australasia,153.319961,-28.35404979,1095.103829,18.76302694,367.0710775,11.29133582,97.61469096,23,6.512031633,0.592971618,0.616968509,0.618441234
Tweed.UK,United Kingdom,Palearctic,-2.706389506,55.58417028,5010.713144,7.264597539,425.4984737,13.06418228,97.53057152,14,13.19238703,0.503716556,0.124701802,0.889124565
Tyne,United Kingdom,Palearctic,-2.19283484,55.0192241,2891.860012,7.720277164,425.8150002,14.97434497,93.65427703,19,18.73249905,0.513854357,0.078188249,0.92748182
Uaso.Nyiro.River,Kenya,Afrotropic,38.09505388,1.044737283,77914.98826,23.8601449,84.85615513,0.246220674,99.94988889,27,7.549563302,0.702187585,0.495486102,0.668678899
Ubatiba,Brazil,Neotropic,-42.55084489,-22.8619234,159.2769495,22.50704813,216.418203,10.76472855,99.51789776,24,5.465,0.677137177,0.436790955,0.695995473
Uisin.chon,South Korea,Palearctic,126.30573,34.42774735,91.78994928,13.88040548,827.3111297,9.527026057,99.9316638,29,4.108,0.806489576,0.604175847,0.623373056
Ulla,Spain,Palearctic,-8.225975049,42.78040304,2794.439881,12.46849594,430.3334446,19.66907024,96.4829988,9,21.51354011,0.828092155,0.168116715,0.856078838
Ulua,Honduras,Neotropic,-87.89669925,14.78615551,21809.95354,22.12093118,145.6836378,3.264697134,97.88589314,57,44.72044998,0.833676816,0.343630525,0.744252219
Ulungur,China,Palearctic,89.56427383,46.68646315,39869.43992,1.525193137,1379.158262,0.056804508,99.73613773,11,1.889665509,0.889631408,0.125390371,0.888580555
Umealven,Sweden,Palearctic,17.19760424,65.34472598,26996.56903,-0.206274203,885.6634087,0.211634759,95.55340707,24,52.79406245,0.877988404,0.122426967,0.890926563
Ungdong.man,South Korea,Palearctic,128.7709857,35.13902485,25.05236069,12.68333334,849.9832548,121.638588,99.91267674,17,2.928,0.796215429,0.564745191,0.639081689
Unjon.josuji,South Korea,Palearctic,126.6862883,34.46416316,71.77698354,13.69722223,852.0645676,9.527026057,99.9489587,29,6.876,0.779680365,0.135773564,0.880457189
Uppala,India,Indo-Malay,75.03349955,12.7569754,258.9308684,26.88823215,133.0908974,5.227433801,99.83623177,22,19.95172771,0.985703862,0.638920056,0.610157888
Ural,Russia,Palearctic,55.67341058,51.03603404,252983.638,4.609889467,1348.978096,1.08044225,98.31873334,48,18.34753442,0.965205004,0.31256161,0.761868999
Urama,Venezuela,Neotropic,-68.34070728,10.34994778,587.9391842,24.00977998,50.35186855,10.51899409,91.25271349,32,1.99652476,0.651816527,0.251001779,0.799359375
Urubokka.Oya,Sri Lanka,Indo-Malay,80.75769923,6.201119161,385.8253684,26.54155622,58.02926938,15.50076222,85.85349014,31,9.249349943,0.704535249,0.336317985,0.748324883
Uruguay,Brazil,Neotropic,-54.90130971,-29.20087141,272718.2304,18.67751322,409.9561073,1.527102858,96.94177131,410,189.112193,0.423827799,0.554452624,0.64331327
Usumacinta,Mexico,Neotropic,-91.71439527,16.63930585,125683.9719,23.33678721,169.8166575,2.809926867,98.70271074,130,127.612795,0.826475778,0.318983731,0.758159465
Valapattanam,India,Indo-Malay,75.69191669,12.01973687,1794.617617,25.13977487,139.2760881,7.934702039,97.51981146,62,29.6554542,0.975516012,0.605413534,0.622892469
Valcheta,Argentina,Neotropic,-66.08722323,-40.87254356,2471.211808,13.72089807,578.8825309,0.039980125,99.93587745,4,0.433380052,0.820892223,0.662098193,0.601649171
Valdivia,Chile,Neotropic,-72.37648641,-39.76264707,10238.93669,9.637818409,362.4988423,0.683404565,99.90597437,11,67.64082368,0.815403432,0.307073384,0.765067985
Valle.de.Mexico,Mexico,Neotropic,-98.83179687,19.68860899,7822.55333,14.44971865,180.5528517,148.3348999,93.19066611,9,0.739975898,0.989890889,0.294580038,0.772451274
Van,Turkey,Palearctic,43.36089102,38.71780471,17059.13469,6.885519095,938.1111882,1.451880813,96.19221174,10,2.833358576,0.967273674,0.4328739,0.697898119
Var,France,Palearctic,6.989787552,44.02466098,2831.301195,8.188841566,604.3597275,14.07543683,99.68245273,17,9.941587969,0.680762331,0.119751056,0.893055644
Vasse,Australia,Australasia,115.2212945,-33.77134216,471.3620619,17.01358751,370.0746186,2.243588686,99.83598969,7,3.826578213,0.855758581,0.298569107,0.770078384
Ve,Vietnam,Indo-Malay,108.7197701,14.80027109,888.0239079,24.65517548,252.4551343,1.211253971,99.68537625,44,22.45315332,0.942184677,0.579873784,0.632961956
Vefsna,Norway,Palearctic,13.85935204,65.45561091,4241.348565,0.519509676,723.6234194,0.303227574,99.97290963,6,28.06298387,0.905644309,0.288702599,0.775974225
Verde,Mexico,Neotropic,-97.20562465,16.78898893,18284.13277,19.82750347,128.2491926,1.891899318,99.74655683,20,25.20964653,0.937528386,0.362962957,0.733695655
Verlorenvlei,South Africa,Afrotropic,18.71626344,-32.57861189,1922.68408,18.03200694,414.9526967,0.733537063,99.87857414,5,1.924370449,0.924227747,0.401637332,0.713451317
Vett.Aru,Sri Lanka,Indo-Malay,81.64561368,7.680724948,39.62590522,28.18695649,154.8667062,3.374859691,99.465424,28,10.06,0.835273433,0.335389419,0.748845233
Victoria.lake,Tanzania,Afrotropic,32.82499142,-1.505700465,251428.6753,20.82047633,55.51637772,1.077430904,99.68908928,281,27.73505057,0.51899749,0.11819279,0.894300168
Vidaa,Denmark,Palearctic,9.07869361,54.94107596,1353.273727,8.262475539,576.1627054,13.3147037,99.82564415,26,8.599568991,0.590490821,0.085359055,0.921354086
Vignola,Italy,Palearctic,9.058977777,41.02346466,138.3292433,14.59473378,553.6369482,2.978749156,99.30311663,3,1.045,0.935069568,1.031054573,0.492355062
Vilaine,France,Palearctic,-1.936915653,47.91941037,10489.65903,11.49470741,469.379922,19.10416365,98.35216907,24,14.51097714,0.778502876,0.070540058,0.93410797
Vire,France,Palearctic,-0.933036826,49.07863453,1964.702563,10.75965058,457.3179046,10.7189157,98.93132888,17,13.34086498,0.763531834,0.20589819,0.829257402
Viskan,Sweden,Palearctic,12.77581793,57.50317147,2416.613031,6.390613395,658.1045156,13.13699913,99.80211008,16,9.223563791,0.381901235,0.127882914,0.886616853
Vistre,France,Palearctic,4.355735921,43.71504828,1061.338645,14.81440636,631.2350008,20.90327024,94.47067836,15,84.24663874,0.457211661,0.101620367,0.907753733
Volga,Russia,Palearctic,47.34630059,56.01238982,1390950.843,3.390855351,1130.922916,3.368459642,98.57991206,67,140.7470369,0.842216895,0.086003341,0.92080748
Volturno,Italy,Palearctic,14.57779515,41.2370377,5932.146466,12.83835104,629.1581023,23.98049498,98.11269299,6,18.67813747,0.790193508,0.266853538,0.78935723
Vouga,Portugal,Palearctic,-8.236270092,40.66690995,2380.371596,13.85944824,448.1557843,15.87471652,99.63350115,20,11.67832774,0.853288206,0.074293862,0.930844004
Vyvenka,Russia,Palearctic,166.8804564,61.08005685,13533.66349,-6.726915126,1315.025472,0.013666042,99.99535407,16,21.90349009,0.963375585,0.316543499,0.759564724
Wadi.Hatta,United Arab Emirates,Afrotropic,56.20326111,24.89856004,482.2521836,27.18318571,572.3489047,5.537583669,99.89609608,4,0.33311941,0.998611367,0.61973072,0.617386574
Wai Bian,Indonesia,Australasia,140.3743897,-7.327525622,8010.632671,26.79276438,85.2568256,0.107549638,99.99018327,39,53.40092032,0.380786653,0.534309114,0.651759147
Waianakarua,New Zealand,Australasia,170.6538245,-45.25954244,265.2883343,8.983813386,369.0586395,2.769980013,99.86322291,13,1.531782307,0.663656986,0.509025635,0.662679266
Waiapu,New Zealand,Australasia,178.1357608,-37.95532792,1691.393432,12.03775917,351.6730877,0.257353108,99.92045896,9,22.45055554,0.560309073,0.418315886,0.705061552
Waiatoto,New Zealand,Australasia,168.8236995,-44.15780404,533.0592204,7.291559307,398.6445841,0.117033057,99.99091185,8,24.23302547,0.511768685,0.46714003,0.681598198
Waiau,New Zealand,Australasia,172.7612111,-42.5477706,3391.948072,8.640440809,419.2029718,0.146723688,99.9172397,19,33.15284349,0.552610325,0.490529876,0.670902352
Waiau.2,New Zealand,Australasia,167.7133751,-45.45616831,8219.779535,8.142661136,359.1195287,0.094448585,98.04066278,15,78.91977239,0.424069527,0.482918818,0.674345748
Waihao,New Zealand,Australasia,170.8874771,-44.70419747,635.9467074,9.64929617,390.0586984,0.369453199,99.83817016,11,3.610236351,0.598360695,0.513097863,0.660895785
Waiho,New Zealand,Australasia,170.2057688,-43.41728798,294.2199944,6.450035526,384.2993752,0.127127524,99.95837286,9,24.09300473,0.331879053,0.389455504,0.719706387
Waihopai,New Zealand,Australasia,168.5480311,-46.36916818,223.4544687,10.25048632,327.3088175,1.640613228,99.33494716,7,5.449,0.361698041,0.500987636,0.666228006
Waihou,New Zealand,Australasia,175.7943075,-37.66699604,2112.315736,13.1126271,364.5980272,4.712372303,99.7755959,14,22.49680933,0.416205686,0.43822015,0.695303845
Waikanae,New Zealand,Australasia,175.0907793,-40.91061082,147.0446707,11.41220505,330.0903023,4.754751384,99.70335909,16,4.935,0.524137931,0.483326698,0.674160319
Waikari,New Zealand,Australasia,176.9520396,-39.12338019,321.0606214,12.68589211,366.6425097,2.003487051,99.85127105,11,7.227954282,0.361953509,0.481293735,0.675085553
Waikato,New Zealand,Australasia,175.6171774,-38.24919219,14411.09085,12.17363317,368.4487694,2.595318854,96.2880099,18,53.66440158,0.419602562,0.357296357,0.736758774
Waikawa,New Zealand,Australasia,169.113967,-46.53163421,208.8175874,9.598046147,314.5435218,0.338047363,99.82289231,7,5.779,0.310739515,0.395942563,0.716361852
Waikou,New Zealand,Australasia,173.6368518,-35.27883788,749.0496258,14.567821,288.6795358,0.808234259,99.85757724,14,7.202815692,0.602581037,0.387584871,0.720676638
Waikouaiti,New Zealand,Australasia,170.5173378,-45.55469408,435.1743549,9.313168271,361.5854006,2.769979954,99.8022141,13,4.975603153,0.583655989,0.503039501,0.665318509
Waima,New Zealand,Australasia,173.7196047,-35.47313482,563.7737044,14.29503423,293.3607938,0.808234245,99.8041555,10,12.45648388,0.607775861,0.432845965,0.697911726
Waimakariri,New Zealand,Australasia,172.014456,-43.15172265,3641.609684,8.515720291,421.0677426,3.698883832,99.87286761,19,31.95175262,0.48111412,0.504346314,0.664740553
Waimatuku,New Zealand,Australasia,168.1430998,-46.15468674,246.0665176,10.37333538,334.438962,1.562863976,99.77678054,10,6.023,0.350566004,0.501959905,0.665796734
Waimea,New Zealand,Australasia,173.0965586,-41.45273476,819.1505345,10.40990159,373.082243,1.764390916,99.69987611,15,6.656646414,0.369650552,0.495486622,0.668678666
Waioeka,New Zealand,Australasia,177.3405373,-38.2664591,1224.620787,11.45286991,364.9264637,0.529390335,99.91212975,13,13.40915266,0.347595502,0.392272494,0.718250202
Waiongana,New Zealand,Australasia,174.186954,-39.11046616,136.6399536,12.91268115,317.3302027,2.012894958,99.72128041,9,7.947,0.477417362,0.374555407,0.72750796
Waiotahi,New Zealand,Australasia,177.1918941,-38.1342017,147.3610222,12.76212655,357.7970539,0.529190093,99.85005644,9,5.577,0.333696244,0.484821082,0.673481817
Waipaoa,New Zealand,Australasia,177.804142,-38.4591306,2199.537803,12.79136076,361.8637943,0.534582615,99.8667161,11,12.87338823,0.46743578,0.473614635,0.678603467
Waipara,New Zealand,Australasia,172.6211297,-43.01761761,725.4877356,10.75188279,404.9808575,5.821371913,99.83154567,12,5.753564527,0.556389546,0.494821333,0.66897627
Waipoua,New Zealand,Australasia,173.5733163,-35.64136211,110.9824794,13.44054684,291.6536697,0.808234259,99.86279611,10,3.179,0.622157589,0.871744279,0.534261016
Waipu,New Zealand,Australasia,174.4126931,-35.9999136,201.0977229,14.64657788,298.7560328,11.7107029,99.74840135,9,5.362,0.622530274,0.544402315,0.647499677
Wairau,New Zealand,Australasia,173.3298717,-41.72381611,3624.049578,8.62679826,410.861927,1.846055865,98.59593446,22,27.31822368,0.533005692,0.485796372,0.673039737
Wairaurahiri,New Zealand,Australasia,167.2245749,-45.94234447,718.8218561,7.86425182,311.6888006,0.069715789,99.98732532,8,28.87420271,0.403633644,0.448002441,0.690606571
Waireka,New Zealand,Australasia,174.5175962,-39.38201591,1055.136373,12.28677709,332.3647503,2.024806291,93.99869788,15,21.0428088,0.497520685,0.427654678,0.700449496
Wairoa.1,New Zealand,Australasia,174.0241199,-35.77474202,3466.944306,14.40886192,297.7750189,2.579243869,99.79971909,14,17.61433543,0.580082913,0.343568428,0.744286617
Wairoa.2,New Zealand,Australasia,177.3002831,-38.78280545,3642.845226,11.54974251,370.8212394,0.740851492,99.90037517,14,21.03974825,0.34024151,0.477828062,0.676668704
Wairoa.3,New Zealand,Australasia,175.0766655,-37.04722913,282.4970848,13.91077235,328.7599676,4.223165929,88.80804783,13,4.514714599,0.695807301,0.374917899,0.727316155
Waita,New Zealand,Australasia,169.1587992,-43.84113135,137.1778132,10.37621448,342.3876259,0.020543613,99.99837857,9,15.745,0.4118707,0.38917576,0.719851317
Waitaha,New Zealand,Australasia,170.7402359,-43.07263229,427.5222265,8.588354374,364.7666924,0.123119753,99.94594462,13,19.88343784,0.420719163,0.440194672,0.694350576
Waitahanui,New Zealand,Australasia,176.5805307,-37.93264283,120.5711074,13.28285986,362.4477128,2.270332962,99.78976134,10,4.263,0.351220076,0.418187982,0.70512514
Waitaki,New Zealand,Australasia,170.2646403,-44.28052999,11952.68185,7.250291395,465.7326966,0.182011932,95.64362398,20,63.98594173,0.590485922,0.511365236,0.661653435
Waitangi,New Zealand,Australasia,173.9374293,-35.32630057,310.6253025,14.78292705,292.3907051,0.906177178,96.14971183,11,8.34235578,0.613910921,0.352317219,0.739471469
Waitangitaona,New Zealand,Australasia,170.2323521,-43.28711062,129.0899053,11.02656764,327.2468366,0.127127524,99.93897778,12,25.012,0.321965971,0.431101992,0.698762217
Waitara,New Zealand,Australasia,174.4496654,-39.13998911,1122.992007,12.36216556,330.0358615,1.834911674,99.51480317,18,19.88529495,0.485616399,0.358511648,0.736099688
Waitiki,New Zealand,Australasia,172.9026821,-34.51668148,473.375973,15.99111161,261.2593696,0.034926442,99.87200996,9,9.625,0.643929301,0.862752609,0.536839941
Waitotara,New Zealand,Australasia,174.8068655,-39.58153791,1142.665421,11.95340009,338.9434855,2.024806291,99.92490175,8,10.53960756,0.544117218,0.346400164,0.74272124
Waituna.creek,New Zealand,Australasia,168.5939594,-46.46146413,107.3378762,10.20730338,317.1199072,1.640613198,99.76872203,8,2.792,0.349651666,0.433318138,0.697681815
Waitutu,New Zealand,Australasia,167.0816485,-46.03158032,482.9960942,8.351745986,293.6039363,0.070496511,99.99368052,7,18.13957359,0.341315118,0.414762479,0.706832429
Waiwawa,New Zealand,Australasia,175.6774117,-36.93019464,439.0096098,13.65572256,337.7251567,1.160667673,99.86246521,11,11.9706691,0.434336186,0.518481414,0.658552677
Walawe.Ganga,Sri Lanka,Indo-Malay,80.8439987,6.499882742,2502.187546,25.43465986,67.50486877,14.33980393,92.05107145,38,23.59882038,0.673239125,0.268282751,0.788467713
Walker.USA,United States,Nearctic,-119.0314286,38.59918379,9319.263928,8.218791465,756.2321138,2.427542865,94.17232576,7,4.387916532,0.850321186,0.117341938,0.894981175
Wami.River,Tanzania,Afrotropic,36.99746144,-6.205845053,40925.90015,22.50837167,164.6617883,0.320065621,99.19841831,29,7.12136752,0.834374103,0.506393664,0.663837099
Wandandian.creek,Australia,Australasia,150.5058109,-35.10729197,368.2102618,16.02808351,355.8380144,1.613398433,99.90632073,10,3.194802266,0.388651409,0.71270974,0.583870096
Wanganui,New Zealand,Australasia,175.1864078,-39.11686681,7120.640491,11.39029352,366.2896566,1.225372553,99.79804351,13,52.41155066,0.479521399,0.437347381,0.695726039
Wanganui.2,New Zealand,Australasia,170.6851535,-43.18465017,529.2348407,7.484773374,383.1264188,0.127127524,99.96187552,10,33.31932624,0.505740774,0.394851772,0.716922056
Wanglou.He,China,Indo-Malay,109.0060474,18.59319583,654.5728271,24.30511903,324.1851719,1.464982077,84.85683582,26,5.574832873,0.901325342,0.377943853,0.725718975
Wanquan,China,Indo-Malay,110.1232542,19.08862499,3971.115711,23.79678665,347.8138041,2.944427222,95.77349653,68,27.37648934,0.922159312,0.249763183,0.800151592
Warren,Australia,Australasia,116.4321062,-34.28231112,4365.407327,15.09868895,359.9780766,0.413166411,99.91232536,10,9.681893979,0.90406953,0.25555849,0.796458316
Wear,United Kingdom,Palearctic,-1.77941383,54.75662586,1181.202117,8.080652758,415.8506417,40.83950901,96.69943342,21,11.37738776,0.519260088,0.08313973,0.923241916
Wen.He,China,Palearctic,119.1897858,36.19808988,6603.683137,12.38658818,1008.503711,15.25256312,86.44305949,59,4.812456253,0.835133596,0.067970708,0.936355269
Werribee,Australia,Australasia,144.4072068,-37.62145019,1454.367847,12.84014123,404.210087,32.82124186,90.21261513,14,3.572962268,0.739941333,0.378099974,0.72563676
Weser,Germany,Palearctic,9.580247854,51.97269533,45059.15319,8.563922665,621.1972892,41.06521797,97.42416099,26,26.05047602,0.654513173,0.147966273,0.871105732
West.river,United States,Nearctic,-72.85326993,41.50829073,428.9611109,10.20401673,921.1101735,84.5288105,97.51492143,30,7.995806773,0.501744114,0.289788426,0.77532096
Whakatane,New Zealand,Australasia,177.0203487,-38.34433039,1743.501935,11.61812476,371.8123517,1.208380282,99.8874869,12,19.09579161,0.298177673,0.377976297,0.725701888
Whangaehu,New Zealand,Australasia,175.4102148,-39.5695699,2001.859758,10.62961537,377.8150672,1.100862786,99.84321433,6,19.87990236,0.488232645,0.37565065,0.726928745
Whataroa,New Zealand,Australasia,170.4386917,-43.32261999,763.1172892,7.343944357,384.8161912,0.127127524,99.96385368,8,30.79407693,0.293348523,0.341155915,0.745625463
Whitewater,United States,Nearctic,-115.8810113,33.19203201,20417.21171,20.73778844,718.3177511,11.38054705,99.70675456,2,1.179875541,0.959902323,0.619361254,0.617527434
Whompoe,Singapore,Indo-Malay,103.8439043,1.333610965,104.7909649,26.88997945,46.38276808,140.1348209,75.30143862,33,15.457,0.456468046,0.450300626,0.689512217
Wila.Oya,Sri Lanka,Indo-Malay,81.6139233,6.775025711,484.0616637,27.18852879,112.1524267,2.139389753,99.71340475,29,4.709047244,0.807353548,0.330674709,0.751498464
Winapsonggae,South Korea,Palearctic,126.4713922,37.76822737,62.58175639,10.91133722,1019.588634,121.1980972,99.33310411,22,9.43,0.871098315,0.509905587,0.662293066
Wingan,Australia,Australasia,149.4493752,-37.5855279,440.3683299,14.31678999,354.614614,0.391228244,99.9597333,16,2.957934416,0.331706185,0.719879549,0.581436067
Wisla,Poland,Palearctic,21.43868499,51.74576247,193659.0699,7.528628754,777.829102,9.035250187,97.6012142,34,42.89066618,0.512215787,0.07457385,0.930601466
Withlacoochee,United States,Nearctic,-82.15176852,28.67371466,4717.727107,21.51248871,491.8206644,40.06273317,95.34683524,56,8.495542256,0.270689144,0.395064815,0.716812573
Wolga.je,South Korea,Palearctic,126.2969895,34.52610159,122.2081728,13.91891234,839.485805,9.527025819,99.96729581,21,4.108,0.806489576,0.577696402,0.633835508
Wolli.creek,Australia,Australasia,151.1742381,-33.91869569,258.9127244,17.88742332,387.632485,71.78606796,93.35559959,13,2.843,0.383313589,0.622592085,0.616297842
Wolp.yong,South Korea,Palearctic,127.1612204,34.7570994,58.89001247,13.29518848,884.0180889,12.2022965,99.83294661,30,2.2,0.798575451,0.07179307,0.933015923
Wombat.creek,Australia,Australasia,148.2515799,-37.72751096,430.6660186,14.43334001,354.2017556,0.16798193,99.96195133,10,0.872778528,0.346448978,0.481150495,0.675150839
Wulagai,China,Palearctic,116.5425381,45.57422527,119727.1173,1.072639034,1476.885919,0.07637767,99.5923906,9,1.621446504,0.708230183,0.537919724,0.650228997
Wye,United Kingdom,Palearctic,-3.066680558,52.11663357,4133.17099,8.810141379,441.5139813,32.34981108,98.05859487,17,25.22226172,0.603549354,0.057538445,0.945592101
Wyong,Australia,Australasia,151.3404615,-33.23484823,643.8656641,16.90495086,388.9220866,72.20037842,99.72045429,26,2.171950615,0.358232009,0.78458089,0.560355659
Xanthos,Turkey,Palearctic,29.46011628,36.65983853,2612.891231,13.2801965,705.8749883,4.813102424,99.3777261,26,8.098491199,0.961120835,0.260863504,0.793107261
Xiaoling.He,China,Palearctic,120.6569975,41.14457301,5042.668352,8.528319841,1211.194746,5.302237868,94.05695337,24,2.410244944,0.909337024,0.531016105,0.653160993
Xingcheng.He,China,Palearctic,120.550865,40.70904814,695.7783007,8.630050045,1175.159645,4.414384305,92.00674616,9,1.014606635,0.910497566,0.42833169,0.700117492
Yalu,North Korea,Palearctic,126.3169824,41.09404837,62295.45831,3.993671912,1246.06227,2.709600747,93.54466538,145,38.70167721,0.927921409,0.519845132,0.657961774
Yan.Oya,Sri Lanka,Indo-Malay,80.81560043,8.488874748,1572.144894,27.45864025,159.1159378,3.414650857,94.32770229,32,12.42342098,0.911923082,0.332692631,0.750360568
Yang,South Korea,Palearctic,126.5687831,34.54213507,176.745693,13.64343335,861.8460715,9.527025938,91.64621004,29,3.164,0.837424291,0.097247301,0.911371574
Yanggil.li,South Korea,Palearctic,126.3692396,36.82702825,39.3093406,11.66674831,963.4710538,15.00964975,100,27,6.73,0.865880619,0.110225407,0.900717993
Yangpo.hang,South Korea,Palearctic,129.4794892,35.87624266,76.13278205,13.12536062,827.650741,76.24979115,99.72682004,10,6.498,0.708157406,0.451694902,0.688849977
Yangsan,South Korea,Palearctic,126.8123212,35.13401606,2882.575227,12.83426164,919.7031486,27.86279106,94.09508719,90,10.3624284,0.786557614,0.214083784,0.823666384
Yangtse,China,Palearctic,107.6352238,30.37852354,1913756.208,11.47310997,774.1988324,4.502457082,96.05259418,432,296.500256,0.729350038,0.257288694,0.795362278
Yaqui,Mexico,Nearctic,-109.0638371,29.43376719,72941.28589,17.67595438,590.0212256,0.93264541,96.39922731,36,7.108017939,0.919623016,0.191863326,0.839022376
Yaracuy,Venezuela,Neotropic,-68.64962533,10.32372424,2470.530996,24.91769377,49.18735461,10.50716496,94.22844296,33,4.27034825,0.705629971,0.26239806,0.792143169
Yarquon,Palestina,Palearctic,35.05637878,32.02956359,1783.058107,18.26454425,552.3930407,28.8398304,97.84733478,9,2.078089325,0.953122835,0.151608163,0.868350913
Yarra,Australia,Australasia,145.4216506,-37.68436053,3886.716466,12.99102609,405.4753852,48.08650208,91.83574977,27,11.62262864,0.504483231,0.370220306,0.729809649
Yate,New Caledonia,Australasia,166.7814729,-22.15507159,498.5119136,21.08715391,247.0894654,7.593833923,99.98418587,12,9.936822553,0.485413285,0.605836677,0.622728335
Yelcho,Argentina,Neotropic,-71.81360549,-42.96019668,11409.21118,6.733452176,425.7107339,0.120211013,97.99792776,7,64.34441673,0.72289021,0.382659199,0.723244022
Yenice,Turkey,Palearctic,32.52008431,41.03084854,13354.52789,9.197297228,711.627145,5.780234337,99.25336159,39,16.97031302,0.799632456,0.126824021,0.88745002
Yenisey,Russia,Palearctic,97.89140674,58.65801232,2552472.672,-5.474754209,1516.270685,0.191358939,99.42939716,83,196.8186657,0.829553489,0.171894031,0.853319476
Yesilirmak,Turkey,Palearctic,36.71851928,40.3135316,36141.64644,9.157573114,763.5562088,3.175882638,95.17462891,37,14.72404991,0.952194394,0.148225501,0.870909067
Yi.Shu.He,China,Palearctic,117.438394,35.05362745,58809.82253,13.61998789,998.9725741,17.49755919,92.39802417,85,19.3690068,0.841797327,0.174355423,0.851530959
Yingna.He,China,Palearctic,123.0321695,40.03569132,862.401756,8.781189303,1139.463338,4.650825024,87.13806677,31,3.563849418,0.832018932,0.450768486,0.689289855
Yok,South Korea,Palearctic,126.6216971,36.84794948,167.3496522,11.42093455,993.0071221,15.00964975,99.61406262,41,3.368,0.838306602,0.091043908,0.916553397
Yondung.chon,South Korea,Palearctic,127.6991763,34.7426117,43.02245154,13.87029323,850.0793717,12.2022965,95.8417,17,7.667,0.827629345,0.607419744,0.622115041
Yongdae.josuji,South Korea,Palearctic,126.4587142,35.43921539,51.60685876,13.12981769,911.4286242,34.35796499,99.64659306,12,4.388,0.77786122,0.194969922,0.836841147
Yonghae.gang,South Korea,Palearctic,129.3077607,36.58307485,238.1641999,11.26518892,912.253701,9.85035789,90.01712267,20,4.152443399,0.728761274,0.562511909,0.639995122
Yongjiang,China,Indo-Malay,121.3850329,29.78865775,3060.988239,15.92630086,829.0273634,25.32331264,87.17762491,104,9.65391589,0.506178835,0.483469156,0.674095579
Yongjon.josuji,South Korea,Palearctic,126.5611812,36.51731096,72.24307651,12.00643938,966.914946,15.00964975,99.80332745,24,6.171,0.843312871,0.546467106,0.646635157
Yongju.josuji,South Korea,Palearctic,126.8366361,34.56782607,50.88934925,13.1469595,871.9605647,9.527025938,80.7437197,33,7.12,0.779817434,0.566697397,0.638285352
Yongp.o,South Korea,Palearctic,128.5208738,38.22170271,100.1466822,11.04219485,891.0088987,1.689056039,99.54721197,27,8.924,0.842738844,0.594969729,0.626971147
York.Can,Canada,Nearctic,-65.0815524,48.88202444,1037.158146,1.507912113,1046.813615,0.447089389,99.9606139,7,14.51213991,0.970845922,0.187784733,0.841903396
York.USA,United States,Nearctic,-77.65545959,37.89241592,3800.168806,13.64772639,832.5178532,50.14759541,94.64253617,60,18.29980413,0.665158805,0.161412102,0.86102082
Yoshii.Okayama,Japan,Palearctic,133.9452347,34.99694959,4235.379093,13.00529718,852.3052939,45.93878841,95.47685752,37,14.41231428,0.344337036,0.135782325,0.880450398
Yosul.bangjuk,South Korea,Palearctic,126.5603575,36.61248984,131.8801912,11.74455298,970.9328855,15.00964975,99.72643258,30,2.334,0.852245414,0.575755583,0.634616187
Yudong.josuji,South Korea,Palearctic,126.5021937,36.75246547,232.3863182,11.64813989,976.9447537,15.00964975,99.76791647,30,3.207,0.932589493,0.12025819,0.892651363
Yukon,United States,Nearctic,-144.7275517,64.47676407,842330.392,-5.308447402,1341.450833,0.039348701,99.9367299,33,133.8697099,0.766199624,0.119670353,0.893120013
Zambezi,Zambia,Afrotropic,27.17816456,-15.33267569,1286489.589,21.47464835,278.398296,0.13509069,98.03579346,258,57.11884117,0.836926157,0.176829283,0.849740922
Zarrine,Iran,Palearctic,46.0168515,37.35911855,52399.25149,10.06768497,961.3156595,5.510039449,98.21386843,15,7.575379739,0.950715691,0.22684081,0.815101676
Zerout,Tunisia,Palearctic,9.44095169,35.52948296,15727.68495,18.19885358,695.3329491,4.174084067,91.70945984,2,1.196350165,0.88426729,0.658751966,0.602862888
Zhubijiang,China,Indo-Malay,109.2163653,19.36769291,970.0318602,24.12648093,377.2687259,2.885602415,99.92291953,14,14.40238292,0.908980664,0.078210711,0.927462499
Zhujiang,China,Indo-Malay,108.8899287,24.20869301,449493.7396,18.83653751,601.9034155,8.379320264,95.82753298,433,164.6272722,0.773771138,0.297423522,0.77075834
Zio,Togo,Afrotropic,1.142689554,6.687330559,7264.048191,26.42571059,119.7923616,1.954465657,99.9678946,80,12.79501389,0.767641751,0.572575203,0.635899637
Zohreh,Iran,Palearctic,50.9580953,30.34035826,14256.69054,20.52997543,884.2704175,6.992278337,99.76011931,15,25.86622224,0.972740444,0.756165812,0.569422314
uMngeni,South Africa,Afrotropic,30.41209186,-29.52628298,4468.908902,17.03363913,333.5509107,27.53335094,84.33897524,51,5.674970724,0.72833427,0.292843699,0.773488706
